{
  "lock_steps_proposed": null,
  "residual_margin": 1.1,
  "round_target_pre_clean": 220000.00000000003,
  "cell_lock_step_candidate_max": {
    "C1": 175000,
    "C2": 150000,
    "C3": 175000,
    "C4": 200000,
    "C5": 175000,
    "C6": 75000,
    "C7": 100000
  },
  "within_cell_spread_ratio": {
    "C1": 1.0,
    "C2": 1.5,
    "C3": 1.1666666666666667,
    "C4": 1.0,
    "C5": 1.1666666666666667,
    "C6": 1.5,
    "C7": 1.0
  },
  "inter_cell_spread_ratio": 2.6666666666666665,
  "trivial_baselines": {
    "C1": 0.5584530234336853,
    "C2": 0.5584530234336853,
    "C3": 0.5584530234336853,
    "C4": -0.014584384858608246,
    "C5": 0.5584530234336853,
    "C6": 0.576197624206543,
    "C7": 0.12794183194637299
  },
  "lock_step_candidate_per_seed": {
    "C1": [
      175000,
      175000,
      175000
    ],
    "C2": [
      125000,
      100000,
      150000
    ],
    "C3": [
      150000,
      175000,
      175000
    ],
    "C4": [
      200000,
      200000,
      200000
    ],
    "C5": [
      175000,
      175000,
      150000
    ],
    "C6": [
      50000,
      50000,
      75000
    ],
    "C7": [
      100000,
      100000,
      100000
    ]
  },
  "max_cos_k1_per_seed": {
    "C1": [
      0.9592,
      0.9534,
      0.9636
    ],
    "C2": [
      0.9716,
      0.9688,
      0.9723
    ],
    "C3": [
      0.9656,
      0.9676,
      0.9654
    ],
    "C4": [
      0.819,
      0.8494,
      0.8501
    ],
    "C5": [
      0.9584,
      0.9542,
      0.9564
    ],
    "C6": [
      0.9792,
      0.9795,
      0.9796
    ],
    "C7": [
      0.9645,
      0.9647,
      0.9632
    ]
  },
  "stop_conditions_fired": [
    "C4: a seed lock_step_candidate 200000 > 175000",
    "C4: a seed lock_step_candidate 200000 > 175000",
    "C4: a seed lock_step_candidate 200000 > 175000",
    "max*1.1 = 220000 exceeds 200000 (budget ceiling)"
  ],
  "any_stop": true,
  "overflow_past_budget": true
}