{
  "label": "base_loc0.5_c19_P256_D16_s11",
  "L_d_main": 4,
  "seed": 11,
  "wall_clock_s": 328.12,
  "steps_trained": 10000,
  "final_interval_loss": -2974.193149,
  "nan_inf": false,
  "still_descending": false,
  "stability_flag": "stable",
  "diff_mu": 0.5097290873527527,
  "diff_sigma": 3.9765467363395146e-07,
  "diff_mu_aggregate": 0.5097290873527527,
  "diff_sigma_aggregate": 3.9765467363395146e-07,
  "diff_mu_per_k": [
    0.5113402605056763,
    0.5155079960823059,
    0.5115168690681458,
    0.5077475905418396,
    0.5082316398620605,
    0.507161557674408,
    0.506872296333313,
    0.5072793960571289,
    0.5156484842300415,
    0.5123159289360046,
    0.5150626301765442,
    0.512212872505188,
    0.51284259557724,
    0.50766921043396,
    0.5036138296127319,
    0.5006417036056519
  ],
  "diff_sigma_per_k": [
    3.416857339288981e-07,
    2.9589182304334827e-07,
    3.611769727740466e-07,
    3.7451729895110475e-07,
    4.312328485411854e-07,
    4.6614363213848264e-07,
    4.570374301238189e-07,
    4.1956164409384655e-07,
    3.3437271440561744e-07,
    3.186948163147463e-07,
    2.540581078847026e-07,
    3.0995590805105167e-07,
    3.5458378988550976e-07,
    4.5882151766818424e-07,
    5.304814862938656e-07,
    6.542593951053277e-07
  ],
  "variance_collapse": false,
  "k_report_idx": {
    "k1": 0,
    "k8": 7,
    "k15": 14
  },
  "spec": {
    "kind": "baseline",
    "baseline_key": [
      0.5,
      19,
      256,
      16
    ],
    "params": {
      "period_P": 256,
      "manifold_dim_D": 16,
      "continuity_center": 19,
      "fidelity_F": 0.97,
      "magnitude_M": 0.0,
      "locality_L": 0.5
    },
    "L_d_main": 4,
    "seed": 11,
    "perk": true,
    "label": "base_loc0.5_c19_P256_D16_s11",
    "out_file": "/mnt/c/Users/Jason/Desktop/Eridos/Weft 2/v2/results/phase1/pilot_Ld4/_runs/base_loc0.5_c19_P256_D16_s11.json"
  }
}