{
  "label": "base_loc0.5_c39_P256_D4_s0",
  "L_d_main": 4,
  "seed": 0,
  "wall_clock_s": 323.33,
  "steps_trained": 10000,
  "final_interval_loss": -2736.871081,
  "nan_inf": false,
  "still_descending": false,
  "stability_flag": "stable",
  "diff_mu": 0.058570943772792816,
  "diff_sigma": 1.5873986569658882e-08,
  "diff_mu_aggregate": 0.058570943772792816,
  "diff_sigma_aggregate": 1.5873986569658882e-08,
  "diff_mu_per_k": [
    0.059248726814985275,
    0.05870739743113518,
    0.0580439418554306,
    0.05781801789999008,
    0.058190856128931046,
    0.058737777173519135,
    0.05855027586221695,
    0.05900897458195686,
    0.05825516954064369,
    0.057233162224292755,
    0.05824058875441551,
    0.05863048508763313,
    0.059158362448215485,
    0.06002026051282883,
    0.05939047783613205,
    0.05790065973997116
  ],
  "diff_sigma_per_k": [
    1.4637630663116852e-08,
    1.531684645783571e-08,
    1.6849336148538896e-08,
    1.653622838659885e-08,
    1.5993864010965808e-08,
    1.4713951834721684e-08,
    1.567537211144554e-08,
    1.5133869268879607e-08,
    1.5884518589359686e-08,
    1.9149341667912267e-08,
    1.7437111310414366e-08,
    1.52020689370147e-08,
    1.3812776700206086e-08,
    1.3634089413017136e-08,
    1.52700749822543e-08,
    1.8736699303190107e-08
  ],
  "variance_collapse": false,
  "k_report_idx": {
    "k1": 0,
    "k8": 7,
    "k15": 14
  },
  "spec": {
    "kind": "baseline",
    "baseline_key": [
      0.5,
      39,
      256,
      4
    ],
    "params": {
      "period_P": 256,
      "manifold_dim_D": 4,
      "continuity_center": 39,
      "fidelity_F": 0.97,
      "magnitude_M": 0.0,
      "locality_L": 0.5
    },
    "L_d_main": 4,
    "seed": 0,
    "perk": true,
    "label": "base_loc0.5_c39_P256_D4_s0",
    "out_file": "/mnt/c/Users/Jason/Desktop/Eridos/Weft 2/v2/results/phase1/pilot_Ld4/_runs/base_loc0.5_c39_P256_D4_s0.json"
  }
}