{
  "label": "base_loc0.5_c19_P256_D16_s18",
  "L_d_main": 4,
  "seed": 18,
  "wall_clock_s": 324.0,
  "steps_trained": 10000,
  "final_interval_loss": -2970.836006,
  "nan_inf": false,
  "still_descending": false,
  "stability_flag": "stable",
  "diff_mu": 0.07669596374034882,
  "diff_sigma": 1.982398067923441e-08,
  "diff_mu_aggregate": 0.07669596374034882,
  "diff_sigma_aggregate": 1.982398067923441e-08,
  "diff_mu_per_k": [
    0.07627785950899124,
    0.07648596912622452,
    0.07633784413337708,
    0.07678402215242386,
    0.07710564136505127,
    0.07695772498846054,
    0.07699090987443924,
    0.07629553973674774,
    0.07609263807535172,
    0.07637206465005875,
    0.07615229487419128,
    0.07620247453451157,
    0.07616900652647018,
    0.07675063610076904,
    0.07791143655776978,
    0.07824940234422684
  ],
  "diff_sigma_per_k": [
    1.632516877236867e-08,
    1.6401239477659146e-08,
    1.701799945408311e-08,
    1.8535381229867198e-08,
    2.195869441834475e-08,
    2.379073471558968e-08,
    2.2612024253021445e-08,
    1.7034597732390466e-08,
    1.4652981050744529e-08,
    1.3663180808975994e-08,
    1.206821842458794e-08,
    1.2108996472193212e-08,
    1.628962564836911e-08,
    1.9482284230321056e-08,
    3.291539130145793e-08,
    4.232716932506264e-08
  ],
  "variance_collapse": false,
  "k_report_idx": {
    "k1": 0,
    "k8": 7,
    "k15": 14
  },
  "spec": {
    "kind": "baseline",
    "baseline_key": [
      0.5,
      19,
      256,
      16
    ],
    "params": {
      "period_P": 256,
      "manifold_dim_D": 16,
      "continuity_center": 19,
      "fidelity_F": 0.97,
      "magnitude_M": 0.0,
      "locality_L": 0.5
    },
    "L_d_main": 4,
    "seed": 18,
    "perk": true,
    "label": "base_loc0.5_c19_P256_D16_s18",
    "out_file": "/mnt/c/Users/Jason/Desktop/Eridos/Weft 2/v2/results/phase1/pilot_Ld4/_runs/base_loc0.5_c19_P256_D16_s18.json"
  }
}