{
  "label": "base_loc0.5_c19_P256_D16_s1",
  "L_d_main": 4,
  "seed": 1,
  "wall_clock_s": 323.08,
  "steps_trained": 10000,
  "final_interval_loss": -2980.525702,
  "nan_inf": false,
  "still_descending": false,
  "stability_flag": "stable",
  "diff_mu": 0.11318256705999374,
  "diff_sigma": 3.654508873296436e-08,
  "diff_mu_aggregate": 0.11318256705999374,
  "diff_sigma_aggregate": 3.654508873296436e-08,
  "diff_mu_per_k": [
    0.11386232823133469,
    0.11340320110321045,
    0.11359740793704987,
    0.11330205202102661,
    0.11249157786369324,
    0.11296766251325607,
    0.11260920017957687,
    0.11267853528261185,
    0.11340097337961197,
    0.11437178403139114,
    0.11401068419218063,
    0.11404687911272049,
    0.11365353316068649,
    0.11310598999261856,
    0.11216780543327332,
    0.11125144362449646
  ],
  "diff_sigma_per_k": [
    2.3786897784816574e-08,
    2.975656876458288e-08,
    3.11874295277903e-08,
    3.562098882525788e-08,
    4.501032435655361e-08,
    4.230107464309185e-08,
    4.089154259645511e-08,
    3.8298651361401426e-08,
    3.1401647504480934e-08,
    2.1330061272806233e-08,
    2.377856134216927e-08,
    2.526136810843127e-08,
    2.9593653749770965e-08,
    3.8266307456069626e-08,
    5.2046434717567536e-08,
    7.618989883440008e-08
  ],
  "variance_collapse": false,
  "k_report_idx": {
    "k1": 0,
    "k8": 7,
    "k15": 14
  },
  "spec": {
    "kind": "baseline",
    "baseline_key": [
      0.5,
      19,
      256,
      16
    ],
    "params": {
      "period_P": 256,
      "manifold_dim_D": 16,
      "continuity_center": 19,
      "fidelity_F": 0.97,
      "magnitude_M": 0.0,
      "locality_L": 0.5
    },
    "L_d_main": 4,
    "seed": 1,
    "perk": true,
    "label": "base_loc0.5_c19_P256_D16_s1",
    "out_file": "/mnt/c/Users/Jason/Desktop/Eridos/Weft 2/v2/results/phase1/pilot_Ld4/_runs/base_loc0.5_c19_P256_D16_s1.json"
  }
}