{
  "label": "base_loc0.9_c472_P2048_D128_s1",
  "L_d_main": 4,
  "seed": 1,
  "wall_clock_s": 324.19,
  "steps_trained": 10000,
  "final_interval_loss": -2966.557087,
  "nan_inf": false,
  "still_descending": false,
  "stability_flag": "stable",
  "diff_mu": 0.0001371252874378115,
  "diff_sigma": 2.626139028460983e-10,
  "diff_mu_aggregate": 0.0001371252874378115,
  "diff_sigma_aggregate": 2.626139028460983e-10,
  "diff_mu_per_k": [
    0.00013615975331049412,
    0.00013832151307724416,
    0.0001370563404634595,
    0.0001374714047415182,
    0.00013730228238273412,
    0.00013875748845748603,
    0.0001366940705338493,
    0.00013579937512986362,
    0.0001365474017802626,
    0.0001370007375953719,
    0.00013754540123045444,
    0.000138185903779231,
    0.00013684677833225578,
    0.00013636122457683086,
    0.00013724523887503892,
    0.0001367098739137873
  ],
  "diff_sigma_per_k": [
    2.528716125382857e-10,
    2.864111170453043e-10,
    2.535215648524769e-10,
    2.2949708800013013e-10,
    2.47858678026347e-10,
    2.9573335447175e-10,
    2.900490403412448e-10,
    2.6473026548679e-10,
    2.2638212138215152e-10,
    2.346759453430991e-10,
    2.9255955991125404e-10,
    2.6461632884888786e-10,
    2.3751320354925554e-10,
    2.717054636836025e-10,
    2.746787519658511e-10,
    2.790183084577791e-10
  ],
  "variance_collapse": true,
  "k_report_idx": {
    "k1": 0,
    "k8": 7,
    "k15": 14
  },
  "spec": {
    "kind": "baseline",
    "baseline_key": [
      0.9,
      472,
      2048,
      128
    ],
    "params": {
      "period_P": 2048,
      "manifold_dim_D": 128,
      "continuity_center": 472,
      "fidelity_F": 0.97,
      "magnitude_M": 0.0,
      "locality_L": 0.9
    },
    "L_d_main": 4,
    "seed": 1,
    "perk": true,
    "label": "base_loc0.9_c472_P2048_D128_s1",
    "out_file": "/mnt/c/Users/Jason/Desktop/Eridos/Weft 2/v2/results/phase1/pilot_Ld4/_runs/base_loc0.9_c472_P2048_D128_s1.json"
  }
}