{
  "label": "base_loc0.9_c472_P2048_D128_s19",
  "L_d_main": 4,
  "seed": 19,
  "wall_clock_s": 322.86,
  "steps_trained": 10000,
  "final_interval_loss": -2967.833881,
  "nan_inf": false,
  "still_descending": false,
  "stability_flag": "stable",
  "diff_mu": 0.00019767857156693935,
  "diff_sigma": 6.721322942659924e-10,
  "diff_mu_aggregate": 0.00019767857156693935,
  "diff_sigma_aggregate": 6.721322942659924e-10,
  "diff_mu_per_k": [
    0.00019828999938908964,
    0.00019787557539530098,
    0.00019842297479044646,
    0.000197874556761235,
    0.0001978608634090051,
    0.00019790176884271204,
    0.00019746259204111993,
    0.00019796898413915187,
    0.00019770418293774128,
    0.00019793954561464489,
    0.00019699751283042133,
    0.0001995027851080522,
    0.00019647993030957878,
    0.00019674625946208835,
    0.000197226443560794,
    0.0001966035197256133
  ],
  "diff_sigma_per_k": [
    7.655578393439555e-10,
    6.990905632164868e-10,
    7.371863675054158e-10,
    5.912213496550578e-10,
    6.462499979598135e-10,
    6.50940246149645e-10,
    7.089265841031533e-10,
    6.464600521560726e-10,
    5.583533080333325e-10,
    7.430285831055983e-10,
    6.74780786802387e-10,
    7.351001474198426e-10,
    5.798578839311119e-10,
    6.335658664369248e-10,
    6.984499645312781e-10,
    6.85347112394652e-10
  ],
  "variance_collapse": true,
  "k_report_idx": {
    "k1": 0,
    "k8": 7,
    "k15": 14
  },
  "spec": {
    "kind": "baseline",
    "baseline_key": [
      0.9,
      472,
      2048,
      128
    ],
    "params": {
      "period_P": 2048,
      "manifold_dim_D": 128,
      "continuity_center": 472,
      "fidelity_F": 0.97,
      "magnitude_M": 0.0,
      "locality_L": 0.9
    },
    "L_d_main": 4,
    "seed": 19,
    "perk": true,
    "label": "base_loc0.9_c472_P2048_D128_s19",
    "out_file": "/mnt/c/Users/Jason/Desktop/Eridos/Weft 2/v2/results/phase1/pilot_Ld4/_runs/base_loc0.9_c472_P2048_D128_s19.json"
  }
}