{
  "label": "base_loc0.3_c3_P32_D4_s7",
  "L_d_main": 4,
  "seed": 7,
  "wall_clock_s": 325.16,
  "steps_trained": 10000,
  "final_interval_loss": -2828.737113,
  "nan_inf": false,
  "still_descending": false,
  "stability_flag": "stable",
  "diff_mu": 0.6239132285118103,
  "diff_sigma": 2.318024314718059e-07,
  "diff_mu_aggregate": 0.6239132285118103,
  "diff_sigma_aggregate": 2.318024314718059e-07,
  "diff_mu_per_k": [
    0.6254697442054749,
    0.6154413223266602,
    0.6168980598449707,
    0.6142494082450867,
    0.6175167560577393,
    0.6257346868515015,
    0.6222488880157471,
    0.6218205690383911,
    0.6243677735328674,
    0.6228543519973755,
    0.6252398490905762,
    0.6234121322631836,
    0.627214789390564,
    0.6306611895561218,
    0.6333962678909302,
    0.6360869407653809
  ],
  "diff_sigma_per_k": [
    2.314145888249186e-07,
    1.8170291582464415e-07,
    1.922893915207169e-07,
    1.8248992716962675e-07,
    1.9873768053457752e-07,
    2.0591559746208077e-07,
    2.2471904514986818e-07,
    2.213751031376887e-07,
    2.3077222977008205e-07,
    2.2388348952517845e-07,
    2.1048664677891793e-07,
    2.155486527044559e-07,
    2.6200106617579877e-07,
    2.85161718238669e-07,
    3.1606700190423e-07,
    3.2627380619487667e-07
  ],
  "variance_collapse": false,
  "k_report_idx": {
    "k1": 0,
    "k8": 7,
    "k15": 14
  },
  "spec": {
    "kind": "baseline",
    "baseline_key": [
      0.3,
      3,
      32,
      4
    ],
    "params": {
      "period_P": 32,
      "manifold_dim_D": 4,
      "continuity_center": 3,
      "fidelity_F": 0.97,
      "magnitude_M": 0.0,
      "locality_L": 0.3
    },
    "L_d_main": 4,
    "seed": 7,
    "perk": true,
    "label": "base_loc0.3_c3_P32_D4_s7",
    "out_file": "/mnt/c/Users/Jason/Desktop/Eridos/Weft 2/v2/results/phase1/pilot_Ld4/_runs/base_loc0.3_c3_P32_D4_s7.json"
  }
}