{
  "label": "base_loc0.5_c39_P256_D4_s19",
  "L_d_main": 4,
  "seed": 19,
  "wall_clock_s": 325.17,
  "steps_trained": 10000,
  "final_interval_loss": -2772.301204,
  "nan_inf": false,
  "still_descending": false,
  "stability_flag": "stable",
  "diff_mu": 0.07180004566907883,
  "diff_sigma": 7.699573423280981e-09,
  "diff_mu_aggregate": 0.07180004566907883,
  "diff_sigma_aggregate": 7.699573423280981e-09,
  "diff_mu_per_k": [
    0.07093431800603867,
    0.07086794078350067,
    0.07286239415407181,
    0.07300484925508499,
    0.07213757187128067,
    0.07072050124406815,
    0.07064027339220047,
    0.0711214616894722,
    0.07156442850828171,
    0.07323281466960907,
    0.07291749119758606,
    0.07289386540651321,
    0.07098646461963654,
    0.07150424271821976,
    0.07091247290372849,
    0.07249961793422699
  ],
  "diff_sigma_per_k": [
    5.761563226513999e-09,
    6.580357592156361e-09,
    1.069597388436705e-08,
    8.893354497274686e-09,
    8.11944733669634e-09,
    7.26015958463222e-09,
    6.070910441025035e-09,
    6.509094596651721e-09,
    7.742827712320377e-09,
    9.48517531185189e-09,
    9.152201663198412e-09,
    8.935471029758446e-09,
    6.422558040952708e-09,
    6.525878504248794e-09,
    6.401769336861207e-09,
    8.636436454878549e-09
  ],
  "variance_collapse": true,
  "k_report_idx": {
    "k1": 0,
    "k8": 7,
    "k15": 14
  },
  "spec": {
    "kind": "baseline",
    "baseline_key": [
      0.5,
      39,
      256,
      4
    ],
    "params": {
      "period_P": 256,
      "manifold_dim_D": 4,
      "continuity_center": 39,
      "fidelity_F": 0.97,
      "magnitude_M": 0.0,
      "locality_L": 0.5
    },
    "L_d_main": 4,
    "seed": 19,
    "perk": true,
    "label": "base_loc0.5_c39_P256_D4_s19",
    "out_file": "/mnt/c/Users/Jason/Desktop/Eridos/Weft 2/v2/results/phase1/pilot_Ld4/_runs/base_loc0.5_c39_P256_D4_s19.json"
  }
}