{
  "label": "base_loc0.3_c3_P32_D4_s14",
  "L_d_main": 4,
  "seed": 14,
  "wall_clock_s": 324.97,
  "steps_trained": 10000,
  "final_interval_loss": -2817.527377,
  "nan_inf": false,
  "still_descending": false,
  "stability_flag": "stable",
  "diff_mu": 4.653043746948242,
  "diff_sigma": 1.6405469693836494e-07,
  "diff_mu_aggregate": 4.653043746948242,
  "diff_sigma_aggregate": 1.6405469693836494e-07,
  "diff_mu_per_k": [
    4.607977390289307,
    4.6285600662231445,
    4.615815162658691,
    4.637826442718506,
    4.637616157531738,
    4.628232002258301,
    4.633355617523193,
    4.6446614265441895,
    4.645532131195068,
    4.655620574951172,
    4.653842926025391,
    4.639930248260498,
    4.664523124694824,
    4.6957879066467285,
    4.706956386566162,
    4.752457618713379
  ],
  "diff_sigma_per_k": [
    1.23142413599453e-07,
    1.5692616273099702e-07,
    1.4173259899052937e-07,
    1.4414492000014434e-07,
    1.5656243590456143e-07,
    1.3878798199584708e-07,
    1.4905151601851685e-07,
    1.488045029418572e-07,
    1.689940631877107e-07,
    1.6716190032184386e-07,
    1.5539910691586556e-07,
    1.5288159715964866e-07,
    1.569293317515985e-07,
    1.9925251137919986e-07,
    1.980953499014504e-07,
    2.6700888611230766e-07
  ],
  "variance_collapse": false,
  "k_report_idx": {
    "k1": 0,
    "k8": 7,
    "k15": 14
  },
  "spec": {
    "kind": "baseline",
    "baseline_key": [
      0.3,
      3,
      32,
      4
    ],
    "params": {
      "period_P": 32,
      "manifold_dim_D": 4,
      "continuity_center": 3,
      "fidelity_F": 0.97,
      "magnitude_M": 0.0,
      "locality_L": 0.3
    },
    "L_d_main": 4,
    "seed": 14,
    "perk": true,
    "label": "base_loc0.3_c3_P32_D4_s14",
    "out_file": "/mnt/c/Users/Jason/Desktop/Eridos/Weft 2/v2/results/phase1/pilot_Ld4/_runs/base_loc0.3_c3_P32_D4_s14.json"
  }
}