{
  "label": "base_loc0.5_c39_P256_D16_s6",
  "L_d_main": 4,
  "seed": 6,
  "wall_clock_s": 326.56,
  "steps_trained": 10000,
  "final_interval_loss": -2827.416887,
  "nan_inf": false,
  "still_descending": true,
  "stability_flag": "stable",
  "diff_mu": 0.030127305537462234,
  "diff_sigma": 4.487647942141848e-08,
  "diff_mu_aggregate": 0.030127305537462234,
  "diff_sigma_aggregate": 4.487647942141848e-08,
  "diff_mu_per_k": [
    0.030020279809832573,
    0.03016887791454792,
    0.03016088902950287,
    0.03022332303225994,
    0.030090173706412315,
    0.02990928292274475,
    0.03027399443089962,
    0.030235057696700096,
    0.030221808701753616,
    0.030178604647517204,
    0.030175792053341866,
    0.030008230358362198,
    0.02995486743748188,
    0.030193395912647247,
    0.03017805702984333,
    0.03004421480000019
  ],
  "diff_sigma_per_k": [
    3.936859371833634e-08,
    4.704507006181302e-08,
    4.943802522916485e-08,
    4.862977931452406e-08,
    4.4151054368057885e-08,
    3.842930951236667e-08,
    3.961529415619225e-08,
    5.264586988573683e-08,
    4.905249184616878e-08,
    4.490180316452097e-08,
    4.3957584239251446e-08,
    3.903806700122914e-08,
    4.0081616248244245e-08,
    5.148693205114796e-08,
    4.684893539774748e-08,
    4.3333230337339046e-08
  ],
  "variance_collapse": false,
  "k_report_idx": {
    "k1": 0,
    "k8": 7,
    "k15": 14
  },
  "spec": {
    "kind": "baseline",
    "baseline_key": [
      0.5,
      39,
      256,
      16
    ],
    "params": {
      "period_P": 256,
      "manifold_dim_D": 16,
      "continuity_center": 39,
      "fidelity_F": 0.97,
      "magnitude_M": 0.0,
      "locality_L": 0.5
    },
    "L_d_main": 4,
    "seed": 6,
    "perk": true,
    "label": "base_loc0.5_c39_P256_D16_s6",
    "out_file": "/mnt/c/Users/Jason/Desktop/Eridos/Weft 2/v2/results/phase1/pilot_Ld4/_runs/base_loc0.5_c39_P256_D16_s6.json"
  }
}