{
  "label": "base_loc0.9_c472_P2048_D128_s12",
  "L_d_main": 4,
  "seed": 12,
  "wall_clock_s": 325.1,
  "steps_trained": 10000,
  "final_interval_loss": -2963.195508,
  "nan_inf": false,
  "still_descending": false,
  "stability_flag": "stable",
  "diff_mu": 0.00025414396077394485,
  "diff_sigma": 8.539513540739563e-10,
  "diff_mu_aggregate": 0.00025414396077394485,
  "diff_sigma_aggregate": 8.539513540739563e-10,
  "diff_mu_per_k": [
    0.000254400831181556,
    0.00025616740458644927,
    0.0002543484151829034,
    0.0002566484618000686,
    0.00025358604034408927,
    0.00025307494797743857,
    0.00025213047047145665,
    0.00025279668625444174,
    0.0002545685856603086,
    0.00025121631915681064,
    0.0002558426058385521,
    0.00025246007135137916,
    0.0002537700056564063,
    0.00025483680656179786,
    0.00025309371994808316,
    0.0002573616511654109
  ],
  "diff_sigma_per_k": [
    8.170467635792988e-10,
    1.0303465858285676e-09,
    8.074157453741293e-10,
    8.53325021754614e-10,
    9.939378209367078e-10,
    7.680139857413337e-10,
    8.38455249674297e-10,
    7.392748635481894e-10,
    8.994509581583543e-10,
    8.320225064473163e-10,
    9.848077908714004e-10,
    8.722916278181003e-10,
    7.179997707496e-10,
    7.04583946742332e-10,
    8.92804663532587e-10,
    9.114448085156823e-10
  ],
  "variance_collapse": true,
  "k_report_idx": {
    "k1": 0,
    "k8": 7,
    "k15": 14
  },
  "spec": {
    "kind": "baseline",
    "baseline_key": [
      0.9,
      472,
      2048,
      128
    ],
    "params": {
      "period_P": 2048,
      "manifold_dim_D": 128,
      "continuity_center": 472,
      "fidelity_F": 0.97,
      "magnitude_M": 0.0,
      "locality_L": 0.9
    },
    "L_d_main": 4,
    "seed": 12,
    "perk": true,
    "label": "base_loc0.9_c472_P2048_D128_s12",
    "out_file": "/mnt/c/Users/Jason/Desktop/Eridos/Weft 2/v2/results/phase1/pilot_Ld4/_runs/base_loc0.9_c472_P2048_D128_s12.json"
  }
}