{
  "label": "base_loc0.5_c39_P256_D16_s4",
  "L_d_main": 4,
  "seed": 4,
  "wall_clock_s": 323.65,
  "steps_trained": 10000,
  "final_interval_loss": -2618.215046,
  "nan_inf": false,
  "still_descending": false,
  "stability_flag": "stable",
  "diff_mu": 0.2587280869483948,
  "diff_sigma": 7.520955591644451e-08,
  "diff_mu_aggregate": 0.2587280869483948,
  "diff_sigma_aggregate": 7.520955591644451e-08,
  "diff_mu_per_k": [
    0.2572772800922394,
    0.25884807109832764,
    0.25787436962127686,
    0.2583153247833252,
    0.26117804646492004,
    0.2579043507575989,
    0.260135293006897,
    0.25918588042259216,
    0.2589605450630188,
    0.25993531942367554,
    0.2597964406013489,
    0.25661760568618774,
    0.2592391073703766,
    0.2598435878753662,
    0.2564259469509125,
    0.25811246037483215
  ],
  "diff_sigma_per_k": [
    6.402040497732742e-08,
    7.100675247784238e-08,
    7.787880207388298e-08,
    7.3862260308033e-08,
    9.103920461939197e-08,
    7.066954310630535e-08,
    7.843956950637221e-08,
    7.958035297406241e-08,
    8.303220511152176e-08,
    7.757054731882818e-08,
    7.562656634263476e-08,
    7.174032390366847e-08,
    7.303275140202459e-08,
    7.786546518673276e-08,
    6.744912894873778e-08,
    7.053903061660094e-08
  ],
  "variance_collapse": false,
  "k_report_idx": {
    "k1": 0,
    "k8": 7,
    "k15": 14
  },
  "spec": {
    "kind": "baseline",
    "baseline_key": [
      0.5,
      39,
      256,
      16
    ],
    "params": {
      "period_P": 256,
      "manifold_dim_D": 16,
      "continuity_center": 39,
      "fidelity_F": 0.97,
      "magnitude_M": 0.0,
      "locality_L": 0.5
    },
    "L_d_main": 4,
    "seed": 4,
    "perk": true,
    "label": "base_loc0.5_c39_P256_D16_s4",
    "out_file": "/mnt/c/Users/Jason/Desktop/Eridos/Weft 2/v2/results/phase1/pilot_Ld4/_runs/base_loc0.5_c39_P256_D16_s4.json"
  }
}