{
  "label": "base_loc0.5_c39_P256_D16_s10",
  "L_d_main": 4,
  "seed": 10,
  "wall_clock_s": 325.06,
  "steps_trained": 10000,
  "final_interval_loss": -2665.355425,
  "nan_inf": false,
  "still_descending": true,
  "stability_flag": "stable",
  "diff_mu": 0.10890163481235504,
  "diff_sigma": 1.723059739333621e-08,
  "diff_mu_aggregate": 0.10890163481235504,
  "diff_sigma_aggregate": 1.723059739333621e-08,
  "diff_mu_per_k": [
    0.10950224101543427,
    0.10859183222055435,
    0.1098683625459671,
    0.11046472191810608,
    0.10836628079414368,
    0.10912390798330307,
    0.10878004133701324,
    0.10885780304670334,
    0.10876346379518509,
    0.10796570777893066,
    0.10970738530158997,
    0.10802372545003891,
    0.10954076796770096,
    0.10840688645839691,
    0.10877281427383423,
    0.10769017785787582
  ],
  "diff_sigma_per_k": [
    1.6776889211200796e-08,
    1.8962403203204303e-08,
    1.844862218547405e-08,
    1.9442916610046268e-08,
    1.87387954042606e-08,
    1.5358949667643174e-08,
    1.8064008955320787e-08,
    1.717752695640229e-08,
    1.5287325183521716e-08,
    1.7858859280295292e-08,
    2.0557294533318782e-08,
    1.566464646884924e-08,
    1.5393066377100695e-08,
    1.4976395235066775e-08,
    1.7861660595031026e-08,
    1.512020730842778e-08
  ],
  "variance_collapse": false,
  "k_report_idx": {
    "k1": 0,
    "k8": 7,
    "k15": 14
  },
  "spec": {
    "kind": "baseline",
    "baseline_key": [
      0.5,
      39,
      256,
      16
    ],
    "params": {
      "period_P": 256,
      "manifold_dim_D": 16,
      "continuity_center": 39,
      "fidelity_F": 0.97,
      "magnitude_M": 0.0,
      "locality_L": 0.5
    },
    "L_d_main": 4,
    "seed": 10,
    "perk": true,
    "label": "base_loc0.5_c39_P256_D16_s10",
    "out_file": "/mnt/c/Users/Jason/Desktop/Eridos/Weft 2/v2/results/phase1/pilot_Ld4/_runs/base_loc0.5_c39_P256_D16_s10.json"
  }
}