{
  "label": "base_loc0.3_c3_P32_D4_s18",
  "L_d_main": 4,
  "seed": 18,
  "wall_clock_s": 325.0,
  "steps_trained": 10000,
  "final_interval_loss": -2799.328931,
  "nan_inf": false,
  "still_descending": false,
  "stability_flag": "stable",
  "diff_mu": 1.2252479791641235,
  "diff_sigma": 8.628798241261393e-06,
  "diff_mu_aggregate": 1.2252479791641235,
  "diff_sigma_aggregate": 8.628798241261393e-06,
  "diff_mu_per_k": [
    1.2155183553695679,
    1.2263296842575073,
    1.2248891592025757,
    1.2198530435562134,
    1.215942621231079,
    1.2209259271621704,
    1.213899850845337,
    1.214133381843567,
    1.2207214832305908,
    1.223158597946167,
    1.2219303846359253,
    1.231863021850586,
    1.2357661724090576,
    1.2313743829727173,
    1.2430713176727295,
    1.2445907592773438
  ],
  "diff_sigma_per_k": [
    7.286755590030225e-06,
    7.825277862139046e-06,
    7.723942871962208e-06,
    6.778720489819534e-06,
    6.785630830563605e-06,
    6.327653863991145e-06,
    7.141947207855992e-06,
    6.875548024254385e-06,
    7.477613053197274e-06,
    8.107679605018348e-06,
    7.3655864980537444e-06,
    9.526189387543127e-06,
    9.938329640135635e-06,
    1.1996803550573532e-05,
    1.269408494408708e-05,
    1.4208999346010387e-05
  ],
  "variance_collapse": false,
  "k_report_idx": {
    "k1": 0,
    "k8": 7,
    "k15": 14
  },
  "spec": {
    "kind": "baseline",
    "baseline_key": [
      0.3,
      3,
      32,
      4
    ],
    "params": {
      "period_P": 32,
      "manifold_dim_D": 4,
      "continuity_center": 3,
      "fidelity_F": 0.97,
      "magnitude_M": 0.0,
      "locality_L": 0.3
    },
    "L_d_main": 4,
    "seed": 18,
    "perk": true,
    "label": "base_loc0.3_c3_P32_D4_s18",
    "out_file": "/mnt/c/Users/Jason/Desktop/Eridos/Weft 2/v2/results/phase1/pilot_Ld4/_runs/base_loc0.3_c3_P32_D4_s18.json"
  }
}