{
  "label": "base_loc0.3_c3_P32_D4_s1",
  "L_d_main": 4,
  "seed": 1,
  "wall_clock_s": 325.59,
  "steps_trained": 10000,
  "final_interval_loss": -2795.972309,
  "nan_inf": false,
  "still_descending": false,
  "stability_flag": "stable",
  "diff_mu": 7.436132907867432,
  "diff_sigma": 5.697667688764341e-07,
  "diff_mu_aggregate": 7.436132907867432,
  "diff_sigma_aggregate": 5.697667688764341e-07,
  "diff_mu_per_k": [
    7.447893142700195,
    7.411911964416504,
    7.418112754821777,
    7.43069314956665,
    7.451655864715576,
    7.4460883140563965,
    7.423986434936523,
    7.432862758636475,
    7.424312114715576,
    7.457889556884766,
    7.435634613037109,
    7.441003322601318,
    7.445641040802002,
    7.426835536956787,
    7.414010524749756,
    7.4695963859558105
  ],
  "diff_sigma_per_k": [
    5.285627935336379e-07,
    5.001730301046337e-07,
    5.11021141846868e-07,
    4.946376179759682e-07,
    4.942984901390446e-07,
    4.9898164888873e-07,
    5.68715222470928e-07,
    5.714522330890759e-07,
    5.407089247455588e-07,
    5.111364203003177e-07,
    5.997259222567664e-07,
    5.381608048082853e-07,
    6.030985559846158e-07,
    6.274112251958286e-07,
    7.492871532122081e-07,
    7.788967195665464e-07
  ],
  "variance_collapse": false,
  "k_report_idx": {
    "k1": 0,
    "k8": 7,
    "k15": 14
  },
  "spec": {
    "kind": "baseline",
    "baseline_key": [
      0.3,
      3,
      32,
      4
    ],
    "params": {
      "period_P": 32,
      "manifold_dim_D": 4,
      "continuity_center": 3,
      "fidelity_F": 0.97,
      "magnitude_M": 0.0,
      "locality_L": 0.3
    },
    "L_d_main": 4,
    "seed": 1,
    "perk": true,
    "label": "base_loc0.3_c3_P32_D4_s1",
    "out_file": "/mnt/c/Users/Jason/Desktop/Eridos/Weft 2/v2/results/phase1/pilot_Ld4/_runs/base_loc0.3_c3_P32_D4_s1.json"
  }
}