{
  "label": "base_loc0.5_c19_P256_D16_s7",
  "L_d_main": 4,
  "seed": 7,
  "wall_clock_s": 321.59,
  "steps_trained": 10000,
  "final_interval_loss": -2979.349206,
  "nan_inf": false,
  "still_descending": false,
  "stability_flag": "stable",
  "diff_mu": 0.183664932847023,
  "diff_sigma": 1.576027415239878e-07,
  "diff_mu_aggregate": 0.183664932847023,
  "diff_sigma_aggregate": 1.576027415239878e-07,
  "diff_mu_per_k": [
    0.18311844766139984,
    0.1840052604675293,
    0.18356461822986603,
    0.18405835330486298,
    0.18254993855953217,
    0.18323327600955963,
    0.18376174569129944,
    0.1836729794740677,
    0.18347784876823425,
    0.18345239758491516,
    0.18423405289649963,
    0.18575499951839447,
    0.18483036756515503,
    0.18436452746391296,
    0.18291939795017242,
    0.18164069950580597
  ],
  "diff_sigma_per_k": [
    1.391708082110199e-07,
    1.1907340535799449e-07,
    1.4968988182317844e-07,
    1.5596531000028335e-07,
    1.7284021680552542e-07,
    1.8294056758350052e-07,
    1.682804366964774e-07,
    1.6349528664250101e-07,
    1.486270804207379e-07,
    1.1911383523965924e-07,
    1.0770702374429675e-07,
    8.73122303346463e-08,
    1.1856983661573395e-07,
    1.5459902158454497e-07,
    2.263086003040371e-07,
    3.0795038696851407e-07
  ],
  "variance_collapse": false,
  "k_report_idx": {
    "k1": 0,
    "k8": 7,
    "k15": 14
  },
  "spec": {
    "kind": "baseline",
    "baseline_key": [
      0.5,
      19,
      256,
      16
    ],
    "params": {
      "period_P": 256,
      "manifold_dim_D": 16,
      "continuity_center": 19,
      "fidelity_F": 0.97,
      "magnitude_M": 0.0,
      "locality_L": 0.5
    },
    "L_d_main": 4,
    "seed": 7,
    "perk": true,
    "label": "base_loc0.5_c19_P256_D16_s7",
    "out_file": "/mnt/c/Users/Jason/Desktop/Eridos/Weft 2/v2/results/phase1/pilot_Ld4/_runs/base_loc0.5_c19_P256_D16_s7.json"
  }
}