{
  "label": "base_loc0.5_c39_P256_D4_s14",
  "L_d_main": 4,
  "seed": 14,
  "wall_clock_s": 325.52,
  "steps_trained": 10000,
  "final_interval_loss": -2414.799175,
  "nan_inf": false,
  "still_descending": false,
  "stability_flag": "stable",
  "diff_mu": 0.06055977940559387,
  "diff_sigma": 6.590188661448337e-08,
  "diff_mu_aggregate": 0.06055977940559387,
  "diff_sigma_aggregate": 6.590188661448337e-08,
  "diff_mu_per_k": [
    0.06037076562643051,
    0.060137368738651276,
    0.06057912856340408,
    0.060645222663879395,
    0.061021700501441956,
    0.0609547421336174,
    0.06026609241962433,
    0.061260368674993515,
    0.060777489095926285,
    0.060582470148801804,
    0.0602327436208725,
    0.06034250557422638,
    0.060401685535907745,
    0.05979115888476372,
    0.060974448919296265,
    0.06061851978302002
  ],
  "diff_sigma_per_k": [
    6.400420460295209e-08,
    6.119357465195208e-08,
    7.22102768691002e-08,
    7.730547935125287e-08,
    8.067877388384659e-08,
    5.8318821771763396e-08,
    4.470071601758718e-08,
    6.117935669180952e-08,
    6.615720593572405e-08,
    7.350351438617508e-08,
    7.636737109351088e-08,
    7.341882479749984e-08,
    6.213450376435503e-08,
    5.2087607116391155e-08,
    5.656339752135864e-08,
    7.460656092916906e-08
  ],
  "variance_collapse": false,
  "k_report_idx": {
    "k1": 0,
    "k8": 7,
    "k15": 14
  },
  "spec": {
    "kind": "baseline",
    "baseline_key": [
      0.5,
      39,
      256,
      4
    ],
    "params": {
      "period_P": 256,
      "manifold_dim_D": 4,
      "continuity_center": 39,
      "fidelity_F": 0.97,
      "magnitude_M": 0.0,
      "locality_L": 0.5
    },
    "L_d_main": 4,
    "seed": 14,
    "perk": true,
    "label": "base_loc0.5_c39_P256_D4_s14",
    "out_file": "/mnt/c/Users/Jason/Desktop/Eridos/Weft 2/v2/results/phase1/pilot_Ld4/_runs/base_loc0.5_c39_P256_D4_s14.json"
  }
}