{
  "label": "base_loc0.5_c39_P256_D4_s7",
  "L_d_main": 4,
  "seed": 7,
  "wall_clock_s": 324.72,
  "steps_trained": 10000,
  "final_interval_loss": -2669.158665,
  "nan_inf": false,
  "still_descending": false,
  "stability_flag": "stable",
  "diff_mu": 0.23415182530879974,
  "diff_sigma": 2.6936394448284773e-08,
  "diff_mu_aggregate": 0.23415182530879974,
  "diff_sigma_aggregate": 2.6936394448284773e-08,
  "diff_mu_per_k": [
    0.24145658314228058,
    0.2723866105079651,
    0.3016173839569092,
    0.2827414572238922,
    0.2845346927642822,
    0.1510000079870224,
    0.2401609867811203,
    0.2139243334531784,
    0.38073334097862244,
    0.2797194719314575,
    0.24102182686328888,
    0.26590338349342346,
    0.13718892633914948,
    0.1647561937570572,
    0.2186230570077896,
    0.07066076993942261
  ],
  "diff_sigma_per_k": [
    2.1845096398465103e-08,
    1.3336104665029325e-08,
    2.173062974009099e-08,
    7.786464806258664e-08,
    3.0626150504531324e-08,
    1.724970033478712e-08,
    3.2717579756536e-08,
    1.783146785783174e-08,
    1.5665177599544222e-08,
    2.060460424502253e-08,
    8.415225494218248e-08,
    3.1797135591205006e-08,
    1.2110588087921315e-08,
    6.3956524520847324e-09,
    2.0181895266091487e-08,
    6.8736323299845026e-09
  ],
  "variance_collapse": false,
  "k_report_idx": {
    "k1": 0,
    "k8": 7,
    "k15": 14
  },
  "spec": {
    "kind": "baseline",
    "baseline_key": [
      0.5,
      39,
      256,
      4
    ],
    "params": {
      "period_P": 256,
      "manifold_dim_D": 4,
      "continuity_center": 39,
      "fidelity_F": 0.97,
      "magnitude_M": 0.0,
      "locality_L": 0.5
    },
    "L_d_main": 4,
    "seed": 7,
    "perk": true,
    "label": "base_loc0.5_c39_P256_D4_s7",
    "out_file": "/mnt/c/Users/Jason/Desktop/Eridos/Weft 2/v2/results/phase1/pilot_Ld4/_runs/base_loc0.5_c39_P256_D4_s7.json"
  }
}