{
  "label": "base_loc0.5_c39_P256_D16_s3",
  "L_d_main": 4,
  "seed": 3,
  "wall_clock_s": 324.8,
  "steps_trained": 10000,
  "final_interval_loss": -2775.364815,
  "nan_inf": false,
  "still_descending": true,
  "stability_flag": "stable",
  "diff_mu": 0.25858360528945923,
  "diff_sigma": 1.492228278721086e-07,
  "diff_mu_aggregate": 0.25858360528945923,
  "diff_sigma_aggregate": 1.492228278721086e-07,
  "diff_mu_per_k": [
    0.2628917396068573,
    0.2330222874879837,
    0.2647494077682495,
    0.26397567987442017,
    0.2646857500076294,
    0.2636319696903229,
    0.26380130648612976,
    0.2627832293510437,
    0.26492559909820557,
    0.26314234733581543,
    0.26660478115081787,
    0.23396867513656616,
    0.26433834433555603,
    0.2649124264717102,
    0.23411132395267487,
    0.265793114900589
  ],
  "diff_sigma_per_k": [
    1.1499140839532629e-07,
    2.7897107202079496e-07,
    1.3686994293493626e-07,
    1.343151723176561e-07,
    1.162317175840144e-07,
    1.1914939079815667e-07,
    1.170834522667974e-07,
    1.401744924578452e-07,
    1.2266889370948775e-07,
    1.3449911762108968e-07,
    1.1434826774348039e-07,
    2.3927762526909646e-07,
    1.0647740822378182e-07,
    1.2152040085311455e-07,
    2.51385102956192e-07,
    1.3960179501282255e-07
  ],
  "variance_collapse": false,
  "k_report_idx": {
    "k1": 0,
    "k8": 7,
    "k15": 14
  },
  "spec": {
    "kind": "baseline",
    "baseline_key": [
      0.5,
      39,
      256,
      16
    ],
    "params": {
      "period_P": 256,
      "manifold_dim_D": 16,
      "continuity_center": 39,
      "fidelity_F": 0.97,
      "magnitude_M": 0.0,
      "locality_L": 0.5
    },
    "L_d_main": 4,
    "seed": 3,
    "perk": true,
    "label": "base_loc0.5_c39_P256_D16_s3",
    "out_file": "/mnt/c/Users/Jason/Desktop/Eridos/Weft 2/v2/results/phase1/pilot_Ld4/_runs/base_loc0.5_c39_P256_D16_s3.json"
  }
}