{
  "label": "base_loc0.9_c472_P2048_D128_s7",
  "L_d_main": 4,
  "seed": 7,
  "wall_clock_s": 326.77,
  "steps_trained": 10000,
  "final_interval_loss": -2970.940951,
  "nan_inf": false,
  "still_descending": false,
  "stability_flag": "stable",
  "diff_mu": 0.0002443637640681118,
  "diff_sigma": 3.021463634844679e-10,
  "diff_mu_aggregate": 0.0002443637640681118,
  "diff_sigma_aggregate": 3.021463634844679e-10,
  "diff_mu_per_k": [
    0.00024523003958165646,
    0.0002433006011415273,
    0.0002437214134261012,
    0.00024445957387797534,
    0.0002445642603561282,
    0.00024354842025786638,
    0.0002470493782311678,
    0.0002431289613014087,
    0.00024245974782388657,
    0.00024441088316962123,
    0.000245776231167838,
    0.00024236604804173112,
    0.0002447108563501388,
    0.0002449649618938565,
    0.00024527570349164307,
    0.0002448532322887331
  ],
  "diff_sigma_per_k": [
    2.9894114961237506e-10,
    3.179516927520609e-10,
    2.6128041397122104e-10,
    2.723833936180142e-10,
    3.26802945815885e-10,
    2.759499018178957e-10,
    3.0315980281692134e-10,
    3.3098163099154476e-10,
    2.5147597892960505e-10,
    2.9953739488775e-10,
    3.7967193278198863e-10,
    2.490242734243253e-10,
    2.9650634725264524e-10,
    3.197306031044178e-10,
    3.0432673048252923e-10,
    3.4661748471442877e-10
  ],
  "variance_collapse": true,
  "k_report_idx": {
    "k1": 0,
    "k8": 7,
    "k15": 14
  },
  "spec": {
    "kind": "baseline",
    "baseline_key": [
      0.9,
      472,
      2048,
      128
    ],
    "params": {
      "period_P": 2048,
      "manifold_dim_D": 128,
      "continuity_center": 472,
      "fidelity_F": 0.97,
      "magnitude_M": 0.0,
      "locality_L": 0.9
    },
    "L_d_main": 4,
    "seed": 7,
    "perk": true,
    "label": "base_loc0.9_c472_P2048_D128_s7",
    "out_file": "/mnt/c/Users/Jason/Desktop/Eridos/Weft 2/v2/results/phase1/pilot_Ld4/_runs/base_loc0.9_c472_P2048_D128_s7.json"
  }
}