{
  "label": "base_loc0.5_c39_P256_D4_s4",
  "L_d_main": 4,
  "seed": 4,
  "wall_clock_s": 325.58,
  "steps_trained": 10000,
  "final_interval_loss": -2676.010659,
  "nan_inf": false,
  "still_descending": false,
  "stability_flag": "stable",
  "diff_mu": 3.7200958728790283,
  "diff_sigma": 7.357664344453951e-07,
  "diff_mu_aggregate": 3.7200958728790283,
  "diff_sigma_aggregate": 7.357664344453951e-07,
  "diff_mu_per_k": [
    3.7042322158813477,
    3.695263624191284,
    3.7248687744140625,
    3.7217812538146973,
    3.7150352001190186,
    3.726987838745117,
    3.719216823577881,
    3.700810670852661,
    3.72798752784729,
    3.737152338027954,
    3.7608182430267334,
    3.740961790084839,
    3.706894636154175,
    3.7013466358184814,
    3.7269318103790283,
    3.711242198944092
  ],
  "diff_sigma_per_k": [
    6.494721560557082e-07,
    6.877512532810215e-07,
    7.657748142264609e-07,
    7.93526339748496e-07,
    7.682654086238472e-07,
    6.831540986240725e-07,
    7.493715088457975e-07,
    6.921770250301051e-07,
    6.677530564047629e-07,
    8.293994824271067e-07,
    8.580657322454499e-07,
    8.38312701034738e-07,
    7.297225579350197e-07,
    6.416680093934701e-07,
    6.478580303337367e-07,
    7.699907200731104e-07
  ],
  "variance_collapse": false,
  "k_report_idx": {
    "k1": 0,
    "k8": 7,
    "k15": 14
  },
  "spec": {
    "kind": "baseline",
    "baseline_key": [
      0.5,
      39,
      256,
      4
    ],
    "params": {
      "period_P": 256,
      "manifold_dim_D": 4,
      "continuity_center": 39,
      "fidelity_F": 0.97,
      "magnitude_M": 0.0,
      "locality_L": 0.5
    },
    "L_d_main": 4,
    "seed": 4,
    "perk": true,
    "label": "base_loc0.5_c39_P256_D4_s4",
    "out_file": "/mnt/c/Users/Jason/Desktop/Eridos/Weft 2/v2/results/phase1/pilot_Ld4/_runs/base_loc0.5_c39_P256_D4_s4.json"
  }
}