{
  "label": "base_loc0.9_c472_P2048_D128_s16",
  "L_d_main": 4,
  "seed": 16,
  "wall_clock_s": 323.84,
  "steps_trained": 10000,
  "final_interval_loss": -2996.631098,
  "nan_inf": false,
  "still_descending": false,
  "stability_flag": "stable",
  "diff_mu": 0.0013565951958298683,
  "diff_sigma": 3.823682703796294e-09,
  "diff_mu_aggregate": 0.0013565951958298683,
  "diff_sigma_aggregate": 3.823682703796294e-09,
  "diff_mu_per_k": [
    0.0013611172325909138,
    0.001360482070595026,
    0.0013644329737871885,
    0.0013507382245734334,
    0.0013627734733745456,
    0.0013710191706195474,
    0.0013687147293239832,
    0.0013508202973753214,
    0.0013481994392350316,
    0.0013519973726943135,
    0.0013700621202588081,
    0.0013512468431144953,
    0.0013359260046854615,
    0.0013647734886035323,
    0.0013486669631674886,
    0.0013445528456941247
  ],
  "diff_sigma_per_k": [
    3.773145795804567e-09,
    4.104057982345921e-09,
    3.919173874322723e-09,
    3.6790221979998705e-09,
    3.813883875380952e-09,
    4.3526613424660354e-09,
    4.5572439155705524e-09,
    3.6599809849491294e-09,
    3.022729400115054e-09,
    3.938754655763432e-09,
    3.9683429875481124e-09,
    3.751766008974755e-09,
    3.178492358202334e-09,
    4.15530099218131e-09,
    3.503315859632039e-09,
    3.801056358554433e-09
  ],
  "variance_collapse": true,
  "k_report_idx": {
    "k1": 0,
    "k8": 7,
    "k15": 14
  },
  "spec": {
    "kind": "baseline",
    "baseline_key": [
      0.9,
      472,
      2048,
      128
    ],
    "params": {
      "period_P": 2048,
      "manifold_dim_D": 128,
      "continuity_center": 472,
      "fidelity_F": 0.97,
      "magnitude_M": 0.0,
      "locality_L": 0.9
    },
    "L_d_main": 4,
    "seed": 16,
    "perk": true,
    "label": "base_loc0.9_c472_P2048_D128_s16",
    "out_file": "/mnt/c/Users/Jason/Desktop/Eridos/Weft 2/v2/results/phase1/pilot_Ld4/_runs/base_loc0.9_c472_P2048_D128_s16.json"
  }
}