{
  "label": "base_loc0.5_c39_P256_D16_s18",
  "L_d_main": 4,
  "seed": 18,
  "wall_clock_s": 324.39,
  "steps_trained": 10000,
  "final_interval_loss": -2769.599183,
  "nan_inf": false,
  "still_descending": true,
  "stability_flag": "stable",
  "diff_mu": 0.418599009513855,
  "diff_sigma": 1.0080999857109418e-07,
  "diff_mu_aggregate": 0.418599009513855,
  "diff_sigma_aggregate": 1.0080999857109418e-07,
  "diff_mu_per_k": [
    0.41467204689979553,
    0.4196326732635498,
    0.4242274761199951,
    0.4242461919784546,
    0.42027565836906433,
    0.4126618504524231,
    0.4146958291530609,
    0.41783326864242554,
    0.4188070595264435,
    0.4277231991291046,
    0.41916602849960327,
    0.409248411655426,
    0.41559723019599915,
    0.4174784719944,
    0.4246114194393158,
    0.4167083203792572
  ],
  "diff_sigma_per_k": [
    9.147888135885296e-08,
    1.0513586090610261e-07,
    1.0997292321235363e-07,
    1.0943979589228547e-07,
    1.0710521536339002e-07,
    9.207140294620331e-08,
    9.372705278565263e-08,
    1.019587898554164e-07,
    1.0812663475689988e-07,
    1.151662303300327e-07,
    1.000280107632534e-07,
    8.602952306091538e-08,
    8.739028345416955e-08,
    1.0087455848406535e-07,
    1.0559083563066451e-07,
    9.886391438840292e-08
  ],
  "variance_collapse": false,
  "k_report_idx": {
    "k1": 0,
    "k8": 7,
    "k15": 14
  },
  "spec": {
    "kind": "baseline",
    "baseline_key": [
      0.5,
      39,
      256,
      16
    ],
    "params": {
      "period_P": 256,
      "manifold_dim_D": 16,
      "continuity_center": 39,
      "fidelity_F": 0.97,
      "magnitude_M": 0.0,
      "locality_L": 0.5
    },
    "L_d_main": 4,
    "seed": 18,
    "perk": true,
    "label": "base_loc0.5_c39_P256_D16_s18",
    "out_file": "/mnt/c/Users/Jason/Desktop/Eridos/Weft 2/v2/results/phase1/pilot_Ld4/_runs/base_loc0.5_c39_P256_D16_s18.json"
  }
}