{
  "label": "base_loc0.5_c19_P256_D16_s12",
  "L_d_main": 4,
  "seed": 12,
  "wall_clock_s": 327.53,
  "steps_trained": 10000,
  "final_interval_loss": -2956.6815,
  "nan_inf": false,
  "still_descending": false,
  "stability_flag": "stable",
  "diff_mu": 0.10659077763557434,
  "diff_sigma": 4.558356181405543e-08,
  "diff_mu_aggregate": 0.10659077763557434,
  "diff_sigma_aggregate": 4.558356181405543e-08,
  "diff_mu_per_k": [
    0.10576143860816956,
    0.1068079024553299,
    0.10620035231113434,
    0.10700706392526627,
    0.10775475949048996,
    0.10701865702867508,
    0.10723060369491577,
    0.10608506947755814,
    0.10648089647293091,
    0.1060081422328949,
    0.10470018535852432,
    0.10459182411432266,
    0.10537751019001007,
    0.10754517465829849,
    0.10845568031072617,
    0.10842718183994293
  ],
  "diff_sigma_per_k": [
    4.002958675641821e-08,
    4.1441662546048974e-08,
    4.125273278532404e-08,
    4.733433556225464e-08,
    5.2087905544340174e-08,
    6.082292003384282e-08,
    4.9914923749838636e-08,
    4.3822502959756093e-08,
    4.112723672733409e-08,
    3.0365985281832764e-08,
    2.5152093741098724e-08,
    2.4288871358635333e-08,
    3.055045993960448e-08,
    5.062402408384514e-08,
    6.106643724024252e-08,
    8.945531959625441e-08
  ],
  "variance_collapse": false,
  "k_report_idx": {
    "k1": 0,
    "k8": 7,
    "k15": 14
  },
  "spec": {
    "kind": "baseline",
    "baseline_key": [
      0.5,
      19,
      256,
      16
    ],
    "params": {
      "period_P": 256,
      "manifold_dim_D": 16,
      "continuity_center": 19,
      "fidelity_F": 0.97,
      "magnitude_M": 0.0,
      "locality_L": 0.5
    },
    "L_d_main": 4,
    "seed": 12,
    "perk": true,
    "label": "base_loc0.5_c19_P256_D16_s12",
    "out_file": "/mnt/c/Users/Jason/Desktop/Eridos/Weft 2/v2/results/phase1/pilot_Ld4/_runs/base_loc0.5_c19_P256_D16_s12.json"
  }
}