{
  "label": "base_loc0.5_c39_P256_D4_s5",
  "L_d_main": 4,
  "seed": 5,
  "wall_clock_s": 326.23,
  "steps_trained": 10000,
  "final_interval_loss": -2803.679003,
  "nan_inf": false,
  "still_descending": false,
  "stability_flag": "stable",
  "diff_mu": 0.33479392528533936,
  "diff_sigma": 1.0550380125096126e-08,
  "diff_mu_aggregate": 0.33479392528533936,
  "diff_sigma_aggregate": 1.0550380125096126e-08,
  "diff_mu_per_k": [
    0.32197996973991394,
    0.3369711935520172,
    0.33510622382164,
    0.34025174379348755,
    0.3397273123264313,
    0.3274488151073456,
    0.33298373222351074,
    0.33536040782928467,
    0.33000263571739197,
    0.3380855619907379,
    0.34333017468452454,
    0.33338236808776855,
    0.33624833822250366,
    0.33142563700675964,
    0.33486807346343994,
    0.3395312428474426
  ],
  "diff_sigma_per_k": [
    6.932123319813854e-09,
    1.151631234819206e-08,
    1.0112879422763399e-08,
    1.2924449066531452e-08,
    1.2110569436174501e-08,
    9.003647605254628e-09,
    8.709166721132533e-09,
    1.120449066860374e-08,
    8.454501987387175e-09,
    1.2715003272489867e-08,
    1.532421656236238e-08,
    9.942434431309266e-09,
    8.577594634573416e-09,
    8.412031959892374e-09,
    9.20560783157498e-09,
    1.366106250344501e-08
  ],
  "variance_collapse": false,
  "k_report_idx": {
    "k1": 0,
    "k8": 7,
    "k15": 14
  },
  "spec": {
    "kind": "baseline",
    "baseline_key": [
      0.5,
      39,
      256,
      4
    ],
    "params": {
      "period_P": 256,
      "manifold_dim_D": 4,
      "continuity_center": 39,
      "fidelity_F": 0.97,
      "magnitude_M": 0.0,
      "locality_L": 0.5
    },
    "L_d_main": 4,
    "seed": 5,
    "perk": true,
    "label": "base_loc0.5_c39_P256_D4_s5",
    "out_file": "/mnt/c/Users/Jason/Desktop/Eridos/Weft 2/v2/results/phase1/pilot_Ld4/_runs/base_loc0.5_c39_P256_D4_s5.json"
  }
}