{
  "label": "base_loc0.9_c472_P2048_D128_s11",
  "L_d_main": 4,
  "seed": 11,
  "wall_clock_s": 326.66,
  "steps_trained": 10000,
  "final_interval_loss": -2991.43706,
  "nan_inf": false,
  "still_descending": false,
  "stability_flag": "stable",
  "diff_mu": 0.0008776858448982239,
  "diff_sigma": 6.757231441056888e-10,
  "diff_mu_aggregate": 0.0008776858448982239,
  "diff_sigma_aggregate": 6.757231441056888e-10,
  "diff_mu_per_k": [
    0.0008783877128735185,
    0.0008809063001535833,
    0.0008793874876573682,
    0.0008739136974327266,
    0.000872805539984256,
    0.0008903657435439527,
    0.0008787659462541342,
    0.0008752510766498744,
    0.0008752011344768107,
    0.0008749160333536565,
    0.0008789563435129821,
    0.0008792903972789645,
    0.0008789524435997009,
    0.0008729983819648623,
    0.0008769000414758921,
    0.0008759757038205862
  ],
  "diff_sigma_per_k": [
    6.452562928416228e-10,
    7.363715193164921e-10,
    6.660486051579539e-10,
    6.243037753428382e-10,
    5.900226973665212e-10,
    8.293811748494306e-10,
    7.060417805959673e-10,
    6.124905027604655e-10,
    6.090259407898202e-10,
    6.740827895868051e-10,
    6.764961368865841e-10,
    6.453455547728026e-10,
    7.216248154584548e-10,
    7.024451020853917e-10,
    6.935715335387727e-10,
    6.790628059860637e-10
  ],
  "variance_collapse": true,
  "k_report_idx": {
    "k1": 0,
    "k8": 7,
    "k15": 14
  },
  "spec": {
    "kind": "baseline",
    "baseline_key": [
      0.9,
      472,
      2048,
      128
    ],
    "params": {
      "period_P": 2048,
      "manifold_dim_D": 128,
      "continuity_center": 472,
      "fidelity_F": 0.97,
      "magnitude_M": 0.0,
      "locality_L": 0.9
    },
    "L_d_main": 4,
    "seed": 11,
    "perk": true,
    "label": "base_loc0.9_c472_P2048_D128_s11",
    "out_file": "/mnt/c/Users/Jason/Desktop/Eridos/Weft 2/v2/results/phase1/pilot_Ld4/_runs/base_loc0.9_c472_P2048_D128_s11.json"
  }
}