{
  "label": "base_loc0.5_c19_P256_D16_s4",
  "L_d_main": 4,
  "seed": 4,
  "wall_clock_s": 324.44,
  "steps_trained": 10000,
  "final_interval_loss": -2956.296146,
  "nan_inf": false,
  "still_descending": false,
  "stability_flag": "stable",
  "diff_mu": 0.20715494453907013,
  "diff_sigma": 6.187650569700054e-08,
  "diff_mu_aggregate": 0.20715494453907013,
  "diff_sigma_aggregate": 6.187650569700054e-08,
  "diff_mu_per_k": [
    0.207041934132576,
    0.2068949192762375,
    0.20690779387950897,
    0.20616251230239868,
    0.20853041112422943,
    0.20681141316890717,
    0.20711763203144073,
    0.2076474279165268,
    0.20765486359596252,
    0.2069585621356964,
    0.20644520223140717,
    0.20866894721984863,
    0.20689326524734497,
    0.20706205070018768,
    0.20702648162841797,
    0.20665590465068817
  ],
  "diff_sigma_per_k": [
    5.4516252845360214e-08,
    5.387336443618551e-08,
    5.274521441833713e-08,
    6.121415907500705e-08,
    7.462413975645177e-08,
    7.424600312333496e-08,
    6.991889733853895e-08,
    7.31646210283543e-08,
    4.778376094805026e-08,
    4.418442856035654e-08,
    3.9087328929099385e-08,
    4.9846001104469906e-08,
    5.072913822345981e-08,
    6.07092331961212e-08,
    8.272490248373288e-08,
    1.0065667055414451e-07
  ],
  "variance_collapse": false,
  "k_report_idx": {
    "k1": 0,
    "k8": 7,
    "k15": 14
  },
  "spec": {
    "kind": "baseline",
    "baseline_key": [
      0.5,
      19,
      256,
      16
    ],
    "params": {
      "period_P": 256,
      "manifold_dim_D": 16,
      "continuity_center": 19,
      "fidelity_F": 0.97,
      "magnitude_M": 0.0,
      "locality_L": 0.5
    },
    "L_d_main": 4,
    "seed": 4,
    "perk": true,
    "label": "base_loc0.5_c19_P256_D16_s4",
    "out_file": "/mnt/c/Users/Jason/Desktop/Eridos/Weft 2/v2/results/phase1/pilot_Ld4/_runs/base_loc0.5_c19_P256_D16_s4.json"
  }
}