{
  "label": "base_loc0.5_c19_P256_D16_s16",
  "L_d_main": 4,
  "seed": 16,
  "wall_clock_s": 323.68,
  "steps_trained": 10000,
  "final_interval_loss": -2929.473329,
  "nan_inf": false,
  "still_descending": false,
  "stability_flag": "stable",
  "diff_mu": 0.21785497665405273,
  "diff_sigma": 1.049435915945196e-08,
  "diff_mu_aggregate": 0.21785497665405273,
  "diff_sigma_aggregate": 1.049435915945196e-08,
  "diff_mu_per_k": [
    0.21831317245960236,
    0.2167932391166687,
    0.21893805265426636,
    0.21812032163143158,
    0.2166234850883484,
    0.21923844516277313,
    0.21738392114639282,
    0.2178831696510315,
    0.21711765229701996,
    0.21625646948814392,
    0.21806475520133972,
    0.21717794239521027,
    0.21959058940410614,
    0.21764662861824036,
    0.21826887130737305,
    0.21826256811618805
  ],
  "diff_sigma_per_k": [
    9.229993658266267e-09,
    9.642224796380106e-09,
    1.0279135764790226e-08,
    1.028845186823446e-08,
    1.186272680087086e-08,
    1.0557946517053551e-08,
    1.0750810908177755e-08,
    9.392982391887017e-09,
    8.851856136971037e-09,
    8.29064106255828e-09,
    8.178663080116166e-09,
    7.625750697570766e-09,
    9.016292601415898e-09,
    1.2856536280025921e-08,
    1.4659224056856601e-08,
    1.6426508153699615e-08
  ],
  "variance_collapse": false,
  "k_report_idx": {
    "k1": 0,
    "k8": 7,
    "k15": 14
  },
  "spec": {
    "kind": "baseline",
    "baseline_key": [
      0.5,
      19,
      256,
      16
    ],
    "params": {
      "period_P": 256,
      "manifold_dim_D": 16,
      "continuity_center": 19,
      "fidelity_F": 0.97,
      "magnitude_M": 0.0,
      "locality_L": 0.5
    },
    "L_d_main": 4,
    "seed": 16,
    "perk": true,
    "label": "base_loc0.5_c19_P256_D16_s16",
    "out_file": "/mnt/c/Users/Jason/Desktop/Eridos/Weft 2/v2/results/phase1/pilot_Ld4/_runs/base_loc0.5_c19_P256_D16_s16.json"
  }
}