{
  "label": "base_loc0.5_c39_P256_D16_s5",
  "L_d_main": 4,
  "seed": 5,
  "wall_clock_s": 327.64,
  "steps_trained": 10000,
  "final_interval_loss": -2866.838819,
  "nan_inf": false,
  "still_descending": true,
  "stability_flag": "stable",
  "diff_mu": 2.7818098068237305,
  "diff_sigma": 3.5169290413250565e-07,
  "diff_mu_aggregate": 2.7818098068237305,
  "diff_sigma_aggregate": 3.5169290413250565e-07,
  "diff_mu_per_k": [
    2.7613255977630615,
    2.7876157760620117,
    2.8025379180908203,
    2.798062801361084,
    2.7745285034179688,
    2.753509521484375,
    2.7591423988342285,
    2.8030221462249756,
    2.8061881065368652,
    2.7908687591552734,
    2.7865397930145264,
    2.7762906551361084,
    2.7497127056121826,
    2.792773485183716,
    2.7902770042419434,
    2.7765581607818604
  ],
  "diff_sigma_per_k": [
    3.123178942132654e-07,
    3.6997303709540574e-07,
    3.8171245364537754e-07,
    3.7754520576527284e-07,
    3.226616911433666e-07,
    3.218709991870128e-07,
    3.286682499492599e-07,
    3.731269373474788e-07,
    4.042048544761201e-07,
    3.836184987449087e-07,
    3.484668695818982e-07,
    3.382147042430006e-07,
    2.90204610564615e-07,
    3.449245014053304e-07,
    3.5968236034022993e-07,
    3.698937121043855e-07
  ],
  "variance_collapse": false,
  "k_report_idx": {
    "k1": 0,
    "k8": 7,
    "k15": 14
  },
  "spec": {
    "kind": "baseline",
    "baseline_key": [
      0.5,
      39,
      256,
      16
    ],
    "params": {
      "period_P": 256,
      "manifold_dim_D": 16,
      "continuity_center": 39,
      "fidelity_F": 0.97,
      "magnitude_M": 0.0,
      "locality_L": 0.5
    },
    "L_d_main": 4,
    "seed": 5,
    "perk": true,
    "label": "base_loc0.5_c39_P256_D16_s5",
    "out_file": "/mnt/c/Users/Jason/Desktop/Eridos/Weft 2/v2/results/phase1/pilot_Ld4/_runs/base_loc0.5_c39_P256_D16_s5.json"
  }
}