{
  "label": "base_loc0.5_c19_P256_D16_s6",
  "L_d_main": 4,
  "seed": 6,
  "wall_clock_s": 323.16,
  "steps_trained": 10000,
  "final_interval_loss": -2969.226384,
  "nan_inf": false,
  "still_descending": false,
  "stability_flag": "stable",
  "diff_mu": 0.11468860507011414,
  "diff_sigma": 3.686690206450294e-07,
  "diff_mu_aggregate": 0.11468860507011414,
  "diff_sigma_aggregate": 3.686690206450294e-07,
  "diff_mu_per_k": [
    0.11371264606714249,
    0.1145329475402832,
    0.11471627652645111,
    0.11487758904695511,
    0.11564726382493973,
    0.11520369350910187,
    0.11529963463544846,
    0.11489969491958618,
    0.11484645307064056,
    0.11406993120908737,
    0.11287212371826172,
    0.11297038197517395,
    0.11412803083658218,
    0.11538384854793549,
    0.11612547188997269,
    0.11573164165019989
  ],
  "diff_sigma_per_k": [
    3.2222214940702543e-07,
    3.3318477221655485e-07,
    3.340097975979006e-07,
    3.397618115741352e-07,
    5.125965572005953e-07,
    4.621302025498153e-07,
    4.117181333640474e-07,
    3.6992426544202317e-07,
    3.154457317577908e-07,
    2.3031859086586337e-07,
    2.3013888039713493e-07,
    2.1286423645960895e-07,
    2.8764208082066034e-07,
    3.871999751936528e-07,
    5.320494551597221e-07,
    6.174977897899225e-07
  ],
  "variance_collapse": false,
  "k_report_idx": {
    "k1": 0,
    "k8": 7,
    "k15": 14
  },
  "spec": {
    "kind": "baseline",
    "baseline_key": [
      0.5,
      19,
      256,
      16
    ],
    "params": {
      "period_P": 256,
      "manifold_dim_D": 16,
      "continuity_center": 19,
      "fidelity_F": 0.97,
      "magnitude_M": 0.0,
      "locality_L": 0.5
    },
    "L_d_main": 4,
    "seed": 6,
    "perk": true,
    "label": "base_loc0.5_c19_P256_D16_s6",
    "out_file": "/mnt/c/Users/Jason/Desktop/Eridos/Weft 2/v2/results/phase1/pilot_Ld4/_runs/base_loc0.5_c19_P256_D16_s6.json"
  }
}