{
  "label": "base_loc0.5_c39_P256_D4_s9",
  "L_d_main": 4,
  "seed": 9,
  "wall_clock_s": 322.71,
  "steps_trained": 10000,
  "final_interval_loss": -2805.377345,
  "nan_inf": false,
  "still_descending": false,
  "stability_flag": "stable",
  "diff_mu": 0.16325411200523376,
  "diff_sigma": 1.5151312027228414e-07,
  "diff_mu_aggregate": 0.16325411200523376,
  "diff_sigma_aggregate": 1.5151312027228414e-07,
  "diff_mu_per_k": [
    0.16393087804317474,
    0.16284142434597015,
    0.1646987944841385,
    0.16531211137771606,
    0.16329383850097656,
    0.16213665902614594,
    0.16296230256557465,
    0.16224399209022522,
    0.16283050179481506,
    0.16330400109291077,
    0.16398067772388458,
    0.16379804909229279,
    0.16174077987670898,
    0.16221703588962555,
    0.16334132850170135,
    0.16343331336975098
  ],
  "diff_sigma_per_k": [
    1.3601524528894515e-07,
    1.362412263006263e-07,
    1.9042791166157258e-07,
    2.0761811470038083e-07,
    1.7293511689331353e-07,
    1.338386965699101e-07,
    1.2178745123492263e-07,
    1.1738636374047928e-07,
    1.4825742766788608e-07,
    1.7162209076104773e-07,
    1.81286324618668e-07,
    1.6244545975041547e-07,
    1.18341375809905e-07,
    1.229276875847063e-07,
    1.4327481778764195e-07,
    1.5980465661868948e-07
  ],
  "variance_collapse": false,
  "k_report_idx": {
    "k1": 0,
    "k8": 7,
    "k15": 14
  },
  "spec": {
    "kind": "baseline",
    "baseline_key": [
      0.5,
      39,
      256,
      4
    ],
    "params": {
      "period_P": 256,
      "manifold_dim_D": 4,
      "continuity_center": 39,
      "fidelity_F": 0.97,
      "magnitude_M": 0.0,
      "locality_L": 0.5
    },
    "L_d_main": 4,
    "seed": 9,
    "perk": true,
    "label": "base_loc0.5_c39_P256_D4_s9",
    "out_file": "/mnt/c/Users/Jason/Desktop/Eridos/Weft 2/v2/results/phase1/pilot_Ld4/_runs/base_loc0.5_c39_P256_D4_s9.json"
  }
}