{
  "label": "base_loc0.9_c472_P2048_D128_s5",
  "L_d_main": 4,
  "seed": 5,
  "wall_clock_s": 324.03,
  "steps_trained": 10000,
  "final_interval_loss": -2998.701039,
  "nan_inf": false,
  "still_descending": false,
  "stability_flag": "stable",
  "diff_mu": 0.00017002767708618194,
  "diff_sigma": 5.195547325698158e-10,
  "diff_mu_aggregate": 0.00017002767708618194,
  "diff_sigma_aggregate": 5.195547325698158e-10,
  "diff_mu_per_k": [
    0.00016919415793381631,
    0.00017169529746752232,
    0.00016982709348667413,
    0.00016885792138054967,
    0.00017047506116796285,
    0.0001711731601972133,
    0.0001693378435447812,
    0.00016927313117776066,
    0.0001672048238106072,
    0.00016959117783699185,
    0.00017132748325821012,
    0.00017129861225839704,
    0.00017038965597748756,
    0.00017077158554457128,
    0.00017054527415893972,
    0.0001694805978331715
  ],
  "diff_sigma_per_k": [
    4.976983269955326e-10,
    6.106757322044132e-10,
    5.124363711139779e-10,
    5.092763988301385e-10,
    5.233070088372926e-10,
    5.373794187413239e-10,
    5.225817556464563e-10,
    4.896419381061889e-10,
    4.776100626102675e-10,
    4.968600531007894e-10,
    5.431942118327981e-10,
    5.322719487388383e-10,
    4.378066797983138e-10,
    5.472616804169661e-10,
    5.466284647148711e-10,
    5.282451698285229e-10
  ],
  "variance_collapse": true,
  "k_report_idx": {
    "k1": 0,
    "k8": 7,
    "k15": 14
  },
  "spec": {
    "kind": "baseline",
    "baseline_key": [
      0.9,
      472,
      2048,
      128
    ],
    "params": {
      "period_P": 2048,
      "manifold_dim_D": 128,
      "continuity_center": 472,
      "fidelity_F": 0.97,
      "magnitude_M": 0.0,
      "locality_L": 0.9
    },
    "L_d_main": 4,
    "seed": 5,
    "perk": true,
    "label": "base_loc0.9_c472_P2048_D128_s5",
    "out_file": "/mnt/c/Users/Jason/Desktop/Eridos/Weft 2/v2/results/phase1/pilot_Ld4/_runs/base_loc0.9_c472_P2048_D128_s5.json"
  }
}