{
  "label": "base_loc0.5_c19_P256_D16_s14",
  "L_d_main": 4,
  "seed": 14,
  "wall_clock_s": 324.93,
  "steps_trained": 10000,
  "final_interval_loss": -2918.525408,
  "nan_inf": false,
  "still_descending": true,
  "stability_flag": "stable",
  "diff_mu": 0.23313073813915253,
  "diff_sigma": 2.386113706620563e-08,
  "diff_mu_aggregate": 0.23313073813915253,
  "diff_sigma_aggregate": 2.386113706620563e-08,
  "diff_mu_per_k": [
    0.23352807760238647,
    0.23360677063465118,
    0.23325584828853607,
    0.23331068456172943,
    0.23356974124908447,
    0.23271869122982025,
    0.23239833116531372,
    0.23256318271160126,
    0.23248647153377533,
    0.23354142904281616,
    0.23411895334720612,
    0.2337743490934372,
    0.23416443169116974,
    0.23241233825683594,
    0.23317964375019073,
    0.23146295547485352
  ],
  "diff_sigma_per_k": [
    2.055842784898232e-08,
    1.951879013972757e-08,
    2.207094773609697e-08,
    2.6559231258715954e-08,
    3.0897833624976556e-08,
    2.854985936551202e-08,
    3.3067735216718575e-08,
    2.4101835194301202e-08,
    2.236762952634308e-08,
    1.766880330933418e-08,
    1.7014810893556387e-08,
    1.447361075435083e-08,
    1.9656802408007934e-08,
    2.4197436943040884e-08,
    2.751623817687232e-08,
    3.355821931450009e-08
  ],
  "variance_collapse": false,
  "k_report_idx": {
    "k1": 0,
    "k8": 7,
    "k15": 14
  },
  "spec": {
    "kind": "baseline",
    "baseline_key": [
      0.5,
      19,
      256,
      16
    ],
    "params": {
      "period_P": 256,
      "manifold_dim_D": 16,
      "continuity_center": 19,
      "fidelity_F": 0.97,
      "magnitude_M": 0.0,
      "locality_L": 0.5
    },
    "L_d_main": 4,
    "seed": 14,
    "perk": true,
    "label": "base_loc0.5_c19_P256_D16_s14",
    "out_file": "/mnt/c/Users/Jason/Desktop/Eridos/Weft 2/v2/results/phase1/pilot_Ld4/_runs/base_loc0.5_c19_P256_D16_s14.json"
  }
}