{
  "label": "base_loc0.9_c472_P2048_D128_s14",
  "L_d_main": 4,
  "seed": 14,
  "wall_clock_s": 324.55,
  "steps_trained": 10000,
  "final_interval_loss": -2978.284148,
  "nan_inf": false,
  "still_descending": false,
  "stability_flag": "stable",
  "diff_mu": 0.00020553533977363259,
  "diff_sigma": 2.334339110898753e-10,
  "diff_mu_aggregate": 0.00020553533977363259,
  "diff_sigma_aggregate": 2.334339110898753e-10,
  "diff_mu_per_k": [
    0.00020473879703786224,
    0.0002057511592283845,
    0.00020608936029020697,
    0.00020464124099817127,
    0.00020595575915649533,
    0.00020601913274731487,
    0.00020439544459804893,
    0.00020558317191898823,
    0.000205858945264481,
    0.00020619262068066746,
    0.0002065077715087682,
    0.00020742803462781012,
    0.0002047939196927473,
    0.00020461046369746327,
    0.00020490276801865548,
    0.00020509642490651459
  ],
  "diff_sigma_per_k": [
    2.7937044344561457e-10,
    2.6563654054179153e-10,
    2.558565304067173e-10,
    2.0233066611030637e-10,
    2.272149968174375e-10,
    2.306183438660625e-10,
    2.3020110817562056e-10,
    1.7694740117590868e-10,
    1.9085073799107732e-10,
    2.461594816871582e-10,
    2.7700688964849007e-10,
    2.777801599851415e-10,
    2.2723622983278347e-10,
    2.040230068223181e-10,
    2.239240320944802e-10,
    2.1978591169258266e-10
  ],
  "variance_collapse": true,
  "k_report_idx": {
    "k1": 0,
    "k8": 7,
    "k15": 14
  },
  "spec": {
    "kind": "baseline",
    "baseline_key": [
      0.9,
      472,
      2048,
      128
    ],
    "params": {
      "period_P": 2048,
      "manifold_dim_D": 128,
      "continuity_center": 472,
      "fidelity_F": 0.97,
      "magnitude_M": 0.0,
      "locality_L": 0.9
    },
    "L_d_main": 4,
    "seed": 14,
    "perk": true,
    "label": "base_loc0.9_c472_P2048_D128_s14",
    "out_file": "/mnt/c/Users/Jason/Desktop/Eridos/Weft 2/v2/results/phase1/pilot_Ld4/_runs/base_loc0.9_c472_P2048_D128_s14.json"
  }
}