{
  "label": "base_loc0.5_c39_P256_D16_s17",
  "L_d_main": 4,
  "seed": 17,
  "wall_clock_s": 324.16,
  "steps_trained": 10000,
  "final_interval_loss": -2753.803812,
  "nan_inf": false,
  "still_descending": true,
  "stability_flag": "stable",
  "diff_mu": 0.2628926634788513,
  "diff_sigma": 7.794728418275554e-08,
  "diff_mu_aggregate": 0.2628926634788513,
  "diff_sigma_aggregate": 7.794728418275554e-08,
  "diff_mu_per_k": [
    0.2646183967590332,
    0.2625725269317627,
    0.2635217010974884,
    0.26260483264923096,
    0.26414212584495544,
    0.26404523849487305,
    0.26452937722206116,
    0.26218464970588684,
    0.2599620223045349,
    0.26076918840408325,
    0.2616255283355713,
    0.2627607583999634,
    0.26414498686790466,
    0.26328805088996887,
    0.2635694742202759,
    0.26194363832473755
  ],
  "diff_sigma_per_k": [
    7.09593237502304e-08,
    8.374532711741267e-08,
    8.656095928927243e-08,
    7.993473616352276e-08,
    7.680166191903481e-08,
    6.533147001164252e-08,
    7.302323723479276e-08,
    7.891568998275034e-08,
    8.404497009451006e-08,
    8.712976296010311e-08,
    8.970266662799986e-08,
    7.224026887797663e-08,
    5.515799728073034e-08,
    8.33721784943009e-08,
    8.168396448127169e-08,
    7.855231132225526e-08
  ],
  "variance_collapse": false,
  "k_report_idx": {
    "k1": 0,
    "k8": 7,
    "k15": 14
  },
  "spec": {
    "kind": "baseline",
    "baseline_key": [
      0.5,
      39,
      256,
      16
    ],
    "params": {
      "period_P": 256,
      "manifold_dim_D": 16,
      "continuity_center": 39,
      "fidelity_F": 0.97,
      "magnitude_M": 0.0,
      "locality_L": 0.5
    },
    "L_d_main": 4,
    "seed": 17,
    "perk": true,
    "label": "base_loc0.5_c39_P256_D16_s17",
    "out_file": "/mnt/c/Users/Jason/Desktop/Eridos/Weft 2/v2/results/phase1/pilot_Ld4/_runs/base_loc0.5_c39_P256_D16_s17.json"
  }
}