{
  "label": "base_loc0.5_c39_P256_D4_s6",
  "L_d_main": 4,
  "seed": 6,
  "wall_clock_s": 321.91,
  "steps_trained": 10000,
  "final_interval_loss": -2722.219832,
  "nan_inf": false,
  "still_descending": false,
  "stability_flag": "stable",
  "diff_mu": 0.38101115822792053,
  "diff_sigma": 8.786838634478045e-08,
  "diff_mu_aggregate": 0.38101115822792053,
  "diff_sigma_aggregate": 8.786838634478045e-08,
  "diff_mu_per_k": [
    0.37582412362098694,
    0.3833090662956238,
    0.3830912411212921,
    0.3898507356643677,
    0.3841041922569275,
    0.3781433403491974,
    0.3739529848098755,
    0.37285706400871277,
    0.38094592094421387,
    0.3852121829986572,
    0.3866810202598572,
    0.3790138065814972,
    0.38414227962493896,
    0.38396742939949036,
    0.374742329120636,
    0.3803407549858093
  ],
  "diff_sigma_per_k": [
    8.008452567764834e-08,
    8.660580874675361e-08,
    9.495716568608259e-08,
    9.697528469132521e-08,
    9.318615923348261e-08,
    7.871209106724564e-08,
    7.129077772560777e-08,
    7.60359029072788e-08,
    9.15953464186714e-08,
    1.0216541568297544e-07,
    1.0362544600184265e-07,
    9.650956656059861e-08,
    8.594010125761997e-08,
    9.554646851483994e-08,
    7.13765757609508e-08,
    8.128754558356377e-08
  ],
  "variance_collapse": false,
  "k_report_idx": {
    "k1": 0,
    "k8": 7,
    "k15": 14
  },
  "spec": {
    "kind": "baseline",
    "baseline_key": [
      0.5,
      39,
      256,
      4
    ],
    "params": {
      "period_P": 256,
      "manifold_dim_D": 4,
      "continuity_center": 39,
      "fidelity_F": 0.97,
      "magnitude_M": 0.0,
      "locality_L": 0.5
    },
    "L_d_main": 4,
    "seed": 6,
    "perk": true,
    "label": "base_loc0.5_c39_P256_D4_s6",
    "out_file": "/mnt/c/Users/Jason/Desktop/Eridos/Weft 2/v2/results/phase1/pilot_Ld4/_runs/base_loc0.5_c39_P256_D4_s6.json"
  }
}