{
  "label": "base_loc0.5_c39_P256_D4_s8",
  "L_d_main": 4,
  "seed": 8,
  "wall_clock_s": 323.33,
  "steps_trained": 10000,
  "final_interval_loss": -2884.828887,
  "nan_inf": false,
  "still_descending": true,
  "stability_flag": "stable",
  "diff_mu": 0.44737496972084045,
  "diff_sigma": 2.526001097180597e-08,
  "diff_mu_aggregate": 0.44737496972084045,
  "diff_sigma_aggregate": 2.526001097180597e-08,
  "diff_mu_per_k": [
    0.55229252576828,
    0.38145214319229126,
    0.23307852447032928,
    0.40510058403015137,
    0.6746897101402283,
    0.5540968179702759,
    0.5728806257247925,
    0.4791407585144043,
    0.35853415727615356,
    0.26360031962394714,
    0.34165000915527344,
    0.32822149991989136,
    0.7624938488006592,
    0.6549791097640991,
    0.356944739818573,
    0.23884449899196625
  ],
  "diff_sigma_per_k": [
    2.5583565488318527e-08,
    3.635206979879513e-08,
    1.6791139145766465e-08,
    1.2584905562107451e-08,
    1.402684723927905e-08,
    6.795026052941466e-08,
    2.7251754630697178e-08,
    2.5094099243005985e-08,
    1.8689176428665633e-08,
    1.5680177156696118e-08,
    1.5782999795987962e-08,
    3.273634519018742e-08,
    3.055972186416511e-08,
    2.780836716453905e-08,
    2.0063721350993546e-08,
    1.720501074942149e-08
  ],
  "variance_collapse": false,
  "k_report_idx": {
    "k1": 0,
    "k8": 7,
    "k15": 14
  },
  "spec": {
    "kind": "baseline",
    "baseline_key": [
      0.5,
      39,
      256,
      4
    ],
    "params": {
      "period_P": 256,
      "manifold_dim_D": 4,
      "continuity_center": 39,
      "fidelity_F": 0.97,
      "magnitude_M": 0.0,
      "locality_L": 0.5
    },
    "L_d_main": 4,
    "seed": 8,
    "perk": true,
    "label": "base_loc0.5_c39_P256_D4_s8",
    "out_file": "/mnt/c/Users/Jason/Desktop/Eridos/Weft 2/v2/results/phase1/pilot_Ld4/_runs/base_loc0.5_c39_P256_D4_s8.json"
  }
}