{
  "label": "base_loc0.5_c19_P256_D16_s0",
  "L_d_main": 4,
  "seed": 0,
  "wall_clock_s": 326.33,
  "steps_trained": 10000,
  "final_interval_loss": -2969.090763,
  "nan_inf": false,
  "still_descending": false,
  "stability_flag": "stable",
  "diff_mu": 0.10314398258924484,
  "diff_sigma": 2.623602313178708e-08,
  "diff_mu_aggregate": 0.10314398258924484,
  "diff_sigma_aggregate": 2.623602313178708e-08,
  "diff_mu_per_k": [
    0.10310791432857513,
    0.10265905410051346,
    0.1025276929140091,
    0.10354968905448914,
    0.10278318077325821,
    0.10342974960803986,
    0.10229343920946121,
    0.10364309698343277,
    0.10251788049936295,
    0.10436615347862244,
    0.10457608103752136,
    0.10315100848674774,
    0.10401716828346252,
    0.10351932793855667,
    0.10228818655014038,
    0.1018742024898529
  ],
  "diff_sigma_per_k": [
    2.746233285222388e-08,
    2.762852702176133e-08,
    2.3686606454020875e-08,
    2.497590401162597e-08,
    2.7811790204168574e-08,
    2.6215687398689624e-08,
    3.1087278529184914e-08,
    2.4538042708854846e-08,
    1.9407892182243813e-08,
    1.800304261223573e-08,
    1.7161845278224064e-08,
    2.01178842473837e-08,
    2.3078905897477853e-08,
    2.830808654152861e-08,
    3.5109589902049265e-08,
    4.518296492506124e-08
  ],
  "variance_collapse": false,
  "k_report_idx": {
    "k1": 0,
    "k8": 7,
    "k15": 14
  },
  "spec": {
    "kind": "baseline",
    "baseline_key": [
      0.5,
      19,
      256,
      16
    ],
    "params": {
      "period_P": 256,
      "manifold_dim_D": 16,
      "continuity_center": 19,
      "fidelity_F": 0.97,
      "magnitude_M": 0.0,
      "locality_L": 0.5
    },
    "L_d_main": 4,
    "seed": 0,
    "perk": true,
    "label": "base_loc0.5_c19_P256_D16_s0",
    "out_file": "/mnt/c/Users/Jason/Desktop/Eridos/Weft 2/v2/results/phase1/pilot_Ld4/_runs/base_loc0.5_c19_P256_D16_s0.json"
  }
}