{
  "label": "base_loc0.3_c3_P32_D4_s13",
  "L_d_main": 4,
  "seed": 13,
  "wall_clock_s": 324.67,
  "steps_trained": 10000,
  "final_interval_loss": -2784.90971,
  "nan_inf": false,
  "still_descending": false,
  "stability_flag": "stable",
  "diff_mu": 0.8894495368003845,
  "diff_sigma": 7.04907961335266e-07,
  "diff_mu_aggregate": 0.8894495368003845,
  "diff_sigma_aggregate": 7.04907961335266e-07,
  "diff_mu_per_k": [
    0.890349268913269,
    0.8843998312950134,
    0.8866361379623413,
    0.882080078125,
    0.8871670961380005,
    0.889271080493927,
    0.8909528851509094,
    0.8881334662437439,
    0.8886785507202148,
    0.8849238157272339,
    0.8966207504272461,
    0.8860552310943604,
    0.8861463665962219,
    0.8913891315460205,
    0.8977011442184448,
    0.9006882309913635
  ],
  "diff_sigma_per_k": [
    7.036198326204612e-07,
    6.749701810804254e-07,
    6.068111702006718e-07,
    5.456337817122403e-07,
    6.792027420488012e-07,
    6.04692786509986e-07,
    7.001395943007083e-07,
    6.633798648181255e-07,
    6.989124017309223e-07,
    6.410836022041622e-07,
    6.757313144589716e-07,
    7.085425295372261e-07,
    6.254506956793193e-07,
    7.751133352940087e-07,
    8.94466381851089e-07,
    1.0807769967868808e-06
  ],
  "variance_collapse": false,
  "k_report_idx": {
    "k1": 0,
    "k8": 7,
    "k15": 14
  },
  "spec": {
    "kind": "baseline",
    "baseline_key": [
      0.3,
      3,
      32,
      4
    ],
    "params": {
      "period_P": 32,
      "manifold_dim_D": 4,
      "continuity_center": 3,
      "fidelity_F": 0.97,
      "magnitude_M": 0.0,
      "locality_L": 0.3
    },
    "L_d_main": 4,
    "seed": 13,
    "perk": true,
    "label": "base_loc0.3_c3_P32_D4_s13",
    "out_file": "/mnt/c/Users/Jason/Desktop/Eridos/Weft 2/v2/results/phase1/pilot_Ld4/_runs/base_loc0.3_c3_P32_D4_s13.json"
  }
}