{
  "label": "base_loc0.5_c39_P256_D16_s14",
  "L_d_main": 4,
  "seed": 14,
  "wall_clock_s": 324.78,
  "steps_trained": 10000,
  "final_interval_loss": -2792.711326,
  "nan_inf": false,
  "still_descending": true,
  "stability_flag": "stable",
  "diff_mu": 0.43339911103248596,
  "diff_sigma": 9.885821583566212e-08,
  "diff_mu_aggregate": 0.43339911103248596,
  "diff_sigma_aggregate": 9.885821583566212e-08,
  "diff_mu_per_k": [
    0.43401724100112915,
    0.4360666871070862,
    0.4350697994232178,
    0.4346802830696106,
    0.43232086300849915,
    0.4320775270462036,
    0.43279528617858887,
    0.432672917842865,
    0.42923012375831604,
    0.4341072142124176,
    0.43391287326812744,
    0.433511346578598,
    0.4336841404438019,
    0.43431782722473145,
    0.4325031638145447,
    0.43341827392578125
  ],
  "diff_sigma_per_k": [
    1.0536271588534873e-07,
    1.087100258700957e-07,
    9.429994207721393e-08,
    1.2025206785892806e-07,
    9.827173386156574e-08,
    8.830134134996115e-08,
    1.0459343258162335e-07,
    9.19910476682162e-08,
    8.736277123944092e-08,
    9.511364140735168e-08,
    9.224333297197518e-08,
    9.971088843485632e-08,
    9.831224190293142e-08,
    9.690382540838982e-08,
    1.0204652767242806e-07,
    9.825588165313093e-08
  ],
  "variance_collapse": false,
  "k_report_idx": {
    "k1": 0,
    "k8": 7,
    "k15": 14
  },
  "spec": {
    "kind": "baseline",
    "baseline_key": [
      0.5,
      39,
      256,
      16
    ],
    "params": {
      "period_P": 256,
      "manifold_dim_D": 16,
      "continuity_center": 39,
      "fidelity_F": 0.97,
      "magnitude_M": 0.0,
      "locality_L": 0.5
    },
    "L_d_main": 4,
    "seed": 14,
    "perk": true,
    "label": "base_loc0.5_c39_P256_D16_s14",
    "out_file": "/mnt/c/Users/Jason/Desktop/Eridos/Weft 2/v2/results/phase1/pilot_Ld4/_runs/base_loc0.5_c39_P256_D16_s14.json"
  }
}