{
  "label": "base_loc0.3_c3_P32_D4_s4",
  "L_d_main": 4,
  "seed": 4,
  "wall_clock_s": 326.41,
  "steps_trained": 10000,
  "final_interval_loss": -2865.911695,
  "nan_inf": false,
  "still_descending": false,
  "stability_flag": "stable",
  "diff_mu": 0.4933820366859436,
  "diff_sigma": 9.87866678769933e-06,
  "diff_mu_aggregate": 0.4933820366859436,
  "diff_sigma_aggregate": 9.87866678769933e-06,
  "diff_mu_per_k": [
    0.4893849194049835,
    0.48637494444847107,
    0.4849354922771454,
    0.4850284159183502,
    0.49034583568573,
    0.49018874764442444,
    0.4890296757221222,
    0.49219775199890137,
    0.48966172337532043,
    0.48899543285369873,
    0.49395129084587097,
    0.49170777201652527,
    0.5032947063446045,
    0.5034990310668945,
    0.5058519840240479,
    0.5096657872200012
  ],
  "diff_sigma_per_k": [
    9.373445209348574e-06,
    8.663207154313568e-06,
    8.406971574004274e-06,
    8.204945515899453e-06,
    8.645177331345621e-06,
    9.131550541496836e-06,
    9.403003787156194e-06,
    9.605404557078145e-06,
    8.871530553733464e-06,
    9.197293366014492e-06,
    9.64011542237131e-06,
    9.624381164030638e-06,
    1.0962836313410662e-05,
    1.1977604117419105e-05,
    1.2955385500390548e-05,
    1.33958137666923e-05
  ],
  "variance_collapse": false,
  "k_report_idx": {
    "k1": 0,
    "k8": 7,
    "k15": 14
  },
  "spec": {
    "kind": "baseline",
    "baseline_key": [
      0.3,
      3,
      32,
      4
    ],
    "params": {
      "period_P": 32,
      "manifold_dim_D": 4,
      "continuity_center": 3,
      "fidelity_F": 0.97,
      "magnitude_M": 0.0,
      "locality_L": 0.3
    },
    "L_d_main": 4,
    "seed": 4,
    "perk": true,
    "label": "base_loc0.3_c3_P32_D4_s4",
    "out_file": "/mnt/c/Users/Jason/Desktop/Eridos/Weft 2/v2/results/phase1/pilot_Ld4/_runs/base_loc0.3_c3_P32_D4_s4.json"
  }
}