{
  "label": "base_loc0.3_c3_P32_D4_s0",
  "L_d_main": 4,
  "seed": 0,
  "wall_clock_s": 326.73,
  "steps_trained": 10000,
  "final_interval_loss": -2861.998886,
  "nan_inf": false,
  "still_descending": false,
  "stability_flag": "stable",
  "diff_mu": 1.2340092658996582,
  "diff_sigma": 6.576220812348765e-07,
  "diff_mu_aggregate": 1.2340092658996582,
  "diff_sigma_aggregate": 6.576220812348765e-07,
  "diff_mu_per_k": [
    1.232339859008789,
    1.2246465682983398,
    1.22310209274292,
    1.2314667701721191,
    1.220852255821228,
    1.2328301668167114,
    1.227827787399292,
    1.229175329208374,
    1.2294756174087524,
    1.2228410243988037,
    1.2288762331008911,
    1.2439345121383667,
    1.236889362335205,
    1.243329405784607,
    1.2576919794082642,
    1.2588727474212646
  ],
  "diff_sigma_per_k": [
    6.455164793806034e-07,
    5.343983957573073e-07,
    5.523307891053264e-07,
    5.768334858657909e-07,
    5.788288035546429e-07,
    6.235790124264895e-07,
    6.235994760572794e-07,
    6.464275656981044e-07,
    6.170195661070466e-07,
    5.960386033621035e-07,
    5.907446620767587e-07,
    6.589416443603113e-07,
    6.638861691499187e-07,
    7.313705623346323e-07,
    9.058960586116882e-07,
    9.765421964402776e-07
  ],
  "variance_collapse": false,
  "k_report_idx": {
    "k1": 0,
    "k8": 7,
    "k15": 14
  },
  "spec": {
    "kind": "baseline",
    "baseline_key": [
      0.3,
      3,
      32,
      4
    ],
    "params": {
      "period_P": 32,
      "manifold_dim_D": 4,
      "continuity_center": 3,
      "fidelity_F": 0.97,
      "magnitude_M": 0.0,
      "locality_L": 0.3
    },
    "L_d_main": 4,
    "seed": 0,
    "perk": true,
    "label": "base_loc0.3_c3_P32_D4_s0",
    "out_file": "/mnt/c/Users/Jason/Desktop/Eridos/Weft 2/v2/results/phase1/pilot_Ld4/_runs/base_loc0.3_c3_P32_D4_s0.json"
  }
}