{
  "label": "base_loc0.5_c39_P256_D16_s12",
  "L_d_main": 4,
  "seed": 12,
  "wall_clock_s": 326.87,
  "steps_trained": 10000,
  "final_interval_loss": -2819.644239,
  "nan_inf": false,
  "still_descending": true,
  "stability_flag": "stable",
  "diff_mu": 0.08701338618993759,
  "diff_sigma": 2.189785064388161e-08,
  "diff_mu_aggregate": 0.08701338618993759,
  "diff_sigma_aggregate": 2.189785064388161e-08,
  "diff_mu_per_k": [
    0.08643535524606705,
    0.08903641998767853,
    0.08700048923492432,
    0.08693347871303558,
    0.08701207488775253,
    0.0867251381278038,
    0.08617082238197327,
    0.08913078904151917,
    0.08548278361558914,
    0.08752766251564026,
    0.08809848874807358,
    0.08593285083770752,
    0.0873996838927269,
    0.08683479577302933,
    0.08547061681747437,
    0.08702260255813599
  ],
  "diff_sigma_per_k": [
    2.0524163701907128e-08,
    2.5846501827686552e-08,
    2.1769817948325e-08,
    2.3359746137430193e-08,
    2.1742049938211494e-08,
    2.0099674813423007e-08,
    2.0202895356646877e-08,
    2.5874923537116956e-08,
    1.7685051645344174e-08,
    2.5095047817558225e-08,
    2.4644137397444865e-08,
    1.9880484813938892e-08,
    2.0225584762556537e-08,
    1.9897569814020244e-08,
    2.0169107273204645e-08,
    2.3348869504502545e-08
  ],
  "variance_collapse": false,
  "k_report_idx": {
    "k1": 0,
    "k8": 7,
    "k15": 14
  },
  "spec": {
    "kind": "baseline",
    "baseline_key": [
      0.5,
      39,
      256,
      16
    ],
    "params": {
      "period_P": 256,
      "manifold_dim_D": 16,
      "continuity_center": 39,
      "fidelity_F": 0.97,
      "magnitude_M": 0.0,
      "locality_L": 0.5
    },
    "L_d_main": 4,
    "seed": 12,
    "perk": true,
    "label": "base_loc0.5_c39_P256_D16_s12",
    "out_file": "/mnt/c/Users/Jason/Desktop/Eridos/Weft 2/v2/results/phase1/pilot_Ld4/_runs/base_loc0.5_c39_P256_D16_s12.json"
  }
}