{
  "label": "base_loc0.9_c472_P2048_D128_s15",
  "L_d_main": 4,
  "seed": 15,
  "wall_clock_s": 324.37,
  "steps_trained": 10000,
  "final_interval_loss": -2974.976624,
  "nan_inf": false,
  "still_descending": false,
  "stability_flag": "stable",
  "diff_mu": 0.00020261562895029783,
  "diff_sigma": 2.632507267730233e-10,
  "diff_mu_aggregate": 0.00020261562895029783,
  "diff_sigma_aggregate": 2.632507267730233e-10,
  "diff_mu_per_k": [
    0.00020488016889430583,
    0.000203591727768071,
    0.00020218107965774834,
    0.00020122788555454463,
    0.00020239637524355203,
    0.0002020739921135828,
    0.00020327848324086517,
    0.00020282088371459395,
    0.00020148538169451058,
    0.00020309713727328926,
    0.00020325524383224547,
    0.00020256653078831732,
    0.0002025473368121311,
    0.00020223150204401463,
    0.00020238976867403835,
    0.00020182659500278533
  ],
  "diff_sigma_per_k": [
    2.823679068342244e-10,
    2.922392605686497e-10,
    2.3639490365212623e-10,
    2.2326121507099117e-10,
    2.6933685837171595e-10,
    3.04780589654996e-10,
    2.6676691411431364e-10,
    2.489313477571642e-10,
    2.3549245886655967e-10,
    2.5212529286555707e-10,
    2.9680258251119085e-10,
    2.528196818563089e-10,
    2.5845672824154065e-10,
    2.5882365695117926e-10,
    2.7060784169030683e-10,
    2.628042228280947e-10
  ],
  "variance_collapse": true,
  "k_report_idx": {
    "k1": 0,
    "k8": 7,
    "k15": 14
  },
  "spec": {
    "kind": "baseline",
    "baseline_key": [
      0.9,
      472,
      2048,
      128
    ],
    "params": {
      "period_P": 2048,
      "manifold_dim_D": 128,
      "continuity_center": 472,
      "fidelity_F": 0.97,
      "magnitude_M": 0.0,
      "locality_L": 0.9
    },
    "L_d_main": 4,
    "seed": 15,
    "perk": true,
    "label": "base_loc0.9_c472_P2048_D128_s15",
    "out_file": "/mnt/c/Users/Jason/Desktop/Eridos/Weft 2/v2/results/phase1/pilot_Ld4/_runs/base_loc0.9_c472_P2048_D128_s15.json"
  }
}