{
  "label": "base_loc0.3_c3_P32_D4_s10",
  "L_d_main": 4,
  "seed": 10,
  "wall_clock_s": 325.23,
  "steps_trained": 10000,
  "final_interval_loss": -2795.71704,
  "nan_inf": false,
  "still_descending": false,
  "stability_flag": "stable",
  "diff_mu": 0.5851991772651672,
  "diff_sigma": 3.1206246831061435e-07,
  "diff_mu_aggregate": 0.5851991772651672,
  "diff_sigma_aggregate": 3.1206246831061435e-07,
  "diff_mu_per_k": [
    0.5834375619888306,
    0.582612156867981,
    0.5849331021308899,
    0.5807256102561951,
    0.586667537689209,
    0.5867310762405396,
    0.581565260887146,
    0.584030270576477,
    0.5862659811973572,
    0.5841138362884521,
    0.5845587849617004,
    0.5836246013641357,
    0.586808443069458,
    0.588569700717926,
    0.5859595537185669,
    0.5925841927528381
  ],
  "diff_sigma_per_k": [
    2.832765062521503e-07,
    2.590923600109818e-07,
    2.6588571699903696e-07,
    2.5616807874939695e-07,
    2.773942640033056e-07,
    3.1128845989769616e-07,
    2.8333985824247065e-07,
    2.8550579145303345e-07,
    3.028939090654603e-07,
    3.1046357662489754e-07,
    3.017727578935592e-07,
    3.060378048758139e-07,
    3.164732618188282e-07,
    4.0263677192342584e-07,
    3.849365555197437e-07,
    4.458336491097725e-07
  ],
  "variance_collapse": false,
  "k_report_idx": {
    "k1": 0,
    "k8": 7,
    "k15": 14
  },
  "spec": {
    "kind": "baseline",
    "baseline_key": [
      0.3,
      3,
      32,
      4
    ],
    "params": {
      "period_P": 32,
      "manifold_dim_D": 4,
      "continuity_center": 3,
      "fidelity_F": 0.97,
      "magnitude_M": 0.0,
      "locality_L": 0.3
    },
    "L_d_main": 4,
    "seed": 10,
    "perk": true,
    "label": "base_loc0.3_c3_P32_D4_s10",
    "out_file": "/mnt/c/Users/Jason/Desktop/Eridos/Weft 2/v2/results/phase1/pilot_Ld4/_runs/base_loc0.3_c3_P32_D4_s10.json"
  }
}