{
  "label": "base_loc0.5_c39_P256_D16_s9",
  "L_d_main": 4,
  "seed": 9,
  "wall_clock_s": 324.72,
  "steps_trained": 10000,
  "final_interval_loss": -2852.974393,
  "nan_inf": false,
  "still_descending": true,
  "stability_flag": "stable",
  "diff_mu": 0.19689860939979553,
  "diff_sigma": 7.021309755828042e-08,
  "diff_mu_aggregate": 0.19689860939979553,
  "diff_sigma_aggregate": 7.021309755828042e-08,
  "diff_mu_per_k": [
    0.19762711226940155,
    0.19659335911273956,
    0.19761362671852112,
    0.19692112505435944,
    0.19603575766086578,
    0.19670438766479492,
    0.19666166603565216,
    0.19663603603839874,
    0.19593124091625214,
    0.1972334235906601,
    0.19488388299942017,
    0.1967102587223053,
    0.19584128260612488,
    0.19774101674556732,
    0.19839037954807281,
    0.19885344803333282
  ],
  "diff_sigma_per_k": [
    7.383761158052948e-08,
    7.374121935299627e-08,
    7.481135355646984e-08,
    7.301539284298997e-08,
    6.527490370444866e-08,
    6.79352893939722e-08,
    6.532447827112264e-08,
    7.216186759251286e-08,
    6.763053761460469e-08,
    7.354931597092218e-08,
    5.947303804987314e-08,
    6.736433277865217e-08,
    6.224161097634351e-08,
    7.527499690240802e-08,
    7.674788093936513e-08,
    7.50257171944213e-08
  ],
  "variance_collapse": false,
  "k_report_idx": {
    "k1": 0,
    "k8": 7,
    "k15": 14
  },
  "spec": {
    "kind": "baseline",
    "baseline_key": [
      0.5,
      39,
      256,
      16
    ],
    "params": {
      "period_P": 256,
      "manifold_dim_D": 16,
      "continuity_center": 39,
      "fidelity_F": 0.97,
      "magnitude_M": 0.0,
      "locality_L": 0.5
    },
    "L_d_main": 4,
    "seed": 9,
    "perk": true,
    "label": "base_loc0.5_c39_P256_D16_s9",
    "out_file": "/mnt/c/Users/Jason/Desktop/Eridos/Weft 2/v2/results/phase1/pilot_Ld4/_runs/base_loc0.5_c39_P256_D16_s9.json"
  }
}