{
  "label": "base_loc0.3_c3_P32_D4_s12",
  "L_d_main": 4,
  "seed": 12,
  "wall_clock_s": 324.0,
  "steps_trained": 10000,
  "final_interval_loss": -2800.121169,
  "nan_inf": false,
  "still_descending": false,
  "stability_flag": "stable",
  "diff_mu": 0.6017787456512451,
  "diff_sigma": 7.099496457385612e-08,
  "diff_mu_aggregate": 0.6017787456512451,
  "diff_sigma_aggregate": 7.099496457385612e-08,
  "diff_mu_per_k": [
    0.5925604104995728,
    0.5847321152687073,
    0.5907192230224609,
    0.5873231887817383,
    0.6003658175468445,
    0.5991154313087463,
    0.6015541553497314,
    0.6068102121353149,
    0.5990710258483887,
    0.6034767627716064,
    0.5949552059173584,
    0.5978522300720215,
    0.6093564033508301,
    0.605934739112854,
    0.6220125555992126,
    0.6326184868812561
  ],
  "diff_sigma_per_k": [
    6.172365374368383e-08,
    4.613034931821858e-08,
    5.725151197566447e-08,
    5.4613984445950337e-08,
    6.207366709531925e-08,
    6.809709418575949e-08,
    6.454171597169989e-08,
    7.684029412757809e-08,
    6.804121710501931e-08,
    6.857726475573145e-08,
    6.237466010361459e-08,
    6.159709187159024e-08,
    7.876802499140467e-08,
    7.827834735962824e-08,
    9.537390610603325e-08,
    1.3163663936666126e-07
  ],
  "variance_collapse": false,
  "k_report_idx": {
    "k1": 0,
    "k8": 7,
    "k15": 14
  },
  "spec": {
    "kind": "baseline",
    "baseline_key": [
      0.3,
      3,
      32,
      4
    ],
    "params": {
      "period_P": 32,
      "manifold_dim_D": 4,
      "continuity_center": 3,
      "fidelity_F": 0.97,
      "magnitude_M": 0.0,
      "locality_L": 0.3
    },
    "L_d_main": 4,
    "seed": 12,
    "perk": true,
    "label": "base_loc0.3_c3_P32_D4_s12",
    "out_file": "/mnt/c/Users/Jason/Desktop/Eridos/Weft 2/v2/results/phase1/pilot_Ld4/_runs/base_loc0.3_c3_P32_D4_s12.json"
  }
}