{
  "label": "base_loc0.5_c39_P256_D4_s3",
  "L_d_main": 4,
  "seed": 3,
  "wall_clock_s": 327.05,
  "steps_trained": 10000,
  "final_interval_loss": -2788.172976,
  "nan_inf": false,
  "still_descending": false,
  "stability_flag": "stable",
  "diff_mu": 0.05348705127835274,
  "diff_sigma": 1.72529048825254e-08,
  "diff_mu_aggregate": 0.05348705127835274,
  "diff_sigma_aggregate": 1.72529048825254e-08,
  "diff_mu_per_k": [
    0.053827475756406784,
    0.05326526612043381,
    0.05322118103504181,
    0.05325031653046608,
    0.05324168875813484,
    0.0531122088432312,
    0.053070392459630966,
    0.053923722356557846,
    0.05361989513039589,
    0.05299093946814537,
    0.0539989098906517,
    0.05342962220311165,
    0.05372873321175575,
    0.05396232753992081,
    0.053749870508909225,
    0.05340030416846275
  ],
  "diff_sigma_per_k": [
    1.693595486074173e-08,
    1.7683191799733322e-08,
    1.9214562385627687e-08,
    2.1067037891953078e-08,
    1.715610942198964e-08,
    1.8458980122204593e-08,
    1.4149458493761813e-08,
    1.6146620041013193e-08,
    1.73541430115165e-08,
    1.8710203164573613e-08,
    1.7988925904433017e-08,
    1.800624893633085e-08,
    1.601539523221618e-08,
    1.5213249326961886e-08,
    1.5398484265460866e-08,
    1.6547918590958943e-08
  ],
  "variance_collapse": false,
  "k_report_idx": {
    "k1": 0,
    "k8": 7,
    "k15": 14
  },
  "spec": {
    "kind": "baseline",
    "baseline_key": [
      0.5,
      39,
      256,
      4
    ],
    "params": {
      "period_P": 256,
      "manifold_dim_D": 4,
      "continuity_center": 39,
      "fidelity_F": 0.97,
      "magnitude_M": 0.0,
      "locality_L": 0.5
    },
    "L_d_main": 4,
    "seed": 3,
    "perk": true,
    "label": "base_loc0.5_c39_P256_D4_s3",
    "out_file": "/mnt/c/Users/Jason/Desktop/Eridos/Weft 2/v2/results/phase1/pilot_Ld4/_runs/base_loc0.5_c39_P256_D4_s3.json"
  }
}