{
  "label": "base_loc0.3_c3_P32_D4_s19",
  "L_d_main": 4,
  "seed": 19,
  "wall_clock_s": 324.1,
  "steps_trained": 10000,
  "final_interval_loss": -2926.715636,
  "nan_inf": false,
  "still_descending": false,
  "stability_flag": "stable",
  "diff_mu": 0.1317707598209381,
  "diff_sigma": 2.8076954095013207e-07,
  "diff_mu_aggregate": 0.1317707598209381,
  "diff_sigma_aggregate": 2.8076954095013207e-07,
  "diff_mu_per_k": [
    0.1330702006816864,
    0.12997297942638397,
    0.13275077939033508,
    0.13317430019378662,
    0.13143756985664368,
    0.1310431957244873,
    0.13046018779277802,
    0.1316770315170288,
    0.13311345875263214,
    0.13154293596744537,
    0.1304941624403,
    0.12995345890522003,
    0.13341675698757172,
    0.1317267119884491,
    0.1326884627342224,
    0.1318100541830063
  ],
  "diff_sigma_per_k": [
    2.4334613613063993e-07,
    1.564282570143405e-07,
    2.4862151803972665e-07,
    2.2887149953021435e-07,
    2.0328573668848549e-07,
    2.327272170532524e-07,
    2.2486132422727678e-07,
    3.0891487767803483e-07,
    2.7516921363712754e-07,
    1.9115965699256776e-07,
    2.7136738367516955e-07,
    2.686166737930762e-07,
    2.6141202624785365e-07,
    3.9885833302832907e-07,
    4.2578676584525965e-07,
    5.528860356207588e-07
  ],
  "variance_collapse": false,
  "k_report_idx": {
    "k1": 0,
    "k8": 7,
    "k15": 14
  },
  "spec": {
    "kind": "baseline",
    "baseline_key": [
      0.3,
      3,
      32,
      4
    ],
    "params": {
      "period_P": 32,
      "manifold_dim_D": 4,
      "continuity_center": 3,
      "fidelity_F": 0.97,
      "magnitude_M": 0.0,
      "locality_L": 0.3
    },
    "L_d_main": 4,
    "seed": 19,
    "perk": true,
    "label": "base_loc0.3_c3_P32_D4_s19",
    "out_file": "/mnt/c/Users/Jason/Desktop/Eridos/Weft 2/v2/results/phase1/pilot_Ld4/_runs/base_loc0.3_c3_P32_D4_s19.json"
  }
}