{
  "label": "base_loc0.9_c472_P2048_D128_s13",
  "L_d_main": 4,
  "seed": 13,
  "wall_clock_s": 325.67,
  "steps_trained": 10000,
  "final_interval_loss": -2994.779132,
  "nan_inf": false,
  "still_descending": false,
  "stability_flag": "stable",
  "diff_mu": 0.0017439908115193248,
  "diff_sigma": 4.4679822341908704e-11,
  "diff_mu_aggregate": 0.0017439908115193248,
  "diff_sigma_aggregate": 4.4679822341908704e-11,
  "diff_mu_per_k": [
    0.0017471875762566924,
    0.0017448775470256805,
    0.0017613063100725412,
    0.001724709291011095,
    0.0017412691377103329,
    0.0017582172295078635,
    0.001753003685735166,
    0.001735927420668304,
    0.0017422166420146823,
    0.0017435627523809671,
    0.0017454562475904822,
    0.0017355909803882241,
    0.0017341914353892207,
    0.0017335312440991402,
    0.0017428473802283406,
    0.0017599549610167742
  ],
  "diff_sigma_per_k": [
    4.4778243613041724e-11,
    4.7448101003766396e-11,
    4.61057823863964e-11,
    4.386866564454195e-11,
    4.956471344463864e-11,
    4.6723812319182656e-11,
    4.9706135041294175e-11,
    4.314144874673076e-11,
    4.2091781449205e-11,
    3.9953911706858136e-11,
    4.273313647384924e-11,
    4.4028204693180584e-11,
    4.253330326831062e-11,
    4.2869013894275554e-11,
    4.4154829098586035e-11,
    4.5176050400552725e-11
  ],
  "variance_collapse": true,
  "k_report_idx": {
    "k1": 0,
    "k8": 7,
    "k15": 14
  },
  "spec": {
    "kind": "baseline",
    "baseline_key": [
      0.9,
      472,
      2048,
      128
    ],
    "params": {
      "period_P": 2048,
      "manifold_dim_D": 128,
      "continuity_center": 472,
      "fidelity_F": 0.97,
      "magnitude_M": 0.0,
      "locality_L": 0.9
    },
    "L_d_main": 4,
    "seed": 13,
    "perk": true,
    "label": "base_loc0.9_c472_P2048_D128_s13",
    "out_file": "/mnt/c/Users/Jason/Desktop/Eridos/Weft 2/v2/results/phase1/pilot_Ld4/_runs/base_loc0.9_c472_P2048_D128_s13.json"
  }
}