{
  "label": "base_loc0.9_c472_P2048_D128_s4",
  "L_d_main": 4,
  "seed": 4,
  "wall_clock_s": 324.83,
  "steps_trained": 10000,
  "final_interval_loss": -2996.288418,
  "nan_inf": false,
  "still_descending": true,
  "stability_flag": "stable",
  "diff_mu": 0.00010309017670806497,
  "diff_sigma": 1.3089987427328253e-11,
  "diff_mu_aggregate": 0.00010309017670806497,
  "diff_sigma_aggregate": 1.3089987427328253e-11,
  "diff_mu_per_k": [
    0.00010356184793636203,
    0.00010335299884900451,
    0.00010355479753343388,
    0.00010384799679741263,
    0.0001026441968861036,
    0.00010316987754777074,
    0.00010349104559281841,
    0.00010299769201083109,
    0.0001030290950438939,
    0.0001023690274450928,
    0.0001030179118970409,
    0.0001028325641527772,
    0.00010284869495080784,
    0.0001024051962303929,
    0.00010369087976869196,
    0.00010262902651447803
  ],
  "diff_sigma_per_k": [
    1.3965998496567877e-11,
    1.4037136904232472e-11,
    1.2986692450589477e-11,
    1.0808344670654169e-11,
    1.3210041567568442e-11,
    1.46761353070346e-11,
    1.5139492090532336e-11,
    1.2773495802753665e-11,
    1.1484846927645176e-11,
    1.2291802124753115e-11,
    1.3577873200776303e-11,
    1.2698231355301459e-11,
    1.2655937062233669e-11,
    1.1422989290577057e-11,
    1.3396546025279399e-11,
    1.4314238162838056e-11
  ],
  "variance_collapse": true,
  "k_report_idx": {
    "k1": 0,
    "k8": 7,
    "k15": 14
  },
  "spec": {
    "kind": "baseline",
    "baseline_key": [
      0.9,
      472,
      2048,
      128
    ],
    "params": {
      "period_P": 2048,
      "manifold_dim_D": 128,
      "continuity_center": 472,
      "fidelity_F": 0.97,
      "magnitude_M": 0.0,
      "locality_L": 0.9
    },
    "L_d_main": 4,
    "seed": 4,
    "perk": true,
    "label": "base_loc0.9_c472_P2048_D128_s4",
    "out_file": "/mnt/c/Users/Jason/Desktop/Eridos/Weft 2/v2/results/phase1/pilot_Ld4/_runs/base_loc0.9_c472_P2048_D128_s4.json"
  }
}