{
  "label": "base_loc0.9_c472_P2048_D128_s2",
  "L_d_main": 4,
  "seed": 2,
  "wall_clock_s": 325.28,
  "steps_trained": 10000,
  "final_interval_loss": -2981.190606,
  "nan_inf": false,
  "still_descending": false,
  "stability_flag": "stable",
  "diff_mu": 0.00019683253776747733,
  "diff_sigma": 1.2748890831915105e-09,
  "diff_mu_aggregate": 0.00019683253776747733,
  "diff_sigma_aggregate": 1.2748890831915105e-09,
  "diff_mu_per_k": [
    0.00019707265892066061,
    0.00019699815311469138,
    0.0001967640855582431,
    0.00019441740005277097,
    0.0001967394637176767,
    0.00019810028607025743,
    0.00019724739831872284,
    0.00019733021326828748,
    0.00019678277021739632,
    0.00019772726227529347,
    0.0001972878526430577,
    0.00019921477360185236,
    0.000194620864931494,
    0.00019683429854921997,
    0.00019481158233247697,
    0.00019737142429221421
  ],
  "diff_sigma_per_k": [
    1.4783443358368231e-09,
    1.4097615297359312e-09,
    1.2389937964485398e-09,
    1.067470556392891e-09,
    1.3668258747046025e-09,
    1.3197012371790606e-09,
    1.2694605366903033e-09,
    1.2273831950793124e-09,
    1.2101879498516155e-09,
    1.3594326775390186e-09,
    1.34799604811775e-09,
    1.2699551410477739e-09,
    1.0853982157499331e-09,
    1.2171988972298209e-09,
    1.2864620480002031e-09,
    1.2436529583936817e-09
  ],
  "variance_collapse": true,
  "k_report_idx": {
    "k1": 0,
    "k8": 7,
    "k15": 14
  },
  "spec": {
    "kind": "baseline",
    "baseline_key": [
      0.9,
      472,
      2048,
      128
    ],
    "params": {
      "period_P": 2048,
      "manifold_dim_D": 128,
      "continuity_center": 472,
      "fidelity_F": 0.97,
      "magnitude_M": 0.0,
      "locality_L": 0.9
    },
    "L_d_main": 4,
    "seed": 2,
    "perk": true,
    "label": "base_loc0.9_c472_P2048_D128_s2",
    "out_file": "/mnt/c/Users/Jason/Desktop/Eridos/Weft 2/v2/results/phase1/pilot_Ld4/_runs/base_loc0.9_c472_P2048_D128_s2.json"
  }
}