{
  "label": "base_loc0.5_c19_P256_D16_s15",
  "L_d_main": 4,
  "seed": 15,
  "wall_clock_s": 325.89,
  "steps_trained": 10000,
  "final_interval_loss": -2980.164232,
  "nan_inf": false,
  "still_descending": false,
  "stability_flag": "stable",
  "diff_mu": 0.16539539396762848,
  "diff_sigma": 3.930998104806349e-08,
  "diff_mu_aggregate": 0.16539539396762848,
  "diff_sigma_aggregate": 3.930998104806349e-08,
  "diff_mu_per_k": [
    0.16534195840358734,
    0.16458670794963837,
    0.16577552258968353,
    0.165325328707695,
    0.16528718173503876,
    0.16601517796516418,
    0.1656220257282257,
    0.16554653644561768,
    0.16528192162513733,
    0.1644100844860077,
    0.16429539024829865,
    0.16452950239181519,
    0.16465970873832703,
    0.16612491011619568,
    0.16658268868923187,
    0.1669415682554245
  ],
  "diff_sigma_per_k": [
    3.333529008386904e-08,
    3.090199385269443e-08,
    3.8955288772513086e-08,
    4.3185142573065605e-08,
    4.54005970595972e-08,
    4.723225188740798e-08,
    4.3143096206677e-08,
    4.192927605117802e-08,
    3.1764646024612375e-08,
    2.5297511641042547e-08,
    2.612355487485729e-08,
    2.5373527279271002e-08,
    3.041724028207682e-08,
    4.73685126678447e-08,
    5.3547992706626246e-08,
    6.49837517130436e-08
  ],
  "variance_collapse": false,
  "k_report_idx": {
    "k1": 0,
    "k8": 7,
    "k15": 14
  },
  "spec": {
    "kind": "baseline",
    "baseline_key": [
      0.5,
      19,
      256,
      16
    ],
    "params": {
      "period_P": 256,
      "manifold_dim_D": 16,
      "continuity_center": 19,
      "fidelity_F": 0.97,
      "magnitude_M": 0.0,
      "locality_L": 0.5
    },
    "L_d_main": 4,
    "seed": 15,
    "perk": true,
    "label": "base_loc0.5_c19_P256_D16_s15",
    "out_file": "/mnt/c/Users/Jason/Desktop/Eridos/Weft 2/v2/results/phase1/pilot_Ld4/_runs/base_loc0.5_c19_P256_D16_s15.json"
  }
}