{
  "label": "base_loc0.3_c3_P32_D4_s15",
  "L_d_main": 4,
  "seed": 15,
  "wall_clock_s": 324.25,
  "steps_trained": 10000,
  "final_interval_loss": -2835.902825,
  "nan_inf": false,
  "still_descending": false,
  "stability_flag": "stable",
  "diff_mu": 0.23011992871761322,
  "diff_sigma": 1.4087780186855525e-07,
  "diff_mu_aggregate": 0.23011992871761322,
  "diff_sigma_aggregate": 1.4087780186855525e-07,
  "diff_mu_per_k": [
    0.22988153994083405,
    0.22993475198745728,
    0.2297292947769165,
    0.2300676852464676,
    0.22902926802635193,
    0.2300991714000702,
    0.22988374531269073,
    0.2300175428390503,
    0.23019351065158844,
    0.23034784197807312,
    0.22948479652404785,
    0.23055481910705566,
    0.23035259544849396,
    0.2304503470659256,
    0.2309841364622116,
    0.2309078425168991
  ],
  "diff_sigma_per_k": [
    1.3723676772769977e-07,
    1.2629077161818714e-07,
    1.2427284445948317e-07,
    1.2604832022589108e-07,
    1.2355506839867303e-07,
    1.2253944703388697e-07,
    1.2968180840289278e-07,
    1.351630203316745e-07,
    1.2797474369108386e-07,
    1.3481559335559723e-07,
    1.4414136728646554e-07,
    1.412671792877518e-07,
    1.4809724291353632e-07,
    1.6289328641505563e-07,
    1.7151010922589194e-07,
    1.9855720267969446e-07
  ],
  "variance_collapse": false,
  "k_report_idx": {
    "k1": 0,
    "k8": 7,
    "k15": 14
  },
  "spec": {
    "kind": "baseline",
    "baseline_key": [
      0.3,
      3,
      32,
      4
    ],
    "params": {
      "period_P": 32,
      "manifold_dim_D": 4,
      "continuity_center": 3,
      "fidelity_F": 0.97,
      "magnitude_M": 0.0,
      "locality_L": 0.3
    },
    "L_d_main": 4,
    "seed": 15,
    "perk": true,
    "label": "base_loc0.3_c3_P32_D4_s15",
    "out_file": "/mnt/c/Users/Jason/Desktop/Eridos/Weft 2/v2/results/phase1/pilot_Ld4/_runs/base_loc0.3_c3_P32_D4_s15.json"
  }
}