{
  "label": "base_loc0.5_c39_P256_D16_s16",
  "L_d_main": 4,
  "seed": 16,
  "wall_clock_s": 322.25,
  "steps_trained": 10000,
  "final_interval_loss": -2710.479178,
  "nan_inf": false,
  "still_descending": true,
  "stability_flag": "stable",
  "diff_mu": 0.6900105476379395,
  "diff_sigma": 5.1058513861335086e-08,
  "diff_mu_aggregate": 0.6900105476379395,
  "diff_sigma_aggregate": 5.1058513861335086e-08,
  "diff_mu_per_k": [
    0.6923924684524536,
    0.691024661064148,
    0.6920329332351685,
    0.6888156533241272,
    0.6931654214859009,
    0.6898259520530701,
    0.6893494725227356,
    0.6895717978477478,
    0.6898654103279114,
    0.6915649771690369,
    0.6897933483123779,
    0.6825186014175415,
    0.6887164115905762,
    0.6857708692550659,
    0.6923951506614685,
    0.6933658719062805
  ],
  "diff_sigma_per_k": [
    4.301164935327506e-08,
    5.601122055054475e-08,
    5.444133321930167e-08,
    4.9740680907461865e-08,
    6.316601997014004e-08,
    4.8655174111900124e-08,
    4.831739630617449e-08,
    4.835574429762346e-08,
    4.5379113799981496e-08,
    6.81718859141256e-08,
    5.4752604228269774e-08,
    4.9272262714339377e-08,
    4.301188383237786e-08,
    4.0602657236377127e-08,
    4.678253162637702e-08,
    5.7264060160377994e-08
  ],
  "variance_collapse": false,
  "k_report_idx": {
    "k1": 0,
    "k8": 7,
    "k15": 14
  },
  "spec": {
    "kind": "baseline",
    "baseline_key": [
      0.5,
      39,
      256,
      16
    ],
    "params": {
      "period_P": 256,
      "manifold_dim_D": 16,
      "continuity_center": 39,
      "fidelity_F": 0.97,
      "magnitude_M": 0.0,
      "locality_L": 0.5
    },
    "L_d_main": 4,
    "seed": 16,
    "perk": true,
    "label": "base_loc0.5_c39_P256_D16_s16",
    "out_file": "/mnt/c/Users/Jason/Desktop/Eridos/Weft 2/v2/results/phase1/pilot_Ld4/_runs/base_loc0.5_c39_P256_D16_s16.json"
  }
}