{
  "label": "base_loc0.9_c472_P2048_D128_s3",
  "L_d_main": 4,
  "seed": 3,
  "wall_clock_s": 324.69,
  "steps_trained": 10000,
  "final_interval_loss": -2986.545376,
  "nan_inf": false,
  "still_descending": false,
  "stability_flag": "stable",
  "diff_mu": 0.007960882037878036,
  "diff_sigma": 5.4488850764755625e-08,
  "diff_mu_aggregate": 0.007960882037878036,
  "diff_sigma_aggregate": 5.4488850764755625e-08,
  "diff_mu_per_k": [
    0.007995360530912876,
    0.007899717427790165,
    0.008013027720153332,
    0.0079491613432765,
    0.00790776964277029,
    0.007981015369296074,
    0.007914576679468155,
    0.008005792275071144,
    0.007910066284239292,
    0.007989181205630302,
    0.007987246848642826,
    0.007938405498862267,
    0.007987351156771183,
    0.008006948977708817,
    0.007924353703856468,
    0.00796413328498602
  ],
  "diff_sigma_per_k": [
    5.153906457167068e-08,
    5.80595340693435e-08,
    6.239122996021251e-08,
    5.747139297795911e-08,
    5.447471806974136e-08,
    6.06335532893354e-08,
    4.888680749104424e-08,
    5.4615380662426105e-08,
    5.047621698395233e-08,
    5.736186281524169e-08,
    5.117866308523844e-08,
    5.334814545676636e-08,
    5.136587688525651e-08,
    5.057233920524595e-08,
    5.417301451871026e-08,
    5.527380153580452e-08
  ],
  "variance_collapse": false,
  "k_report_idx": {
    "k1": 0,
    "k8": 7,
    "k15": 14
  },
  "spec": {
    "kind": "baseline",
    "baseline_key": [
      0.9,
      472,
      2048,
      128
    ],
    "params": {
      "period_P": 2048,
      "manifold_dim_D": 128,
      "continuity_center": 472,
      "fidelity_F": 0.97,
      "magnitude_M": 0.0,
      "locality_L": 0.9
    },
    "L_d_main": 4,
    "seed": 3,
    "perk": true,
    "label": "base_loc0.9_c472_P2048_D128_s3",
    "out_file": "/mnt/c/Users/Jason/Desktop/Eridos/Weft 2/v2/results/phase1/pilot_Ld4/_runs/base_loc0.9_c472_P2048_D128_s3.json"
  }
}