{
  "label": "base_loc0.3_c3_P32_D4_s3",
  "L_d_main": 4,
  "seed": 3,
  "wall_clock_s": 326.04,
  "steps_trained": 10000,
  "final_interval_loss": -2798.165925,
  "nan_inf": false,
  "still_descending": true,
  "stability_flag": "stable",
  "diff_mu": 0.3876684904098511,
  "diff_sigma": 4.3174060238015954e-07,
  "diff_mu_aggregate": 0.3876684904098511,
  "diff_sigma_aggregate": 4.3174060238015954e-07,
  "diff_mu_per_k": [
    0.3892899453639984,
    0.3876051902770996,
    0.386199027299881,
    0.3875564932823181,
    0.38763025403022766,
    0.3882717788219452,
    0.38553598523139954,
    0.3863867223262787,
    0.38641729950904846,
    0.3877531886100769,
    0.38968607783317566,
    0.3878718912601471,
    0.3883611559867859,
    0.38614892959594727,
    0.3872113525867462,
    0.3907703757286072
  ],
  "diff_sigma_per_k": [
    4.2425816104696423e-07,
    3.7217975545900117e-07,
    4.070820125434693e-07,
    3.9514819150099356e-07,
    3.9372784499391855e-07,
    4.111704186016141e-07,
    4.054293754052196e-07,
    4.1059959698941384e-07,
    3.970532418406947e-07,
    4.327453950736526e-07,
    4.2144452550019196e-07,
    4.353520921540621e-07,
    4.6233330408540496e-07,
    4.975440219823213e-07,
    4.981833967576677e-07,
    5.435982188828348e-07
  ],
  "variance_collapse": false,
  "k_report_idx": {
    "k1": 0,
    "k8": 7,
    "k15": 14
  },
  "spec": {
    "kind": "baseline",
    "baseline_key": [
      0.3,
      3,
      32,
      4
    ],
    "params": {
      "period_P": 32,
      "manifold_dim_D": 4,
      "continuity_center": 3,
      "fidelity_F": 0.97,
      "magnitude_M": 0.0,
      "locality_L": 0.3
    },
    "L_d_main": 4,
    "seed": 3,
    "perk": true,
    "label": "base_loc0.3_c3_P32_D4_s3",
    "out_file": "/mnt/c/Users/Jason/Desktop/Eridos/Weft 2/v2/results/phase1/pilot_Ld4/_runs/base_loc0.3_c3_P32_D4_s3.json"
  }
}