{
  "label": "base_loc0.3_c3_P32_D4_s11",
  "L_d_main": 4,
  "seed": 11,
  "wall_clock_s": 322.39,
  "steps_trained": 10000,
  "final_interval_loss": -2819.111477,
  "nan_inf": false,
  "still_descending": false,
  "stability_flag": "stable",
  "diff_mu": 0.17363160848617554,
  "diff_sigma": 9.902165629682713e-07,
  "diff_mu_aggregate": 0.17363160848617554,
  "diff_sigma_aggregate": 9.902165629682713e-07,
  "diff_mu_per_k": [
    0.17386770248413086,
    0.1734696328639984,
    0.17610183358192444,
    0.17543944716453552,
    0.1751001626253128,
    0.17423023283481598,
    0.17331339418888092,
    0.17317967116832733,
    0.17356321215629578,
    0.17344370484352112,
    0.1741429567337036,
    0.1734185367822647,
    0.17471452057361603,
    0.17156505584716797,
    0.17096753418445587,
    0.1715879738330841
  ],
  "diff_sigma_per_k": [
    9.522052550892113e-07,
    8.798874091553444e-07,
    9.129584555012116e-07,
    8.446984907095612e-07,
    9.32906914385967e-07,
    9.685110171631095e-07,
    9.028452723214286e-07,
    9.645065119912033e-07,
    9.830162071011728e-07,
    1.0061585271614604e-06,
    8.941568694353919e-07,
    1.024367975333007e-06,
    1.0723400691858842e-06,
    1.182302185043227e-06,
    1.1554806178537547e-06,
    1.1671243100863649e-06
  ],
  "variance_collapse": false,
  "k_report_idx": {
    "k1": 0,
    "k8": 7,
    "k15": 14
  },
  "spec": {
    "kind": "baseline",
    "baseline_key": [
      0.3,
      3,
      32,
      4
    ],
    "params": {
      "period_P": 32,
      "manifold_dim_D": 4,
      "continuity_center": 3,
      "fidelity_F": 0.97,
      "magnitude_M": 0.0,
      "locality_L": 0.3
    },
    "L_d_main": 4,
    "seed": 11,
    "perk": true,
    "label": "base_loc0.3_c3_P32_D4_s11",
    "out_file": "/mnt/c/Users/Jason/Desktop/Eridos/Weft 2/v2/results/phase1/pilot_Ld4/_runs/base_loc0.3_c3_P32_D4_s11.json"
  }
}