{
  "label": "base_loc0.5_c39_P256_D16_s8",
  "L_d_main": 4,
  "seed": 8,
  "wall_clock_s": 324.58,
  "steps_trained": 10000,
  "final_interval_loss": -2649.846728,
  "nan_inf": false,
  "still_descending": false,
  "stability_flag": "stable",
  "diff_mu": 0.25813356041908264,
  "diff_sigma": 5.67220126868051e-07,
  "diff_mu_aggregate": 0.25813356041908264,
  "diff_sigma_aggregate": 5.67220126868051e-07,
  "diff_mu_per_k": [
    0.25869694352149963,
    0.25748714804649353,
    0.25685644149780273,
    0.25700628757476807,
    0.2589789927005768,
    0.2604159414768219,
    0.2584560513496399,
    0.2570432424545288,
    0.25707459449768066,
    0.25895434617996216,
    0.2600765824317932,
    0.2569493353366852,
    0.2585000991821289,
    0.25811389088630676,
    0.25904032588005066,
    0.25648635625839233
  ],
  "diff_sigma_per_k": [
    5.731909027417714e-07,
    5.606069635177846e-07,
    5.658365580529789e-07,
    6.019099600962363e-07,
    5.552796551455685e-07,
    4.893656182503037e-07,
    5.4808828053865e-07,
    5.449603577289963e-07,
    6.007369393046247e-07,
    5.932661792940053e-07,
    5.708564572159958e-07,
    5.454296001516923e-07,
    5.413494932327012e-07,
    5.659401836055622e-07,
    5.736330308536708e-07,
    6.450716227845987e-07
  ],
  "variance_collapse": false,
  "k_report_idx": {
    "k1": 0,
    "k8": 7,
    "k15": 14
  },
  "spec": {
    "kind": "baseline",
    "baseline_key": [
      0.5,
      39,
      256,
      16
    ],
    "params": {
      "period_P": 256,
      "manifold_dim_D": 16,
      "continuity_center": 39,
      "fidelity_F": 0.97,
      "magnitude_M": 0.0,
      "locality_L": 0.5
    },
    "L_d_main": 4,
    "seed": 8,
    "perk": true,
    "label": "base_loc0.5_c39_P256_D16_s8",
    "out_file": "/mnt/c/Users/Jason/Desktop/Eridos/Weft 2/v2/results/phase1/pilot_Ld4/_runs/base_loc0.5_c39_P256_D16_s8.json"
  }
}