{
  "label": "base_loc0.5_c39_P256_D16_s7",
  "L_d_main": 4,
  "seed": 7,
  "wall_clock_s": 327.52,
  "steps_trained": 10000,
  "final_interval_loss": -2800.59001,
  "nan_inf": false,
  "still_descending": false,
  "stability_flag": "stable",
  "diff_mu": 0.2636956572532654,
  "diff_sigma": 9.615028062626152e-08,
  "diff_mu_aggregate": 0.2636956572532654,
  "diff_sigma_aggregate": 9.615028062626152e-08,
  "diff_mu_per_k": [
    0.2536149322986603,
    0.2551819384098053,
    0.2871578335762024,
    0.2529907524585724,
    0.2830681800842285,
    0.253478467464447,
    0.25369933247566223,
    0.25245189666748047,
    0.2546517252922058,
    0.28660523891448975,
    0.25323179364204407,
    0.2548196613788605,
    0.285243421792984,
    0.28572025895118713,
    0.2538398206233978,
    0.25337550044059753
  ],
  "diff_sigma_per_k": [
    7.611432550902464e-08,
    1.0198381517056987e-07,
    1.2740095201024815e-07,
    8.509546489676723e-08,
    1.1633090934992651e-07,
    7.157052550610388e-08,
    7.939990354088877e-08,
    7.709768823360719e-08,
    1.1362924112745532e-07,
    1.202100463615352e-07,
    7.63299468076184e-08,
    7.251731659607685e-08,
    1.277785770525952e-07,
    1.1963025770000968e-07,
    8.349496027904024e-08,
    8.982058830042661e-08
  ],
  "variance_collapse": false,
  "k_report_idx": {
    "k1": 0,
    "k8": 7,
    "k15": 14
  },
  "spec": {
    "kind": "baseline",
    "baseline_key": [
      0.5,
      39,
      256,
      16
    ],
    "params": {
      "period_P": 256,
      "manifold_dim_D": 16,
      "continuity_center": 39,
      "fidelity_F": 0.97,
      "magnitude_M": 0.0,
      "locality_L": 0.5
    },
    "L_d_main": 4,
    "seed": 7,
    "perk": true,
    "label": "base_loc0.5_c39_P256_D16_s7",
    "out_file": "/mnt/c/Users/Jason/Desktop/Eridos/Weft 2/v2/results/phase1/pilot_Ld4/_runs/base_loc0.5_c39_P256_D16_s7.json"
  }
}