{
  "label": "base_loc0.5_c19_P256_D16_s17",
  "L_d_main": 4,
  "seed": 17,
  "wall_clock_s": 323.09,
  "steps_trained": 10000,
  "final_interval_loss": -2956.209947,
  "nan_inf": false,
  "still_descending": false,
  "stability_flag": "stable",
  "diff_mu": 0.07501348853111267,
  "diff_sigma": 3.770171019823465e-08,
  "diff_mu_aggregate": 0.07501348853111267,
  "diff_sigma_aggregate": 3.770171019823465e-08,
  "diff_mu_per_k": [
    0.07530344277620316,
    0.07508880645036697,
    0.07514314353466034,
    0.07458165287971497,
    0.07518225163221359,
    0.07437950372695923,
    0.07501686364412308,
    0.07493871450424194,
    0.07482278347015381,
    0.0757291316986084,
    0.07547403126955032,
    0.07517526298761368,
    0.07583880424499512,
    0.07486207783222198,
    0.07457593083381653,
    0.07410325855016708
  ],
  "diff_sigma_per_k": [
    2.996988968106962e-08,
    3.2832062402121664e-08,
    3.196983655584518e-08,
    4.2994315663236193e-08,
    4.4082160144398586e-08,
    5.377366818493101e-08,
    4.235764805571307e-08,
    4.3415894879217376e-08,
    2.8942794827457874e-08,
    2.2941021526889926e-08,
    2.006522592523652e-08,
    2.5642846068762992e-08,
    2.5700089167912665e-08,
    4.3036187946654536e-08,
    5.026268823371538e-08,
    6.524101792138026e-08
  ],
  "variance_collapse": false,
  "k_report_idx": {
    "k1": 0,
    "k8": 7,
    "k15": 14
  },
  "spec": {
    "kind": "baseline",
    "baseline_key": [
      0.5,
      19,
      256,
      16
    ],
    "params": {
      "period_P": 256,
      "manifold_dim_D": 16,
      "continuity_center": 19,
      "fidelity_F": 0.97,
      "magnitude_M": 0.0,
      "locality_L": 0.5
    },
    "L_d_main": 4,
    "seed": 17,
    "perk": true,
    "label": "base_loc0.5_c19_P256_D16_s17",
    "out_file": "/mnt/c/Users/Jason/Desktop/Eridos/Weft 2/v2/results/phase1/pilot_Ld4/_runs/base_loc0.5_c19_P256_D16_s17.json"
  }
}