{
  "label": "base_loc0.9_c472_P2048_D128_s18",
  "L_d_main": 4,
  "seed": 18,
  "wall_clock_s": 322.52,
  "steps_trained": 10000,
  "final_interval_loss": -2985.733435,
  "nan_inf": false,
  "still_descending": false,
  "stability_flag": "stable",
  "diff_mu": 0.0011355699971318245,
  "diff_sigma": 2.1023623120175472e-10,
  "diff_mu_aggregate": 0.0011355699971318245,
  "diff_sigma_aggregate": 2.1023623120175472e-10,
  "diff_mu_per_k": [
    0.0011332782451063395,
    0.001138036255724728,
    0.0011335560120642185,
    0.0011355275055393577,
    0.001135219819843769,
    0.001134319114498794,
    0.0011371542932465672,
    0.0011368293780833483,
    0.001138509949669242,
    0.0011355875758454204,
    0.0011306016240268946,
    0.001136954640969634,
    0.001133312820456922,
    0.001133866491727531,
    0.00113841297570616,
    0.0011379520874470472
  ],
  "diff_sigma_per_k": [
    2.0995978566862306e-10,
    2.1160280472276582e-10,
    2.056191883426095e-10,
    2.060676074222556e-10,
    2.188488418264356e-10,
    2.524295772410312e-10,
    2.2155330348105906e-10,
    1.9144108520663394e-10,
    2.074940080865062e-10,
    2.0771449837919675e-10,
    1.977911584516434e-10,
    1.8525153633319746e-10,
    1.9509044379972806e-10,
    2.1934065674855674e-10,
    2.2292555301728356e-10,
    2.1064967825612513e-10
  ],
  "variance_collapse": true,
  "k_report_idx": {
    "k1": 0,
    "k8": 7,
    "k15": 14
  },
  "spec": {
    "kind": "baseline",
    "baseline_key": [
      0.9,
      472,
      2048,
      128
    ],
    "params": {
      "period_P": 2048,
      "manifold_dim_D": 128,
      "continuity_center": 472,
      "fidelity_F": 0.97,
      "magnitude_M": 0.0,
      "locality_L": 0.9
    },
    "L_d_main": 4,
    "seed": 18,
    "perk": true,
    "label": "base_loc0.9_c472_P2048_D128_s18",
    "out_file": "/mnt/c/Users/Jason/Desktop/Eridos/Weft 2/v2/results/phase1/pilot_Ld4/_runs/base_loc0.9_c472_P2048_D128_s18.json"
  }
}