{
  "label": "base_loc0.9_c472_P2048_D128_s9",
  "L_d_main": 4,
  "seed": 9,
  "wall_clock_s": 325.05,
  "steps_trained": 10000,
  "final_interval_loss": -2993.721763,
  "nan_inf": false,
  "still_descending": false,
  "stability_flag": "stable",
  "diff_mu": 0.0008617747807875276,
  "diff_sigma": 1.7576627930893096e-09,
  "diff_mu_aggregate": 0.0008617747807875276,
  "diff_sigma_aggregate": 1.7576627930893096e-09,
  "diff_mu_per_k": [
    0.0008635892299935222,
    0.000866385642439127,
    0.0008636682177893817,
    0.0008620268781669438,
    0.0008615663973614573,
    0.0008576353429816663,
    0.0008561871945858002,
    0.0008631583186797798,
    0.0008629748481325805,
    0.0008646773057989776,
    0.0008572243968956172,
    0.0008648440707474947,
    0.0008613129029981792,
    0.0008592539234086871,
    0.000861905631609261,
    0.0008619851432740688
  ],
  "diff_sigma_per_k": [
    1.7330512580571167e-09,
    1.648026715095341e-09,
    1.9226511493997123e-09,
    1.6641379385617938e-09,
    1.7785301009709542e-09,
    1.8854560135395104e-09,
    1.6155122795069587e-09,
    1.6739516439656654e-09,
    1.6793261226055733e-09,
    1.6411662029369722e-09,
    1.9368231463090524e-09,
    1.8660795131353325e-09,
    1.675461658301458e-09,
    1.8531475243221962e-09,
    1.920608116989797e-09,
    1.6286753057315195e-09
  ],
  "variance_collapse": true,
  "k_report_idx": {
    "k1": 0,
    "k8": 7,
    "k15": 14
  },
  "spec": {
    "kind": "baseline",
    "baseline_key": [
      0.9,
      472,
      2048,
      128
    ],
    "params": {
      "period_P": 2048,
      "manifold_dim_D": 128,
      "continuity_center": 472,
      "fidelity_F": 0.97,
      "magnitude_M": 0.0,
      "locality_L": 0.9
    },
    "L_d_main": 4,
    "seed": 9,
    "perk": true,
    "label": "base_loc0.9_c472_P2048_D128_s9",
    "out_file": "/mnt/c/Users/Jason/Desktop/Eridos/Weft 2/v2/results/phase1/pilot_Ld4/_runs/base_loc0.9_c472_P2048_D128_s9.json"
  }
}