{
  "label": "base_loc0.5_c19_P256_D16_s19",
  "L_d_main": 4,
  "seed": 19,
  "wall_clock_s": 324.15,
  "steps_trained": 10000,
  "final_interval_loss": -2884.322768,
  "nan_inf": false,
  "still_descending": true,
  "stability_flag": "stable",
  "diff_mu": 0.3983871340751648,
  "diff_sigma": 6.231522320376826e-08,
  "diff_mu_aggregate": 0.3983871340751648,
  "diff_sigma_aggregate": 6.231522320376826e-08,
  "diff_mu_per_k": [
    0.39918166399002075,
    0.39942988753318787,
    0.39851585030555725,
    0.3984962999820709,
    0.3979417681694031,
    0.39706188440322876,
    0.39744874835014343,
    0.3970187306404114,
    0.3993339240550995,
    0.3992535173892975,
    0.39870670437812805,
    0.3993990421295166,
    0.39872947335243225,
    0.3987652063369751,
    0.3974224328994751,
    0.39748984575271606
  ],
  "diff_sigma_per_k": [
    4.732804370632948e-08,
    4.950958043536957e-08,
    5.477352971183791e-08,
    6.061405599666614e-08,
    6.683799114171052e-08,
    8.095652503925521e-08,
    7.642889698900035e-08,
    7.11253491658681e-08,
    5.530263536002167e-08,
    4.678899756527244e-08,
    4.289241317678716e-08,
    4.376066087274921e-08,
    5.041487582957416e-08,
    6.89833967726372e-08,
    7.694666237512138e-08,
    1.0437986475153593e-07
  ],
  "variance_collapse": false,
  "k_report_idx": {
    "k1": 0,
    "k8": 7,
    "k15": 14
  },
  "spec": {
    "kind": "baseline",
    "baseline_key": [
      0.5,
      19,
      256,
      16
    ],
    "params": {
      "period_P": 256,
      "manifold_dim_D": 16,
      "continuity_center": 19,
      "fidelity_F": 0.97,
      "magnitude_M": 0.0,
      "locality_L": 0.5
    },
    "L_d_main": 4,
    "seed": 19,
    "perk": true,
    "label": "base_loc0.5_c19_P256_D16_s19",
    "out_file": "/mnt/c/Users/Jason/Desktop/Eridos/Weft 2/v2/results/phase1/pilot_Ld4/_runs/base_loc0.5_c19_P256_D16_s19.json"
  }
}