{
  "label": "base_loc0.9_c472_P2048_D128_s8",
  "L_d_main": 4,
  "seed": 8,
  "wall_clock_s": 324.82,
  "steps_trained": 10000,
  "final_interval_loss": -2848.547995,
  "nan_inf": false,
  "still_descending": false,
  "stability_flag": "stable",
  "diff_mu": 0.013937900774180889,
  "diff_sigma": 3.690101557651815e-10,
  "diff_mu_aggregate": 0.013937900774180889,
  "diff_sigma_aggregate": 3.690101557651815e-10,
  "diff_mu_per_k": [
    0.013907748274505138,
    0.01403474435210228,
    0.013874299824237823,
    0.013915850780904293,
    0.01389166247099638,
    0.013957508839666843,
    0.014013919979333878,
    0.01390004437416792,
    0.013817176222801208,
    0.013821812346577644,
    0.014133326709270477,
    0.01389404758810997,
    0.013826876878738403,
    0.01388409174978733,
    0.014131949283182621,
    0.014001362025737762
  ],
  "diff_sigma_per_k": [
    3.6949257542495673e-10,
    4.0781750199059275e-10,
    4.08789002648291e-10,
    3.18674947541453e-10,
    2.806861132409466e-10,
    7.45501882448707e-10,
    3.3757022177560714e-10,
    2.86596718579446e-10,
    3.9121739181524617e-10,
    2.971452528477414e-10,
    3.550765792503796e-10,
    3.7451666767829295e-10,
    3.1756886009759455e-10,
    2.9806493384576527e-10,
    3.1431873770415564e-10,
    4.0112477228682053e-10
  ],
  "variance_collapse": true,
  "k_report_idx": {
    "k1": 0,
    "k8": 7,
    "k15": 14
  },
  "spec": {
    "kind": "baseline",
    "baseline_key": [
      0.9,
      472,
      2048,
      128
    ],
    "params": {
      "period_P": 2048,
      "manifold_dim_D": 128,
      "continuity_center": 472,
      "fidelity_F": 0.97,
      "magnitude_M": 0.0,
      "locality_L": 0.9
    },
    "L_d_main": 4,
    "seed": 8,
    "perk": true,
    "label": "base_loc0.9_c472_P2048_D128_s8",
    "out_file": "/mnt/c/Users/Jason/Desktop/Eridos/Weft 2/v2/results/phase1/pilot_Ld4/_runs/base_loc0.9_c472_P2048_D128_s8.json"
  }
}