{
  "label": "base_loc0.3_c3_P32_D4_s5",
  "L_d_main": 4,
  "seed": 5,
  "wall_clock_s": 325.63,
  "steps_trained": 10000,
  "final_interval_loss": -2792.639974,
  "nan_inf": false,
  "still_descending": false,
  "stability_flag": "stable",
  "diff_mu": 0.8767658472061157,
  "diff_sigma": 2.514022412469785e-07,
  "diff_mu_aggregate": 0.8767658472061157,
  "diff_sigma_aggregate": 2.514022412469785e-07,
  "diff_mu_per_k": [
    0.8678602576255798,
    0.8746408224105835,
    0.8732826113700867,
    0.8775578737258911,
    0.875765323638916,
    0.8768550157546997,
    0.8762227892875671,
    0.8779271841049194,
    0.8781886100769043,
    0.8697882890701294,
    0.8738335967063904,
    0.8792392015457153,
    0.8804082870483398,
    0.8740811347961426,
    0.8843724727630615,
    0.888230562210083
  ],
  "diff_sigma_per_k": [
    1.9067302048370038e-07,
    2.256836921787908e-07,
    2.31619949886408e-07,
    2.2682182532207662e-07,
    2.2131258958779654e-07,
    2.5433746486669406e-07,
    2.4684382537998317e-07,
    2.5174207962663786e-07,
    2.2890961304256052e-07,
    1.903993194218856e-07,
    2.3095650192317407e-07,
    2.3739480070616992e-07,
    2.8244684813216736e-07,
    2.770192395473714e-07,
    3.408366353596648e-07,
    3.8543859659512236e-07
  ],
  "variance_collapse": false,
  "k_report_idx": {
    "k1": 0,
    "k8": 7,
    "k15": 14
  },
  "spec": {
    "kind": "baseline",
    "baseline_key": [
      0.3,
      3,
      32,
      4
    ],
    "params": {
      "period_P": 32,
      "manifold_dim_D": 4,
      "continuity_center": 3,
      "fidelity_F": 0.97,
      "magnitude_M": 0.0,
      "locality_L": 0.3
    },
    "L_d_main": 4,
    "seed": 5,
    "perk": true,
    "label": "base_loc0.3_c3_P32_D4_s5",
    "out_file": "/mnt/c/Users/Jason/Desktop/Eridos/Weft 2/v2/results/phase1/pilot_Ld4/_runs/base_loc0.3_c3_P32_D4_s5.json"
  }
}