{
  "label": "base_loc0.5_c39_P256_D4_s2",
  "L_d_main": 4,
  "seed": 2,
  "wall_clock_s": 324.1,
  "steps_trained": 10000,
  "final_interval_loss": -2721.008462,
  "nan_inf": false,
  "still_descending": false,
  "stability_flag": "stable",
  "diff_mu": 0.10739152133464813,
  "diff_sigma": 3.449058993965082e-08,
  "diff_mu_aggregate": 0.10739152133464813,
  "diff_sigma_aggregate": 3.449058993965082e-08,
  "diff_mu_per_k": [
    0.1060737669467926,
    0.10655518621206284,
    0.10864845663309097,
    0.10773219913244247,
    0.10748312622308731,
    0.10699960589408875,
    0.10634397715330124,
    0.10662762075662613,
    0.10720802843570709,
    0.1085735484957695,
    0.10876397788524628,
    0.10861675441265106,
    0.1072293370962143,
    0.10688212513923645,
    0.10658648610115051,
    0.10794000327587128
  ],
  "diff_sigma_per_k": [
    2.91222068682373e-08,
    3.66838257548352e-08,
    3.99302280129632e-08,
    3.793675418251041e-08,
    3.7886842108036944e-08,
    3.5322784697200404e-08,
    2.9400593959394428e-08,
    3.212210231140489e-08,
    3.383954805258327e-08,
    3.652109015206406e-08,
    4.165259070987304e-08,
    3.1110669596046137e-08,
    3.1896743024617535e-08,
    3.039049190078913e-08,
    3.202797316248507e-08,
    3.600503362122254e-08
  ],
  "variance_collapse": false,
  "k_report_idx": {
    "k1": 0,
    "k8": 7,
    "k15": 14
  },
  "spec": {
    "kind": "baseline",
    "baseline_key": [
      0.5,
      39,
      256,
      4
    ],
    "params": {
      "period_P": 256,
      "manifold_dim_D": 4,
      "continuity_center": 39,
      "fidelity_F": 0.97,
      "magnitude_M": 0.0,
      "locality_L": 0.5
    },
    "L_d_main": 4,
    "seed": 2,
    "perk": true,
    "label": "base_loc0.5_c39_P256_D4_s2",
    "out_file": "/mnt/c/Users/Jason/Desktop/Eridos/Weft 2/v2/results/phase1/pilot_Ld4/_runs/base_loc0.5_c39_P256_D4_s2.json"
  }
}