{
  "label": "base_loc0.9_c472_P2048_D128_s17",
  "L_d_main": 4,
  "seed": 17,
  "wall_clock_s": 326.92,
  "steps_trained": 10000,
  "final_interval_loss": -2991.550629,
  "nan_inf": false,
  "still_descending": false,
  "stability_flag": "stable",
  "diff_mu": 0.00014816031034570187,
  "diff_sigma": 1.492773266109637e-10,
  "diff_mu_aggregate": 0.00014816031034570187,
  "diff_sigma_aggregate": 1.492773266109637e-10,
  "diff_mu_per_k": [
    0.00014865286357235163,
    0.00014872864994686097,
    0.00014827681297902018,
    0.0001465189561713487,
    0.0001480868086218834,
    0.0001483471569372341,
    0.0001491311122663319,
    0.00014819529314991087,
    0.00014822134107816964,
    0.00014901299437042326,
    0.00014749749971088022,
    0.0001470311835873872,
    0.0001487557456130162,
    0.00014709880633745342,
    0.0001470766874263063,
    0.0001499331701779738
  ],
  "diff_sigma_per_k": [
    1.5028933653127297e-10,
    1.6782346345944887e-10,
    1.4295120642771053e-10,
    1.5049783641529757e-10,
    1.6353798870660796e-10,
    1.4713347207262473e-10,
    1.68279751244782e-10,
    1.3507957252745229e-10,
    1.4148240912170706e-10,
    1.5421386390102043e-10,
    1.483202727303734e-10,
    1.5784865081691635e-10,
    1.3505109530687065e-10,
    1.3964303324787153e-10,
    1.3971764023512634e-10,
    1.4656754976360986e-10
  ],
  "variance_collapse": true,
  "k_report_idx": {
    "k1": 0,
    "k8": 7,
    "k15": 14
  },
  "spec": {
    "kind": "baseline",
    "baseline_key": [
      0.9,
      472,
      2048,
      128
    ],
    "params": {
      "period_P": 2048,
      "manifold_dim_D": 128,
      "continuity_center": 472,
      "fidelity_F": 0.97,
      "magnitude_M": 0.0,
      "locality_L": 0.9
    },
    "L_d_main": 4,
    "seed": 17,
    "perk": true,
    "label": "base_loc0.9_c472_P2048_D128_s17",
    "out_file": "/mnt/c/Users/Jason/Desktop/Eridos/Weft 2/v2/results/phase1/pilot_Ld4/_runs/base_loc0.9_c472_P2048_D128_s17.json"
  }
}