{
  "label": "base_loc0.3_c3_P32_D4_s16",
  "L_d_main": 4,
  "seed": 16,
  "wall_clock_s": 323.77,
  "steps_trained": 10000,
  "final_interval_loss": -2715.866068,
  "nan_inf": false,
  "still_descending": false,
  "stability_flag": "stable",
  "diff_mu": 0.25540891289711,
  "diff_sigma": 2.1263970495510875e-07,
  "diff_mu_aggregate": 0.25540891289711,
  "diff_sigma_aggregate": 2.1263970495510875e-07,
  "diff_mu_per_k": [
    0.2538345456123352,
    0.2548171579837799,
    0.25410374999046326,
    0.2529104948043823,
    0.2545982003211975,
    0.2552682161331177,
    0.2553834319114685,
    0.25725412368774414,
    0.2546067237854004,
    0.2545311450958252,
    0.2553398907184601,
    0.25586217641830444,
    0.2579800486564636,
    0.2556508183479309,
    0.2568663954734802,
    0.25753435492515564
  ],
  "diff_sigma_per_k": [
    1.7532853746615729e-07,
    1.4520846036703006e-07,
    1.8929740974726883e-07,
    1.7303477761743125e-07,
    1.7615067804399587e-07,
    2.3615875477389636e-07,
    1.7842009469859477e-07,
    1.7655617057243944e-07,
    1.7875370872388885e-07,
    1.9860620170675247e-07,
    2.1394049554146477e-07,
    2.0905845588004013e-07,
    2.319114145166168e-07,
    2.6647117579159385e-07,
    3.2463339039168204e-07,
    3.287056244971609e-07
  ],
  "variance_collapse": false,
  "k_report_idx": {
    "k1": 0,
    "k8": 7,
    "k15": 14
  },
  "spec": {
    "kind": "baseline",
    "baseline_key": [
      0.3,
      3,
      32,
      4
    ],
    "params": {
      "period_P": 32,
      "manifold_dim_D": 4,
      "continuity_center": 3,
      "fidelity_F": 0.97,
      "magnitude_M": 0.0,
      "locality_L": 0.3
    },
    "L_d_main": 4,
    "seed": 16,
    "perk": true,
    "label": "base_loc0.3_c3_P32_D4_s16",
    "out_file": "/mnt/c/Users/Jason/Desktop/Eridos/Weft 2/v2/results/phase1/pilot_Ld4/_runs/base_loc0.3_c3_P32_D4_s16.json"
  }
}