{
  "label": "base_loc0.5_c39_P256_D4_s17",
  "L_d_main": 4,
  "seed": 17,
  "wall_clock_s": 325.4,
  "steps_trained": 10000,
  "final_interval_loss": -2714.004428,
  "nan_inf": false,
  "still_descending": true,
  "stability_flag": "stable",
  "diff_mu": 0.07436837255954742,
  "diff_sigma": 8.552689223506604e-09,
  "diff_mu_aggregate": 0.07436837255954742,
  "diff_sigma_aggregate": 8.552689223506604e-09,
  "diff_mu_per_k": [
    0.07408098131418228,
    0.07419855892658234,
    0.07438784837722778,
    0.07456879317760468,
    0.07465842366218567,
    0.07516492158174515,
    0.07372947782278061,
    0.07436513900756836,
    0.07381422817707062,
    0.0745912417769432,
    0.07420342415571213,
    0.07418770343065262,
    0.07484067976474762,
    0.07445820420980453,
    0.07421281933784485,
    0.07443153858184814
  ],
  "diff_sigma_per_k": [
    7.145428693178246e-09,
    8.182476918250359e-09,
    9.323584571063748e-09,
    9.90478010720608e-09,
    1.06516351294772e-08,
    7.984922056891719e-09,
    8.019497066413805e-09,
    7.673062185631352e-09,
    8.88833451284654e-09,
    9.035534098700282e-09,
    9.571979653344442e-09,
    1.0077112477802075e-08,
    6.5733649634580615e-09,
    7.848679040023399e-09,
    7.842637650412598e-09,
    8.119990013710776e-09
  ],
  "variance_collapse": true,
  "k_report_idx": {
    "k1": 0,
    "k8": 7,
    "k15": 14
  },
  "spec": {
    "kind": "baseline",
    "baseline_key": [
      0.5,
      39,
      256,
      4
    ],
    "params": {
      "period_P": 256,
      "manifold_dim_D": 4,
      "continuity_center": 39,
      "fidelity_F": 0.97,
      "magnitude_M": 0.0,
      "locality_L": 0.5
    },
    "L_d_main": 4,
    "seed": 17,
    "perk": true,
    "label": "base_loc0.5_c39_P256_D4_s17",
    "out_file": "/mnt/c/Users/Jason/Desktop/Eridos/Weft 2/v2/results/phase1/pilot_Ld4/_runs/base_loc0.5_c39_P256_D4_s17.json"
  }
}