{
  "label": "base_loc0.5_c39_P256_D16_s0",
  "L_d_main": 4,
  "seed": 0,
  "wall_clock_s": 326.03,
  "steps_trained": 10000,
  "final_interval_loss": -2781.869965,
  "nan_inf": false,
  "still_descending": true,
  "stability_flag": "stable",
  "diff_mu": 0.1429988145828247,
  "diff_sigma": 1.6592312590546499e-07,
  "diff_mu_aggregate": 0.1429988145828247,
  "diff_sigma_aggregate": 1.6592312590546499e-07,
  "diff_mu_per_k": [
    0.14270882308483124,
    0.14330871403217316,
    0.14334489405155182,
    0.14362536370754242,
    0.14328137040138245,
    0.14408250153064728,
    0.14269044995307922,
    0.1422928124666214,
    0.14302745461463928,
    0.14332687854766846,
    0.14122307300567627,
    0.14438311755657196,
    0.1417907476425171,
    0.14261309802532196,
    0.1434876024723053,
    0.14279405772686005
  ],
  "diff_sigma_per_k": [
    1.520180603620247e-07,
    1.5423667321101675e-07,
    1.7689232834072754e-07,
    1.843957448954825e-07,
    1.5691665566919255e-07,
    1.6464187524434237e-07,
    1.669503859602628e-07,
    1.6370108824048657e-07,
    1.7530896911921445e-07,
    1.781934315658873e-07,
    1.596279162185965e-07,
    1.6058237406468834e-07,
    1.453296505360413e-07,
    1.6433564553608448e-07,
    1.827745279570081e-07,
    1.6886455966869107e-07
  ],
  "variance_collapse": false,
  "k_report_idx": {
    "k1": 0,
    "k8": 7,
    "k15": 14
  },
  "spec": {
    "kind": "baseline",
    "baseline_key": [
      0.5,
      39,
      256,
      16
    ],
    "params": {
      "period_P": 256,
      "manifold_dim_D": 16,
      "continuity_center": 39,
      "fidelity_F": 0.97,
      "magnitude_M": 0.0,
      "locality_L": 0.5
    },
    "L_d_main": 4,
    "seed": 0,
    "perk": true,
    "label": "base_loc0.5_c39_P256_D16_s0",
    "out_file": "/mnt/c/Users/Jason/Desktop/Eridos/Weft 2/v2/results/phase1/pilot_Ld4/_runs/base_loc0.5_c39_P256_D16_s0.json"
  }
}