{
  "label": "base_loc0.5_c19_P256_D16_s3",
  "L_d_main": 4,
  "seed": 3,
  "wall_clock_s": 324.22,
  "steps_trained": 10000,
  "final_interval_loss": -2970.051696,
  "nan_inf": false,
  "still_descending": false,
  "stability_flag": "stable",
  "diff_mu": 0.028715582564473152,
  "diff_sigma": 5.578167261433009e-08,
  "diff_mu_aggregate": 0.028715582564473152,
  "diff_sigma_aggregate": 5.578167261433009e-08,
  "diff_mu_per_k": [
    0.03457755222916603,
    0.03936925157904625,
    0.026739925146102905,
    0.024779750034213066,
    0.027932584285736084,
    0.033219899982213974,
    0.03278131037950516,
    0.028600266203284264,
    0.02636551670730114,
    0.02849103882908821,
    0.025509582832455635,
    0.026100000366568565,
    0.026842337101697922,
    0.024722306057810783,
    0.02754857763648033,
    0.0258694589138031
  ],
  "diff_sigma_per_k": [
    5.771607192173178e-08,
    2.818443363139522e-07,
    5.0127468398386554e-08,
    4.061606162508724e-08,
    5.367957456314798e-08,
    3.592950648112492e-08,
    3.8940598301451246e-08,
    2.2839367730398408e-08,
    1.9265185002836915e-08,
    1.976261110314681e-08,
    2.230291151761321e-08,
    2.9020625902376196e-08,
    3.337454401730611e-08,
    3.64584913370436e-08,
    6.780686589991092e-08,
    8.282255947733574e-08
  ],
  "variance_collapse": false,
  "k_report_idx": {
    "k1": 0,
    "k8": 7,
    "k15": 14
  },
  "spec": {
    "kind": "baseline",
    "baseline_key": [
      0.5,
      19,
      256,
      16
    ],
    "params": {
      "period_P": 256,
      "manifold_dim_D": 16,
      "continuity_center": 19,
      "fidelity_F": 0.97,
      "magnitude_M": 0.0,
      "locality_L": 0.5
    },
    "L_d_main": 4,
    "seed": 3,
    "perk": true,
    "label": "base_loc0.5_c19_P256_D16_s3",
    "out_file": "/mnt/c/Users/Jason/Desktop/Eridos/Weft 2/v2/results/phase1/pilot_Ld4/_runs/base_loc0.5_c19_P256_D16_s3.json"
  }
}