{
  "label": "base_loc0.5_c39_P256_D16_s13",
  "L_d_main": 4,
  "seed": 13,
  "wall_clock_s": 325.57,
  "steps_trained": 10000,
  "final_interval_loss": -2727.122177,
  "nan_inf": false,
  "still_descending": true,
  "stability_flag": "stable",
  "diff_mu": 0.13028958439826965,
  "diff_sigma": 2.422819633807194e-08,
  "diff_mu_aggregate": 0.13028958439826965,
  "diff_sigma_aggregate": 2.422819633807194e-08,
  "diff_mu_per_k": [
    0.13021546602249146,
    0.129817932844162,
    0.13082827627658844,
    0.13009195029735565,
    0.12993723154067993,
    0.1300295740365982,
    0.12991569936275482,
    0.12994661927223206,
    0.13081520795822144,
    0.13057155907154083,
    0.1304726004600525,
    0.13071443140506744,
    0.13031168282032013,
    0.13076572120189667,
    0.13035456836223602,
    0.1298450529575348
  ],
  "diff_sigma_per_k": [
    2.527928444351346e-08,
    2.5882744836280835e-08,
    2.5958724947372502e-08,
    2.1726437537950005e-08,
    2.300205892424856e-08,
    2.0093466446269304e-08,
    2.2849391712043143e-08,
    2.489526096383088e-08,
    2.71533533435786e-08,
    2.482541994197618e-08,
    2.4919264873801694e-08,
    2.3031546447782603e-08,
    1.9790482141957e-08,
    2.4673552090348494e-08,
    2.848445923575582e-08,
    2.5085688193371425e-08
  ],
  "variance_collapse": false,
  "k_report_idx": {
    "k1": 0,
    "k8": 7,
    "k15": 14
  },
  "spec": {
    "kind": "baseline",
    "baseline_key": [
      0.5,
      39,
      256,
      16
    ],
    "params": {
      "period_P": 256,
      "manifold_dim_D": 16,
      "continuity_center": 39,
      "fidelity_F": 0.97,
      "magnitude_M": 0.0,
      "locality_L": 0.5
    },
    "L_d_main": 4,
    "seed": 13,
    "perk": true,
    "label": "base_loc0.5_c39_P256_D16_s13",
    "out_file": "/mnt/c/Users/Jason/Desktop/Eridos/Weft 2/v2/results/phase1/pilot_Ld4/_runs/base_loc0.5_c39_P256_D16_s13.json"
  }
}