{
  "label": "base_loc0.5_c39_P256_D4_s10",
  "L_d_main": 4,
  "seed": 10,
  "wall_clock_s": 322.2,
  "steps_trained": 10000,
  "final_interval_loss": -2550.735838,
  "nan_inf": false,
  "still_descending": false,
  "stability_flag": "stable",
  "diff_mu": 1.0842393636703491,
  "diff_sigma": 1.4429460293285956e-07,
  "diff_mu_aggregate": 1.0842393636703491,
  "diff_sigma_aggregate": 1.4429460293285956e-07,
  "diff_mu_per_k": [
    1.0795886516571045,
    1.0866652727127075,
    1.0858869552612305,
    1.090558648109436,
    1.083013653755188,
    1.0845651626586914,
    1.0803309679031372,
    1.078401803970337,
    1.08388090133667,
    1.0902187824249268,
    1.088424563407898,
    1.083538293838501,
    1.0803216695785522,
    1.0818841457366943,
    1.0804474353790283,
    1.0901037454605103
  ],
  "diff_sigma_per_k": [
    1.3598092607480794e-07,
    1.454076965501372e-07,
    1.4037873086181207e-07,
    1.4560443162281445e-07,
    1.4634987621775508e-07,
    1.409172938338088e-07,
    1.4093107836288254e-07,
    1.3680484300948592e-07,
    1.374113196561666e-07,
    1.452374789323585e-07,
    1.4677368653792655e-07,
    1.5452616253242013e-07,
    1.32915289441371e-07,
    1.365061450542271e-07,
    1.7626609860599274e-07,
    1.467024901558034e-07
  ],
  "variance_collapse": false,
  "k_report_idx": {
    "k1": 0,
    "k8": 7,
    "k15": 14
  },
  "spec": {
    "kind": "baseline",
    "baseline_key": [
      0.5,
      39,
      256,
      4
    ],
    "params": {
      "period_P": 256,
      "manifold_dim_D": 4,
      "continuity_center": 39,
      "fidelity_F": 0.97,
      "magnitude_M": 0.0,
      "locality_L": 0.5
    },
    "L_d_main": 4,
    "seed": 10,
    "perk": true,
    "label": "base_loc0.5_c39_P256_D4_s10",
    "out_file": "/mnt/c/Users/Jason/Desktop/Eridos/Weft 2/v2/results/phase1/pilot_Ld4/_runs/base_loc0.5_c39_P256_D4_s10.json"
  }
}