{
  "label": "base_loc0.5_c19_P256_D16_s8",
  "L_d_main": 4,
  "seed": 8,
  "wall_clock_s": 327.42,
  "steps_trained": 10000,
  "final_interval_loss": -2922.609037,
  "nan_inf": false,
  "still_descending": false,
  "stability_flag": "stable",
  "diff_mu": 0.1292329579591751,
  "diff_sigma": 1.8279442315360939e-07,
  "diff_mu_aggregate": 0.1292329579591751,
  "diff_sigma_aggregate": 1.8279442315360939e-07,
  "diff_mu_per_k": [
    0.1284922957420349,
    0.12830299139022827,
    0.12941446900367737,
    0.13148583471775055,
    0.13153772056102753,
    0.1315411925315857,
    0.13201108574867249,
    0.12947353720664978,
    0.12813690304756165,
    0.12607967853546143,
    0.12514160573482513,
    0.12481340765953064,
    0.12727177143096924,
    0.12881097197532654,
    0.1312580555677414,
    0.13395580649375916
  ],
  "diff_sigma_per_k": [
    1.5278341436442133e-07,
    1.4070242571051494e-07,
    1.8471006058007333e-07,
    2.2293149015695235e-07,
    2.3991344733076403e-07,
    2.476011502494657e-07,
    2.57857323049393e-07,
    1.8016264391462755e-07,
    1.4678957427349815e-07,
    1.0802629191175583e-07,
    9.010304324874596e-08,
    8.642526694302433e-08,
    1.225373154056797e-07,
    1.67487428370805e-07,
    2.4497438744219835e-07,
    3.317054222407023e-07
  ],
  "variance_collapse": false,
  "k_report_idx": {
    "k1": 0,
    "k8": 7,
    "k15": 14
  },
  "spec": {
    "kind": "baseline",
    "baseline_key": [
      0.5,
      19,
      256,
      16
    ],
    "params": {
      "period_P": 256,
      "manifold_dim_D": 16,
      "continuity_center": 19,
      "fidelity_F": 0.97,
      "magnitude_M": 0.0,
      "locality_L": 0.5
    },
    "L_d_main": 4,
    "seed": 8,
    "perk": true,
    "label": "base_loc0.5_c19_P256_D16_s8",
    "out_file": "/mnt/c/Users/Jason/Desktop/Eridos/Weft 2/v2/results/phase1/pilot_Ld4/_runs/base_loc0.5_c19_P256_D16_s8.json"
  }
}