{
  "label": "base_loc0.5_c19_P256_D16_s13",
  "L_d_main": 4,
  "seed": 13,
  "wall_clock_s": 324.73,
  "steps_trained": 10000,
  "final_interval_loss": -2971.939273,
  "nan_inf": false,
  "still_descending": false,
  "stability_flag": "stable",
  "diff_mu": 0.030551524832844734,
  "diff_sigma": 4.4892431105836295e-08,
  "diff_mu_aggregate": 0.030551524832844734,
  "diff_sigma_aggregate": 4.4892431105836295e-08,
  "diff_mu_per_k": [
    0.058507222682237625,
    0.026028146967291832,
    0.016144374385476112,
    0.02240416407585144,
    0.014913956634700298,
    0.012912976555526257,
    0.031240474432706833,
    0.0304475836455822,
    0.03779422119259834,
    0.042572714388370514,
    0.041656363755464554,
    0.04633234441280365,
    0.0470610149204731,
    0.02191901206970215,
    0.019493184983730316,
    0.01939651556313038
  ],
  "diff_sigma_per_k": [
    6.829634457972134e-08,
    6.397872454044773e-08,
    3.645916013539363e-09,
    9.486061003372015e-08,
    4.6594297309354715e-09,
    3.794028202719346e-09,
    9.213650287165365e-09,
    4.524340013745132e-08,
    2.994994119376315e-08,
    3.570588802404018e-08,
    4.5036998130854045e-08,
    4.923090202169078e-08,
    5.498351995925077e-08,
    8.727707978550825e-08,
    5.006777570315535e-08,
    7.233467158584972e-08
  ],
  "variance_collapse": false,
  "k_report_idx": {
    "k1": 0,
    "k8": 7,
    "k15": 14
  },
  "spec": {
    "kind": "baseline",
    "baseline_key": [
      0.5,
      19,
      256,
      16
    ],
    "params": {
      "period_P": 256,
      "manifold_dim_D": 16,
      "continuity_center": 19,
      "fidelity_F": 0.97,
      "magnitude_M": 0.0,
      "locality_L": 0.5
    },
    "L_d_main": 4,
    "seed": 13,
    "perk": true,
    "label": "base_loc0.5_c19_P256_D16_s13",
    "out_file": "/mnt/c/Users/Jason/Desktop/Eridos/Weft 2/v2/results/phase1/pilot_Ld4/_runs/base_loc0.5_c19_P256_D16_s13.json"
  }
}