{
  "label": "base_loc0.5_c39_P256_D16_s15",
  "L_d_main": 4,
  "seed": 15,
  "wall_clock_s": 326.14,
  "steps_trained": 10000,
  "final_interval_loss": -2658.697991,
  "nan_inf": false,
  "still_descending": false,
  "stability_flag": "stable",
  "diff_mu": 0.6008684635162354,
  "diff_sigma": 7.795367906737738e-09,
  "diff_mu_aggregate": 0.6008684635162354,
  "diff_sigma_aggregate": 7.795367906737738e-09,
  "diff_mu_per_k": [
    0.6072508692741394,
    0.5982128977775574,
    0.6055819392204285,
    0.6028200387954712,
    0.5990881323814392,
    0.6023589372634888,
    0.5984933376312256,
    0.6021334528923035,
    0.5971617102622986,
    0.60013747215271,
    0.6033251285552979,
    0.5984329581260681,
    0.5980932116508484,
    0.5999312400817871,
    0.5986146330833435,
    0.6022575497627258
  ],
  "diff_sigma_per_k": [
    7.505716936861972e-09,
    7.530150725187923e-09,
    8.595568701252887e-09,
    8.782232718829164e-09,
    7.735246221329817e-09,
    7.384103106744533e-09,
    8.01246180515136e-09,
    8.625460345967895e-09,
    7.798219847643395e-09,
    8.300319542797752e-09,
    7.928011136471014e-09,
    6.995021006872548e-09,
    6.785786599294852e-09,
    8.277178054072465e-09,
    6.955733322655533e-09,
    7.514678657116747e-09
  ],
  "variance_collapse": true,
  "k_report_idx": {
    "k1": 0,
    "k8": 7,
    "k15": 14
  },
  "spec": {
    "kind": "baseline",
    "baseline_key": [
      0.5,
      39,
      256,
      16
    ],
    "params": {
      "period_P": 256,
      "manifold_dim_D": 16,
      "continuity_center": 39,
      "fidelity_F": 0.97,
      "magnitude_M": 0.0,
      "locality_L": 0.5
    },
    "L_d_main": 4,
    "seed": 15,
    "perk": true,
    "label": "base_loc0.5_c39_P256_D16_s15",
    "out_file": "/mnt/c/Users/Jason/Desktop/Eridos/Weft 2/v2/results/phase1/pilot_Ld4/_runs/base_loc0.5_c39_P256_D16_s15.json"
  }
}