{
  "label": "base_loc0.9_c472_P2048_D128_s0",
  "L_d_main": 4,
  "seed": 0,
  "wall_clock_s": 325.36,
  "steps_trained": 10000,
  "final_interval_loss": -2985.188075,
  "nan_inf": false,
  "still_descending": false,
  "stability_flag": "stable",
  "diff_mu": 0.0003118857566732913,
  "diff_sigma": 1.7253531936489708e-10,
  "diff_mu_aggregate": 0.0003118857566732913,
  "diff_sigma_aggregate": 1.7253531936489708e-10,
  "diff_mu_per_k": [
    0.00031071956618689,
    0.0003130283148493618,
    0.00031113243312574923,
    0.000309565948555246,
    0.00031236556242220104,
    0.0003151163400616497,
    0.000313743541482836,
    0.0003128332900814712,
    0.00031259001116268337,
    0.0003110583929810673,
    0.00031175147159956396,
    0.0003100535541307181,
    0.0003106404037680477,
    0.0003115482977591455,
    0.00031302266870625317,
    0.0003110024845227599
  ],
  "diff_sigma_per_k": [
    1.679815453403677e-10,
    1.872092064703068e-10,
    1.4865558783938582e-10,
    1.8452948891134469e-10,
    1.6080985154598437e-10,
    2.0373559783681827e-10,
    2.1470471234241728e-10,
    1.4871731623955498e-10,
    1.6967414973034778e-10,
    1.6058371299365604e-10,
    1.5877939241182304e-10,
    1.5920437190786174e-10,
    1.716223552161722e-10,
    1.6372216082860547e-10,
    1.9729071154550581e-10,
    1.6334504582271592e-10
  ],
  "variance_collapse": true,
  "k_report_idx": {
    "k1": 0,
    "k8": 7,
    "k15": 14
  },
  "spec": {
    "kind": "baseline",
    "baseline_key": [
      0.9,
      472,
      2048,
      128
    ],
    "params": {
      "period_P": 2048,
      "manifold_dim_D": 128,
      "continuity_center": 472,
      "fidelity_F": 0.97,
      "magnitude_M": 0.0,
      "locality_L": 0.9
    },
    "L_d_main": 4,
    "seed": 0,
    "perk": true,
    "label": "base_loc0.9_c472_P2048_D128_s0",
    "out_file": "/mnt/c/Users/Jason/Desktop/Eridos/Weft 2/v2/results/phase1/pilot_Ld4/_runs/base_loc0.9_c472_P2048_D128_s0.json"
  }
}