{
  "label": "base_loc0.5_c39_P256_D16_s11",
  "L_d_main": 4,
  "seed": 11,
  "wall_clock_s": 322.56,
  "steps_trained": 10000,
  "final_interval_loss": -2788.212111,
  "nan_inf": false,
  "still_descending": true,
  "stability_flag": "stable",
  "diff_mu": 0.21927563846111298,
  "diff_sigma": 6.151253728603479e-07,
  "diff_mu_aggregate": 0.21927563846111298,
  "diff_sigma_aggregate": 6.151253728603479e-07,
  "diff_mu_per_k": [
    0.21949702501296997,
    0.22134678065776825,
    0.21932339668273926,
    0.2197096049785614,
    0.2192969024181366,
    0.21868549287319183,
    0.21774302423000336,
    0.21888919174671173,
    0.22135107219219208,
    0.21783281862735748,
    0.21810567378997803,
    0.21831542253494263,
    0.21868827939033508,
    0.21804293990135193,
    0.22164851427078247,
    0.21993407607078552
  ],
  "diff_sigma_per_k": [
    5.946611736362684e-07,
    6.749838803443708e-07,
    5.955998290119169e-07,
    6.074921543586242e-07,
    5.754895369136648e-07,
    5.465715844366059e-07,
    5.752804668190947e-07,
    6.140797381704033e-07,
    6.955540925446257e-07,
    6.508054184450884e-07,
    5.564561433857307e-07,
    5.939738798588223e-07,
    6.292729040069389e-07,
    5.982570314699842e-07,
    6.810500963183586e-07,
    6.524784907924186e-07
  ],
  "variance_collapse": false,
  "k_report_idx": {
    "k1": 0,
    "k8": 7,
    "k15": 14
  },
  "spec": {
    "kind": "baseline",
    "baseline_key": [
      0.5,
      39,
      256,
      16
    ],
    "params": {
      "period_P": 256,
      "manifold_dim_D": 16,
      "continuity_center": 39,
      "fidelity_F": 0.97,
      "magnitude_M": 0.0,
      "locality_L": 0.5
    },
    "L_d_main": 4,
    "seed": 11,
    "perk": true,
    "label": "base_loc0.5_c39_P256_D16_s11",
    "out_file": "/mnt/c/Users/Jason/Desktop/Eridos/Weft 2/v2/results/phase1/pilot_Ld4/_runs/base_loc0.5_c39_P256_D16_s11.json"
  }
}