{
  "label": "base_loc0.9_c472_P2048_D128_s10",
  "L_d_main": 4,
  "seed": 10,
  "wall_clock_s": 323.87,
  "steps_trained": 10000,
  "final_interval_loss": -2972.088788,
  "nan_inf": false,
  "still_descending": false,
  "stability_flag": "stable",
  "diff_mu": 0.5790565013885498,
  "diff_sigma": 1.284853001770614e-09,
  "diff_mu_aggregate": 0.5790565013885498,
  "diff_sigma_aggregate": 1.284853001770614e-09,
  "diff_mu_per_k": [
    0.5805758237838745,
    0.5797789096832275,
    0.5793267488479614,
    0.574365496635437,
    0.5827420949935913,
    0.576581597328186,
    0.5833067297935486,
    0.5796664953231812,
    0.5766741633415222,
    0.5812885761260986,
    0.5792391300201416,
    0.5844577550888062,
    0.5729141235351562,
    0.5784314870834351,
    0.5786460041999817,
    0.5769091844558716
  ],
  "diff_sigma_per_k": [
    1.3435563772645764e-09,
    1.2110953351296416e-09,
    1.3600887083242696e-09,
    1.187642317823645e-09,
    1.3645564678199662e-09,
    1.2715308805866243e-09,
    1.3693736145015123e-09,
    1.4537582249118941e-09,
    1.1006618949593872e-09,
    1.4320397090372694e-09,
    1.2554136619158385e-09,
    1.371891822365967e-09,
    1.1478940020737127e-09,
    1.0516402193516683e-09,
    1.1739202943061855e-09,
    1.4625833877346395e-09
  ],
  "variance_collapse": true,
  "k_report_idx": {
    "k1": 0,
    "k8": 7,
    "k15": 14
  },
  "spec": {
    "kind": "baseline",
    "baseline_key": [
      0.9,
      472,
      2048,
      128
    ],
    "params": {
      "period_P": 2048,
      "manifold_dim_D": 128,
      "continuity_center": 472,
      "fidelity_F": 0.97,
      "magnitude_M": 0.0,
      "locality_L": 0.9
    },
    "L_d_main": 4,
    "seed": 10,
    "perk": true,
    "label": "base_loc0.9_c472_P2048_D128_s10",
    "out_file": "/mnt/c/Users/Jason/Desktop/Eridos/Weft 2/v2/results/phase1/pilot_Ld4/_runs/base_loc0.9_c472_P2048_D128_s10.json"
  }
}