{
  "label": "base_loc0.3_c3_P32_D4_s17",
  "L_d_main": 4,
  "seed": 17,
  "wall_clock_s": 323.3,
  "steps_trained": 10000,
  "final_interval_loss": -2762.809083,
  "nan_inf": false,
  "still_descending": false,
  "stability_flag": "stable",
  "diff_mu": 0.5721770524978638,
  "diff_sigma": 5.142411282577086e-06,
  "diff_mu_aggregate": 0.5721770524978638,
  "diff_sigma_aggregate": 5.142411282577086e-06,
  "diff_mu_per_k": [
    0.5719968676567078,
    0.574289083480835,
    0.5737364292144775,
    0.570383608341217,
    0.571056604385376,
    0.5729026794433594,
    0.5738596320152283,
    0.5745301246643066,
    0.5719618201255798,
    0.5773440003395081,
    0.5717381834983826,
    0.5737522840499878,
    0.5689748525619507,
    0.5723015069961548,
    0.567318320274353,
    0.5686864852905273
  ],
  "diff_sigma_per_k": [
    5.051326297689229e-06,
    4.369358975964133e-06,
    4.290093784220517e-06,
    4.656722467188956e-06,
    4.539612746157218e-06,
    4.640836777980439e-06,
    4.568831172946375e-06,
    4.605074991559377e-06,
    5.09390474690008e-06,
    4.521444225247251e-06,
    5.170252734387759e-06,
    4.903055014437996e-06,
    4.9381833377992734e-06,
    6.218884664122015e-06,
    6.639967978117056e-06,
    8.071035153989214e-06
  ],
  "variance_collapse": false,
  "k_report_idx": {
    "k1": 0,
    "k8": 7,
    "k15": 14
  },
  "spec": {
    "kind": "baseline",
    "baseline_key": [
      0.3,
      3,
      32,
      4
    ],
    "params": {
      "period_P": 32,
      "manifold_dim_D": 4,
      "continuity_center": 3,
      "fidelity_F": 0.97,
      "magnitude_M": 0.0,
      "locality_L": 0.3
    },
    "L_d_main": 4,
    "seed": 17,
    "perk": true,
    "label": "base_loc0.3_c3_P32_D4_s17",
    "out_file": "/mnt/c/Users/Jason/Desktop/Eridos/Weft 2/v2/results/phase1/pilot_Ld4/_runs/base_loc0.3_c3_P32_D4_s17.json"
  }
}