{
  "label": "base_loc0.5_c19_P256_D16_s5",
  "L_d_main": 4,
  "seed": 5,
  "wall_clock_s": 324.58,
  "steps_trained": 10000,
  "final_interval_loss": -2934.854876,
  "nan_inf": false,
  "still_descending": false,
  "stability_flag": "stable",
  "diff_mu": 0.32665160298347473,
  "diff_sigma": 2.062442945316434e-07,
  "diff_mu_aggregate": 0.32665160298347473,
  "diff_sigma_aggregate": 2.062442945316434e-07,
  "diff_mu_per_k": [
    0.3290661573410034,
    0.32699060440063477,
    0.3283161222934723,
    0.32697662711143494,
    0.325978547334671,
    0.3247087895870209,
    0.32303091883659363,
    0.3291341960430145,
    0.32639363408088684,
    0.32937464118003845,
    0.32811200618743896,
    0.32987457513809204,
    0.328879714012146,
    0.32654938101768494,
    0.32136014103889465,
    0.3216798007488251
  ],
  "diff_sigma_per_k": [
    2.016531226445295e-07,
    1.652321230949383e-07,
    1.574455126274188e-07,
    2.224732043032418e-07,
    2.3204223964512494e-07,
    2.5552623128533014e-07,
    2.2384200804026477e-07,
    2.1823532847520255e-07,
    1.860206282344734e-07,
    1.7124698103998526e-07,
    1.1737433425196286e-07,
    1.579326465162012e-07,
    1.597941263753455e-07,
    2.161970513725464e-07,
    2.5826221872193855e-07,
    3.5663089192894404e-07
  ],
  "variance_collapse": false,
  "k_report_idx": {
    "k1": 0,
    "k8": 7,
    "k15": 14
  },
  "spec": {
    "kind": "baseline",
    "baseline_key": [
      0.5,
      19,
      256,
      16
    ],
    "params": {
      "period_P": 256,
      "manifold_dim_D": 16,
      "continuity_center": 19,
      "fidelity_F": 0.97,
      "magnitude_M": 0.0,
      "locality_L": 0.5
    },
    "L_d_main": 4,
    "seed": 5,
    "perk": true,
    "label": "base_loc0.5_c19_P256_D16_s5",
    "out_file": "/mnt/c/Users/Jason/Desktop/Eridos/Weft 2/v2/results/phase1/pilot_Ld4/_runs/base_loc0.5_c19_P256_D16_s5.json"
  }
}