{
  "label": "base_loc0.3_c3_P32_D4_s2",
  "L_d_main": 4,
  "seed": 2,
  "wall_clock_s": 325.91,
  "steps_trained": 10000,
  "final_interval_loss": -2697.817256,
  "nan_inf": false,
  "still_descending": false,
  "stability_flag": "stable",
  "diff_mu": 1.8340929746627808,
  "diff_sigma": 1.4532680552292732e-06,
  "diff_mu_aggregate": 1.8340929746627808,
  "diff_sigma_aggregate": 1.4532680552292732e-06,
  "diff_mu_per_k": [
    1.8265174627304077,
    1.8334603309631348,
    1.836755394935608,
    1.826215386390686,
    1.8324832916259766,
    1.8356660604476929,
    1.8250651359558105,
    1.8233249187469482,
    1.8269199132919312,
    1.8247709274291992,
    1.8357993364334106,
    1.8370728492736816,
    1.8331598043441772,
    1.849583625793457,
    1.851511836051941,
    1.8471801280975342
  ],
  "diff_sigma_per_k": [
    1.2172789638498216e-06,
    1.407700892741559e-06,
    1.3997308769830852e-06,
    1.2933277275806176e-06,
    1.4599346513932687e-06,
    1.3696444511879236e-06,
    1.2686291483987588e-06,
    1.2388424011078314e-06,
    1.350958768853161e-06,
    1.2047640893797507e-06,
    1.3670704674950684e-06,
    1.5067932963575004e-06,
    1.5456483879461302e-06,
    1.7220171457665856e-06,
    1.8759891418085317e-06,
    2.023957449637237e-06
  ],
  "variance_collapse": false,
  "k_report_idx": {
    "k1": 0,
    "k8": 7,
    "k15": 14
  },
  "spec": {
    "kind": "baseline",
    "baseline_key": [
      0.3,
      3,
      32,
      4
    ],
    "params": {
      "period_P": 32,
      "manifold_dim_D": 4,
      "continuity_center": 3,
      "fidelity_F": 0.97,
      "magnitude_M": 0.0,
      "locality_L": 0.3
    },
    "L_d_main": 4,
    "seed": 2,
    "perk": true,
    "label": "base_loc0.3_c3_P32_D4_s2",
    "out_file": "/mnt/c/Users/Jason/Desktop/Eridos/Weft 2/v2/results/phase1/pilot_Ld4/_runs/base_loc0.3_c3_P32_D4_s2.json"
  }
}