{
  "label": "base_loc0.5_c19_P256_D16_s10",
  "L_d_main": 4,
  "seed": 10,
  "wall_clock_s": 328.8,
  "steps_trained": 10000,
  "final_interval_loss": -2974.734375,
  "nan_inf": false,
  "still_descending": false,
  "stability_flag": "stable",
  "diff_mu": 0.07003134489059448,
  "diff_sigma": 6.643823553531547e-07,
  "diff_mu_aggregate": 0.07003134489059448,
  "diff_sigma_aggregate": 6.643823553531547e-07,
  "diff_mu_per_k": [
    0.06994878500699997,
    0.07044018059968948,
    0.06968406587839127,
    0.06977301836013794,
    0.07028018683195114,
    0.06977400183677673,
    0.07057223469018936,
    0.07016530632972717,
    0.06994041800498962,
    0.06983161717653275,
    0.06994546204805374,
    0.06975200772285461,
    0.06979228556156158,
    0.07030270993709564,
    0.07002025097608566,
    0.07027889788150787
  ],
  "diff_sigma_per_k": [
    5.769360313934158e-07,
    5.591716671915492e-07,
    6.14576435964409e-07,
    6.732724955327285e-07,
    7.56224778797332e-07,
    8.634427786091692e-07,
    6.360703537211521e-07,
    6.272787800298829e-07,
    5.51365928913583e-07,
    5.142439931660192e-07,
    4.787459033650521e-07,
    5.523482968783355e-07,
    5.189301646169042e-07,
    6.943698167560797e-07,
    9.667144240665948e-07,
    1.0464260640219436e-06
  ],
  "variance_collapse": false,
  "k_report_idx": {
    "k1": 0,
    "k8": 7,
    "k15": 14
  },
  "spec": {
    "kind": "baseline",
    "baseline_key": [
      0.5,
      19,
      256,
      16
    ],
    "params": {
      "period_P": 256,
      "manifold_dim_D": 16,
      "continuity_center": 19,
      "fidelity_F": 0.97,
      "magnitude_M": 0.0,
      "locality_L": 0.5
    },
    "L_d_main": 4,
    "seed": 10,
    "perk": true,
    "label": "base_loc0.5_c19_P256_D16_s10",
    "out_file": "/mnt/c/Users/Jason/Desktop/Eridos/Weft 2/v2/results/phase1/pilot_Ld4/_runs/base_loc0.5_c19_P256_D16_s10.json"
  }
}