{
  "label": "base_loc0.5_c39_P256_D4_s15",
  "L_d_main": 4,
  "seed": 15,
  "wall_clock_s": 323.8,
  "steps_trained": 10000,
  "final_interval_loss": -2771.498959,
  "nan_inf": false,
  "still_descending": true,
  "stability_flag": "stable",
  "diff_mu": 0.5839875936508179,
  "diff_sigma": 2.2273040301001856e-08,
  "diff_mu_aggregate": 0.5839875936508179,
  "diff_sigma_aggregate": 2.2273040301001856e-08,
  "diff_mu_per_k": [
    0.585931122303009,
    0.585209846496582,
    0.5815027952194214,
    0.5836952328681946,
    0.584082305431366,
    0.5832973122596741,
    0.5828104615211487,
    0.5828909277915955,
    0.5870697498321533,
    0.5879812836647034,
    0.5816982388496399,
    0.5843676328659058,
    0.5838377475738525,
    0.5840415954589844,
    0.584079384803772,
    0.5813055634498596
  ],
  "diff_sigma_per_k": [
    2.0981982373768915e-08,
    2.0128473110503364e-08,
    2.2406792865581338e-08,
    2.423225176073629e-08,
    2.434542700768816e-08,
    2.1800369509605844e-08,
    2.017794464848066e-08,
    2.569195878265873e-08,
    2.4277234444980422e-08,
    2.2664915277914588e-08,
    2.3664565418357597e-08,
    2.1578753006679108e-08,
    1.8315082783715297e-08,
    1.9713551679956254e-08,
    2.057426939927609e-08,
    2.581508340426808e-08
  ],
  "variance_collapse": false,
  "k_report_idx": {
    "k1": 0,
    "k8": 7,
    "k15": 14
  },
  "spec": {
    "kind": "baseline",
    "baseline_key": [
      0.5,
      39,
      256,
      4
    ],
    "params": {
      "period_P": 256,
      "manifold_dim_D": 4,
      "continuity_center": 39,
      "fidelity_F": 0.97,
      "magnitude_M": 0.0,
      "locality_L": 0.5
    },
    "L_d_main": 4,
    "seed": 15,
    "perk": true,
    "label": "base_loc0.5_c39_P256_D4_s15",
    "out_file": "/mnt/c/Users/Jason/Desktop/Eridos/Weft 2/v2/results/phase1/pilot_Ld4/_runs/base_loc0.5_c39_P256_D4_s15.json"
  }
}