{
  "label": "base_loc0.5_c39_P256_D4_s16",
  "L_d_main": 4,
  "seed": 16,
  "wall_clock_s": 324.96,
  "steps_trained": 10000,
  "final_interval_loss": -2745.687105,
  "nan_inf": false,
  "still_descending": true,
  "stability_flag": "stable",
  "diff_mu": 0.05019780993461609,
  "diff_sigma": 4.364083849850431e-08,
  "diff_mu_aggregate": 0.05019780993461609,
  "diff_sigma_aggregate": 4.364083849850431e-08,
  "diff_mu_per_k": [
    0.04967459291219711,
    0.04963766038417816,
    0.05109745264053345,
    0.05000505968928337,
    0.05043473839759827,
    0.05065421760082245,
    0.05022348463535309,
    0.05023301765322685,
    0.05022794008255005,
    0.05030078440904617,
    0.05038278549909592,
    0.0499434731900692,
    0.04996781796216965,
    0.05013333261013031,
    0.04985523223876953,
    0.050393346697092056
  ],
  "diff_sigma_per_k": [
    3.974622941882444e-08,
    3.752957766778309e-08,
    4.595213098923523e-08,
    5.2121311711061935e-08,
    4.8492921678189305e-08,
    4.5222076749951157e-08,
    3.748965227146073e-08,
    3.3076442917945315e-08,
    4.002026088301136e-08,
    5.0902514203698956e-08,
    5.252769952335257e-08,
    3.906009027332402e-08,
    3.620136723725409e-08,
    4.361717387268982e-08,
    4.6712624879319264e-08,
    4.958138077881813e-08
  ],
  "variance_collapse": false,
  "k_report_idx": {
    "k1": 0,
    "k8": 7,
    "k15": 14
  },
  "spec": {
    "kind": "baseline",
    "baseline_key": [
      0.5,
      39,
      256,
      4
    ],
    "params": {
      "period_P": 256,
      "manifold_dim_D": 4,
      "continuity_center": 39,
      "fidelity_F": 0.97,
      "magnitude_M": 0.0,
      "locality_L": 0.5
    },
    "L_d_main": 4,
    "seed": 16,
    "perk": true,
    "label": "base_loc0.5_c39_P256_D4_s16",
    "out_file": "/mnt/c/Users/Jason/Desktop/Eridos/Weft 2/v2/results/phase1/pilot_Ld4/_runs/base_loc0.5_c39_P256_D4_s16.json"
  }
}