{
  "label": "base_loc0.3_c3_P32_D4_s8",
  "L_d_main": 4,
  "seed": 8,
  "wall_clock_s": 327.61,
  "steps_trained": 10000,
  "final_interval_loss": -2861.947111,
  "nan_inf": false,
  "still_descending": false,
  "stability_flag": "stable",
  "diff_mu": 0.10853476077318192,
  "diff_sigma": 9.4673275441437e-08,
  "diff_mu_aggregate": 0.10853476077318192,
  "diff_sigma_aggregate": 9.4673275441437e-08,
  "diff_mu_per_k": [
    0.10822631418704987,
    0.10794563591480255,
    0.10768448561429977,
    0.10747762769460678,
    0.10790064185857773,
    0.10806597769260406,
    0.10895548015832901,
    0.1079992800951004,
    0.10826509445905685,
    0.10865713655948639,
    0.1087687537074089,
    0.1091609075665474,
    0.10864914208650589,
    0.10885321348905563,
    0.1102999746799469,
    0.10964640229940414
  ],
  "diff_sigma_per_k": [
    8.861084666023089e-08,
    7.892284514809944e-08,
    6.094265359024575e-08,
    6.359901050245753e-08,
    7.342531205267733e-08,
    8.492215641808798e-08,
    9.11298130290561e-08,
    8.603716850075216e-08,
    9.539142808989709e-08,
    9.74418270516253e-08,
    8.225278236295708e-08,
    9.691578384263266e-08,
    1.0425955565551703e-07,
    1.1869656901808412e-07,
    1.4600800568587147e-07,
    1.462166778765095e-07
  ],
  "variance_collapse": false,
  "k_report_idx": {
    "k1": 0,
    "k8": 7,
    "k15": 14
  },
  "spec": {
    "kind": "baseline",
    "baseline_key": [
      0.3,
      3,
      32,
      4
    ],
    "params": {
      "period_P": 32,
      "manifold_dim_D": 4,
      "continuity_center": 3,
      "fidelity_F": 0.97,
      "magnitude_M": 0.0,
      "locality_L": 0.3
    },
    "L_d_main": 4,
    "seed": 8,
    "perk": true,
    "label": "base_loc0.3_c3_P32_D4_s8",
    "out_file": "/mnt/c/Users/Jason/Desktop/Eridos/Weft 2/v2/results/phase1/pilot_Ld4/_runs/base_loc0.3_c3_P32_D4_s8.json"
  }
}