{
  "label": "base_loc0.5_c39_P256_D16_s2",
  "L_d_main": 4,
  "seed": 2,
  "wall_clock_s": 325.2,
  "steps_trained": 10000,
  "final_interval_loss": -2352.291017,
  "nan_inf": false,
  "still_descending": false,
  "stability_flag": "stable",
  "diff_mu": 0.1778615266084671,
  "diff_sigma": 5.291406779406316e-08,
  "diff_mu_aggregate": 0.1778615266084671,
  "diff_sigma_aggregate": 5.291406779406316e-08,
  "diff_mu_per_k": [
    0.17676563560962677,
    0.17798079550266266,
    0.1793365627527237,
    0.1784759908914566,
    0.17742684483528137,
    0.17655836045742035,
    0.17798373103141785,
    0.1782684028148651,
    0.17769163846969604,
    0.17700669169425964,
    0.1777144819498062,
    0.17853058874607086,
    0.17850056290626526,
    0.1776847094297409,
    0.17777684330940247,
    0.17808252573013306
  ],
  "diff_sigma_per_k": [
    4.742552306424841e-08,
    5.817817694264704e-08,
    6.61916530475537e-08,
    5.3431858049179937e-08,
    5.5607323190542957e-08,
    4.5036166795853205e-08,
    5.023569826789753e-08,
    4.918834051181875e-08,
    5.6259910508060784e-08,
    5.238776878968565e-08,
    5.621338772243689e-08,
    4.757793803378263e-08,
    5.14279356877978e-08,
    5.739134323334838e-08,
    4.846147660941824e-08,
    5.161056648717022e-08
  ],
  "variance_collapse": false,
  "k_report_idx": {
    "k1": 0,
    "k8": 7,
    "k15": 14
  },
  "spec": {
    "kind": "baseline",
    "baseline_key": [
      0.5,
      39,
      256,
      16
    ],
    "params": {
      "period_P": 256,
      "manifold_dim_D": 16,
      "continuity_center": 39,
      "fidelity_F": 0.97,
      "magnitude_M": 0.0,
      "locality_L": 0.5
    },
    "L_d_main": 4,
    "seed": 2,
    "perk": true,
    "label": "base_loc0.5_c39_P256_D16_s2",
    "out_file": "/mnt/c/Users/Jason/Desktop/Eridos/Weft 2/v2/results/phase1/pilot_Ld4/_runs/base_loc0.5_c39_P256_D16_s2.json"
  }
}