{
  "label": "base_loc0.5_c39_P256_D4_s18",
  "L_d_main": 4,
  "seed": 18,
  "wall_clock_s": 327.68,
  "steps_trained": 10000,
  "final_interval_loss": -2714.770043,
  "nan_inf": false,
  "still_descending": false,
  "stability_flag": "stable",
  "diff_mu": 0.32413455843925476,
  "diff_sigma": 3.407328463822523e-08,
  "diff_mu_aggregate": 0.32413455843925476,
  "diff_sigma_aggregate": 3.407328463822523e-08,
  "diff_mu_per_k": [
    0.32287630438804626,
    0.3251612186431885,
    0.32630306482315063,
    0.32814857363700867,
    0.3239871561527252,
    0.3266327977180481,
    0.32137855887413025,
    0.3217293918132782,
    0.3239559233188629,
    0.32699376344680786,
    0.3263905346393585,
    0.32440638542175293,
    0.3232958912849426,
    0.32023295760154724,
    0.3187667727470398,
    0.3258938491344452
  ],
  "diff_sigma_per_k": [
    2.7897685939137773e-08,
    3.3263127363625244e-08,
    3.85952141357393e-08,
    4.6689283550449545e-08,
    3.157094852213049e-08,
    4.427993616218373e-08,
    2.5330935571332702e-08,
    2.6219771243063406e-08,
    3.1405939182604925e-08,
    5.10379827289853e-08,
    3.6039100592688555e-08,
    3.580720076001853e-08,
    2.893344763776895e-08,
    2.4518195473888227e-08,
    2.4115628605159145e-08,
    3.946814786104369e-08
  ],
  "variance_collapse": false,
  "k_report_idx": {
    "k1": 0,
    "k8": 7,
    "k15": 14
  },
  "spec": {
    "kind": "baseline",
    "baseline_key": [
      0.5,
      39,
      256,
      4
    ],
    "params": {
      "period_P": 256,
      "manifold_dim_D": 4,
      "continuity_center": 39,
      "fidelity_F": 0.97,
      "magnitude_M": 0.0,
      "locality_L": 0.5
    },
    "L_d_main": 4,
    "seed": 18,
    "perk": true,
    "label": "base_loc0.5_c39_P256_D4_s18",
    "out_file": "/mnt/c/Users/Jason/Desktop/Eridos/Weft 2/v2/results/phase1/pilot_Ld4/_runs/base_loc0.5_c39_P256_D4_s18.json"
  }
}