{
  "label": "base_loc0.5_c39_P256_D4_s13",
  "L_d_main": 4,
  "seed": 13,
  "wall_clock_s": 322.96,
  "steps_trained": 10000,
  "final_interval_loss": -2732.507216,
  "nan_inf": false,
  "still_descending": true,
  "stability_flag": "stable",
  "diff_mu": 0.03588007390499115,
  "diff_sigma": 2.948197463936708e-09,
  "diff_mu_aggregate": 0.03588007390499115,
  "diff_sigma_aggregate": 2.948197463936708e-09,
  "diff_mu_per_k": [
    0.035788945853710175,
    0.03551599383354187,
    0.036010488867759705,
    0.03584534674882889,
    0.036193955689668655,
    0.03585202246904373,
    0.035811882466077805,
    0.035899724811315536,
    0.035940982401371,
    0.03597920387983322,
    0.03610900416970253,
    0.03600864112377167,
    0.03571958467364311,
    0.035712532699108124,
    0.03585149720311165,
    0.0358414389193058
  ],
  "diff_sigma_per_k": [
    2.612729366191502e-09,
    2.2764763407678856e-09,
    3.2819360562541533e-09,
    2.7995399332070292e-09,
    3.7437972721932056e-09,
    2.9642379661964924e-09,
    2.757233774630663e-09,
    2.662230658145859e-09,
    3.0372553361246446e-09,
    3.3841394131428615e-09,
    3.3906490948254486e-09,
    3.0870228595603066e-09,
    2.8566571330657098e-09,
    2.4778759044608023e-09,
    2.9946340962538898e-09,
    2.8447446620560868e-09
  ],
  "variance_collapse": true,
  "k_report_idx": {
    "k1": 0,
    "k8": 7,
    "k15": 14
  },
  "spec": {
    "kind": "baseline",
    "baseline_key": [
      0.5,
      39,
      256,
      4
    ],
    "params": {
      "period_P": 256,
      "manifold_dim_D": 4,
      "continuity_center": 39,
      "fidelity_F": 0.97,
      "magnitude_M": 0.0,
      "locality_L": 0.5
    },
    "L_d_main": 4,
    "seed": 13,
    "perk": true,
    "label": "base_loc0.5_c39_P256_D4_s13",
    "out_file": "/mnt/c/Users/Jason/Desktop/Eridos/Weft 2/v2/results/phase1/pilot_Ld4/_runs/base_loc0.5_c39_P256_D4_s13.json"
  }
}