{
  "label": "base_loc0.5_c19_P256_D16_s9",
  "L_d_main": 4,
  "seed": 9,
  "wall_clock_s": 326.75,
  "steps_trained": 10000,
  "final_interval_loss": -2977.532227,
  "nan_inf": false,
  "still_descending": false,
  "stability_flag": "stable",
  "diff_mu": 0.014177738688886166,
  "diff_sigma": 4.930769570421489e-09,
  "diff_mu_aggregate": 0.014177738688886166,
  "diff_sigma_aggregate": 4.930769570421489e-09,
  "diff_mu_per_k": [
    0.017156103625893593,
    0.011095202527940273,
    0.009492763318121433,
    0.02198895812034607,
    0.02256905660033226,
    0.00908485148102045,
    0.009209093637764454,
    0.010150960646569729,
    0.00943125132471323,
    0.009266012348234653,
    0.020226772874593735,
    0.018518732860684395,
    0.01763269491493702,
    0.012756286188960075,
    0.015847142785787582,
    0.012417972087860107
  ],
  "diff_sigma_per_k": [
    1.5799555441731172e-08,
    6.602686841716832e-09,
    4.358815086646928e-09,
    2.5258661828786444e-09,
    3.2783664671853785e-09,
    1.7024229803652702e-09,
    1.4584288221541897e-09,
    1.4916700097344915e-09,
    1.7320423983946398e-09,
    2.266689724805815e-09,
    3.951787341804902e-09,
    3.2603499899863664e-09,
    4.016279309126958e-09,
    1.0831633368013627e-08,
    1.2009144789715265e-08,
    3.6065723740819067e-09
  ],
  "variance_collapse": true,
  "k_report_idx": {
    "k1": 0,
    "k8": 7,
    "k15": 14
  },
  "spec": {
    "kind": "baseline",
    "baseline_key": [
      0.5,
      19,
      256,
      16
    ],
    "params": {
      "period_P": 256,
      "manifold_dim_D": 16,
      "continuity_center": 19,
      "fidelity_F": 0.97,
      "magnitude_M": 0.0,
      "locality_L": 0.5
    },
    "L_d_main": 4,
    "seed": 9,
    "perk": true,
    "label": "base_loc0.5_c19_P256_D16_s9",
    "out_file": "/mnt/c/Users/Jason/Desktop/Eridos/Weft 2/v2/results/phase1/pilot_Ld4/_runs/base_loc0.5_c19_P256_D16_s9.json"
  }
}