{
  "label": "base_loc0.5_c19_P256_D16_s2",
  "L_d_main": 4,
  "seed": 2,
  "wall_clock_s": 325.51,
  "steps_trained": 10000,
  "final_interval_loss": -2970.429776,
  "nan_inf": false,
  "still_descending": false,
  "stability_flag": "stable",
  "diff_mu": 0.1977636218070984,
  "diff_sigma": 1.5656462792890125e-08,
  "diff_mu_aggregate": 0.1977636218070984,
  "diff_sigma_aggregate": 1.5656462792890125e-08,
  "diff_mu_per_k": [
    0.19711878895759583,
    0.19685252010822296,
    0.19840575754642487,
    0.19817587733268738,
    0.2002420574426651,
    0.19891376793384552,
    0.19720792770385742,
    0.1976713389158249,
    0.19702988862991333,
    0.19632169604301453,
    0.19620725512504578,
    0.19555692374706268,
    0.19599752128124237,
    0.19774918258190155,
    0.1998022049665451,
    0.20096540451049805
  ],
  "diff_sigma_per_k": [
    1.2714262531687837e-08,
    1.2794112436154137e-08,
    1.5187126223281666e-08,
    1.581825515017954e-08,
    2.205669424881762e-08,
    2.173909763314441e-08,
    1.805813809596657e-08,
    1.560073137341078e-08,
    1.2545880778702667e-08,
    1.004884175870302e-08,
    8.862690137334539e-09,
    9.230425312978241e-09,
    8.974016196816592e-09,
    1.9381820592911936e-08,
    2.0320486626701495e-08,
    2.717080604952571e-08
  ],
  "variance_collapse": false,
  "k_report_idx": {
    "k1": 0,
    "k8": 7,
    "k15": 14
  },
  "spec": {
    "kind": "baseline",
    "baseline_key": [
      0.5,
      19,
      256,
      16
    ],
    "params": {
      "period_P": 256,
      "manifold_dim_D": 16,
      "continuity_center": 19,
      "fidelity_F": 0.97,
      "magnitude_M": 0.0,
      "locality_L": 0.5
    },
    "L_d_main": 4,
    "seed": 2,
    "perk": true,
    "label": "base_loc0.5_c19_P256_D16_s2",
    "out_file": "/mnt/c/Users/Jason/Desktop/Eridos/Weft 2/v2/results/phase1/pilot_Ld4/_runs/base_loc0.5_c19_P256_D16_s2.json"
  }
}