{
  "label": "base_loc0.5_c39_P256_D16_s1",
  "L_d_main": 4,
  "seed": 1,
  "wall_clock_s": 324.47,
  "steps_trained": 10000,
  "final_interval_loss": -2829.150227,
  "nan_inf": false,
  "still_descending": true,
  "stability_flag": "stable",
  "diff_mu": 0.23335584998130798,
  "diff_sigma": 1.7156150278196947e-08,
  "diff_mu_aggregate": 0.23335584998130798,
  "diff_sigma_aggregate": 1.7156150278196947e-08,
  "diff_mu_per_k": [
    0.23261699080467224,
    0.23315928876399994,
    0.2343030571937561,
    0.23388464748859406,
    0.23246029019355774,
    0.23436233401298523,
    0.23223285377025604,
    0.2337736189365387,
    0.23448742926120758,
    0.23361118137836456,
    0.23296581208705902,
    0.23332293331623077,
    0.23310689628124237,
    0.23178043961524963,
    0.2338097244501114,
    0.23381641507148743
  ],
  "diff_sigma_per_k": [
    1.4852187035785391e-08,
    1.7657471929055646e-08,
    1.899855028852926e-08,
    1.7712055822016737e-08,
    1.683593886525614e-08,
    1.7311773348183124e-08,
    1.6355718557292676e-08,
    1.8541363999702298e-08,
    1.8204611151872996e-08,
    1.713514130585736e-08,
    1.5904017658385783e-08,
    1.640641578148916e-08,
    1.6952936832126397e-08,
    1.5991405533100078e-08,
    1.6994018636751207e-08,
    1.8644774613107984e-08
  ],
  "variance_collapse": false,
  "k_report_idx": {
    "k1": 0,
    "k8": 7,
    "k15": 14
  },
  "spec": {
    "kind": "baseline",
    "baseline_key": [
      0.5,
      39,
      256,
      16
    ],
    "params": {
      "period_P": 256,
      "manifold_dim_D": 16,
      "continuity_center": 39,
      "fidelity_F": 0.97,
      "magnitude_M": 0.0,
      "locality_L": 0.5
    },
    "L_d_main": 4,
    "seed": 1,
    "perk": true,
    "label": "base_loc0.5_c39_P256_D16_s1",
    "out_file": "/mnt/c/Users/Jason/Desktop/Eridos/Weft 2/v2/results/phase1/pilot_Ld4/_runs/base_loc0.5_c39_P256_D16_s1.json"
  }
}