{
  "label": "base_loc0.5_c39_P256_D4_s11",
  "L_d_main": 4,
  "seed": 11,
  "wall_clock_s": 324.28,
  "steps_trained": 10000,
  "final_interval_loss": -2723.410627,
  "nan_inf": false,
  "still_descending": false,
  "stability_flag": "stable",
  "diff_mu": 0.4778757691383362,
  "diff_sigma": 4.435024791860087e-08,
  "diff_mu_aggregate": 0.4778757691383362,
  "diff_sigma_aggregate": 4.435024791860087e-08,
  "diff_mu_per_k": [
    0.47399863600730896,
    0.47581273317337036,
    0.4773891866207123,
    0.48551878333091736,
    0.47850939631462097,
    0.4746728837490082,
    0.4762362539768219,
    0.47847092151641846,
    0.4808200001716614,
    0.47761017084121704,
    0.4823843538761139,
    0.48093780875205994,
    0.4793565571308136,
    0.4754393398761749,
    0.4745721220970154,
    0.4742834270000458
  ],
  "diff_sigma_per_k": [
    3.1739453731916e-08,
    4.442655665570783e-08,
    4.3840032049047295e-08,
    5.247532897101337e-08,
    4.322721025573628e-08,
    4.227063143957821e-08,
    4.0313288707238826e-08,
    4.016154164787622e-08,
    4.2750695428139807e-08,
    5.2921038218300964e-08,
    5.540444902862873e-08,
    4.758765470569415e-08,
    4.284155608047513e-08,
    4.0538534307188456e-08,
    4.614234327959821e-08,
    4.296364153333343e-08
  ],
  "variance_collapse": false,
  "k_report_idx": {
    "k1": 0,
    "k8": 7,
    "k15": 14
  },
  "spec": {
    "kind": "baseline",
    "baseline_key": [
      0.5,
      39,
      256,
      4
    ],
    "params": {
      "period_P": 256,
      "manifold_dim_D": 4,
      "continuity_center": 39,
      "fidelity_F": 0.97,
      "magnitude_M": 0.0,
      "locality_L": 0.5
    },
    "L_d_main": 4,
    "seed": 11,
    "perk": true,
    "label": "base_loc0.5_c39_P256_D4_s11",
    "out_file": "/mnt/c/Users/Jason/Desktop/Eridos/Weft 2/v2/results/phase1/pilot_Ld4/_runs/base_loc0.5_c39_P256_D4_s11.json"
  }
}