{
  "label": "base_loc0.3_c3_P32_D4_s9",
  "L_d_main": 4,
  "seed": 9,
  "wall_clock_s": 326.73,
  "steps_trained": 10000,
  "final_interval_loss": -2748.079605,
  "nan_inf": false,
  "still_descending": false,
  "stability_flag": "stable",
  "diff_mu": 0.4441806674003601,
  "diff_sigma": 4.4620574612963537e-07,
  "diff_mu_aggregate": 0.4441806674003601,
  "diff_sigma_aggregate": 4.4620574612963537e-07,
  "diff_mu_per_k": [
    0.4424440562725067,
    0.44515979290008545,
    0.44214558601379395,
    0.4449669420719147,
    0.4412756562232971,
    0.44616809487342834,
    0.44699251651763916,
    0.4436452090740204,
    0.4423460364341736,
    0.4446347951889038,
    0.44262412190437317,
    0.4455300271511078,
    0.4430190920829773,
    0.4450128376483917,
    0.4442150592803955,
    0.44671136140823364
  ],
  "diff_sigma_per_k": [
    3.818724394477613e-07,
    4.1863683009069064e-07,
    3.8415041103689873e-07,
    4.43468309185846e-07,
    3.97091497461588e-07,
    4.832328954762488e-07,
    4.97357916628971e-07,
    4.6533213549082575e-07,
    3.84382474294398e-07,
    4.6700384359610325e-07,
    4.1469814959782525e-07,
    4.6200770498217025e-07,
    4.242615716520959e-07,
    4.803320621249441e-07,
    4.701678051333147e-07,
    5.652958066093561e-07
  ],
  "variance_collapse": false,
  "k_report_idx": {
    "k1": 0,
    "k8": 7,
    "k15": 14
  },
  "spec": {
    "kind": "baseline",
    "baseline_key": [
      0.3,
      3,
      32,
      4
    ],
    "params": {
      "period_P": 32,
      "manifold_dim_D": 4,
      "continuity_center": 3,
      "fidelity_F": 0.97,
      "magnitude_M": 0.0,
      "locality_L": 0.3
    },
    "L_d_main": 4,
    "seed": 9,
    "perk": true,
    "label": "base_loc0.3_c3_P32_D4_s9",
    "out_file": "/mnt/c/Users/Jason/Desktop/Eridos/Weft 2/v2/results/phase1/pilot_Ld4/_runs/base_loc0.3_c3_P32_D4_s9.json"
  }
}