{
  "label": "base_loc0.5_c39_P256_D4_s12",
  "L_d_main": 4,
  "seed": 12,
  "wall_clock_s": 323.85,
  "steps_trained": 10000,
  "final_interval_loss": -2676.250816,
  "nan_inf": false,
  "still_descending": true,
  "stability_flag": "stable",
  "diff_mu": 0.22043922543525696,
  "diff_sigma": 6.199701640952071e-09,
  "diff_mu_aggregate": 0.22043922543525696,
  "diff_sigma_aggregate": 6.199701640952071e-09,
  "diff_mu_per_k": [
    0.21814924478530884,
    0.2202221155166626,
    0.22251750528812408,
    0.22073368728160858,
    0.21988970041275024,
    0.22024118900299072,
    0.21795345842838287,
    0.2206805944442749,
    0.22129108011722565,
    0.21984730660915375,
    0.2222684919834137,
    0.221858948469162,
    0.2189316749572754,
    0.22049079835414886,
    0.22062404453754425,
    0.22132769227027893
  ],
  "diff_sigma_per_k": [
    6.42172492959503e-09,
    7.620696074184252e-09,
    7.653199851631598e-09,
    7.434328264110945e-09,
    5.135260217059567e-09,
    4.860352120772404e-09,
    3.7171019595660937e-09,
    5.049122453471e-09,
    7.161454984583315e-09,
    7.087577191811079e-09,
    6.025280718802151e-09,
    6.719486300710287e-09,
    4.6304040601796714e-09,
    4.84451856408441e-09,
    6.627609572262827e-09,
    8.20711498761284e-09
  ],
  "variance_collapse": true,
  "k_report_idx": {
    "k1": 0,
    "k8": 7,
    "k15": 14
  },
  "spec": {
    "kind": "baseline",
    "baseline_key": [
      0.5,
      39,
      256,
      4
    ],
    "params": {
      "period_P": 256,
      "manifold_dim_D": 4,
      "continuity_center": 39,
      "fidelity_F": 0.97,
      "magnitude_M": 0.0,
      "locality_L": 0.5
    },
    "L_d_main": 4,
    "seed": 12,
    "perk": true,
    "label": "base_loc0.5_c39_P256_D4_s12",
    "out_file": "/mnt/c/Users/Jason/Desktop/Eridos/Weft 2/v2/results/phase1/pilot_Ld4/_runs/base_loc0.5_c39_P256_D4_s12.json"
  }
}