{
  "label": "base_loc0.9_c472_P2048_D128_s6",
  "L_d_main": 4,
  "seed": 6,
  "wall_clock_s": 327.71,
  "steps_trained": 10000,
  "final_interval_loss": -2985.594535,
  "nan_inf": false,
  "still_descending": false,
  "stability_flag": "stable",
  "diff_mu": 7.238036050694063e-05,
  "diff_sigma": 7.464703855042387e-11,
  "diff_mu_aggregate": 7.238036050694063e-05,
  "diff_sigma_aggregate": 7.464703855042387e-11,
  "diff_mu_per_k": [
    7.264609303092584e-05,
    7.296052353922278e-05,
    7.159422966651618e-05,
    7.230634946608916e-05,
    7.15222631697543e-05,
    7.365195051534101e-05,
    7.266036845976487e-05,
    7.199400715762749e-05,
    7.288544293260202e-05,
    7.258434197865427e-05,
    7.315768743865192e-05,
    7.238168473122641e-05,
    7.203337736427784e-05,
    7.123449177015573e-05,
    7.18417068128474e-05,
    7.263114093802869e-05
  ],
  "diff_sigma_per_k": [
    7.176245014894889e-11,
    7.542851759856362e-11,
    7.170142257706402e-11,
    6.185649215062483e-11,
    7.465069534751123e-11,
    7.149598968414494e-11,
    8.371994070222044e-11,
    7.709379662435012e-11,
    7.069757279598576e-11,
    7.671413504439784e-11,
    6.942134367360353e-11,
    7.18608575422941e-11,
    7.3749888140906e-11,
    8.549943392166526e-11,
    8.082967628553206e-11,
    7.787044620233274e-11
  ],
  "variance_collapse": true,
  "k_report_idx": {
    "k1": 0,
    "k8": 7,
    "k15": 14
  },
  "spec": {
    "kind": "baseline",
    "baseline_key": [
      0.9,
      472,
      2048,
      128
    ],
    "params": {
      "period_P": 2048,
      "manifold_dim_D": 128,
      "continuity_center": 472,
      "fidelity_F": 0.97,
      "magnitude_M": 0.0,
      "locality_L": 0.9
    },
    "L_d_main": 4,
    "seed": 6,
    "perk": true,
    "label": "base_loc0.9_c472_P2048_D128_s6",
    "out_file": "/mnt/c/Users/Jason/Desktop/Eridos/Weft 2/v2/results/phase1/pilot_Ld4/_runs/base_loc0.9_c472_P2048_D128_s6.json"
  }
}