{
  "label": "base_loc0.3_c3_P32_D4_s6",
  "L_d_main": 4,
  "seed": 6,
  "wall_clock_s": 325.02,
  "steps_trained": 10000,
  "final_interval_loss": -2886.773259,
  "nan_inf": false,
  "still_descending": false,
  "stability_flag": "stable",
  "diff_mu": 0.6023017168045044,
  "diff_sigma": 1.2870123100583442e-07,
  "diff_mu_aggregate": 0.6023017168045044,
  "diff_sigma_aggregate": 1.2870123100583442e-07,
  "diff_mu_per_k": [
    0.6006588339805603,
    0.5959420204162598,
    0.5995729565620422,
    0.6055378913879395,
    0.6054996252059937,
    0.6055616140365601,
    0.603408932685852,
    0.6022419929504395,
    0.6045846939086914,
    0.6017444729804993,
    0.6193233132362366,
    0.6047342419624329,
    0.6006518006324768,
    0.5932903289794922,
    0.6008439660072327,
    0.5932316184043884
  ],
  "diff_sigma_per_k": [
    1.3156240186162904e-07,
    1.5163421096531238e-07,
    1.050974347549527e-07,
    1.3597961867617414e-07,
    1.2384471403947828e-07,
    1.180927640120899e-07,
    1.314912339012153e-07,
    1.321497080652989e-07,
    8.837934473149289e-08,
    1.1684572598369414e-07,
    7.155458803254078e-08,
    1.251825239023674e-07,
    1.1084509310421709e-07,
    1.816857633230029e-07,
    1.393227080370707e-07,
    1.9555193375708768e-07
  ],
  "variance_collapse": false,
  "k_report_idx": {
    "k1": 0,
    "k8": 7,
    "k15": 14
  },
  "spec": {
    "kind": "baseline",
    "baseline_key": [
      0.3,
      3,
      32,
      4
    ],
    "params": {
      "period_P": 32,
      "manifold_dim_D": 4,
      "continuity_center": 3,
      "fidelity_F": 0.97,
      "magnitude_M": 0.0,
      "locality_L": 0.3
    },
    "L_d_main": 4,
    "seed": 6,
    "perk": true,
    "label": "base_loc0.3_c3_P32_D4_s6",
    "out_file": "/mnt/c/Users/Jason/Desktop/Eridos/Weft 2/v2/results/phase1/pilot_Ld4/_runs/base_loc0.3_c3_P32_D4_s6.json"
  }
}