{
  "label": "base_loc0.5_c39_P256_D4_s1",
  "L_d_main": 4,
  "seed": 1,
  "wall_clock_s": 325.24,
  "steps_trained": 10000,
  "final_interval_loss": -2427.616165,
  "nan_inf": false,
  "still_descending": false,
  "stability_flag": "stable",
  "diff_mu": 0.08906117081642151,
  "diff_sigma": 1.7687558084844568e-08,
  "diff_mu_aggregate": 0.08906117081642151,
  "diff_sigma_aggregate": 1.7687558084844568e-08,
  "diff_mu_per_k": [
    0.08828045427799225,
    0.08902762830257416,
    0.08918584883213043,
    0.0896608829498291,
    0.08880623430013657,
    0.08893248438835144,
    0.08885954320430756,
    0.08857452124357224,
    0.08929900825023651,
    0.08976868540048599,
    0.08916355669498444,
    0.08919943869113922,
    0.08931838721036911,
    0.08819467574357986,
    0.08934494107961655,
    0.08936235308647156
  ],
  "diff_sigma_per_k": [
    1.3523258068914856e-08,
    1.8925724987184367e-08,
    2.3004815830063308e-08,
    2.0100769049236078e-08,
    1.9520991045851588e-08,
    1.4893295485762792e-08,
    1.5997782654153525e-08,
    1.451919384720668e-08,
    1.6584253970108875e-08,
    2.0228068109418018e-08,
    1.9786151383982542e-08,
    1.721226716711044e-08,
    1.599198995450024e-08,
    1.4396410286110495e-08,
    1.7813984953818363e-08,
    2.050196989955566e-08
  ],
  "variance_collapse": false,
  "k_report_idx": {
    "k1": 0,
    "k8": 7,
    "k15": 14
  },
  "spec": {
    "kind": "baseline",
    "baseline_key": [
      0.5,
      39,
      256,
      4
    ],
    "params": {
      "period_P": 256,
      "manifold_dim_D": 4,
      "continuity_center": 39,
      "fidelity_F": 0.97,
      "magnitude_M": 0.0,
      "locality_L": 0.5
    },
    "L_d_main": 4,
    "seed": 1,
    "perk": true,
    "label": "base_loc0.5_c39_P256_D4_s1",
    "out_file": "/mnt/c/Users/Jason/Desktop/Eridos/Weft 2/v2/results/phase1/pilot_Ld4/_runs/base_loc0.5_c39_P256_D4_s1.json"
  }
}