{
  "label": "base_loc0.5_c39_P256_D16_s19",
  "L_d_main": 4,
  "seed": 19,
  "wall_clock_s": 324.33,
  "steps_trained": 10000,
  "final_interval_loss": -2795.020214,
  "nan_inf": false,
  "still_descending": true,
  "stability_flag": "stable",
  "diff_mu": 0.1791130155324936,
  "diff_sigma": 4.8251386886022374e-08,
  "diff_mu_aggregate": 0.1791130155324936,
  "diff_sigma_aggregate": 4.8251386886022374e-08,
  "diff_mu_per_k": [
    0.17812788486480713,
    0.1786908209323883,
    0.18307337164878845,
    0.181165412068367,
    0.17858019471168518,
    0.17827852070331573,
    0.17960597574710846,
    0.17847314476966858,
    0.18046316504478455,
    0.17875643074512482,
    0.1770743876695633,
    0.1773480474948883,
    0.1745787113904953,
    0.17958638072013855,
    0.1821889728307724,
    0.17981670796871185
  ],
  "diff_sigma_per_k": [
    4.19168451060159e-08,
    4.6184972291030135e-08,
    6.198401081292104e-08,
    5.6641511037014425e-08,
    4.340536818858709e-08,
    3.9083772662706906e-08,
    4.323920776982959e-08,
    5.148157811163401e-08,
    5.583226325711621e-08,
    5.265022906542072e-08,
    4.2529446631078827e-08,
    4.408581588677407e-08,
    3.913451962489489e-08,
    4.7169752548370525e-08,
    5.506393563337042e-08,
    5.1618982865875296e-08
  ],
  "variance_collapse": false,
  "k_report_idx": {
    "k1": 0,
    "k8": 7,
    "k15": 14
  },
  "spec": {
    "kind": "baseline",
    "baseline_key": [
      0.5,
      39,
      256,
      16
    ],
    "params": {
      "period_P": 256,
      "manifold_dim_D": 16,
      "continuity_center": 39,
      "fidelity_F": 0.97,
      "magnitude_M": 0.0,
      "locality_L": 0.5
    },
    "L_d_main": 4,
    "seed": 19,
    "perk": true,
    "label": "base_loc0.5_c39_P256_D16_s19",
    "out_file": "/mnt/c/Users/Jason/Desktop/Eridos/Weft 2/v2/results/phase1/pilot_Ld4/_runs/base_loc0.5_c39_P256_D16_s19.json"
  }
}