{
  "label": "cell_mag0.9_mid_s3",
  "L_d_main": 4,
  "seed": 3,
  "wall_clock_s": 344.92,
  "steps_trained": 10000,
  "final_interval_loss": -2773.644625,
  "nan_inf": false,
  "still_descending": false,
  "stability_flag": "stable",
  "diff_mu": 0.2526889145374298,
  "diff_sigma": 3.3065369109408493e-08,
  "diff_mu_aggregate": 0.2526889145374298,
  "diff_sigma_aggregate": 3.3065369109408493e-08,
  "diff_mu_per_k": [
    0.24867500364780426,
    0.2571791112422943,
    0.253140389919281,
    0.2530568242073059,
    0.25106385350227356,
    0.2512781322002411,
    0.2505393922328949,
    0.2549094259738922,
    0.25345727801322937,
    0.2541388273239136,
    0.25232475996017456,
    0.253286749124527,
    0.2507338225841522,
    0.25188973546028137,
    0.2533843517303467,
    0.2539653778076172
  ],
  "diff_sigma_per_k": [
    2.826940637135067e-08,
    3.27556541890317e-08,
    3.8386531286960235e-08,
    3.900204958995346e-08,
    3.157344607984669e-08,
    3.107897583731756e-08,
    3.115216173910085e-08,
    4.2309473258228536e-08,
    3.871460663162907e-08,
    3.792764502463797e-08,
    3.06051397558349e-08,
    1.895524448514152e-08,
    3.074327636909402e-08,
    3.489521915867044e-08,
    2.534092047312697e-08,
    3.7336178593250224e-08
  ],
  "variance_collapse": false,
  "k_report_idx": {
    "k1": 0,
    "k8": 7,
    "k15": 14
  },
  "spec": {
    "kind": "cell",
    "tag": "mag0.9_mid",
    "cross": "mid",
    "magnitude": 0.9,
    "baseline_key": [
      0.5,
      39,
      256,
      16
    ],
    "params": {
      "period_P": 256,
      "manifold_dim_D": 16,
      "continuity_center": 39,
      "fidelity_F": 0.97,
      "magnitude_M": 0.9,
      "locality_L": 0.5
    },
    "L_d_main": 4,
    "seed": 3,
    "perk": true,
    "label": "cell_mag0.9_mid_s3",
    "out_file": "/mnt/c/Users/Jason/Desktop/Eridos/Weft 2/v2/results/phase1/pilot_Ld4/_runs/cell_mag0.9_mid_s3.json"
  }
}