{
  "label": "cell_contLow_mid_s4",
  "L_d_main": 4,
  "seed": 4,
  "wall_clock_s": 325.51,
  "steps_trained": 10000,
  "final_interval_loss": -2958.026048,
  "nan_inf": false,
  "still_descending": false,
  "stability_flag": "stable",
  "diff_mu": 0.043467842042446136,
  "diff_sigma": 3.05752259066594e-08,
  "diff_mu_aggregate": 0.043467842042446136,
  "diff_sigma_aggregate": 3.05752259066594e-08,
  "diff_mu_per_k": [
    0.043507833033800125,
    0.04336676374077797,
    0.043568629771471024,
    0.04329018294811249,
    0.04351942613720894,
    0.04331732913851738,
    0.04359102249145508,
    0.04355515167117119,
    0.043255534023046494,
    0.04370125010609627,
    0.04341591149568558,
    0.043408263474702835,
    0.0434965156018734,
    0.04359278827905655,
    0.043651875108480453,
    0.04324698820710182
  ],
  "diff_sigma_per_k": [
    2.6823537169207157e-08,
    2.6581508549838873e-08,
    2.8579441035958553e-08,
    3.249300917218534e-08,
    3.453270380759932e-08,
    3.989298846818201e-08,
    3.4848767427320126e-08,
    3.3953234890304884e-08,
    2.4031605150298674e-08,
    2.692790523894928e-08,
    2.2288364931455362e-08,
    1.8994208872413765e-08,
    2.3474621357877368e-08,
    3.0044265741935305e-08,
    3.749921617668406e-08,
    4.823825250355185e-08
  ],
  "variance_collapse": false,
  "k_report_idx": {
    "k1": 0,
    "k8": 7,
    "k15": 14
  },
  "spec": {
    "kind": "cell",
    "tag": "contLow_mid",
    "cross": "mid",
    "magnitude": 0.3,
    "baseline_key": [
      0.5,
      19,
      256,
      16
    ],
    "params": {
      "period_P": 256,
      "manifold_dim_D": 16,
      "continuity_center": 19,
      "fidelity_F": 0.97,
      "magnitude_M": 0.3,
      "locality_L": 0.5
    },
    "L_d_main": 4,
    "seed": 4,
    "perk": true,
    "label": "cell_contLow_mid_s4",
    "out_file": "/mnt/c/Users/Jason/Desktop/Eridos/Weft 2/v2/results/phase1/pilot_Ld4/_runs/cell_contLow_mid_s4.json"
  }
}