{
  "label": "cell_mag0.9_low_s3",
  "L_d_main": 4,
  "seed": 3,
  "wall_clock_s": 324.33,
  "steps_trained": 10000,
  "final_interval_loss": -2865.353532,
  "nan_inf": false,
  "still_descending": false,
  "stability_flag": "stable",
  "diff_mu": 0.6014175415039062,
  "diff_sigma": 4.339673580489034e-07,
  "diff_mu_aggregate": 0.6014175415039062,
  "diff_sigma_aggregate": 4.339673580489034e-07,
  "diff_mu_per_k": [
    0.597330629825592,
    0.5998675227165222,
    0.5998063087463379,
    0.600601315498352,
    0.6008262038230896,
    0.6021066904067993,
    0.6002994775772095,
    0.5987784266471863,
    0.5992048978805542,
    0.5984465479850769,
    0.6025421023368835,
    0.6003907918930054,
    0.6038872599601746,
    0.6039283275604248,
    0.6056140661239624,
    0.6090497374534607
  ],
  "diff_sigma_per_k": [
    3.9408971019838646e-07,
    3.9751586200509337e-07,
    4.080830535713176e-07,
    4.004550930858386e-07,
    4.1686968188514584e-07,
    4.2511922515586775e-07,
    4.0925453959061997e-07,
    4.038400334138714e-07,
    3.5571321177485515e-07,
    3.657293916603521e-07,
    4.3328014953658567e-07,
    4.478865491819306e-07,
    4.489119476147607e-07,
    5.061434649178409e-07,
    5.390785986492119e-07,
    5.91507387071033e-07
  ],
  "variance_collapse": false,
  "k_report_idx": {
    "k1": 0,
    "k8": 7,
    "k15": 14
  },
  "spec": {
    "kind": "cell",
    "tag": "mag0.9_low",
    "cross": "low",
    "magnitude": 0.9,
    "baseline_key": [
      0.3,
      3,
      32,
      4
    ],
    "params": {
      "period_P": 32,
      "manifold_dim_D": 4,
      "continuity_center": 3,
      "fidelity_F": 0.97,
      "magnitude_M": 0.9,
      "locality_L": 0.3
    },
    "L_d_main": 4,
    "seed": 3,
    "perk": true,
    "label": "cell_mag0.9_low_s3",
    "out_file": "/mnt/c/Users/Jason/Desktop/Eridos/Weft 2/v2/results/phase1/pilot_Ld4/_runs/cell_mag0.9_low_s3.json"
  }
}