{
  "label": "cell_mag0.9_high_s2",
  "L_d_main": 4,
  "seed": 2,
  "wall_clock_s": 326.56,
  "steps_trained": 10000,
  "final_interval_loss": -2990.415776,
  "nan_inf": false,
  "still_descending": false,
  "stability_flag": "stable",
  "diff_mu": 0.0001169655442936346,
  "diff_sigma": 6.30113114463704e-11,
  "diff_mu_aggregate": 0.0001169655442936346,
  "diff_sigma_aggregate": 6.30113114463704e-11,
  "diff_mu_per_k": [
    0.00011621300654951483,
    0.00011786427785409614,
    0.00011768795957323164,
    0.00011693813576130196,
    0.00011779506166931242,
    0.00011663503391901031,
    0.00011759612243622541,
    0.00011689662642311305,
    0.00011693710985127836,
    0.00011671410175040364,
    0.00011687826918205246,
    0.00011754103616112843,
    0.00011599525169003755,
    0.00011699985770974308,
    0.00011613513925112784,
    0.00011662163160508499
  ],
  "diff_sigma_per_k": [
    6.65807201039037e-11,
    7.976960064715044e-11,
    6.320564210904323e-11,
    5.297753555288942e-11,
    6.47302073053524e-11,
    6.629423399129308e-11,
    6.692010834363771e-11,
    6.103022948122927e-11,
    6.538196373195859e-11,
    7.019497483273796e-11,
    6.702088189980415e-11,
    6.564984667001283e-11,
    4.901109032506845e-11,
    5.863722007948269e-11,
    5.758966914459762e-11,
    5.3187079740446563e-11
  ],
  "variance_collapse": true,
  "k_report_idx": {
    "k1": 0,
    "k8": 7,
    "k15": 14
  },
  "spec": {
    "kind": "cell",
    "tag": "mag0.9_high",
    "cross": "high",
    "magnitude": 0.9,
    "baseline_key": [
      0.9,
      472,
      2048,
      128
    ],
    "params": {
      "period_P": 2048,
      "manifold_dim_D": 128,
      "continuity_center": 472,
      "fidelity_F": 0.97,
      "magnitude_M": 0.9,
      "locality_L": 0.9
    },
    "L_d_main": 4,
    "seed": 2,
    "perk": true,
    "label": "cell_mag0.9_high_s2",
    "out_file": "/mnt/c/Users/Jason/Desktop/Eridos/Weft 2/v2/results/phase1/pilot_Ld4/_runs/cell_mag0.9_high_s2.json"
  }
}