{
  "label": "cell_mag0.7_high_s7",
  "L_d_main": 4,
  "seed": 7,
  "wall_clock_s": 325.71,
  "steps_trained": 10000,
  "final_interval_loss": -2984.643167,
  "nan_inf": false,
  "still_descending": false,
  "stability_flag": "stable",
  "diff_mu": 0.00026473242905922234,
  "diff_sigma": 1.1341794170505182e-09,
  "diff_mu_aggregate": 0.00026473242905922234,
  "diff_sigma_aggregate": 1.1341794170505182e-09,
  "diff_mu_per_k": [
    0.000263804045971483,
    0.00026538618840277195,
    0.00026573939248919487,
    0.00026591308414936066,
    0.00026318166055716574,
    0.00026461773086339235,
    0.0002637441211845726,
    0.0002625174238346517,
    0.0002645566128194332,
    0.0002644069027155638,
    0.00026777133462019265,
    0.0002625674242153764,
    0.0002662750193849206,
    0.00026313832495361567,
    0.00026595848612487316,
    0.0002661415783222765
  ],
  "diff_sigma_per_k": [
    1.2490370959739039e-09,
    1.1344010175662333e-09,
    1.1440937086604208e-09,
    1.073813371554877e-09,
    1.1474037275860383e-09,
    1.0512168913123787e-09,
    1.1806490229915312e-09,
    1.1719406556309764e-09,
    1.0623979473933787e-09,
    1.0982025289152375e-09,
    1.1550063128140664e-09,
    1.0678060657909327e-09,
    1.0242982018127123e-09,
    1.1845203706783991e-09,
    1.2168338558993241e-09,
    1.1852498982278803e-09
  ],
  "variance_collapse": true,
  "k_report_idx": {
    "k1": 0,
    "k8": 7,
    "k15": 14
  },
  "spec": {
    "kind": "cell",
    "tag": "mag0.7_high",
    "cross": "high",
    "magnitude": 0.7,
    "baseline_key": [
      0.9,
      472,
      2048,
      128
    ],
    "params": {
      "period_P": 2048,
      "manifold_dim_D": 128,
      "continuity_center": 472,
      "fidelity_F": 0.97,
      "magnitude_M": 0.7,
      "locality_L": 0.9
    },
    "L_d_main": 4,
    "seed": 7,
    "perk": true,
    "label": "cell_mag0.7_high_s7",
    "out_file": "/mnt/c/Users/Jason/Desktop/Eridos/Weft 2/v2/results/phase1/pilot_Ld4/_runs/cell_mag0.7_high_s7.json"
  }
}