{
  "label": "cell_mag0.7_low_s4",
  "L_d_main": 4,
  "seed": 4,
  "wall_clock_s": 327.69,
  "steps_trained": 10000,
  "final_interval_loss": -2884.215586,
  "nan_inf": false,
  "still_descending": false,
  "stability_flag": "stable",
  "diff_mu": 0.8982911109924316,
  "diff_sigma": 6.88493457801087e-08,
  "diff_mu_aggregate": 0.8982911109924316,
  "diff_sigma_aggregate": 6.88493457801087e-08,
  "diff_mu_per_k": [
    0.8892771005630493,
    0.895709753036499,
    0.8936997652053833,
    0.8926175832748413,
    0.9045258164405823,
    0.8981476426124573,
    0.8986871242523193,
    0.8960157632827759,
    0.8932027220726013,
    0.9007240533828735,
    0.8959793448448181,
    0.9020655155181885,
    0.8974472284317017,
    0.9010002017021179,
    0.9098145365715027,
    0.9037439227104187
  ],
  "diff_sigma_per_k": [
    5.658549540044078e-08,
    5.486561249767874e-08,
    5.025903959676725e-08,
    6.177081957048358e-08,
    6.309092981382491e-08,
    6.771547589323745e-08,
    6.445707612101614e-08,
    6.739525559851245e-08,
    5.4472444332986925e-08,
    6.050562717518915e-08,
    6.112114903089605e-08,
    8.032763787468866e-08,
    7.791235390186557e-08,
    8.059411982230813e-08,
    1.0475652345576236e-07,
    9.576005766120943e-08
  ],
  "variance_collapse": false,
  "k_report_idx": {
    "k1": 0,
    "k8": 7,
    "k15": 14
  },
  "spec": {
    "kind": "cell",
    "tag": "mag0.7_low",
    "cross": "low",
    "magnitude": 0.7,
    "baseline_key": [
      0.3,
      3,
      32,
      4
    ],
    "params": {
      "period_P": 32,
      "manifold_dim_D": 4,
      "continuity_center": 3,
      "fidelity_F": 0.97,
      "magnitude_M": 0.7,
      "locality_L": 0.3
    },
    "L_d_main": 4,
    "seed": 4,
    "perk": true,
    "label": "cell_mag0.7_low_s4",
    "out_file": "/mnt/c/Users/Jason/Desktop/Eridos/Weft 2/v2/results/phase1/pilot_Ld4/_runs/cell_mag0.7_low_s4.json"
  }
}