{
  "label": "cell_mag0.1_low_s0",
  "L_d_main": 4,
  "seed": 0,
  "wall_clock_s": 327.78,
  "steps_trained": 10000,
  "final_interval_loss": -2852.953219,
  "nan_inf": false,
  "still_descending": false,
  "stability_flag": "stable",
  "diff_mu": 0.8571667671203613,
  "diff_sigma": 6.043239864084171e-07,
  "diff_mu_aggregate": 0.8571667671203613,
  "diff_sigma_aggregate": 6.043239864084171e-07,
  "diff_mu_per_k": [
    0.8451163172721863,
    0.8523618578910828,
    0.8550832867622375,
    0.852706789970398,
    0.8550995588302612,
    0.856052815914154,
    0.8540952205657959,
    0.8575800657272339,
    0.8541887402534485,
    0.8657905459403992,
    0.855886697769165,
    0.8589577078819275,
    0.8634269833564758,
    0.8607679605484009,
    0.8600457906723022,
    0.8675065040588379
  ],
  "diff_sigma_per_k": [
    5.140547614246316e-07,
    5.150291713107435e-07,
    4.676791718338791e-07,
    4.790937850884802e-07,
    5.291346951707965e-07,
    5.751767844230926e-07,
    6.106994305810076e-07,
    6.08938762525213e-07,
    5.748255489379517e-07,
    6.271430947890622e-07,
    5.484135385813715e-07,
    5.918159331486095e-07,
    5.865193202225782e-07,
    7.683061085117515e-07,
    7.546397569058172e-07,
    9.177139759231068e-07
  ],
  "variance_collapse": false,
  "k_report_idx": {
    "k1": 0,
    "k8": 7,
    "k15": 14
  },
  "spec": {
    "kind": "cell",
    "tag": "mag0.1_low",
    "cross": "low",
    "magnitude": 0.1,
    "baseline_key": [
      0.3,
      3,
      32,
      4
    ],
    "params": {
      "period_P": 32,
      "manifold_dim_D": 4,
      "continuity_center": 3,
      "fidelity_F": 0.97,
      "magnitude_M": 0.1,
      "locality_L": 0.3
    },
    "L_d_main": 4,
    "seed": 0,
    "perk": true,
    "label": "cell_mag0.1_low_s0",
    "out_file": "/mnt/c/Users/Jason/Desktop/Eridos/Weft 2/v2/results/phase1/pilot_Ld4/_runs/cell_mag0.1_low_s0.json"
  }
}