{
  "label": "cell_mag0.3_high_s8",
  "L_d_main": 4,
  "seed": 8,
  "wall_clock_s": 325.26,
  "steps_trained": 10000,
  "final_interval_loss": -2972.277969,
  "nan_inf": false,
  "still_descending": false,
  "stability_flag": "stable",
  "diff_mu": 0.00108159554656595,
  "diff_sigma": 2.04368758027762e-10,
  "diff_mu_aggregate": 0.00108159554656595,
  "diff_sigma_aggregate": 2.04368758027762e-10,
  "diff_mu_per_k": [
    0.0010724843014031649,
    0.001081271329894662,
    0.0010807312792167068,
    0.0010757527779787779,
    0.0010841062758117914,
    0.0010785318445414305,
    0.0010892152786254883,
    0.0010919254273176193,
    0.0010946248658001423,
    0.0010761111043393612,
    0.0010749753564596176,
    0.0010792784160003066,
    0.0010876937303692102,
    0.001079792738892138,
    0.0010825827484950423,
    0.0010764520848169923
  ],
  "diff_sigma_per_k": [
    1.9606945234063033e-10,
    1.976536850856192e-10,
    2.022716022453963e-10,
    2.1773047254036726e-10,
    2.1013098205902025e-10,
    2.050549868792828e-10,
    2.4158233746796043e-10,
    2.094420192833013e-10,
    1.7448127664909663e-10,
    1.9119512917331605e-10,
    2.2836231516887295e-10,
    1.942228045059835e-10,
    2.016729144793672e-10,
    2.0585171067732944e-10,
    2.0174101278414014e-10,
    1.9243744098229598e-10
  ],
  "variance_collapse": true,
  "k_report_idx": {
    "k1": 0,
    "k8": 7,
    "k15": 14
  },
  "spec": {
    "kind": "cell",
    "tag": "mag0.3_high",
    "cross": "high",
    "magnitude": 0.3,
    "baseline_key": [
      0.9,
      472,
      2048,
      128
    ],
    "params": {
      "period_P": 2048,
      "manifold_dim_D": 128,
      "continuity_center": 472,
      "fidelity_F": 0.97,
      "magnitude_M": 0.3,
      "locality_L": 0.9
    },
    "L_d_main": 4,
    "seed": 8,
    "perk": true,
    "label": "cell_mag0.3_high_s8",
    "out_file": "/mnt/c/Users/Jason/Desktop/Eridos/Weft 2/v2/results/phase1/pilot_Ld4/_runs/cell_mag0.3_high_s8.json"
  }
}