{
  "label": "cell_mag0.9_mid_s0",
  "L_d_main": 4,
  "seed": 0,
  "wall_clock_s": 351.21,
  "steps_trained": 10000,
  "final_interval_loss": -2798.879374,
  "nan_inf": false,
  "still_descending": false,
  "stability_flag": "stable",
  "diff_mu": 0.03456250950694084,
  "diff_sigma": 2.8242816085821687e-08,
  "diff_mu_aggregate": 0.03456250950694084,
  "diff_sigma_aggregate": 2.8242816085821687e-08,
  "diff_mu_per_k": [
    0.03464888781309128,
    0.03477596119046211,
    0.034796711057424545,
    0.0344969742000103,
    0.03423338383436203,
    0.03460835665464401,
    0.03497917205095291,
    0.03449659422039986,
    0.034702833741903305,
    0.03471677005290985,
    0.03432288020849228,
    0.034263066947460175,
    0.034279994666576385,
    0.034262578934431076,
    0.034644562751054764,
    0.034771401435136795
  ],
  "diff_sigma_per_k": [
    2.7805359792409945e-08,
    2.9907464949019413e-08,
    3.373154555674773e-08,
    2.651501951334012e-08,
    2.2008231681525103e-08,
    2.4421579425393247e-08,
    3.1299880021151694e-08,
    2.7993136697546106e-08,
    3.234321965805975e-08,
    3.545427773588017e-08,
    2.1787245785276355e-08,
    2.5027539152233658e-08,
    2.262465770286326e-08,
    2.8930413620287254e-08,
    3.19572635021359e-08,
    3.0078204815708887e-08
  ],
  "variance_collapse": false,
  "k_report_idx": {
    "k1": 0,
    "k8": 7,
    "k15": 14
  },
  "spec": {
    "kind": "cell",
    "tag": "mag0.9_mid",
    "cross": "mid",
    "magnitude": 0.9,
    "baseline_key": [
      0.5,
      39,
      256,
      16
    ],
    "params": {
      "period_P": 256,
      "manifold_dim_D": 16,
      "continuity_center": 39,
      "fidelity_F": 0.97,
      "magnitude_M": 0.9,
      "locality_L": 0.5
    },
    "L_d_main": 4,
    "seed": 0,
    "perk": true,
    "label": "cell_mag0.9_mid_s0",
    "out_file": "/mnt/c/Users/Jason/Desktop/Eridos/Weft 2/v2/results/phase1/pilot_Ld4/_runs/cell_mag0.9_mid_s0.json"
  }
}