{
  "label": "cell_mag0.7_low_s8",
  "L_d_main": 4,
  "seed": 8,
  "wall_clock_s": 326.5,
  "steps_trained": 10000,
  "final_interval_loss": -2842.275889,
  "nan_inf": false,
  "still_descending": false,
  "stability_flag": "stable",
  "diff_mu": 2.67063045501709,
  "diff_sigma": 1.2056641480739927e-06,
  "diff_mu_aggregate": 2.67063045501709,
  "diff_sigma_aggregate": 1.2056641480739927e-06,
  "diff_mu_per_k": [
    2.632544994354248,
    2.6866204738616943,
    2.6687018871307373,
    2.6899240016937256,
    2.6572797298431396,
    2.628432273864746,
    2.682605266571045,
    2.6684482097625732,
    2.6592164039611816,
    2.6906378269195557,
    2.6665842533111572,
    2.654026746749878,
    2.692173957824707,
    2.654540538787842,
    2.709615468978882,
    2.6887319087982178
  ],
  "diff_sigma_per_k": [
    1.0611061043164227e-06,
    1.1166913509441656e-06,
    1.1159794439663528e-06,
    1.0737215916378773e-06,
    1.1794796819231124e-06,
    9.670256986282766e-07,
    1.2531968422990758e-06,
    9.849313755694311e-07,
    1.1912452464457601e-06,
    1.055194275068061e-06,
    1.1232884844503133e-06,
    1.157263909590256e-06,
    1.2588852769113146e-06,
    1.3727440091315657e-06,
    1.5516670828219503e-06,
    1.8282070186614874e-06
  ],
  "variance_collapse": false,
  "k_report_idx": {
    "k1": 0,
    "k8": 7,
    "k15": 14
  },
  "spec": {
    "kind": "cell",
    "tag": "mag0.7_low",
    "cross": "low",
    "magnitude": 0.7,
    "baseline_key": [
      0.3,
      3,
      32,
      4
    ],
    "params": {
      "period_P": 32,
      "manifold_dim_D": 4,
      "continuity_center": 3,
      "fidelity_F": 0.97,
      "magnitude_M": 0.7,
      "locality_L": 0.3
    },
    "L_d_main": 4,
    "seed": 8,
    "perk": true,
    "label": "cell_mag0.7_low_s8",
    "out_file": "/mnt/c/Users/Jason/Desktop/Eridos/Weft 2/v2/results/phase1/pilot_Ld4/_runs/cell_mag0.7_low_s8.json"
  }
}