{
  "label": "cell_mag0.9_high_s7",
  "L_d_main": 4,
  "seed": 7,
  "wall_clock_s": 324.37,
  "steps_trained": 10000,
  "final_interval_loss": -2949.958202,
  "nan_inf": false,
  "still_descending": false,
  "stability_flag": "stable",
  "diff_mu": 0.0013053619768470526,
  "diff_sigma": 3.5987506308288175e-09,
  "diff_mu_aggregate": 0.0013053619768470526,
  "diff_sigma_aggregate": 3.5987506308288175e-09,
  "diff_mu_per_k": [
    0.0012860546121373773,
    0.0013183261035010219,
    0.0013046417152509093,
    0.0013168883742764592,
    0.0013086216058582067,
    0.0013069999404251575,
    0.0012951635289937258,
    0.001299985684454441,
    0.0013059207703918219,
    0.001322296098805964,
    0.0013077871408313513,
    0.0013008360983803868,
    0.0013090594438835979,
    0.0012960726162418723,
    0.0013078050687909126,
    0.001299330615438521
  ],
  "diff_sigma_per_k": [
    4.075828119454172e-09,
    3.619707422686247e-09,
    4.0247360999501325e-09,
    3.321128261291051e-09,
    3.195122388888194e-09,
    3.1558975432943726e-09,
    3.1319271620589006e-09,
    4.113951845852171e-09,
    3.762155920128407e-09,
    3.5047429403078922e-09,
    3.6503042810664965e-09,
    3.1122733279431714e-09,
    3.2981077868754483e-09,
    4.064677483484047e-09,
    3.9735170709320755e-09,
    3.5759322170036967e-09
  ],
  "variance_collapse": true,
  "k_report_idx": {
    "k1": 0,
    "k8": 7,
    "k15": 14
  },
  "spec": {
    "kind": "cell",
    "tag": "mag0.9_high",
    "cross": "high",
    "magnitude": 0.9,
    "baseline_key": [
      0.9,
      472,
      2048,
      128
    ],
    "params": {
      "period_P": 2048,
      "manifold_dim_D": 128,
      "continuity_center": 472,
      "fidelity_F": 0.97,
      "magnitude_M": 0.9,
      "locality_L": 0.9
    },
    "L_d_main": 4,
    "seed": 7,
    "perk": true,
    "label": "cell_mag0.9_high_s7",
    "out_file": "/mnt/c/Users/Jason/Desktop/Eridos/Weft 2/v2/results/phase1/pilot_Ld4/_runs/cell_mag0.9_high_s7.json"
  }
}