{
  "label": "cell_mag0.9_mid_s8",
  "L_d_main": 4,
  "seed": 8,
  "wall_clock_s": 346.36,
  "steps_trained": 10000,
  "final_interval_loss": -2639.178248,
  "nan_inf": false,
  "still_descending": false,
  "stability_flag": "stable",
  "diff_mu": 21.68912696838379,
  "diff_sigma": 1.0625542756770301e-07,
  "diff_mu_aggregate": 21.68912696838379,
  "diff_sigma_aggregate": 1.0625542756770301e-07,
  "diff_mu_per_k": [
    21.689132690429688,
    21.72781753540039,
    21.695056915283203,
    21.683935165405273,
    21.508148193359375,
    21.604473114013672,
    21.79140853881836,
    21.638771057128906,
    21.777069091796875,
    21.71541976928711,
    21.751691818237305,
    21.572181701660156,
    21.59200668334961,
    21.765331268310547,
    21.767528533935547,
    21.746028900146484
  ],
  "diff_sigma_per_k": [
    1.046751876287999e-07,
    1.1088366136391414e-07,
    1.0835645980478148e-07,
    9.904290010354089e-08,
    9.806773704212901e-08,
    9.280780233211772e-08,
    1.222415448864922e-07,
    8.48464551950201e-08,
    1.109483065420136e-07,
    1.1695500035102668e-07,
    1.1153790069329261e-07,
    8.508573046128731e-08,
    9.310544157870027e-08,
    1.3152514100056578e-07,
    1.2169175533927046e-07,
    1.0831577412773186e-07
  ],
  "variance_collapse": false,
  "k_report_idx": {
    "k1": 0,
    "k8": 7,
    "k15": 14
  },
  "spec": {
    "kind": "cell",
    "tag": "mag0.9_mid",
    "cross": "mid",
    "magnitude": 0.9,
    "baseline_key": [
      0.5,
      39,
      256,
      16
    ],
    "params": {
      "period_P": 256,
      "manifold_dim_D": 16,
      "continuity_center": 39,
      "fidelity_F": 0.97,
      "magnitude_M": 0.9,
      "locality_L": 0.5
    },
    "L_d_main": 4,
    "seed": 8,
    "perk": true,
    "label": "cell_mag0.9_mid_s8",
    "out_file": "/mnt/c/Users/Jason/Desktop/Eridos/Weft 2/v2/results/phase1/pilot_Ld4/_runs/cell_mag0.9_mid_s8.json"
  }
}