{
  "label": "cell_contLow_mid_s2",
  "L_d_main": 4,
  "seed": 2,
  "wall_clock_s": 324.72,
  "steps_trained": 10000,
  "final_interval_loss": -2963.868813,
  "nan_inf": false,
  "still_descending": false,
  "stability_flag": "stable",
  "diff_mu": 0.20733642578125,
  "diff_sigma": 3.832488459920569e-08,
  "diff_mu_aggregate": 0.20733642578125,
  "diff_sigma_aggregate": 3.832488459920569e-08,
  "diff_mu_per_k": [
    0.20836474001407623,
    0.20799805223941803,
    0.20780721306800842,
    0.20699188113212585,
    0.2066621482372284,
    0.20697101950645447,
    0.2053421139717102,
    0.2065742164850235,
    0.20732147991657257,
    0.20783157646656036,
    0.20865409076213837,
    0.21018090844154358,
    0.2093164473772049,
    0.20739388465881348,
    0.206385999917984,
    0.20358727872371674
  ],
  "diff_sigma_per_k": [
    3.562819372859849e-08,
    2.7579279304745796e-08,
    3.1081114570952195e-08,
    3.39516574854315e-08,
    4.7906539180075924e-08,
    4.804478948017277e-08,
    4.482556903440127e-08,
    4.957927757232028e-08,
    3.155508920826833e-08,
    3.003571791282411e-08,
    2.5258305669240144e-08,
    2.323396230963226e-08,
    2.3628031087241652e-08,
    3.84063625347153e-08,
    5.2077385959137246e-08,
    7.040688387860428e-08
  ],
  "variance_collapse": false,
  "k_report_idx": {
    "k1": 0,
    "k8": 7,
    "k15": 14
  },
  "spec": {
    "kind": "cell",
    "tag": "contLow_mid",
    "cross": "mid",
    "magnitude": 0.3,
    "baseline_key": [
      0.5,
      19,
      256,
      16
    ],
    "params": {
      "period_P": 256,
      "manifold_dim_D": 16,
      "continuity_center": 19,
      "fidelity_F": 0.97,
      "magnitude_M": 0.3,
      "locality_L": 0.5
    },
    "L_d_main": 4,
    "seed": 2,
    "perk": true,
    "label": "cell_contLow_mid_s2",
    "out_file": "/mnt/c/Users/Jason/Desktop/Eridos/Weft 2/v2/results/phase1/pilot_Ld4/_runs/cell_contLow_mid_s2.json"
  }
}