{
  "label": "cell_mag0.3_low_s5",
  "L_d_main": 4,
  "seed": 5,
  "wall_clock_s": 326.7,
  "steps_trained": 10000,
  "final_interval_loss": -2823.627404,
  "nan_inf": false,
  "still_descending": false,
  "stability_flag": "stable",
  "diff_mu": 0.358261376619339,
  "diff_sigma": 3.4939273518830305e-07,
  "diff_mu_aggregate": 0.358261376619339,
  "diff_sigma_aggregate": 3.4939273518830305e-07,
  "diff_mu_per_k": [
    0.354408860206604,
    0.35129326581954956,
    0.34905484318733215,
    0.3508026897907257,
    0.3566901981830597,
    0.35762709379196167,
    0.3588113486766815,
    0.35615262389183044,
    0.3540966212749481,
    0.3538173735141754,
    0.3599086403846741,
    0.36131685972213745,
    0.3639605939388275,
    0.3634358048439026,
    0.37152644991874695,
    0.3692787289619446
  ],
  "diff_sigma_per_k": [
    2.9613082119794853e-07,
    2.6133554342777643e-07,
    2.344194172110292e-07,
    2.466136947987252e-07,
    3.148093412619346e-07,
    3.23279010672195e-07,
    3.446090204306529e-07,
    3.190771735717135e-07,
    3.0690395647070545e-07,
    3.051426631373033e-07,
    3.5570769796322566e-07,
    3.618497430579737e-07,
    4.035706808735995e-07,
    4.1864376498779166e-07,
    5.359946726457565e-07,
    5.62196646569646e-07
  ],
  "variance_collapse": false,
  "k_report_idx": {
    "k1": 0,
    "k8": 7,
    "k15": 14
  },
  "spec": {
    "kind": "cell",
    "tag": "mag0.3_low",
    "cross": "low",
    "magnitude": 0.3,
    "baseline_key": [
      0.3,
      3,
      32,
      4
    ],
    "params": {
      "period_P": 32,
      "manifold_dim_D": 4,
      "continuity_center": 3,
      "fidelity_F": 0.97,
      "magnitude_M": 0.3,
      "locality_L": 0.3
    },
    "L_d_main": 4,
    "seed": 5,
    "perk": true,
    "label": "cell_mag0.3_low_s5",
    "out_file": "/mnt/c/Users/Jason/Desktop/Eridos/Weft 2/v2/results/phase1/pilot_Ld4/_runs/cell_mag0.3_low_s5.json"
  }
}