{
  "label": "cell_mag0.1_mid_s1",
  "L_d_main": 4,
  "seed": 1,
  "wall_clock_s": 323.58,
  "steps_trained": 10000,
  "final_interval_loss": -2848.797584,
  "nan_inf": false,
  "still_descending": true,
  "stability_flag": "stable",
  "diff_mu": 0.5362953543663025,
  "diff_sigma": 1.259852382418103e-07,
  "diff_mu_aggregate": 0.5362953543663025,
  "diff_sigma_aggregate": 1.259852382418103e-07,
  "diff_mu_per_k": [
    0.5267143845558167,
    0.5387105345726013,
    0.5456100106239319,
    0.5411593914031982,
    0.5333451628684998,
    0.5281144380569458,
    0.5344856977462769,
    0.5326499938964844,
    0.5395628213882446,
    0.5441039204597473,
    0.5358714461326599,
    0.5278648734092712,
    0.5353974103927612,
    0.5363031029701233,
    0.5357274413108826,
    0.5451043844223022
  ],
  "diff_sigma_per_k": [
    1.0851288578805907e-07,
    1.4680063031846657e-07,
    1.4838363426861179e-07,
    1.3475360560732952e-07,
    1.1688168655155096e-07,
    1.0598857613786095e-07,
    1.2459327081160154e-07,
    1.166180680911566e-07,
    1.3400560305854015e-07,
    1.4474775866801792e-07,
    1.1939148691908485e-07,
    1.0801674932281458e-07,
    1.1867179949831552e-07,
    1.242229643594328e-07,
    1.2449487485355348e-07,
    1.3968022471999575e-07
  ],
  "variance_collapse": false,
  "k_report_idx": {
    "k1": 0,
    "k8": 7,
    "k15": 14
  },
  "spec": {
    "kind": "cell",
    "tag": "mag0.1_mid",
    "cross": "mid",
    "magnitude": 0.1,
    "baseline_key": [
      0.5,
      39,
      256,
      16
    ],
    "params": {
      "period_P": 256,
      "manifold_dim_D": 16,
      "continuity_center": 39,
      "fidelity_F": 0.97,
      "magnitude_M": 0.1,
      "locality_L": 0.5
    },
    "L_d_main": 4,
    "seed": 1,
    "perk": true,
    "label": "cell_mag0.1_mid_s1",
    "out_file": "/mnt/c/Users/Jason/Desktop/Eridos/Weft 2/v2/results/phase1/pilot_Ld4/_runs/cell_mag0.1_mid_s1.json"
  }
}