{
  "label": "cell_mag0.9_low_s6",
  "L_d_main": 4,
  "seed": 6,
  "wall_clock_s": 326.37,
  "steps_trained": 10000,
  "final_interval_loss": -2900.638937,
  "nan_inf": false,
  "still_descending": false,
  "stability_flag": "stable",
  "diff_mu": 0.06261951476335526,
  "diff_sigma": 2.0297036940064572e-07,
  "diff_mu_aggregate": 0.06261951476335526,
  "diff_sigma_aggregate": 2.0297036940064572e-07,
  "diff_mu_per_k": [
    0.06276112794876099,
    0.061770420521497726,
    0.06240309402346611,
    0.06275404244661331,
    0.06213340163230896,
    0.06251082569360733,
    0.06277721375226974,
    0.0625106692314148,
    0.06210346892476082,
    0.062450144439935684,
    0.062481869012117386,
    0.062470532953739166,
    0.06269711256027222,
    0.06360357999801636,
    0.06336553394794464,
    0.06311928480863571
  ],
  "diff_sigma_per_k": [
    1.631016317560352e-07,
    1.806782421454045e-07,
    1.5977350642515376e-07,
    1.4306465345725883e-07,
    1.805960749834412e-07,
    2.038206332599657e-07,
    2.1053320153896493e-07,
    2.1206983547017444e-07,
    1.9152011532241886e-07,
    1.594727336851065e-07,
    1.7586972944627632e-07,
    1.811989989164431e-07,
    2.412786272998346e-07,
    2.430661254493316e-07,
    2.77460458164569e-07,
    3.240214141442266e-07
  ],
  "variance_collapse": false,
  "k_report_idx": {
    "k1": 0,
    "k8": 7,
    "k15": 14
  },
  "spec": {
    "kind": "cell",
    "tag": "mag0.9_low",
    "cross": "low",
    "magnitude": 0.9,
    "baseline_key": [
      0.3,
      3,
      32,
      4
    ],
    "params": {
      "period_P": 32,
      "manifold_dim_D": 4,
      "continuity_center": 3,
      "fidelity_F": 0.97,
      "magnitude_M": 0.9,
      "locality_L": 0.3
    },
    "L_d_main": 4,
    "seed": 6,
    "perk": true,
    "label": "cell_mag0.9_low_s6",
    "out_file": "/mnt/c/Users/Jason/Desktop/Eridos/Weft 2/v2/results/phase1/pilot_Ld4/_runs/cell_mag0.9_low_s6.json"
  }
}