{
  "label": "cell_mag0.9_high_s8",
  "L_d_main": 4,
  "seed": 8,
  "wall_clock_s": 325.21,
  "steps_trained": 10000,
  "final_interval_loss": -2993.553282,
  "nan_inf": false,
  "still_descending": true,
  "stability_flag": "stable",
  "diff_mu": 0.0003750924952328205,
  "diff_sigma": 1.1990063109035276e-10,
  "diff_mu_aggregate": 0.0003750924952328205,
  "diff_sigma_aggregate": 1.1990063109035276e-10,
  "diff_mu_per_k": [
    0.0003735604987014085,
    0.00037774507654830813,
    0.00037549439002759755,
    0.00037262486875988543,
    0.00037350229104049504,
    0.0003769530449062586,
    0.0003744631540030241,
    0.00037366963806562126,
    0.00037758832331746817,
    0.000375465489923954,
    0.0003737589286174625,
    0.00037764073931612074,
    0.0003732741461135447,
    0.0003757787635549903,
    0.000374993629520759,
    0.00037496606819331646
  ],
  "diff_sigma_per_k": [
    1.3246020946766635e-10,
    1.2645748337369866e-10,
    1.3055626024716105e-10,
    1.1005747008185907e-10,
    1.0677136258463449e-10,
    1.4166245954072565e-10,
    1.3324051584273633e-10,
    1.1388739951101456e-10,
    1.1708826963552355e-10,
    1.0512657411254622e-10,
    1.253570303116902e-10,
    1.0844434378265433e-10,
    1.0358694457757167e-10,
    1.2357580236876942e-10,
    1.1538680427802817e-10,
    1.247510705848498e-10
  ],
  "variance_collapse": true,
  "k_report_idx": {
    "k1": 0,
    "k8": 7,
    "k15": 14
  },
  "spec": {
    "kind": "cell",
    "tag": "mag0.9_high",
    "cross": "high",
    "magnitude": 0.9,
    "baseline_key": [
      0.9,
      472,
      2048,
      128
    ],
    "params": {
      "period_P": 2048,
      "manifold_dim_D": 128,
      "continuity_center": 472,
      "fidelity_F": 0.97,
      "magnitude_M": 0.9,
      "locality_L": 0.9
    },
    "L_d_main": 4,
    "seed": 8,
    "perk": true,
    "label": "cell_mag0.9_high_s8",
    "out_file": "/mnt/c/Users/Jason/Desktop/Eridos/Weft 2/v2/results/phase1/pilot_Ld4/_runs/cell_mag0.9_high_s8.json"
  }
}