{
  "label": "cell_mag0.3_mid_s1",
  "L_d_main": 4,
  "seed": 1,
  "wall_clock_s": 324.43,
  "steps_trained": 10000,
  "final_interval_loss": -2826.062629,
  "nan_inf": false,
  "still_descending": true,
  "stability_flag": "stable",
  "diff_mu": 0.1002071276307106,
  "diff_sigma": 1.0469198841178695e-08,
  "diff_mu_aggregate": 0.1002071276307106,
  "diff_sigma_aggregate": 1.0469198841178695e-08,
  "diff_mu_per_k": [
    0.09962030500173569,
    0.10109377652406693,
    0.10014846175909042,
    0.10100748389959335,
    0.09928008913993835,
    0.10049283504486084,
    0.10037446767091751,
    0.10095102339982986,
    0.09965203702449799,
    0.09951446205377579,
    0.09982284903526306,
    0.09917343407869339,
    0.09999912977218628,
    0.09993712604045868,
    0.10082307457923889,
    0.10142341256141663
  ],
  "diff_sigma_per_k": [
    9.055789007561543e-09,
    1.0802492234063266e-08,
    1.0756029844571913e-08,
    1.0135729588967024e-08,
    1.0269010530805645e-08,
    9.489597552203577e-09,
    9.982757731563652e-09,
    1.174425268146706e-08,
    9.593597916079943e-09,
    1.1462321758415328e-08,
    1.093993873269028e-08,
    8.841428034145338e-09,
    9.245779253319597e-09,
    1.0363311098160466e-08,
    1.1197254679018442e-08,
    1.3627885486755531e-08
  ],
  "variance_collapse": false,
  "k_report_idx": {
    "k1": 0,
    "k8": 7,
    "k15": 14
  },
  "spec": {
    "kind": "cell",
    "tag": "mag0.3_mid",
    "cross": "mid",
    "magnitude": 0.3,
    "baseline_key": [
      0.5,
      39,
      256,
      16
    ],
    "params": {
      "period_P": 256,
      "manifold_dim_D": 16,
      "continuity_center": 39,
      "fidelity_F": 0.97,
      "magnitude_M": 0.3,
      "locality_L": 0.5
    },
    "L_d_main": 4,
    "seed": 1,
    "perk": true,
    "label": "cell_mag0.3_mid_s1",
    "out_file": "/mnt/c/Users/Jason/Desktop/Eridos/Weft 2/v2/results/phase1/pilot_Ld4/_runs/cell_mag0.3_mid_s1.json"
  }
}