{
  "label": "cell_mag0.9_mid_s9",
  "L_d_main": 4,
  "seed": 9,
  "wall_clock_s": 347.34,
  "steps_trained": 10000,
  "final_interval_loss": -2796.848773,
  "nan_inf": false,
  "still_descending": false,
  "stability_flag": "stable",
  "diff_mu": 0.023546747863292694,
  "diff_sigma": 1.3268351040096604e-07,
  "diff_mu_aggregate": 0.023546747863292694,
  "diff_sigma_aggregate": 1.3268351040096604e-07,
  "diff_mu_per_k": [
    0.023646574467420578,
    0.023502128198742867,
    0.023570816963911057,
    0.02352541871368885,
    0.023563291877508163,
    0.02358340099453926,
    0.023503093048930168,
    0.02358640730381012,
    0.02354045957326889,
    0.02338257245719433,
    0.0235616322606802,
    0.02361920289695263,
    0.023425696417689323,
    0.02371250092983246,
    0.023373369127511978,
    0.023651428520679474
  ],
  "diff_sigma_per_k": [
    1.4613718235523265e-07,
    1.401932934186334e-07,
    1.6274582037567598e-07,
    1.2853885777985852e-07,
    1.331827377271111e-07,
    1.3407462517989188e-07,
    1.2184335673737223e-07,
    1.2394369264256966e-07,
    1.4150859328765364e-07,
    1.2984078523459175e-07,
    1.196145689164041e-07,
    1.186944444953042e-07,
    1.1555282242170506e-07,
    1.3879542848371784e-07,
    1.2670798810177075e-07,
    1.4156204031223751e-07
  ],
  "variance_collapse": false,
  "k_report_idx": {
    "k1": 0,
    "k8": 7,
    "k15": 14
  },
  "spec": {
    "kind": "cell",
    "tag": "mag0.9_mid",
    "cross": "mid",
    "magnitude": 0.9,
    "baseline_key": [
      0.5,
      39,
      256,
      16
    ],
    "params": {
      "period_P": 256,
      "manifold_dim_D": 16,
      "continuity_center": 39,
      "fidelity_F": 0.97,
      "magnitude_M": 0.9,
      "locality_L": 0.5
    },
    "L_d_main": 4,
    "seed": 9,
    "perk": true,
    "label": "cell_mag0.9_mid_s9",
    "out_file": "/mnt/c/Users/Jason/Desktop/Eridos/Weft 2/v2/results/phase1/pilot_Ld4/_runs/cell_mag0.9_mid_s9.json"
  }
}