{
  "label": "cell_mag0.1_high_s3",
  "L_d_main": 4,
  "seed": 3,
  "wall_clock_s": 335.95,
  "steps_trained": 10000,
  "final_interval_loss": -2995.266748,
  "nan_inf": false,
  "still_descending": false,
  "stability_flag": "stable",
  "diff_mu": 0.0003100201138295233,
  "diff_sigma": 6.426763288214232e-11,
  "diff_mu_aggregate": 0.0003100201138295233,
  "diff_sigma_aggregate": 6.426763288214232e-11,
  "diff_mu_per_k": [
    0.00030967826023697853,
    0.00030865921871736646,
    0.00030832536867819726,
    0.00031105277594178915,
    0.00031139652128331363,
    0.00031202987884171307,
    0.0003099306777585298,
    0.000310710136545822,
    0.0003115060681011528,
    0.0003112573176622391,
    0.0003106288786511868,
    0.00030899819103069603,
    0.00031027928343974054,
    0.0003093946725130081,
    0.00030827897717244923,
    0.00030819556559436023
  ],
  "diff_sigma_per_k": [
    7.094511783600765e-11,
    8.654545136099756e-11,
    7.401651513916363e-11,
    6.633030236180559e-11,
    5.6392921582437694e-11,
    7.012143643514435e-11,
    6.727816914686713e-11,
    5.838161898363836e-11,
    5.264333066690163e-11,
    5.8108688000269026e-11,
    6.04982244856167e-11,
    5.948273124056769e-11,
    6.412599617977577e-11,
    5.867818037019745e-11,
    6.053665208005654e-11,
    6.419677983648953e-11
  ],
  "variance_collapse": true,
  "k_report_idx": {
    "k1": 0,
    "k8": 7,
    "k15": 14
  },
  "spec": {
    "kind": "cell",
    "tag": "mag0.1_high",
    "cross": "high",
    "magnitude": 0.1,
    "baseline_key": [
      0.9,
      472,
      2048,
      128
    ],
    "params": {
      "period_P": 2048,
      "manifold_dim_D": 128,
      "continuity_center": 472,
      "fidelity_F": 0.97,
      "magnitude_M": 0.1,
      "locality_L": 0.9
    },
    "L_d_main": 4,
    "seed": 3,
    "perk": true,
    "label": "cell_mag0.1_high_s3",
    "out_file": "/mnt/c/Users/Jason/Desktop/Eridos/Weft 2/v2/results/phase1/pilot_Ld4/_runs/cell_mag0.1_high_s3.json"
  }
}