{
  "label": "cell_mag0.9_low_s5",
  "L_d_main": 4,
  "seed": 5,
  "wall_clock_s": 327.67,
  "steps_trained": 10000,
  "final_interval_loss": -2858.244627,
  "nan_inf": false,
  "still_descending": false,
  "stability_flag": "stable",
  "diff_mu": 0.5976130962371826,
  "diff_sigma": 4.610985797626199e-07,
  "diff_mu_aggregate": 0.5976130962371826,
  "diff_sigma_aggregate": 4.610985797626199e-07,
  "diff_mu_per_k": [
    0.5989044308662415,
    0.599949300289154,
    0.5955720543861389,
    0.6019603610038757,
    0.6008232235908508,
    0.5972497463226318,
    0.5976386070251465,
    0.5952814221382141,
    0.6001765727996826,
    0.5975340008735657,
    0.5971431136131287,
    0.5991596579551697,
    0.5962245464324951,
    0.5924090147018433,
    0.5930237770080566,
    0.5987592935562134
  ],
  "diff_sigma_per_k": [
    4.589365687479585e-07,
    3.5908166751141835e-07,
    3.6029680927640584e-07,
    3.4969019679920166e-07,
    3.904782204244839e-07,
    4.1406127593290876e-07,
    3.950807183628058e-07,
    4.468305689897534e-07,
    4.220847245051118e-07,
    4.1732056388354977e-07,
    4.616358637576923e-07,
    4.5313214513953426e-07,
    4.91803518798406e-07,
    5.966264211565431e-07,
    6.86520991166617e-07,
    6.739973059666227e-07
  ],
  "variance_collapse": false,
  "k_report_idx": {
    "k1": 0,
    "k8": 7,
    "k15": 14
  },
  "spec": {
    "kind": "cell",
    "tag": "mag0.9_low",
    "cross": "low",
    "magnitude": 0.9,
    "baseline_key": [
      0.3,
      3,
      32,
      4
    ],
    "params": {
      "period_P": 32,
      "manifold_dim_D": 4,
      "continuity_center": 3,
      "fidelity_F": 0.97,
      "magnitude_M": 0.9,
      "locality_L": 0.3
    },
    "L_d_main": 4,
    "seed": 5,
    "perk": true,
    "label": "cell_mag0.9_low_s5",
    "out_file": "/mnt/c/Users/Jason/Desktop/Eridos/Weft 2/v2/results/phase1/pilot_Ld4/_runs/cell_mag0.9_low_s5.json"
  }
}