{
  "label": "cell_mag0.3_high_s0",
  "L_d_main": 4,
  "seed": 0,
  "wall_clock_s": 327.14,
  "steps_trained": 10000,
  "final_interval_loss": -2992.553952,
  "nan_inf": false,
  "still_descending": false,
  "stability_flag": "stable",
  "diff_mu": 0.000515494029968977,
  "diff_sigma": 1.6319368079109609e-10,
  "diff_mu_aggregate": 0.000515494029968977,
  "diff_sigma_aggregate": 1.6319368079109609e-10,
  "diff_mu_per_k": [
    0.0005132547812536359,
    0.000515838444698602,
    0.0005122948787175119,
    0.0005164752947166562,
    0.0005185354966670275,
    0.0005171101656742394,
    0.0005144684691913426,
    0.0005167242488823831,
    0.0005128041375428438,
    0.000518831133376807,
    0.0005161031731404364,
    0.0005161948502063751,
    0.0005123174050822854,
    0.0005149555508978665,
    0.0005177853745408356,
    0.0005142129957675934
  ],
  "diff_sigma_per_k": [
    1.538002086798329e-10,
    1.942359328932497e-10,
    1.574838037754489e-10,
    1.6494026977564857e-10,
    1.4563165950942647e-10,
    1.9556296859679634e-10,
    1.915896330473288e-10,
    1.4941321790917783e-10,
    1.5067065650686828e-10,
    1.5903869887701205e-10,
    1.4778960000239039e-10,
    1.5848722334510512e-10,
    1.3933128262255678e-10,
    1.6161967597572158e-10,
    1.7607534874564124e-10,
    1.654287123953324e-10
  ],
  "variance_collapse": true,
  "k_report_idx": {
    "k1": 0,
    "k8": 7,
    "k15": 14
  },
  "spec": {
    "kind": "cell",
    "tag": "mag0.3_high",
    "cross": "high",
    "magnitude": 0.3,
    "baseline_key": [
      0.9,
      472,
      2048,
      128
    ],
    "params": {
      "period_P": 2048,
      "manifold_dim_D": 128,
      "continuity_center": 472,
      "fidelity_F": 0.97,
      "magnitude_M": 0.3,
      "locality_L": 0.9
    },
    "L_d_main": 4,
    "seed": 0,
    "perk": true,
    "label": "cell_mag0.3_high_s0",
    "out_file": "/mnt/c/Users/Jason/Desktop/Eridos/Weft 2/v2/results/phase1/pilot_Ld4/_runs/cell_mag0.3_high_s0.json"
  }
}