{
  "label": "cell_mag0.1_mid_s9",
  "L_d_main": 4,
  "seed": 9,
  "wall_clock_s": 324.87,
  "steps_trained": 10000,
  "final_interval_loss": -2853.1655,
  "nan_inf": false,
  "still_descending": true,
  "stability_flag": "stable",
  "diff_mu": 0.6044042706489563,
  "diff_sigma": 3.6086538557356107e-07,
  "diff_mu_aggregate": 0.6044042706489563,
  "diff_sigma_aggregate": 3.6086538557356107e-07,
  "diff_mu_per_k": [
    0.6086135506629944,
    0.6126188635826111,
    0.6039861440658569,
    0.6066572666168213,
    0.5961732268333435,
    0.6017517447471619,
    0.6028378009796143,
    0.6073553562164307,
    0.6012023091316223,
    0.6033618450164795,
    0.6049874424934387,
    0.600230872631073,
    0.597777247428894,
    0.6033813953399658,
    0.6113916635513306,
    0.6081411838531494
  ],
  "diff_sigma_per_k": [
    3.3607219052100845e-07,
    4.0531537592869427e-07,
    3.9469040302719804e-07,
    3.740348972769425e-07,
    3.235216752273118e-07,
    3.532327639277355e-07,
    3.4083677746821195e-07,
    3.498528826639813e-07,
    3.7918590578556177e-07,
    3.5268331544102693e-07,
    3.561235359939019e-07,
    3.5345212268111936e-07,
    3.2038855124483234e-07,
    3.4046340147142473e-07,
    3.9186244293887285e-07,
    4.021297854706063e-07
  ],
  "variance_collapse": false,
  "k_report_idx": {
    "k1": 0,
    "k8": 7,
    "k15": 14
  },
  "spec": {
    "kind": "cell",
    "tag": "mag0.1_mid",
    "cross": "mid",
    "magnitude": 0.1,
    "baseline_key": [
      0.5,
      39,
      256,
      16
    ],
    "params": {
      "period_P": 256,
      "manifold_dim_D": 16,
      "continuity_center": 39,
      "fidelity_F": 0.97,
      "magnitude_M": 0.1,
      "locality_L": 0.5
    },
    "L_d_main": 4,
    "seed": 9,
    "perk": true,
    "label": "cell_mag0.1_mid_s9",
    "out_file": "/mnt/c/Users/Jason/Desktop/Eridos/Weft 2/v2/results/phase1/pilot_Ld4/_runs/cell_mag0.1_mid_s9.json"
  }
}