{
  "label": "cell_contLow_mid_s7",
  "L_d_main": 4,
  "seed": 7,
  "wall_clock_s": 323.87,
  "steps_trained": 10000,
  "final_interval_loss": -2982.566809,
  "nan_inf": false,
  "still_descending": false,
  "stability_flag": "stable",
  "diff_mu": 0.055393680930137634,
  "diff_sigma": 2.6525377450070664e-08,
  "diff_mu_aggregate": 0.055393680930137634,
  "diff_sigma_aggregate": 2.6525377450070664e-08,
  "diff_mu_per_k": [
    0.055124785751104355,
    0.05541512742638588,
    0.05555110424757004,
    0.05539841949939728,
    0.05549335107207298,
    0.05522390455007553,
    0.055578041821718216,
    0.05497824028134346,
    0.05519070848822594,
    0.055460840463638306,
    0.05582115426659584,
    0.055444370955228806,
    0.05554249882698059,
    0.055448029190301895,
    0.0552934929728508,
    0.05533485859632492
  ],
  "diff_sigma_per_k": [
    2.444289748382289e-08,
    2.25546425980383e-08,
    2.3996172160423157e-08,
    2.5951026216830542e-08,
    3.0430790332047764e-08,
    2.7809717195736994e-08,
    2.841136037545766e-08,
    3.01493585652679e-08,
    2.589617587034354e-08,
    2.133898568956738e-08,
    1.8360550413376586e-08,
    1.851671704855562e-08,
    2.4478747917555665e-08,
    2.726694248167405e-08,
    3.5137933451778736e-08,
    3.9664030282438034e-08
  ],
  "variance_collapse": false,
  "k_report_idx": {
    "k1": 0,
    "k8": 7,
    "k15": 14
  },
  "spec": {
    "kind": "cell",
    "tag": "contLow_mid",
    "cross": "mid",
    "magnitude": 0.3,
    "baseline_key": [
      0.5,
      19,
      256,
      16
    ],
    "params": {
      "period_P": 256,
      "manifold_dim_D": 16,
      "continuity_center": 19,
      "fidelity_F": 0.97,
      "magnitude_M": 0.3,
      "locality_L": 0.5
    },
    "L_d_main": 4,
    "seed": 7,
    "perk": true,
    "label": "cell_contLow_mid_s7",
    "out_file": "/mnt/c/Users/Jason/Desktop/Eridos/Weft 2/v2/results/phase1/pilot_Ld4/_runs/cell_contLow_mid_s7.json"
  }
}