{
  "label": "cell_mag0.7_mid_s3",
  "L_d_main": 4,
  "seed": 3,
  "wall_clock_s": 341.5,
  "steps_trained": 10000,
  "final_interval_loss": -2801.337167,
  "nan_inf": false,
  "still_descending": false,
  "stability_flag": "stable",
  "diff_mu": 1.0666265487670898,
  "diff_sigma": 1.1810810065071564e-05,
  "diff_mu_aggregate": 1.0666265487670898,
  "diff_sigma_aggregate": 1.1810810065071564e-05,
  "diff_mu_per_k": [
    1.0794024467468262,
    0.9590247869491577,
    1.0961707830429077,
    1.1004809141159058,
    1.0840332508087158,
    1.0966733694076538,
    1.0863560438156128,
    1.0882521867752075,
    1.0900518894195557,
    1.105890154838562,
    1.0898864269256592,
    0.9352980256080627,
    1.0920476913452148,
    1.0951504707336426,
    0.948946475982666,
    1.1183594465255737
  ],
  "diff_sigma_per_k": [
    1.2600231457327027e-05,
    3.1141182716964977e-06,
    1.3861125808034558e-05,
    1.5078949218150228e-05,
    1.2877725566795561e-05,
    1.3534567187889479e-05,
    1.2935326594742946e-05,
    1.3357374882616568e-05,
    1.3666208360518795e-05,
    1.6034126019803807e-05,
    1.2981488907826133e-05,
    2.326885351067176e-06,
    1.2999690625292715e-05,
    1.3726110410061665e-05,
    2.6094878649018938e-06,
    1.7269543604925275e-05
  ],
  "variance_collapse": false,
  "k_report_idx": {
    "k1": 0,
    "k8": 7,
    "k15": 14
  },
  "spec": {
    "kind": "cell",
    "tag": "mag0.7_mid",
    "cross": "mid",
    "magnitude": 0.7,
    "baseline_key": [
      0.5,
      39,
      256,
      16
    ],
    "params": {
      "period_P": 256,
      "manifold_dim_D": 16,
      "continuity_center": 39,
      "fidelity_F": 0.97,
      "magnitude_M": 0.7,
      "locality_L": 0.5
    },
    "L_d_main": 4,
    "seed": 3,
    "perk": true,
    "label": "cell_mag0.7_mid_s3",
    "out_file": "/mnt/c/Users/Jason/Desktop/Eridos/Weft 2/v2/results/phase1/pilot_Ld4/_runs/cell_mag0.7_mid_s3.json"
  }
}