{
  "label": "cell_mag0.1_mid_s0",
  "L_d_main": 4,
  "seed": 0,
  "wall_clock_s": 324.88,
  "steps_trained": 10000,
  "final_interval_loss": -2804.163933,
  "nan_inf": false,
  "still_descending": false,
  "stability_flag": "stable",
  "diff_mu": 0.6276617646217346,
  "diff_sigma": 8.40349585473632e-08,
  "diff_mu_aggregate": 0.6276617646217346,
  "diff_sigma_aggregate": 8.40349585473632e-08,
  "diff_mu_per_k": [
    0.6283553838729858,
    0.6271817088127136,
    0.6277826428413391,
    0.6277254819869995,
    0.6296434998512268,
    0.6297106742858887,
    0.6262426972389221,
    0.6291769742965698,
    0.6267427802085876,
    0.6304610371589661,
    0.6267666816711426,
    0.6243475675582886,
    0.6290115714073181,
    0.6255824565887451,
    0.6261751651763916,
    0.6276810169219971
  ],
  "diff_sigma_per_k": [
    7.865556028718856e-08,
    8.462131262376715e-08,
    8.560941466839722e-08,
    9.131932188211067e-08,
    8.46211207772285e-08,
    8.44648297970707e-08,
    7.516788969041954e-08,
    8.224029812708977e-08,
    9.190041794227e-08,
    9.287903424137767e-08,
    7.946225366595172e-08,
    7.476729990685271e-08,
    7.475157559611034e-08,
    7.769145327074511e-08,
    9.644531218100383e-08,
    8.996226341650981e-08
  ],
  "variance_collapse": false,
  "k_report_idx": {
    "k1": 0,
    "k8": 7,
    "k15": 14
  },
  "spec": {
    "kind": "cell",
    "tag": "mag0.1_mid",
    "cross": "mid",
    "magnitude": 0.1,
    "baseline_key": [
      0.5,
      39,
      256,
      16
    ],
    "params": {
      "period_P": 256,
      "manifold_dim_D": 16,
      "continuity_center": 39,
      "fidelity_F": 0.97,
      "magnitude_M": 0.1,
      "locality_L": 0.5
    },
    "L_d_main": 4,
    "seed": 0,
    "perk": true,
    "label": "cell_mag0.1_mid_s0",
    "out_file": "/mnt/c/Users/Jason/Desktop/Eridos/Weft 2/v2/results/phase1/pilot_Ld4/_runs/cell_mag0.1_mid_s0.json"
  }
}