{
  "label": "cell_mag0.7_high_s6",
  "L_d_main": 4,
  "seed": 6,
  "wall_clock_s": 325.73,
  "steps_trained": 10000,
  "final_interval_loss": -2999.753822,
  "nan_inf": false,
  "still_descending": false,
  "stability_flag": "stable",
  "diff_mu": 0.0020506021101027727,
  "diff_sigma": 4.3046910480626366e-10,
  "diff_mu_aggregate": 0.0020506021101027727,
  "diff_sigma_aggregate": 4.3046910480626366e-10,
  "diff_mu_per_k": [
    0.0020504030399024487,
    0.0020547930616885424,
    0.0020475718192756176,
    0.00205485918559134,
    0.002067501423880458,
    0.0020449813455343246,
    0.002057919278740883,
    0.002047818386927247,
    0.0020467457361519337,
    0.002047623973339796,
    0.0020469387527555227,
    0.0020595367532223463,
    0.0020363321527838707,
    0.002046779962256551,
    0.0020486165303736925,
    0.002051209332421422
  ],
  "diff_sigma_per_k": [
    4.1637632230973054e-10,
    4.5303830131793177e-10,
    4.4634329565695907e-10,
    3.678610194235432e-10,
    4.743954673536166e-10,
    4.673711972991157e-10,
    4.668165853871642e-10,
    4.884712079267217e-10,
    4.151448629308163e-10,
    3.775956491924859e-10,
    4.455729396557473e-10,
    4.3820000406036286e-10,
    4.0003991785830806e-10,
    4.000255959812904e-10,
    4.1881409451605123e-10,
    4.1143932705267616e-10
  ],
  "variance_collapse": true,
  "k_report_idx": {
    "k1": 0,
    "k8": 7,
    "k15": 14
  },
  "spec": {
    "kind": "cell",
    "tag": "mag0.7_high",
    "cross": "high",
    "magnitude": 0.7,
    "baseline_key": [
      0.9,
      472,
      2048,
      128
    ],
    "params": {
      "period_P": 2048,
      "manifold_dim_D": 128,
      "continuity_center": 472,
      "fidelity_F": 0.97,
      "magnitude_M": 0.7,
      "locality_L": 0.9
    },
    "L_d_main": 4,
    "seed": 6,
    "perk": true,
    "label": "cell_mag0.7_high_s6",
    "out_file": "/mnt/c/Users/Jason/Desktop/Eridos/Weft 2/v2/results/phase1/pilot_Ld4/_runs/cell_mag0.7_high_s6.json"
  }
}