{
  "label": "cell_mag0.3_low_s2",
  "L_d_main": 4,
  "seed": 2,
  "wall_clock_s": 326.37,
  "steps_trained": 10000,
  "final_interval_loss": -2774.885722,
  "nan_inf": false,
  "still_descending": false,
  "stability_flag": "stable",
  "diff_mu": 0.25218716263771057,
  "diff_sigma": 2.0424332092261466e-07,
  "diff_mu_aggregate": 0.25218716263771057,
  "diff_sigma_aggregate": 2.0424332092261466e-07,
  "diff_mu_per_k": [
    0.24877607822418213,
    0.2510700225830078,
    0.2501707077026367,
    0.25040313601493835,
    0.2528040111064911,
    0.24933494627475739,
    0.2539527714252472,
    0.25168588757514954,
    0.25150424242019653,
    0.25032010674476624,
    0.24911046028137207,
    0.25171905755996704,
    0.2506124675273895,
    0.25548380613327026,
    0.2583155930042267,
    0.25973087549209595
  ],
  "diff_sigma_per_k": [
    1.7200744650835986e-07,
    1.7246793504455127e-07,
    1.76050875211331e-07,
    1.8982487404173298e-07,
    2.0450403326321975e-07,
    1.7989293610298773e-07,
    2.1588006404726912e-07,
    1.9240769688622095e-07,
    2.0625469687729492e-07,
    1.745514452977659e-07,
    1.7459758794302616e-07,
    2.0116453924856614e-07,
    1.9224786740323907e-07,
    2.4190111957977933e-07,
    2.730618575697008e-07,
    3.010783018453367e-07
  ],
  "variance_collapse": false,
  "k_report_idx": {
    "k1": 0,
    "k8": 7,
    "k15": 14
  },
  "spec": {
    "kind": "cell",
    "tag": "mag0.3_low",
    "cross": "low",
    "magnitude": 0.3,
    "baseline_key": [
      0.3,
      3,
      32,
      4
    ],
    "params": {
      "period_P": 32,
      "manifold_dim_D": 4,
      "continuity_center": 3,
      "fidelity_F": 0.97,
      "magnitude_M": 0.3,
      "locality_L": 0.3
    },
    "L_d_main": 4,
    "seed": 2,
    "perk": true,
    "label": "cell_mag0.3_low_s2",
    "out_file": "/mnt/c/Users/Jason/Desktop/Eridos/Weft 2/v2/results/phase1/pilot_Ld4/_runs/cell_mag0.3_low_s2.json"
  }
}