{
  "label": "cell_mag0.7_mid_s8",
  "L_d_main": 4,
  "seed": 8,
  "wall_clock_s": 354.25,
  "steps_trained": 10000,
  "final_interval_loss": -2770.717545,
  "nan_inf": false,
  "still_descending": true,
  "stability_flag": "stable",
  "diff_mu": 0.4745863974094391,
  "diff_sigma": 3.4142821903060394e-08,
  "diff_mu_aggregate": 0.4745863974094391,
  "diff_sigma_aggregate": 3.4142821903060394e-08,
  "diff_mu_per_k": [
    0.47690171003341675,
    0.4722910225391388,
    0.4760211408138275,
    0.4759674072265625,
    0.47312983870506287,
    0.47205105423927307,
    0.4766058921813965,
    0.4740467965602875,
    0.4762274920940399,
    0.47470882534980774,
    0.4767517149448395,
    0.47473737597465515,
    0.4737792909145355,
    0.4727187156677246,
    0.4744100868701935,
    0.47303372621536255
  ],
  "diff_sigma_per_k": [
    3.503511081248689e-08,
    3.167410866922182e-08,
    3.772172618710101e-08,
    3.7989376977520806e-08,
    2.9950260937994244e-08,
    3.000139159325954e-08,
    3.37984680243153e-08,
    3.489277489165943e-08,
    3.6593352348290864e-08,
    3.6789096213851735e-08,
    4.0050281313597225e-08,
    3.0698984687660413e-08,
    3.061550657434964e-08,
    2.995503578517855e-08,
    3.443228635546802e-08,
    3.6087378418869775e-08
  ],
  "variance_collapse": false,
  "k_report_idx": {
    "k1": 0,
    "k8": 7,
    "k15": 14
  },
  "spec": {
    "kind": "cell",
    "tag": "mag0.7_mid",
    "cross": "mid",
    "magnitude": 0.7,
    "baseline_key": [
      0.5,
      39,
      256,
      16
    ],
    "params": {
      "period_P": 256,
      "manifold_dim_D": 16,
      "continuity_center": 39,
      "fidelity_F": 0.97,
      "magnitude_M": 0.7,
      "locality_L": 0.5
    },
    "L_d_main": 4,
    "seed": 8,
    "perk": true,
    "label": "cell_mag0.7_mid_s8",
    "out_file": "/mnt/c/Users/Jason/Desktop/Eridos/Weft 2/v2/results/phase1/pilot_Ld4/_runs/cell_mag0.7_mid_s8.json"
  }
}