{
  "label": "cell_mag0.1_low_s3",
  "L_d_main": 4,
  "seed": 3,
  "wall_clock_s": 322.99,
  "steps_trained": 10000,
  "final_interval_loss": -2702.803136,
  "nan_inf": false,
  "still_descending": false,
  "stability_flag": "stable",
  "diff_mu": 1.1231263875961304,
  "diff_sigma": 8.685211838610485e-08,
  "diff_mu_aggregate": 1.1231263875961304,
  "diff_sigma_aggregate": 8.685211838610485e-08,
  "diff_mu_per_k": [
    1.1186658143997192,
    1.1213709115982056,
    1.123103141784668,
    1.1261451244354248,
    1.1255065202713013,
    1.1221834421157837,
    1.1270780563354492,
    1.1248904466629028,
    1.1186072826385498,
    1.1217451095581055,
    1.1218000650405884,
    1.1228013038635254,
    1.1227082014083862,
    1.1246111392974854,
    1.1178568601608276,
    1.130947232246399
  ],
  "diff_sigma_per_k": [
    8.208043311697111e-08,
    5.786358059367558e-08,
    7.375752630878196e-08,
    8.54080326462281e-08,
    7.975195615017583e-08,
    7.742295338175609e-08,
    7.970622561970231e-08,
    7.996329998150031e-08,
    8.25910646540251e-08,
    8.492836656159852e-08,
    7.299641424651782e-08,
    8.596961720286345e-08,
    8.581223198689258e-08,
    1.0466467159631065e-07,
    1.2683430838933418e-07,
    1.2988321884677134e-07
  ],
  "variance_collapse": false,
  "k_report_idx": {
    "k1": 0,
    "k8": 7,
    "k15": 14
  },
  "spec": {
    "kind": "cell",
    "tag": "mag0.1_low",
    "cross": "low",
    "magnitude": 0.1,
    "baseline_key": [
      0.3,
      3,
      32,
      4
    ],
    "params": {
      "period_P": 32,
      "manifold_dim_D": 4,
      "continuity_center": 3,
      "fidelity_F": 0.97,
      "magnitude_M": 0.1,
      "locality_L": 0.3
    },
    "L_d_main": 4,
    "seed": 3,
    "perk": true,
    "label": "cell_mag0.1_low_s3",
    "out_file": "/mnt/c/Users/Jason/Desktop/Eridos/Weft 2/v2/results/phase1/pilot_Ld4/_runs/cell_mag0.1_low_s3.json"
  }
}