{
  "label": "cell_mag0.7_high_s1",
  "L_d_main": 4,
  "seed": 1,
  "wall_clock_s": 323.2,
  "steps_trained": 10000,
  "final_interval_loss": -2954.705751,
  "nan_inf": false,
  "still_descending": false,
  "stability_flag": "stable",
  "diff_mu": 0.007679517846554518,
  "diff_sigma": 1.1776984942812874e-09,
  "diff_mu_aggregate": 0.007679517846554518,
  "diff_sigma_aggregate": 1.1776984942812874e-09,
  "diff_mu_per_k": [
    0.00768568180501461,
    0.007700871676206589,
    0.007697193417698145,
    0.007691028993576765,
    0.007689150515943766,
    0.007655426859855652,
    0.007668630685657263,
    0.007639627903699875,
    0.007667058147490025,
    0.007699252106249332,
    0.007723250426352024,
    0.007700977846980095,
    0.007620648480951786,
    0.00766026321798563,
    0.00765973562374711,
    0.007713471073657274
  ],
  "diff_sigma_per_k": [
    1.268493088346645e-09,
    1.1477769845669172e-09,
    1.0067832123539233e-09,
    8.031181275569566e-10,
    9.606521134131185e-10,
    1.464222521008196e-09,
    9.884154605899198e-10,
    1.4094120315277792e-09,
    1.2147894912217794e-09,
    1.3486690653152777e-09,
    1.4295031824929083e-09,
    1.3568077772418974e-09,
    1.0584152443371408e-09,
    9.912825005287118e-10,
    1.3036981494352062e-09,
    1.091137069586523e-09
  ],
  "variance_collapse": true,
  "k_report_idx": {
    "k1": 0,
    "k8": 7,
    "k15": 14
  },
  "spec": {
    "kind": "cell",
    "tag": "mag0.7_high",
    "cross": "high",
    "magnitude": 0.7,
    "baseline_key": [
      0.9,
      472,
      2048,
      128
    ],
    "params": {
      "period_P": 2048,
      "manifold_dim_D": 128,
      "continuity_center": 472,
      "fidelity_F": 0.97,
      "magnitude_M": 0.7,
      "locality_L": 0.9
    },
    "L_d_main": 4,
    "seed": 1,
    "perk": true,
    "label": "cell_mag0.7_high_s1",
    "out_file": "/mnt/c/Users/Jason/Desktop/Eridos/Weft 2/v2/results/phase1/pilot_Ld4/_runs/cell_mag0.7_high_s1.json"
  }
}