{
  "label": "cell_mag0.9_high_s3",
  "L_d_main": 4,
  "seed": 3,
  "wall_clock_s": 324.7,
  "steps_trained": 10000,
  "final_interval_loss": -2996.808481,
  "nan_inf": false,
  "still_descending": false,
  "stability_flag": "stable",
  "diff_mu": 5.34660393896047e-05,
  "diff_sigma": 5.965677257746549e-11,
  "diff_mu_aggregate": 5.34660393896047e-05,
  "diff_sigma_aggregate": 5.965677257746549e-11,
  "diff_mu_per_k": [
    5.351671643438749e-05,
    5.3616859077010304e-05,
    5.316515307640657e-05,
    5.3595740610035136e-05,
    5.321084245224483e-05,
    5.350663195713423e-05,
    5.338219125405885e-05,
    5.346090256352909e-05,
    5.3493757150135934e-05,
    5.359474380384199e-05,
    5.365623292163946e-05,
    5.389880607253872e-05,
    5.351602885639295e-05,
    5.331940337782726e-05,
    5.326552491169423e-05,
    5.325701931724325e-05
  ],
  "diff_sigma_per_k": [
    5.709562336808638e-11,
    6.454149714674173e-11,
    6.16685452703436e-11,
    6.450216749609439e-11,
    5.7559415567176586e-11,
    5.983496337291783e-11,
    6.463683754898142e-11,
    6.104864530565024e-11,
    5.060614080565351e-11,
    6.399666213630084e-11,
    5.592754037664349e-11,
    6.12780243214317e-11,
    5.940997693798522e-11,
    5.114209056245045e-11,
    6.086432746688075e-11,
    6.039588273942798e-11
  ],
  "variance_collapse": true,
  "k_report_idx": {
    "k1": 0,
    "k8": 7,
    "k15": 14
  },
  "spec": {
    "kind": "cell",
    "tag": "mag0.9_high",
    "cross": "high",
    "magnitude": 0.9,
    "baseline_key": [
      0.9,
      472,
      2048,
      128
    ],
    "params": {
      "period_P": 2048,
      "manifold_dim_D": 128,
      "continuity_center": 472,
      "fidelity_F": 0.97,
      "magnitude_M": 0.9,
      "locality_L": 0.9
    },
    "L_d_main": 4,
    "seed": 3,
    "perk": true,
    "label": "cell_mag0.9_high_s3",
    "out_file": "/mnt/c/Users/Jason/Desktop/Eridos/Weft 2/v2/results/phase1/pilot_Ld4/_runs/cell_mag0.9_high_s3.json"
  }
}