{
  "label": "cell_mag0.7_low_s6",
  "L_d_main": 4,
  "seed": 6,
  "wall_clock_s": 324.49,
  "steps_trained": 10000,
  "final_interval_loss": -2926.021967,
  "nan_inf": false,
  "still_descending": false,
  "stability_flag": "stable",
  "diff_mu": 0.292068213224411,
  "diff_sigma": 1.4958109773033357e-07,
  "diff_mu_aggregate": 0.292068213224411,
  "diff_sigma_aggregate": 1.4958109773033357e-07,
  "diff_mu_per_k": [
    0.2859170734882355,
    0.2898414134979248,
    0.28972887992858887,
    0.2911536991596222,
    0.2893800139427185,
    0.291738897562027,
    0.28525516390800476,
    0.2927529215812683,
    0.2924111485481262,
    0.2916601896286011,
    0.29429349303245544,
    0.2929899990558624,
    0.2931555211544037,
    0.2958831489086151,
    0.29836323857307434,
    0.29856613278388977
  ],
  "diff_sigma_per_k": [
    1.653261847422982e-07,
    2.0464294436806085e-07,
    2.0504917586094962e-07,
    2.0350266538571304e-07,
    1.644826141955491e-07,
    1.2742779631480516e-07,
    2.096259379413823e-07,
    1.0111371295806748e-07,
    1.0015969564847182e-07,
    9.500310937937684e-08,
    1.0933425187431567e-07,
    1.0371971370659594e-07,
    1.2499606327764923e-07,
    1.2020738893170346e-07,
    1.9986781296665868e-07,
    1.5883863113685948e-07
  ],
  "variance_collapse": false,
  "k_report_idx": {
    "k1": 0,
    "k8": 7,
    "k15": 14
  },
  "spec": {
    "kind": "cell",
    "tag": "mag0.7_low",
    "cross": "low",
    "magnitude": 0.7,
    "baseline_key": [
      0.3,
      3,
      32,
      4
    ],
    "params": {
      "period_P": 32,
      "manifold_dim_D": 4,
      "continuity_center": 3,
      "fidelity_F": 0.97,
      "magnitude_M": 0.7,
      "locality_L": 0.3
    },
    "L_d_main": 4,
    "seed": 6,
    "perk": true,
    "label": "cell_mag0.7_low_s6",
    "out_file": "/mnt/c/Users/Jason/Desktop/Eridos/Weft 2/v2/results/phase1/pilot_Ld4/_runs/cell_mag0.7_low_s6.json"
  }
}