{
  "label": "cell_mag0.3_low_s8",
  "L_d_main": 4,
  "seed": 8,
  "wall_clock_s": 326.53,
  "steps_trained": 10000,
  "final_interval_loss": -2789.811824,
  "nan_inf": false,
  "still_descending": false,
  "stability_flag": "stable",
  "diff_mu": 0.7221394181251526,
  "diff_sigma": 9.36773062676366e-07,
  "diff_mu_aggregate": 0.7221394181251526,
  "diff_sigma_aggregate": 9.36773062676366e-07,
  "diff_mu_per_k": [
    0.7216975092887878,
    0.7220332026481628,
    0.7297285795211792,
    0.720931887626648,
    0.7197049856185913,
    0.7277820706367493,
    0.7235063314437866,
    0.7196944952011108,
    0.716882050037384,
    0.7230182886123657,
    0.7258603572845459,
    0.7202091217041016,
    0.7244213819503784,
    0.719763457775116,
    0.721522867679596,
    0.7174749374389648
  ],
  "diff_sigma_per_k": [
    8.02268118604843e-07,
    7.261734253916075e-07,
    8.27313328954915e-07,
    8.309249892590742e-07,
    8.016635888452583e-07,
    8.944795695242647e-07,
    9.701324188426952e-07,
    8.223061627177231e-07,
    6.955202707104036e-07,
    7.492775466744206e-07,
    6.526050242428028e-07,
    8.676111065142322e-07,
    1.066180516318127e-06,
    1.1459122788437526e-06,
    1.4885046084600617e-06,
    1.6474961057610926e-06
  ],
  "variance_collapse": false,
  "k_report_idx": {
    "k1": 0,
    "k8": 7,
    "k15": 14
  },
  "spec": {
    "kind": "cell",
    "tag": "mag0.3_low",
    "cross": "low",
    "magnitude": 0.3,
    "baseline_key": [
      0.3,
      3,
      32,
      4
    ],
    "params": {
      "period_P": 32,
      "manifold_dim_D": 4,
      "continuity_center": 3,
      "fidelity_F": 0.97,
      "magnitude_M": 0.3,
      "locality_L": 0.3
    },
    "L_d_main": 4,
    "seed": 8,
    "perk": true,
    "label": "cell_mag0.3_low_s8",
    "out_file": "/mnt/c/Users/Jason/Desktop/Eridos/Weft 2/v2/results/phase1/pilot_Ld4/_runs/cell_mag0.3_low_s8.json"
  }
}