{
  "label": "cell_mag0.1_low_s5",
  "L_d_main": 4,
  "seed": 5,
  "wall_clock_s": 325.8,
  "steps_trained": 10000,
  "final_interval_loss": -2801.342851,
  "nan_inf": false,
  "still_descending": false,
  "stability_flag": "stable",
  "diff_mu": 0.24092581868171692,
  "diff_sigma": 1.0312652420907398e-07,
  "diff_mu_aggregate": 0.24092581868171692,
  "diff_sigma_aggregate": 1.0312652420907398e-07,
  "diff_mu_per_k": [
    0.24100986123085022,
    0.24004611372947693,
    0.24150201678276062,
    0.24239559471607208,
    0.2407931536436081,
    0.24276940524578094,
    0.24015383422374725,
    0.2418467402458191,
    0.24164961278438568,
    0.24160732328891754,
    0.2406253069639206,
    0.24208399653434753,
    0.24195203185081482,
    0.23983199894428253,
    0.23866873979568481,
    0.23787765204906464
  ],
  "diff_sigma_per_k": [
    9.332553929652931e-08,
    9.074189932789523e-08,
    8.657096373099193e-08,
    8.298625431280016e-08,
    1.0372363590249734e-07,
    9.224365271620627e-08,
    1.0169188868758283e-07,
    9.455617089315638e-08,
    1.0026737840007627e-07,
    8.760065384194604e-08,
    8.335387491342772e-08,
    9.134856782111456e-08,
    1.0843769615576093e-07,
    1.2181254760434967e-07,
    1.5239953654599958e-07,
    1.5896424088168715e-07
  ],
  "variance_collapse": false,
  "k_report_idx": {
    "k1": 0,
    "k8": 7,
    "k15": 14
  },
  "spec": {
    "kind": "cell",
    "tag": "mag0.1_low",
    "cross": "low",
    "magnitude": 0.1,
    "baseline_key": [
      0.3,
      3,
      32,
      4
    ],
    "params": {
      "period_P": 32,
      "manifold_dim_D": 4,
      "continuity_center": 3,
      "fidelity_F": 0.97,
      "magnitude_M": 0.1,
      "locality_L": 0.3
    },
    "L_d_main": 4,
    "seed": 5,
    "perk": true,
    "label": "cell_mag0.1_low_s5",
    "out_file": "/mnt/c/Users/Jason/Desktop/Eridos/Weft 2/v2/results/phase1/pilot_Ld4/_runs/cell_mag0.1_low_s5.json"
  }
}