{
  "label": "cell_mag0.9_mid_s1",
  "L_d_main": 4,
  "seed": 1,
  "wall_clock_s": 352.42,
  "steps_trained": 10000,
  "final_interval_loss": -2844.661544,
  "nan_inf": false,
  "still_descending": false,
  "stability_flag": "stable",
  "diff_mu": 0.03791430965065956,
  "diff_sigma": 4.555811727868786e-08,
  "diff_mu_aggregate": 0.03791430965065956,
  "diff_sigma_aggregate": 4.555811727868786e-08,
  "diff_mu_per_k": [
    0.03808216005563736,
    0.03774480149149895,
    0.03810875490307808,
    0.037509020417928696,
    0.03798356279730797,
    0.03799985721707344,
    0.03791385889053345,
    0.037570755928754807,
    0.0379500649869442,
    0.03793400153517723,
    0.037762537598609924,
    0.03795761615037918,
    0.03805599734187126,
    0.03815311938524246,
    0.037885650992393494,
    0.0380171462893486
  ],
  "diff_sigma_per_k": [
    3.811763349403918e-08,
    5.186386076161398e-08,
    5.156260485250641e-08,
    4.6855564761472124e-08,
    4.191502611661235e-08,
    4.104838069451944e-08,
    4.716654089520489e-08,
    4.432660816178213e-08,
    4.700099509591382e-08,
    4.1752176827003495e-08,
    4.495028349538188e-08,
    4.1696729624618456e-08,
    4.467397474172685e-08,
    4.371054984630973e-08,
    4.976343603857458e-08,
    5.2525539473435856e-08
  ],
  "variance_collapse": false,
  "k_report_idx": {
    "k1": 0,
    "k8": 7,
    "k15": 14
  },
  "spec": {
    "kind": "cell",
    "tag": "mag0.9_mid",
    "cross": "mid",
    "magnitude": 0.9,
    "baseline_key": [
      0.5,
      39,
      256,
      16
    ],
    "params": {
      "period_P": 256,
      "manifold_dim_D": 16,
      "continuity_center": 39,
      "fidelity_F": 0.97,
      "magnitude_M": 0.9,
      "locality_L": 0.5
    },
    "L_d_main": 4,
    "seed": 1,
    "perk": true,
    "label": "cell_mag0.9_mid_s1",
    "out_file": "/mnt/c/Users/Jason/Desktop/Eridos/Weft 2/v2/results/phase1/pilot_Ld4/_runs/cell_mag0.9_mid_s1.json"
  }
}