{
  "label": "cell_mag0.1_mid_s2",
  "L_d_main": 4,
  "seed": 2,
  "wall_clock_s": 328.57,
  "steps_trained": 10000,
  "final_interval_loss": -2658.169561,
  "nan_inf": false,
  "still_descending": true,
  "stability_flag": "stable",
  "diff_mu": 0.2757861912250519,
  "diff_sigma": 4.0883119112322674e-09,
  "diff_mu_aggregate": 0.2757861912250519,
  "diff_sigma_aggregate": 4.0883119112322674e-09,
  "diff_mu_per_k": [
    0.27718502283096313,
    0.2771226763725281,
    0.278764933347702,
    0.27565905451774597,
    0.27818116545677185,
    0.27368083596229553,
    0.27475035190582275,
    0.2740088105201721,
    0.27611541748046875,
    0.2747044563293457,
    0.2767914831638336,
    0.274868369102478,
    0.2723560929298401,
    0.2750922739505768,
    0.27718979120254517,
    0.2761085033416748
  ],
  "diff_sigma_per_k": [
    4.067434389298796e-09,
    4.726338431737531e-09,
    4.301493827796321e-09,
    4.1695016328446854e-09,
    3.985072716261584e-09,
    3.063101550182523e-09,
    3.6008269699294715e-09,
    3.7188172541391395e-09,
    3.994361730264018e-09,
    4.500462669199123e-09,
    5.28313659486912e-09,
    3.6031759798049734e-09,
    3.6500489297708327e-09,
    4.1897010305547155e-09,
    4.0898400222033615e-09,
    4.469671743834169e-09
  ],
  "variance_collapse": true,
  "k_report_idx": {
    "k1": 0,
    "k8": 7,
    "k15": 14
  },
  "spec": {
    "kind": "cell",
    "tag": "mag0.1_mid",
    "cross": "mid",
    "magnitude": 0.1,
    "baseline_key": [
      0.5,
      39,
      256,
      16
    ],
    "params": {
      "period_P": 256,
      "manifold_dim_D": 16,
      "continuity_center": 39,
      "fidelity_F": 0.97,
      "magnitude_M": 0.1,
      "locality_L": 0.5
    },
    "L_d_main": 4,
    "seed": 2,
    "perk": true,
    "label": "cell_mag0.1_mid_s2",
    "out_file": "/mnt/c/Users/Jason/Desktop/Eridos/Weft 2/v2/results/phase1/pilot_Ld4/_runs/cell_mag0.1_mid_s2.json"
  }
}