{
  "label": "cell_mag0.9_high_s4",
  "L_d_main": 4,
  "seed": 4,
  "wall_clock_s": 327.6,
  "steps_trained": 10000,
  "final_interval_loss": -2984.869168,
  "nan_inf": false,
  "still_descending": false,
  "stability_flag": "stable",
  "diff_mu": 0.00017671057139523327,
  "diff_sigma": 1.764466350806515e-10,
  "diff_mu_aggregate": 0.00017671057139523327,
  "diff_sigma_aggregate": 1.764466350806515e-10,
  "diff_mu_per_k": [
    0.00017690380627755076,
    0.00017806240066420287,
    0.00017464766278862953,
    0.00018105251365341246,
    0.00017756714078132063,
    0.0001796228752937168,
    0.0001778651203494519,
    0.00017669594672042876,
    0.0001775227574398741,
    0.00017592578660696745,
    0.00017394419410265982,
    0.00017460869275964797,
    0.0001755947741912678,
    0.00017382568330504,
    0.0001767594221746549,
    0.00017677040887065232
  ],
  "diff_sigma_per_k": [
    1.7008011665708977e-10,
    1.8455888206592164e-10,
    1.8222086339836352e-10,
    1.4635284650843516e-10,
    1.7088788717423142e-10,
    1.8315439442861958e-10,
    1.9097054493322219e-10,
    2.0181487037085333e-10,
    1.6116682988176478e-10,
    1.688446465974991e-10,
    1.771967850228151e-10,
    1.7714905931054403e-10,
    1.6235765509797773e-10,
    1.7840799670931773e-10,
    1.7505559501973522e-10,
    1.9292714648067033e-10
  ],
  "variance_collapse": true,
  "k_report_idx": {
    "k1": 0,
    "k8": 7,
    "k15": 14
  },
  "spec": {
    "kind": "cell",
    "tag": "mag0.9_high",
    "cross": "high",
    "magnitude": 0.9,
    "baseline_key": [
      0.9,
      472,
      2048,
      128
    ],
    "params": {
      "period_P": 2048,
      "manifold_dim_D": 128,
      "continuity_center": 472,
      "fidelity_F": 0.97,
      "magnitude_M": 0.9,
      "locality_L": 0.9
    },
    "L_d_main": 4,
    "seed": 4,
    "perk": true,
    "label": "cell_mag0.9_high_s4",
    "out_file": "/mnt/c/Users/Jason/Desktop/Eridos/Weft 2/v2/results/phase1/pilot_Ld4/_runs/cell_mag0.9_high_s4.json"
  }
}