{
  "label": "cell_mag0.7_low_s7",
  "L_d_main": 4,
  "seed": 7,
  "wall_clock_s": 323.83,
  "steps_trained": 10000,
  "final_interval_loss": -2821.202498,
  "nan_inf": false,
  "still_descending": false,
  "stability_flag": "stable",
  "diff_mu": 0.9332534670829773,
  "diff_sigma": 1.315029408033297e-06,
  "diff_mu_aggregate": 0.9332534670829773,
  "diff_sigma_aggregate": 1.315029408033297e-06,
  "diff_mu_per_k": [
    0.9308311343193054,
    0.9321072697639465,
    0.9367104172706604,
    0.9387632608413696,
    0.9371107816696167,
    0.9316816329956055,
    0.9329253435134888,
    0.9343138337135315,
    0.9355393648147583,
    0.9344164133071899,
    0.9363313913345337,
    0.9328491687774658,
    0.9301915168762207,
    0.9312421679496765,
    0.9298094511032104,
    0.9272302389144897
  ],
  "diff_sigma_per_k": [
    1.3491664958564797e-06,
    1.0896242201852147e-06,
    1.0867918263102183e-06,
    1.134096009991481e-06,
    1.1202063205928425e-06,
    1.1877575616381364e-06,
    1.2322365137151792e-06,
    1.336141053798201e-06,
    1.0845194537978387e-06,
    1.1199507525816443e-06,
    1.2366294868115801e-06,
    1.327244490312296e-06,
    1.352891217720753e-06,
    1.7291540643782355e-06,
    1.6470889931952115e-06,
    2.006972408707952e-06
  ],
  "variance_collapse": false,
  "k_report_idx": {
    "k1": 0,
    "k8": 7,
    "k15": 14
  },
  "spec": {
    "kind": "cell",
    "tag": "mag0.7_low",
    "cross": "low",
    "magnitude": 0.7,
    "baseline_key": [
      0.3,
      3,
      32,
      4
    ],
    "params": {
      "period_P": 32,
      "manifold_dim_D": 4,
      "continuity_center": 3,
      "fidelity_F": 0.97,
      "magnitude_M": 0.7,
      "locality_L": 0.3
    },
    "L_d_main": 4,
    "seed": 7,
    "perk": true,
    "label": "cell_mag0.7_low_s7",
    "out_file": "/mnt/c/Users/Jason/Desktop/Eridos/Weft 2/v2/results/phase1/pilot_Ld4/_runs/cell_mag0.7_low_s7.json"
  }
}