{
  "label": "cell_mag0.9_low_s2",
  "L_d_main": 4,
  "seed": 2,
  "wall_clock_s": 324.65,
  "steps_trained": 10000,
  "final_interval_loss": -2737.831646,
  "nan_inf": false,
  "still_descending": false,
  "stability_flag": "stable",
  "diff_mu": 0.5777918696403503,
  "diff_sigma": 6.444986411224818e-07,
  "diff_mu_aggregate": 0.5777918696403503,
  "diff_sigma_aggregate": 6.444986411224818e-07,
  "diff_mu_per_k": [
    0.5846158266067505,
    0.5815380215644836,
    0.579712450504303,
    0.5795851945877075,
    0.5751895904541016,
    0.5747360587120056,
    0.5785348415374756,
    0.5844922065734863,
    0.5783780217170715,
    0.5806457996368408,
    0.5845913290977478,
    0.5765538811683655,
    0.5766567587852478,
    0.5696530938148499,
    0.5695134997367859,
    0.5702742338180542
  ],
  "diff_sigma_per_k": [
    5.489675913850078e-07,
    5.332503292265756e-07,
    5.80989137688448e-07,
    5.494275683304295e-07,
    6.184423568811326e-07,
    5.981543722555216e-07,
    6.479511398538307e-07,
    5.403950922300282e-07,
    6.314228926385113e-07,
    5.012099677514925e-07,
    5.725230494135758e-07,
    6.542838946188567e-07,
    7.598646334372461e-07,
    7.28765598978498e-07,
    9.03705597465887e-07,
    9.426252631783427e-07
  ],
  "variance_collapse": false,
  "k_report_idx": {
    "k1": 0,
    "k8": 7,
    "k15": 14
  },
  "spec": {
    "kind": "cell",
    "tag": "mag0.9_low",
    "cross": "low",
    "magnitude": 0.9,
    "baseline_key": [
      0.3,
      3,
      32,
      4
    ],
    "params": {
      "period_P": 32,
      "manifold_dim_D": 4,
      "continuity_center": 3,
      "fidelity_F": 0.97,
      "magnitude_M": 0.9,
      "locality_L": 0.3
    },
    "L_d_main": 4,
    "seed": 2,
    "perk": true,
    "label": "cell_mag0.9_low_s2",
    "out_file": "/mnt/c/Users/Jason/Desktop/Eridos/Weft 2/v2/results/phase1/pilot_Ld4/_runs/cell_mag0.9_low_s2.json"
  }
}