{
  "label": "cell_mag0.3_high_s5",
  "L_d_main": 4,
  "seed": 5,
  "wall_clock_s": 325.4,
  "steps_trained": 10000,
  "final_interval_loss": -2990.199057,
  "nan_inf": false,
  "still_descending": false,
  "stability_flag": "stable",
  "diff_mu": 0.011193259619176388,
  "diff_sigma": 4.0771457321397975e-08,
  "diff_mu_aggregate": 0.011193259619176388,
  "diff_sigma_aggregate": 4.0771457321397975e-08,
  "diff_mu_per_k": [
    0.011234273202717304,
    0.01127370074391365,
    0.011207636445760727,
    0.011186229065060616,
    0.011173238046467304,
    0.011056781746447086,
    0.01119973324239254,
    0.011179092340171337,
    0.011115462519228458,
    0.01126796193420887,
    0.011255721561610699,
    0.011195419356226921,
    0.011142014525830746,
    0.011224599555134773,
    0.011168372817337513,
    0.011211912147700787
  ],
  "diff_sigma_per_k": [
    3.8955555226038996e-08,
    4.245515228262775e-08,
    4.049705282227478e-08,
    3.94184738183867e-08,
    4.055305780070739e-08,
    3.8087591747171246e-08,
    4.8889919668226867e-08,
    4.1128650707378256e-08,
    3.5109501084207295e-08,
    3.890779964876856e-08,
    4.223612037890234e-08,
    4.27282564885445e-08,
    3.772046852645872e-08,
    4.164674649587141e-08,
    4.302085798713051e-08,
    4.098809469610387e-08
  ],
  "variance_collapse": false,
  "k_report_idx": {
    "k1": 0,
    "k8": 7,
    "k15": 14
  },
  "spec": {
    "kind": "cell",
    "tag": "mag0.3_high",
    "cross": "high",
    "magnitude": 0.3,
    "baseline_key": [
      0.9,
      472,
      2048,
      128
    ],
    "params": {
      "period_P": 2048,
      "manifold_dim_D": 128,
      "continuity_center": 472,
      "fidelity_F": 0.97,
      "magnitude_M": 0.3,
      "locality_L": 0.9
    },
    "L_d_main": 4,
    "seed": 5,
    "perk": true,
    "label": "cell_mag0.3_high_s5",
    "out_file": "/mnt/c/Users/Jason/Desktop/Eridos/Weft 2/v2/results/phase1/pilot_Ld4/_runs/cell_mag0.3_high_s5.json"
  }
}