{
  "label": "cell_mag0.9_low_s8",
  "L_d_main": 4,
  "seed": 8,
  "wall_clock_s": 327.07,
  "steps_trained": 10000,
  "final_interval_loss": -2876.510288,
  "nan_inf": false,
  "still_descending": true,
  "stability_flag": "stable",
  "diff_mu": 0.38063153624534607,
  "diff_sigma": 5.325855454429984e-07,
  "diff_mu_aggregate": 0.38063153624534607,
  "diff_sigma_aggregate": 5.325855454429984e-07,
  "diff_mu_per_k": [
    0.3819563388824463,
    0.38262346386909485,
    0.3812776505947113,
    0.3823182284832001,
    0.379905641078949,
    0.3813836872577667,
    0.3800867199897766,
    0.3809302747249603,
    0.3806670606136322,
    0.38102784752845764,
    0.3803277015686035,
    0.38134679198265076,
    0.3794742822647095,
    0.38002946972846985,
    0.37774863839149475,
    0.3790006935596466
  ],
  "diff_sigma_per_k": [
    4.721382822481246e-07,
    4.492744665185455e-07,
    4.306570531298348e-07,
    3.9628014292247826e-07,
    4.540420093235298e-07,
    4.6154639221640537e-07,
    4.5194383346824907e-07,
    5.054180292063393e-07,
    4.890893592346401e-07,
    4.801553359357058e-07,
    5.47275590179197e-07,
    5.440506356535479e-07,
    5.770942834715242e-07,
    6.724368404320558e-07,
    6.901705660311563e-07,
    8.997952818390331e-07
  ],
  "variance_collapse": false,
  "k_report_idx": {
    "k1": 0,
    "k8": 7,
    "k15": 14
  },
  "spec": {
    "kind": "cell",
    "tag": "mag0.9_low",
    "cross": "low",
    "magnitude": 0.9,
    "baseline_key": [
      0.3,
      3,
      32,
      4
    ],
    "params": {
      "period_P": 32,
      "manifold_dim_D": 4,
      "continuity_center": 3,
      "fidelity_F": 0.97,
      "magnitude_M": 0.9,
      "locality_L": 0.3
    },
    "L_d_main": 4,
    "seed": 8,
    "perk": true,
    "label": "cell_mag0.9_low_s8",
    "out_file": "/mnt/c/Users/Jason/Desktop/Eridos/Weft 2/v2/results/phase1/pilot_Ld4/_runs/cell_mag0.9_low_s8.json"
  }
}