{
  "label": "cell_mag0.9_high_s5",
  "L_d_main": 4,
  "seed": 5,
  "wall_clock_s": 325.81,
  "steps_trained": 10000,
  "final_interval_loss": -2997.766155,
  "nan_inf": false,
  "still_descending": true,
  "stability_flag": "stable",
  "diff_mu": 0.00026586209423840046,
  "diff_sigma": 1.5644066597708672e-10,
  "diff_mu_aggregate": 0.00026586209423840046,
  "diff_sigma_aggregate": 1.5644066597708672e-10,
  "diff_mu_per_k": [
    0.0002651069371495396,
    0.00026567233726382256,
    0.00026537841768004,
    0.00026396321482025087,
    0.00026865111431106925,
    0.00026701466413214803,
    0.00026518807862885296,
    0.00026554730720818043,
    0.00026505583082325757,
    0.000266186281805858,
    0.0002655151183716953,
    0.00026594087830744684,
    0.0002664429193828255,
    0.0002631415263749659,
    0.00026770957629196346,
    0.0002672794507816434
  ],
  "diff_sigma_per_k": [
    1.406911392942689e-10,
    1.5822394783260307e-10,
    1.382957637297011e-10,
    1.544366856620627e-10,
    1.4120309088649918e-10,
    1.618656875201907e-10,
    1.704794083678962e-10,
    1.5489430571502538e-10,
    1.5101622730107067e-10,
    1.5073681192134814e-10,
    1.7972003052424412e-10,
    1.8585268046766856e-10,
    1.518967729374765e-10,
    1.5906306827240257e-10,
    1.5537231223827774e-10,
    1.4930275071822763e-10
  ],
  "variance_collapse": true,
  "k_report_idx": {
    "k1": 0,
    "k8": 7,
    "k15": 14
  },
  "spec": {
    "kind": "cell",
    "tag": "mag0.9_high",
    "cross": "high",
    "magnitude": 0.9,
    "baseline_key": [
      0.9,
      472,
      2048,
      128
    ],
    "params": {
      "period_P": 2048,
      "manifold_dim_D": 128,
      "continuity_center": 472,
      "fidelity_F": 0.97,
      "magnitude_M": 0.9,
      "locality_L": 0.9
    },
    "L_d_main": 4,
    "seed": 5,
    "perk": true,
    "label": "cell_mag0.9_high_s5",
    "out_file": "/mnt/c/Users/Jason/Desktop/Eridos/Weft 2/v2/results/phase1/pilot_Ld4/_runs/cell_mag0.9_high_s5.json"
  }
}