{
  "label": "cell_mag0.7_mid_s1",
  "L_d_main": 4,
  "seed": 1,
  "wall_clock_s": 326.58,
  "steps_trained": 10000,
  "final_interval_loss": -2793.991366,
  "nan_inf": false,
  "still_descending": false,
  "stability_flag": "stable",
  "diff_mu": 0.4866958558559418,
  "diff_sigma": 1.465341483708471e-06,
  "diff_mu_aggregate": 0.4866958558559418,
  "diff_sigma_aggregate": 1.465341483708471e-06,
  "diff_mu_per_k": [
    0.48156964778900146,
    0.4894269108772278,
    0.4889414310455322,
    0.4924808144569397,
    0.4859077036380768,
    0.4852910339832306,
    0.4895559251308441,
    0.48733264207839966,
    0.4899028539657593,
    0.4811800420284271,
    0.4837160110473633,
    0.4839704930782318,
    0.48749423027038574,
    0.48520028591156006,
    0.4864000380039215,
    0.48876404762268066
  ],
  "diff_sigma_per_k": [
    1.374555040456471e-06,
    1.5533191799477208e-06,
    1.5325914546338026e-06,
    1.5965110833349172e-06,
    1.4011314988238155e-06,
    1.3714409305976005e-06,
    1.3586670775111998e-06,
    1.4990847603257862e-06,
    1.595130470377626e-06,
    1.4520122704198002e-06,
    1.4753281902812887e-06,
    1.2302119785090326e-06,
    1.3902131286158692e-06,
    1.4888952364344732e-06,
    1.5005537079559872e-06,
    1.6258177311101463e-06
  ],
  "variance_collapse": false,
  "k_report_idx": {
    "k1": 0,
    "k8": 7,
    "k15": 14
  },
  "spec": {
    "kind": "cell",
    "tag": "mag0.7_mid",
    "cross": "mid",
    "magnitude": 0.7,
    "baseline_key": [
      0.5,
      39,
      256,
      16
    ],
    "params": {
      "period_P": 256,
      "manifold_dim_D": 16,
      "continuity_center": 39,
      "fidelity_F": 0.97,
      "magnitude_M": 0.7,
      "locality_L": 0.5
    },
    "L_d_main": 4,
    "seed": 1,
    "perk": true,
    "label": "cell_mag0.7_mid_s1",
    "out_file": "/mnt/c/Users/Jason/Desktop/Eridos/Weft 2/v2/results/phase1/pilot_Ld4/_runs/cell_mag0.7_mid_s1.json"
  }
}