{
  "label": "cell_mag0.1_mid_s6",
  "L_d_main": 4,
  "seed": 6,
  "wall_clock_s": 328.07,
  "steps_trained": 10000,
  "final_interval_loss": -2771.504058,
  "nan_inf": false,
  "still_descending": true,
  "stability_flag": "stable",
  "diff_mu": 0.8065559267997742,
  "diff_sigma": 6.0909609601367265e-05,
  "diff_mu_aggregate": 0.8065559267997742,
  "diff_sigma_aggregate": 6.0909609601367265e-05,
  "diff_mu_per_k": [
    0.8023847341537476,
    0.8094025254249573,
    0.8047950863838196,
    0.8035836815834045,
    0.8129286766052246,
    0.8012449741363525,
    0.8036335706710815,
    0.8115679025650024,
    0.8065962195396423,
    0.8077380061149597,
    0.8076065182685852,
    0.8073330521583557,
    0.8056517243385315,
    0.8102521896362305,
    0.8079280257225037,
    0.8022474646568298
  ],
  "diff_sigma_per_k": [
    5.306361708790064e-05,
    6.041049709892832e-05,
    6.281489913817495e-05,
    6.153892900329083e-05,
    6.563124770764261e-05,
    4.755302506964654e-05,
    5.882456025574356e-05,
    6.879861757624894e-05,
    6.996464799158275e-05,
    6.642095104325563e-05,
    6.389365444192663e-05,
    5.6839264289010316e-05,
    5.592322122538462e-05,
    6.077523357816972e-05,
    6.192243017721921e-05,
    6.0178907006047666e-05
  ],
  "variance_collapse": false,
  "k_report_idx": {
    "k1": 0,
    "k8": 7,
    "k15": 14
  },
  "spec": {
    "kind": "cell",
    "tag": "mag0.1_mid",
    "cross": "mid",
    "magnitude": 0.1,
    "baseline_key": [
      0.5,
      39,
      256,
      16
    ],
    "params": {
      "period_P": 256,
      "manifold_dim_D": 16,
      "continuity_center": 39,
      "fidelity_F": 0.97,
      "magnitude_M": 0.1,
      "locality_L": 0.5
    },
    "L_d_main": 4,
    "seed": 6,
    "perk": true,
    "label": "cell_mag0.1_mid_s6",
    "out_file": "/mnt/c/Users/Jason/Desktop/Eridos/Weft 2/v2/results/phase1/pilot_Ld4/_runs/cell_mag0.1_mid_s6.json"
  }
}