{
  "label": "cell_mag0.3_low_s1",
  "L_d_main": 4,
  "seed": 1,
  "wall_clock_s": 325.0,
  "steps_trained": 10000,
  "final_interval_loss": -2827.850518,
  "nan_inf": false,
  "still_descending": false,
  "stability_flag": "stable",
  "diff_mu": 1.6232775449752808,
  "diff_sigma": 3.295680016890401e-06,
  "diff_mu_aggregate": 1.6232775449752808,
  "diff_sigma_aggregate": 3.295680016890401e-06,
  "diff_mu_per_k": [
    1.6227729320526123,
    1.616649866104126,
    1.6283886432647705,
    1.6212631464004517,
    1.6255426406860352,
    1.6195894479751587,
    1.616155982017517,
    1.6287930011749268,
    1.6206647157669067,
    1.6344448328018188,
    1.6065038442611694,
    1.6180393695831299,
    1.632745623588562,
    1.6236921548843384,
    1.6293646097183228,
    1.6278303861618042
  ],
  "diff_sigma_per_k": [
    3.00894112115202e-06,
    2.591093107184861e-06,
    2.8864490104751894e-06,
    2.845390554284677e-06,
    2.899710125348065e-06,
    3.1033659979584627e-06,
    3.144950596833951e-06,
    3.3649498618615326e-06,
    3.035883310076315e-06,
    2.8652123091887916e-06,
    3.3902665563800838e-06,
    3.1316856166085927e-06,
    3.4687959669099655e-06,
    3.7198667541815666e-06,
    4.612823431671131e-06,
    4.661493676394457e-06
  ],
  "variance_collapse": false,
  "k_report_idx": {
    "k1": 0,
    "k8": 7,
    "k15": 14
  },
  "spec": {
    "kind": "cell",
    "tag": "mag0.3_low",
    "cross": "low",
    "magnitude": 0.3,
    "baseline_key": [
      0.3,
      3,
      32,
      4
    ],
    "params": {
      "period_P": 32,
      "manifold_dim_D": 4,
      "continuity_center": 3,
      "fidelity_F": 0.97,
      "magnitude_M": 0.3,
      "locality_L": 0.3
    },
    "L_d_main": 4,
    "seed": 1,
    "perk": true,
    "label": "cell_mag0.3_low_s1",
    "out_file": "/mnt/c/Users/Jason/Desktop/Eridos/Weft 2/v2/results/phase1/pilot_Ld4/_runs/cell_mag0.3_low_s1.json"
  }
}