{
  "label": "cell_mag0.3_high_s3",
  "L_d_main": 4,
  "seed": 3,
  "wall_clock_s": 324.19,
  "steps_trained": 10000,
  "final_interval_loss": -2982.869416,
  "nan_inf": false,
  "still_descending": false,
  "stability_flag": "stable",
  "diff_mu": 0.0013490478741005063,
  "diff_sigma": 8.238070670074649e-09,
  "diff_mu_aggregate": 0.0013490478741005063,
  "diff_sigma_aggregate": 8.238070670074649e-09,
  "diff_mu_per_k": [
    0.0013477156171575189,
    0.0013462534407153726,
    0.0013469494879245758,
    0.0013455436564981937,
    0.0013488538097590208,
    0.0013491676654666662,
    0.001349185244180262,
    0.0013473699800670147,
    0.0013516191393136978,
    0.0013429502723738551,
    0.0013534835306927562,
    0.0013580679660663009,
    0.001347566256299615,
    0.0013520056381821632,
    0.0013493133010342717,
    0.0013487201649695635
  ],
  "diff_sigma_per_k": [
    8.224721348426556e-09,
    9.036283721286509e-09,
    8.830506992296705e-09,
    8.053551603381948e-09,
    8.171636700637919e-09,
    8.858939359868145e-09,
    9.356285524120267e-09,
    7.53394857611056e-09,
    7.941272528455556e-09,
    7.630314158291185e-09,
    7.575047256125345e-09,
    8.296200171287182e-09,
    7.661567380523593e-09,
    7.873863339113996e-09,
    9.033156445070745e-09,
    7.73183295166291e-09
  ],
  "variance_collapse": true,
  "k_report_idx": {
    "k1": 0,
    "k8": 7,
    "k15": 14
  },
  "spec": {
    "kind": "cell",
    "tag": "mag0.3_high",
    "cross": "high",
    "magnitude": 0.3,
    "baseline_key": [
      0.9,
      472,
      2048,
      128
    ],
    "params": {
      "period_P": 2048,
      "manifold_dim_D": 128,
      "continuity_center": 472,
      "fidelity_F": 0.97,
      "magnitude_M": 0.3,
      "locality_L": 0.9
    },
    "L_d_main": 4,
    "seed": 3,
    "perk": true,
    "label": "cell_mag0.3_high_s3",
    "out_file": "/mnt/c/Users/Jason/Desktop/Eridos/Weft 2/v2/results/phase1/pilot_Ld4/_runs/cell_mag0.3_high_s3.json"
  }
}