{
  "label": "cell_mag0.3_low_s4",
  "L_d_main": 4,
  "seed": 4,
  "wall_clock_s": 328.05,
  "steps_trained": 10000,
  "final_interval_loss": -2791.769356,
  "nan_inf": false,
  "still_descending": false,
  "stability_flag": "stable",
  "diff_mu": 0.28561362624168396,
  "diff_sigma": 7.377369684036239e-07,
  "diff_mu_aggregate": 0.28561362624168396,
  "diff_sigma_aggregate": 7.377369684036239e-07,
  "diff_mu_per_k": [
    0.28515514731407166,
    0.28504475951194763,
    0.28576594591140747,
    0.2856825590133667,
    0.28457051515579224,
    0.2848324775695801,
    0.2846430540084839,
    0.28452804684638977,
    0.2861497700214386,
    0.285973459482193,
    0.285619854927063,
    0.28504568338394165,
    0.2868334650993347,
    0.2842276990413666,
    0.28776058554649353,
    0.28798481822013855
  ],
  "diff_sigma_per_k": [
    6.582055789294827e-07,
    6.662637588306097e-07,
    6.297000822996779e-07,
    6.120792477304349e-07,
    6.993901706664474e-07,
    7.560010999441147e-07,
    6.715283689118223e-07,
    6.996177148721472e-07,
    6.7165672135161e-07,
    6.893220074744022e-07,
    7.13395365892211e-07,
    7.264587225108698e-07,
    8.04009459898225e-07,
    8.615243132226169e-07,
    1.0138337529497221e-06,
    9.308047879130754e-07
  ],
  "variance_collapse": false,
  "k_report_idx": {
    "k1": 0,
    "k8": 7,
    "k15": 14
  },
  "spec": {
    "kind": "cell",
    "tag": "mag0.3_low",
    "cross": "low",
    "magnitude": 0.3,
    "baseline_key": [
      0.3,
      3,
      32,
      4
    ],
    "params": {
      "period_P": 32,
      "manifold_dim_D": 4,
      "continuity_center": 3,
      "fidelity_F": 0.97,
      "magnitude_M": 0.3,
      "locality_L": 0.3
    },
    "L_d_main": 4,
    "seed": 4,
    "perk": true,
    "label": "cell_mag0.3_low_s4",
    "out_file": "/mnt/c/Users/Jason/Desktop/Eridos/Weft 2/v2/results/phase1/pilot_Ld4/_runs/cell_mag0.3_low_s4.json"
  }
}