{
  "label": "cell_mag0.7_low_s3",
  "L_d_main": 4,
  "seed": 3,
  "wall_clock_s": 323.82,
  "steps_trained": 10000,
  "final_interval_loss": -2777.962908,
  "nan_inf": false,
  "still_descending": false,
  "stability_flag": "stable",
  "diff_mu": 0.7761260271072388,
  "diff_sigma": 2.2073141536793628e-08,
  "diff_mu_aggregate": 0.7761260271072388,
  "diff_sigma_aggregate": 2.2073141536793628e-08,
  "diff_mu_per_k": [
    0.7742445468902588,
    0.7701367735862732,
    0.7696544528007507,
    0.7686845660209656,
    0.7769330739974976,
    0.776866614818573,
    0.7737199664115906,
    0.7778501510620117,
    0.7750154733657837,
    0.7754455208778381,
    0.7706046104431152,
    0.7774076461791992,
    0.782279908657074,
    0.783402144908905,
    0.785968005657196,
    0.7798029184341431
  ],
  "diff_sigma_per_k": [
    1.910233216051438e-08,
    1.9204973611408604e-08,
    1.583321207476729e-08,
    1.5997134283907144e-08,
    2.0232279851484236e-08,
    2.049264224979197e-08,
    2.1631803903687796e-08,
    2.2795596521518746e-08,
    1.986272124554489e-08,
    2.1450007992029896e-08,
    1.7585332301450762e-08,
    2.2889750539434317e-08,
    2.5551109672505845e-08,
    2.8404635088463692e-08,
    3.012323546158768e-08,
    3.201347809067556e-08
  ],
  "variance_collapse": false,
  "k_report_idx": {
    "k1": 0,
    "k8": 7,
    "k15": 14
  },
  "spec": {
    "kind": "cell",
    "tag": "mag0.7_low",
    "cross": "low",
    "magnitude": 0.7,
    "baseline_key": [
      0.3,
      3,
      32,
      4
    ],
    "params": {
      "period_P": 32,
      "manifold_dim_D": 4,
      "continuity_center": 3,
      "fidelity_F": 0.97,
      "magnitude_M": 0.7,
      "locality_L": 0.3
    },
    "L_d_main": 4,
    "seed": 3,
    "perk": true,
    "label": "cell_mag0.7_low_s3",
    "out_file": "/mnt/c/Users/Jason/Desktop/Eridos/Weft 2/v2/results/phase1/pilot_Ld4/_runs/cell_mag0.7_low_s3.json"
  }
}