{
  "label": "cell_mag0.3_low_s6",
  "L_d_main": 4,
  "seed": 6,
  "wall_clock_s": 326.09,
  "steps_trained": 10000,
  "final_interval_loss": -2853.936659,
  "nan_inf": false,
  "still_descending": false,
  "stability_flag": "stable",
  "diff_mu": 0.39941826462745667,
  "diff_sigma": 3.3920917985597043e-07,
  "diff_mu_aggregate": 0.39941826462745667,
  "diff_sigma_aggregate": 3.3920917985597043e-07,
  "diff_mu_per_k": [
    0.39785829186439514,
    0.40680572390556335,
    0.39771878719329834,
    0.39556118845939636,
    0.3969254493713379,
    0.39917072653770447,
    0.39614421129226685,
    0.401050329208374,
    0.39850494265556335,
    0.40145304799079895,
    0.3964014947414398,
    0.40053296089172363,
    0.4014821946620941,
    0.3985702693462372,
    0.40206488966941833,
    0.4004478454589844
  ],
  "diff_sigma_per_k": [
    2.9172136351007794e-07,
    3.0847920129417616e-07,
    2.6400394403935934e-07,
    2.9403059897958883e-07,
    2.93782846938484e-07,
    3.2262721560982754e-07,
    3.0776752169003885e-07,
    3.3842809443740407e-07,
    3.274235496064648e-07,
    3.4824918770937074e-07,
    3.1793845778338437e-07,
    3.219114717012417e-07,
    3.6966005723115813e-07,
    3.661005791855132e-07,
    4.387352134926914e-07,
    5.164875460650364e-07
  ],
  "variance_collapse": false,
  "k_report_idx": {
    "k1": 0,
    "k8": 7,
    "k15": 14
  },
  "spec": {
    "kind": "cell",
    "tag": "mag0.3_low",
    "cross": "low",
    "magnitude": 0.3,
    "baseline_key": [
      0.3,
      3,
      32,
      4
    ],
    "params": {
      "period_P": 32,
      "manifold_dim_D": 4,
      "continuity_center": 3,
      "fidelity_F": 0.97,
      "magnitude_M": 0.3,
      "locality_L": 0.3
    },
    "L_d_main": 4,
    "seed": 6,
    "perk": true,
    "label": "cell_mag0.3_low_s6",
    "out_file": "/mnt/c/Users/Jason/Desktop/Eridos/Weft 2/v2/results/phase1/pilot_Ld4/_runs/cell_mag0.3_low_s6.json"
  }
}