{
  "label": "cell_mag0.1_low_s7",
  "L_d_main": 4,
  "seed": 7,
  "wall_clock_s": 323.55,
  "steps_trained": 10000,
  "final_interval_loss": -2862.233329,
  "nan_inf": false,
  "still_descending": false,
  "stability_flag": "stable",
  "diff_mu": 0.2745680510997772,
  "diff_sigma": 9.159853107121307e-07,
  "diff_mu_aggregate": 0.2745680510997772,
  "diff_sigma_aggregate": 9.159853107121307e-07,
  "diff_mu_per_k": [
    0.2729741334915161,
    0.2727944552898407,
    0.26358094811439514,
    0.2710340619087219,
    0.27356433868408203,
    0.27546772360801697,
    0.27207839488983154,
    0.27477943897247314,
    0.2729111313819885,
    0.27299144864082336,
    0.27272793650627136,
    0.2770354747772217,
    0.2764979898929596,
    0.2816769778728485,
    0.28186503052711487,
    0.28110983967781067
  ],
  "diff_sigma_per_k": [
    8.287175887744525e-07,
    7.380573379123234e-07,
    6.799420475545048e-07,
    8.274539027297578e-07,
    9.052200198311766e-07,
    9.116747037296591e-07,
    8.31538045531488e-07,
    9.032585239765467e-07,
    7.949218456815288e-07,
    8.069231398621923e-07,
    8.503290018779808e-07,
    8.459681453132362e-07,
    1.0909379852819256e-06,
    1.1905332257811096e-06,
    1.2318772633079789e-06,
    1.2184127626824193e-06
  ],
  "variance_collapse": false,
  "k_report_idx": {
    "k1": 0,
    "k8": 7,
    "k15": 14
  },
  "spec": {
    "kind": "cell",
    "tag": "mag0.1_low",
    "cross": "low",
    "magnitude": 0.1,
    "baseline_key": [
      0.3,
      3,
      32,
      4
    ],
    "params": {
      "period_P": 32,
      "manifold_dim_D": 4,
      "continuity_center": 3,
      "fidelity_F": 0.97,
      "magnitude_M": 0.1,
      "locality_L": 0.3
    },
    "L_d_main": 4,
    "seed": 7,
    "perk": true,
    "label": "cell_mag0.1_low_s7",
    "out_file": "/mnt/c/Users/Jason/Desktop/Eridos/Weft 2/v2/results/phase1/pilot_Ld4/_runs/cell_mag0.1_low_s7.json"
  }
}