{
  "label": "cell_mag0.9_high_s1",
  "L_d_main": 4,
  "seed": 1,
  "wall_clock_s": 325.01,
  "steps_trained": 10000,
  "final_interval_loss": -2980.603581,
  "nan_inf": false,
  "still_descending": false,
  "stability_flag": "stable",
  "diff_mu": 0.00015170664119068533,
  "diff_sigma": 1.0651441950670915e-09,
  "diff_mu_aggregate": 0.00015170664119068533,
  "diff_sigma_aggregate": 1.0651441950670915e-09,
  "diff_mu_per_k": [
    0.0001514469477115199,
    0.00015152510604821146,
    0.0001527438871562481,
    0.00015372996858786792,
    0.00015207707474473864,
    0.00015167027595452964,
    0.00015198996698018163,
    0.00015033410454634577,
    0.0001517120108474046,
    0.00015157810412347317,
    0.0001515104086138308,
    0.00015091203385964036,
    0.00015059344877954572,
    0.00015155039727687836,
    0.00015258268103934824,
    0.00015134965360630304
  ],
  "diff_sigma_per_k": [
    1.0527350102762512e-09,
    1.104629721027095e-09,
    1.060173837608147e-09,
    8.709058474387632e-10,
    1.004551219985217e-09,
    1.1002172506380248e-09,
    1.053877540790893e-09,
    1.0893028701275398e-09,
    1.0304751496548192e-09,
    1.0320654331152923e-09,
    1.1423356705009269e-09,
    1.0549449092067675e-09,
    1.101583602114431e-09,
    1.0854993570674765e-09,
    1.1858602988468192e-09,
    1.073149680230756e-09
  ],
  "variance_collapse": true,
  "k_report_idx": {
    "k1": 0,
    "k8": 7,
    "k15": 14
  },
  "spec": {
    "kind": "cell",
    "tag": "mag0.9_high",
    "cross": "high",
    "magnitude": 0.9,
    "baseline_key": [
      0.9,
      472,
      2048,
      128
    ],
    "params": {
      "period_P": 2048,
      "manifold_dim_D": 128,
      "continuity_center": 472,
      "fidelity_F": 0.97,
      "magnitude_M": 0.9,
      "locality_L": 0.9
    },
    "L_d_main": 4,
    "seed": 1,
    "perk": true,
    "label": "cell_mag0.9_high_s1",
    "out_file": "/mnt/c/Users/Jason/Desktop/Eridos/Weft 2/v2/results/phase1/pilot_Ld4/_runs/cell_mag0.9_high_s1.json"
  }
}