{
  "label": "cell_mag0.7_high_s0",
  "L_d_main": 4,
  "seed": 0,
  "wall_clock_s": 327.45,
  "steps_trained": 10000,
  "final_interval_loss": -2984.802046,
  "nan_inf": false,
  "still_descending": false,
  "stability_flag": "stable",
  "diff_mu": 0.0002394267648924142,
  "diff_sigma": 4.623874894083002e-11,
  "diff_mu_aggregate": 0.0002394267648924142,
  "diff_sigma_aggregate": 4.623874894083002e-11,
  "diff_mu_per_k": [
    0.00023809818958397955,
    0.0002393420581938699,
    0.00023801028146408498,
    0.00024080190632957965,
    0.00023926071298774332,
    0.00024125812342390418,
    0.00024207909882534295,
    0.00023933500051498413,
    0.00023825561220292002,
    0.00023860747751314193,
    0.00024038582341745496,
    0.00023706446518190205,
    0.00023844167299102992,
    0.00023840268841013312,
    0.0002409233566140756,
    0.0002405614941380918
  ],
  "diff_sigma_per_k": [
    4.741949194420059e-11,
    5.162420491089392e-11,
    4.51886097985188e-11,
    4.518519239327112e-11,
    4.431578715102802e-11,
    5.061328092748063e-11,
    4.837647990529881e-11,
    3.896001229963808e-11,
    4.652543628136385e-11,
    4.428613378792967e-11,
    4.99529480280092e-11,
    5.081248616312095e-11,
    4.108779982914257e-11,
    4.1256789651278325e-11,
    4.2974897945802226e-11,
    5.124041121962186e-11
  ],
  "variance_collapse": true,
  "k_report_idx": {
    "k1": 0,
    "k8": 7,
    "k15": 14
  },
  "spec": {
    "kind": "cell",
    "tag": "mag0.7_high",
    "cross": "high",
    "magnitude": 0.7,
    "baseline_key": [
      0.9,
      472,
      2048,
      128
    ],
    "params": {
      "period_P": 2048,
      "manifold_dim_D": 128,
      "continuity_center": 472,
      "fidelity_F": 0.97,
      "magnitude_M": 0.7,
      "locality_L": 0.9
    },
    "L_d_main": 4,
    "seed": 0,
    "perk": true,
    "label": "cell_mag0.7_high_s0",
    "out_file": "/mnt/c/Users/Jason/Desktop/Eridos/Weft 2/v2/results/phase1/pilot_Ld4/_runs/cell_mag0.7_high_s0.json"
  }
}