{
  "label": "cell_mag0.7_mid_s2",
  "L_d_main": 4,
  "seed": 2,
  "wall_clock_s": 341.01,
  "steps_trained": 10000,
  "final_interval_loss": -2660.043808,
  "nan_inf": false,
  "still_descending": false,
  "stability_flag": "stable",
  "diff_mu": 0.17333173751831055,
  "diff_sigma": 1.349037290765409e-07,
  "diff_mu_aggregate": 0.17333173751831055,
  "diff_sigma_aggregate": 1.349037290765409e-07,
  "diff_mu_per_k": [
    0.17372119426727295,
    0.17534826695919037,
    0.17396001517772675,
    0.1714329719543457,
    0.1744505763053894,
    0.17284107208251953,
    0.17212359607219696,
    0.17398694157600403,
    0.17356793582439423,
    0.17318309843540192,
    0.17444545030593872,
    0.17105786502361298,
    0.1727326512336731,
    0.17386670410633087,
    0.1735895872116089,
    0.17299993336200714
  ],
  "diff_sigma_per_k": [
    1.276623606827343e-07,
    1.570901986269746e-07,
    1.4754188271126623e-07,
    1.236436588669676e-07,
    1.478121021136758e-07,
    1.2353524425634532e-07,
    1.3890723948861705e-07,
    1.414454686710087e-07,
    1.2864435916526418e-07,
    1.3014580702019884e-07,
    1.423612729922752e-07,
    1.232912296700306e-07,
    1.2055288323153945e-07,
    1.2343357980171277e-07,
    1.3534128129322198e-07,
    1.4705113926538615e-07
  ],
  "variance_collapse": false,
  "k_report_idx": {
    "k1": 0,
    "k8": 7,
    "k15": 14
  },
  "spec": {
    "kind": "cell",
    "tag": "mag0.7_mid",
    "cross": "mid",
    "magnitude": 0.7,
    "baseline_key": [
      0.5,
      39,
      256,
      16
    ],
    "params": {
      "period_P": 256,
      "manifold_dim_D": 16,
      "continuity_center": 39,
      "fidelity_F": 0.97,
      "magnitude_M": 0.7,
      "locality_L": 0.5
    },
    "L_d_main": 4,
    "seed": 2,
    "perk": true,
    "label": "cell_mag0.7_mid_s2",
    "out_file": "/mnt/c/Users/Jason/Desktop/Eridos/Weft 2/v2/results/phase1/pilot_Ld4/_runs/cell_mag0.7_mid_s2.json"
  }
}