{
  "label": "cell_mag0.3_mid_s3",
  "L_d_main": 4,
  "seed": 3,
  "wall_clock_s": 325.86,
  "steps_trained": 10000,
  "final_interval_loss": -2809.331304,
  "nan_inf": false,
  "still_descending": false,
  "stability_flag": "stable",
  "diff_mu": 0.14032983779907227,
  "diff_sigma": 3.040626950223668e-07,
  "diff_mu_aggregate": 0.14032983779907227,
  "diff_sigma_aggregate": 3.040626950223668e-07,
  "diff_mu_per_k": [
    0.13819432258605957,
    0.14412757754325867,
    0.1389920860528946,
    0.13960139453411102,
    0.13803519308567047,
    0.1399773359298706,
    0.1380976140499115,
    0.13755883276462555,
    0.1392129361629486,
    0.14619223773479462,
    0.13757525384426117,
    0.14088566601276398,
    0.14081290364265442,
    0.1382034569978714,
    0.14377304911613464,
    0.1440373659133911
  ],
  "diff_sigma_per_k": [
    2.8637850846280344e-07,
    2.59580701822415e-07,
    3.3564040791134175e-07,
    3.2385730719397543e-07,
    2.88303994011585e-07,
    3.1441703640666674e-07,
    2.6097706040673074e-07,
    2.9693524083995726e-07,
    3.153011505219183e-07,
    4.545055958260491e-07,
    2.667975422809832e-07,
    1.9286433428078453e-07,
    3.2611580991215305e-07,
    2.786141806154774e-07,
    2.552143314460409e-07,
    4.0949973367787607e-07
  ],
  "variance_collapse": false,
  "k_report_idx": {
    "k1": 0,
    "k8": 7,
    "k15": 14
  },
  "spec": {
    "kind": "cell",
    "tag": "mag0.3_mid",
    "cross": "mid",
    "magnitude": 0.3,
    "baseline_key": [
      0.5,
      39,
      256,
      16
    ],
    "params": {
      "period_P": 256,
      "manifold_dim_D": 16,
      "continuity_center": 39,
      "fidelity_F": 0.97,
      "magnitude_M": 0.3,
      "locality_L": 0.5
    },
    "L_d_main": 4,
    "seed": 3,
    "perk": true,
    "label": "cell_mag0.3_mid_s3",
    "out_file": "/mnt/c/Users/Jason/Desktop/Eridos/Weft 2/v2/results/phase1/pilot_Ld4/_runs/cell_mag0.3_mid_s3.json"
  }
}