{
  "label": "cell_mag0.1_high_s1",
  "L_d_main": 4,
  "seed": 1,
  "wall_clock_s": 342.05,
  "steps_trained": 10000,
  "final_interval_loss": -2991.256596,
  "nan_inf": false,
  "still_descending": false,
  "stability_flag": "stable",
  "diff_mu": 0.000158090319018811,
  "diff_sigma": 1.733476834298031e-10,
  "diff_mu_aggregate": 0.000158090319018811,
  "diff_sigma_aggregate": 1.733476834298031e-10,
  "diff_mu_per_k": [
    0.00015790681936778128,
    0.00015905630425550044,
    0.000156529393279925,
    0.0001583218399900943,
    0.00015882485604379326,
    0.00015826275921426713,
    0.00015948552754707634,
    0.0001583023986313492,
    0.00015726438141427934,
    0.00015885448374319822,
    0.0001576020149514079,
    0.00015829865878913552,
    0.00015657588664907962,
    0.00015768999583087862,
    0.0001574267662363127,
    0.0001590432075317949
  ],
  "diff_sigma_per_k": [
    1.6017895343445332e-10,
    1.9242721305268162e-10,
    1.7667771412543942e-10,
    1.4032768003158225e-10,
    1.5212932302777205e-10,
    1.8633429521575096e-10,
    1.9673897233563054e-10,
    1.7129503371293708e-10,
    1.5910019135478848e-10,
    1.7345987146644148e-10,
    1.793822174134263e-10,
    1.7803399032789713e-10,
    1.6393733592856563e-10,
    1.8096397991218538e-10,
    1.8210287444642148e-10,
    1.804731641907864e-10
  ],
  "variance_collapse": true,
  "k_report_idx": {
    "k1": 0,
    "k8": 7,
    "k15": 14
  },
  "spec": {
    "kind": "cell",
    "tag": "mag0.1_high",
    "cross": "high",
    "magnitude": 0.1,
    "baseline_key": [
      0.9,
      472,
      2048,
      128
    ],
    "params": {
      "period_P": 2048,
      "manifold_dim_D": 128,
      "continuity_center": 472,
      "fidelity_F": 0.97,
      "magnitude_M": 0.1,
      "locality_L": 0.9
    },
    "L_d_main": 4,
    "seed": 1,
    "perk": true,
    "label": "cell_mag0.1_high_s1",
    "out_file": "/mnt/c/Users/Jason/Desktop/Eridos/Weft 2/v2/results/phase1/pilot_Ld4/_runs/cell_mag0.1_high_s1.json"
  }
}