{
  "label": "cell_mag0.3_low_s9",
  "L_d_main": 4,
  "seed": 9,
  "wall_clock_s": 325.55,
  "steps_trained": 10000,
  "final_interval_loss": -2849.541183,
  "nan_inf": false,
  "still_descending": false,
  "stability_flag": "stable",
  "diff_mu": 3.670626401901245,
  "diff_sigma": 4.6190731950446207e-07,
  "diff_mu_aggregate": 3.670626401901245,
  "diff_sigma_aggregate": 4.6190731950446207e-07,
  "diff_mu_per_k": [
    3.672224998474121,
    3.6522727012634277,
    3.642307758331299,
    3.666351556777954,
    3.668605089187622,
    3.666454792022705,
    3.6709322929382324,
    3.654892683029175,
    3.665039539337158,
    3.671926736831665,
    3.6687839031219482,
    3.669912815093994,
    3.6774399280548096,
    3.675577163696289,
    3.699779748916626,
    3.7075259685516357
  ],
  "diff_sigma_per_k": [
    4.4498702322925965e-07,
    3.579113467822026e-07,
    3.5721095059670915e-07,
    4.270519866622635e-07,
    4.2507193143137556e-07,
    4.3270719629617815e-07,
    4.572518434997619e-07,
    4.059779996623547e-07,
    3.9800136164558353e-07,
    4.1947964746213984e-07,
    4.2089888552254706e-07,
    4.7205384134940687e-07,
    4.896350560557039e-07,
    5.214732823333179e-07,
    6.640311767114326e-07,
    6.967734975660278e-07
  ],
  "variance_collapse": false,
  "k_report_idx": {
    "k1": 0,
    "k8": 7,
    "k15": 14
  },
  "spec": {
    "kind": "cell",
    "tag": "mag0.3_low",
    "cross": "low",
    "magnitude": 0.3,
    "baseline_key": [
      0.3,
      3,
      32,
      4
    ],
    "params": {
      "period_P": 32,
      "manifold_dim_D": 4,
      "continuity_center": 3,
      "fidelity_F": 0.97,
      "magnitude_M": 0.3,
      "locality_L": 0.3
    },
    "L_d_main": 4,
    "seed": 9,
    "perk": true,
    "label": "cell_mag0.3_low_s9",
    "out_file": "/mnt/c/Users/Jason/Desktop/Eridos/Weft 2/v2/results/phase1/pilot_Ld4/_runs/cell_mag0.3_low_s9.json"
  }
}