{
  "label": "cell_mag0.9_mid_s6",
  "L_d_main": 4,
  "seed": 6,
  "wall_clock_s": 348.56,
  "steps_trained": 10000,
  "final_interval_loss": -2822.800792,
  "nan_inf": false,
  "still_descending": false,
  "stability_flag": "stable",
  "diff_mu": 0.3835987448692322,
  "diff_sigma": 4.50980405730661e-06,
  "diff_mu_aggregate": 0.3835987448692322,
  "diff_sigma_aggregate": 4.50980405730661e-06,
  "diff_mu_per_k": [
    0.3846035897731781,
    0.3809405267238617,
    0.39289721846580505,
    0.3890523612499237,
    0.3803171217441559,
    0.3795138895511627,
    0.3839562237262726,
    0.3802952766418457,
    0.3874768912792206,
    0.3843264579772949,
    0.37586867809295654,
    0.3832252621650696,
    0.38155925273895264,
    0.3831090033054352,
    0.385128915309906,
    0.3853089213371277
  ],
  "diff_sigma_per_k": [
    4.2435526665940415e-06,
    4.653575160773471e-06,
    4.652290954254568e-06,
    4.68927373731276e-06,
    4.686658030550461e-06,
    4.1203970795322675e-06,
    4.346359219198348e-06,
    4.505588094616542e-06,
    4.5018955461273436e-06,
    4.848350727115758e-06,
    4.475318291952135e-06,
    4.2276478779967874e-06,
    4.2360429688415024e-06,
    4.626280315278564e-06,
    4.522044946497772e-06,
    4.8215920287475456e-06
  ],
  "variance_collapse": false,
  "k_report_idx": {
    "k1": 0,
    "k8": 7,
    "k15": 14
  },
  "spec": {
    "kind": "cell",
    "tag": "mag0.9_mid",
    "cross": "mid",
    "magnitude": 0.9,
    "baseline_key": [
      0.5,
      39,
      256,
      16
    ],
    "params": {
      "period_P": 256,
      "manifold_dim_D": 16,
      "continuity_center": 39,
      "fidelity_F": 0.97,
      "magnitude_M": 0.9,
      "locality_L": 0.5
    },
    "L_d_main": 4,
    "seed": 6,
    "perk": true,
    "label": "cell_mag0.9_mid_s6",
    "out_file": "/mnt/c/Users/Jason/Desktop/Eridos/Weft 2/v2/results/phase1/pilot_Ld4/_runs/cell_mag0.9_mid_s6.json"
  }
}