{
  "label": "cell_mag0.3_mid_s0",
  "L_d_main": 4,
  "seed": 0,
  "wall_clock_s": 323.59,
  "steps_trained": 10000,
  "final_interval_loss": -2794.244855,
  "nan_inf": false,
  "still_descending": true,
  "stability_flag": "stable",
  "diff_mu": 0.13571159541606903,
  "diff_sigma": 1.3106499352488754e-07,
  "diff_mu_aggregate": 0.13571159541606903,
  "diff_sigma_aggregate": 1.3106499352488754e-07,
  "diff_mu_per_k": [
    0.135255366563797,
    0.13660810887813568,
    0.13494841754436493,
    0.13513389229774475,
    0.1349102407693863,
    0.13668476045131683,
    0.13572566211223602,
    0.13450659811496735,
    0.13595004379749298,
    0.13567446172237396,
    0.13604214787483215,
    0.13639339804649353,
    0.1370212584733963,
    0.13579559326171875,
    0.1355295479297638,
    0.1352059245109558
  ],
  "diff_sigma_per_k": [
    1.3099273132866074e-07,
    1.3750944560797507e-07,
    1.287238404756863e-07,
    1.1912698738569816e-07,
    1.253128516509605e-07,
    1.284994795014427e-07,
    1.471945694220267e-07,
    1.2486370337683184e-07,
    1.4339981646571687e-07,
    1.295251479405124e-07,
    1.2608607846686937e-07,
    1.2568391127842915e-07,
    1.3327392878181854e-07,
    1.3811245480610523e-07,
    1.337144652779898e-07,
    1.2502042068263108e-07
  ],
  "variance_collapse": false,
  "k_report_idx": {
    "k1": 0,
    "k8": 7,
    "k15": 14
  },
  "spec": {
    "kind": "cell",
    "tag": "mag0.3_mid",
    "cross": "mid",
    "magnitude": 0.3,
    "baseline_key": [
      0.5,
      39,
      256,
      16
    ],
    "params": {
      "period_P": 256,
      "manifold_dim_D": 16,
      "continuity_center": 39,
      "fidelity_F": 0.97,
      "magnitude_M": 0.3,
      "locality_L": 0.5
    },
    "L_d_main": 4,
    "seed": 0,
    "perk": true,
    "label": "cell_mag0.3_mid_s0",
    "out_file": "/mnt/c/Users/Jason/Desktop/Eridos/Weft 2/v2/results/phase1/pilot_Ld4/_runs/cell_mag0.3_mid_s0.json"
  }
}