{
  "label": "cell_mag0.1_high_s4",
  "L_d_main": 4,
  "seed": 4,
  "wall_clock_s": 325.81,
  "steps_trained": 10000,
  "final_interval_loss": -2988.550189,
  "nan_inf": false,
  "still_descending": false,
  "stability_flag": "stable",
  "diff_mu": 0.0033875973895192146,
  "diff_sigma": 1.3174322077702527e-08,
  "diff_mu_aggregate": 0.0033875973895192146,
  "diff_sigma_aggregate": 1.3174322077702527e-08,
  "diff_mu_per_k": [
    0.0033687795512378216,
    0.0034075055737048388,
    0.003338535549119115,
    0.003410019213333726,
    0.0033875233493745327,
    0.0034420292358845472,
    0.0033943941816687584,
    0.003405936062335968,
    0.0033867356833070517,
    0.0033524753525853157,
    0.0033913147635757923,
    0.003424478927627206,
    0.0033422706183046103,
    0.003362556453794241,
    0.003379454603418708,
    0.0034075467847287655
  ],
  "diff_sigma_per_k": [
    1.4453627628085997e-08,
    1.3434367396314428e-08,
    1.2973159435603066e-08,
    1.2003957827744216e-08,
    1.2857142905886576e-08,
    1.3899588147125996e-08,
    1.3771670914763945e-08,
    1.2549378425319446e-08,
    1.1823435563940166e-08,
    1.3083634620159046e-08,
    1.384048786690073e-08,
    1.2864451726102288e-08,
    1.2229010692976772e-08,
    1.3203466764366567e-08,
    1.3375416330063672e-08,
    1.4426363215136462e-08
  ],
  "variance_collapse": false,
  "k_report_idx": {
    "k1": 0,
    "k8": 7,
    "k15": 14
  },
  "spec": {
    "kind": "cell",
    "tag": "mag0.1_high",
    "cross": "high",
    "magnitude": 0.1,
    "baseline_key": [
      0.9,
      472,
      2048,
      128
    ],
    "params": {
      "period_P": 2048,
      "manifold_dim_D": 128,
      "continuity_center": 472,
      "fidelity_F": 0.97,
      "magnitude_M": 0.1,
      "locality_L": 0.9
    },
    "L_d_main": 4,
    "seed": 4,
    "perk": true,
    "label": "cell_mag0.1_high_s4",
    "out_file": "/mnt/c/Users/Jason/Desktop/Eridos/Weft 2/v2/results/phase1/pilot_Ld4/_runs/cell_mag0.1_high_s4.json"
  }
}