{
  "label": "cell_contLow_mid_s6",
  "L_d_main": 4,
  "seed": 6,
  "wall_clock_s": 324.13,
  "steps_trained": 10000,
  "final_interval_loss": -3003.800784,
  "nan_inf": false,
  "still_descending": false,
  "stability_flag": "stable",
  "diff_mu": 0.027208294719457626,
  "diff_sigma": 5.414120707314396e-09,
  "diff_mu_aggregate": 0.027208294719457626,
  "diff_sigma_aggregate": 5.414120707314396e-09,
  "diff_mu_per_k": [
    0.028441565111279488,
    0.02996853180229664,
    0.022057143971323967,
    0.022342994809150696,
    0.021272918209433556,
    0.027724964544177055,
    0.039291393011808395,
    0.0398724190890789,
    0.0310212392359972,
    0.021107535809278488,
    0.02955816499888897,
    0.02083800733089447,
    0.02265603467822075,
    0.017937127500772476,
    0.028742019087076187,
    0.032500457018613815
  ],
  "diff_sigma_per_k": [
    6.111998018809572e-09,
    9.898775132910487e-09,
    3.3103513263910145e-09,
    2.7545881131629812e-09,
    6.804083962919094e-09,
    2.6098478933533897e-09,
    2.2324195825262905e-09,
    2.867757364910517e-09,
    3.3801765830787645e-09,
    2.7367270671874167e-09,
    7.099601795346189e-09,
    4.029076627887207e-09,
    7.877026142466548e-09,
    7.41168593165753e-09,
    8.043288701742313e-09,
    9.458527294725627e-09
  ],
  "variance_collapse": true,
  "k_report_idx": {
    "k1": 0,
    "k8": 7,
    "k15": 14
  },
  "spec": {
    "kind": "cell",
    "tag": "contLow_mid",
    "cross": "mid",
    "magnitude": 0.3,
    "baseline_key": [
      0.5,
      19,
      256,
      16
    ],
    "params": {
      "period_P": 256,
      "manifold_dim_D": 16,
      "continuity_center": 19,
      "fidelity_F": 0.97,
      "magnitude_M": 0.3,
      "locality_L": 0.5
    },
    "L_d_main": 4,
    "seed": 6,
    "perk": true,
    "label": "cell_contLow_mid_s6",
    "out_file": "/mnt/c/Users/Jason/Desktop/Eridos/Weft 2/v2/results/phase1/pilot_Ld4/_runs/cell_contLow_mid_s6.json"
  }
}