{
  "label": "cell_mag0.9_low_s9",
  "L_d_main": 4,
  "seed": 9,
  "wall_clock_s": 327.29,
  "steps_trained": 10000,
  "final_interval_loss": -2910.267761,
  "nan_inf": false,
  "still_descending": false,
  "stability_flag": "stable",
  "diff_mu": 0.5380427837371826,
  "diff_sigma": 1.0083739425681415e-06,
  "diff_mu_aggregate": 0.5380427837371826,
  "diff_sigma_aggregate": 1.0083739425681415e-06,
  "diff_mu_per_k": [
    0.5374811887741089,
    0.5383211970329285,
    0.5354954600334167,
    0.53718501329422,
    0.5388660430908203,
    0.5391770005226135,
    0.5338295102119446,
    0.5371654033660889,
    0.539129376411438,
    0.5370547771453857,
    0.5402204394340515,
    0.5394002199172974,
    0.5398374795913696,
    0.5366356372833252,
    0.5400629043579102,
    0.5388226509094238
  ],
  "diff_sigma_per_k": [
    8.928907391236862e-07,
    6.9936459112796e-07,
    8.584990496274258e-07,
    8.643640398986463e-07,
    9.909834943755413e-07,
    9.601666306480183e-07,
    9.166856216324959e-07,
    9.290563980357547e-07,
    9.842279951044475e-07,
    8.340124963979179e-07,
    8.643040700917481e-07,
    1.0268307732985704e-06,
    1.0479114962436142e-06,
    1.2200863466205192e-06,
    1.5367510286523611e-06,
    1.507849560766772e-06
  ],
  "variance_collapse": false,
  "k_report_idx": {
    "k1": 0,
    "k8": 7,
    "k15": 14
  },
  "spec": {
    "kind": "cell",
    "tag": "mag0.9_low",
    "cross": "low",
    "magnitude": 0.9,
    "baseline_key": [
      0.3,
      3,
      32,
      4
    ],
    "params": {
      "period_P": 32,
      "manifold_dim_D": 4,
      "continuity_center": 3,
      "fidelity_F": 0.97,
      "magnitude_M": 0.9,
      "locality_L": 0.3
    },
    "L_d_main": 4,
    "seed": 9,
    "perk": true,
    "label": "cell_mag0.9_low_s9",
    "out_file": "/mnt/c/Users/Jason/Desktop/Eridos/Weft 2/v2/results/phase1/pilot_Ld4/_runs/cell_mag0.9_low_s9.json"
  }
}