{
  "label": "cell_mag0.1_mid_s3",
  "L_d_main": 4,
  "seed": 3,
  "wall_clock_s": 326.6,
  "steps_trained": 10000,
  "final_interval_loss": -2877.25114,
  "nan_inf": false,
  "still_descending": true,
  "stability_flag": "stable",
  "diff_mu": 0.1160036027431488,
  "diff_sigma": 2.1333210042939754e-07,
  "diff_mu_aggregate": 0.1160036027431488,
  "diff_sigma_aggregate": 2.1333210042939754e-07,
  "diff_mu_per_k": [
    0.11662264168262482,
    0.10877485573291779,
    0.11813801527023315,
    0.11798536777496338,
    0.11781337112188339,
    0.11743751913309097,
    0.11754331737756729,
    0.11812038719654083,
    0.1180291548371315,
    0.11862031370401382,
    0.11631442606449127,
    0.10817205905914307,
    0.1175708919763565,
    0.11778239905834198,
    0.10752031207084656,
    0.11961279809474945
  ],
  "diff_sigma_per_k": [
    1.7487178638475598e-07,
    3.220386304292333e-07,
    2.3523223546817462e-07,
    2.068921247655453e-07,
    1.9031050157991558e-07,
    1.6631382493415003e-07,
    1.7088781589791324e-07,
    2.1081811496515002e-07,
    1.898589090387759e-07,
    2.0044618054271268e-07,
    2.0810901446566277e-07,
    2.5422451699341764e-07,
    1.804206846145462e-07,
    2.0008201317978092e-07,
    2.872276354537462e-07,
    2.1557956131346145e-07
  ],
  "variance_collapse": false,
  "k_report_idx": {
    "k1": 0,
    "k8": 7,
    "k15": 14
  },
  "spec": {
    "kind": "cell",
    "tag": "mag0.1_mid",
    "cross": "mid",
    "magnitude": 0.1,
    "baseline_key": [
      0.5,
      39,
      256,
      16
    ],
    "params": {
      "period_P": 256,
      "manifold_dim_D": 16,
      "continuity_center": 39,
      "fidelity_F": 0.97,
      "magnitude_M": 0.1,
      "locality_L": 0.5
    },
    "L_d_main": 4,
    "seed": 3,
    "perk": true,
    "label": "cell_mag0.1_mid_s3",
    "out_file": "/mnt/c/Users/Jason/Desktop/Eridos/Weft 2/v2/results/phase1/pilot_Ld4/_runs/cell_mag0.1_mid_s3.json"
  }
}