{
  "label": "cell_mag0.7_mid_s0",
  "L_d_main": 4,
  "seed": 0,
  "wall_clock_s": 327.03,
  "steps_trained": 10000,
  "final_interval_loss": -2770.206287,
  "nan_inf": false,
  "still_descending": true,
  "stability_flag": "stable",
  "diff_mu": 0.36012187600135803,
  "diff_sigma": 3.698112749361826e-08,
  "diff_mu_aggregate": 0.36012187600135803,
  "diff_sigma_aggregate": 3.698112749361826e-08,
  "diff_mu_per_k": [
    0.3552835285663605,
    0.36415305733680725,
    0.3607545495033264,
    0.3589557111263275,
    0.3629405200481415,
    0.35971227288246155,
    0.3612118363380432,
    0.3597816228866577,
    0.35855042934417725,
    0.3609768748283386,
    0.361007422208786,
    0.3596654534339905,
    0.35720399022102356,
    0.35954421758651733,
    0.3604234457015991,
    0.36178526282310486
  ],
  "diff_sigma_per_k": [
    3.713520513315416e-08,
    3.777047652420151e-08,
    3.909572754423607e-08,
    3.8307803151838016e-08,
    3.442796980834828e-08,
    3.852937169313009e-08,
    3.779165780315452e-08,
    3.5758731087298656e-08,
    3.728201036778955e-08,
    3.887930688506458e-08,
    3.624787581202327e-08,
    3.384513291848634e-08,
    3.293740391541178e-08,
    3.6228485100764374e-08,
    3.814024296389107e-08,
    3.9320632083672535e-08
  ],
  "variance_collapse": false,
  "k_report_idx": {
    "k1": 0,
    "k8": 7,
    "k15": 14
  },
  "spec": {
    "kind": "cell",
    "tag": "mag0.7_mid",
    "cross": "mid",
    "magnitude": 0.7,
    "baseline_key": [
      0.5,
      39,
      256,
      16
    ],
    "params": {
      "period_P": 256,
      "manifold_dim_D": 16,
      "continuity_center": 39,
      "fidelity_F": 0.97,
      "magnitude_M": 0.7,
      "locality_L": 0.5
    },
    "L_d_main": 4,
    "seed": 0,
    "perk": true,
    "label": "cell_mag0.7_mid_s0",
    "out_file": "/mnt/c/Users/Jason/Desktop/Eridos/Weft 2/v2/results/phase1/pilot_Ld4/_runs/cell_mag0.7_mid_s0.json"
  }
}