{
  "label": "cell_mag0.3_high_s2",
  "L_d_main": 4,
  "seed": 2,
  "wall_clock_s": 326.37,
  "steps_trained": 10000,
  "final_interval_loss": -2991.965203,
  "nan_inf": false,
  "still_descending": false,
  "stability_flag": "stable",
  "diff_mu": 0.00016189800226129591,
  "diff_sigma": 3.7458400270473646e-10,
  "diff_mu_aggregate": 0.00016189800226129591,
  "diff_sigma_aggregate": 3.7458400270473646e-10,
  "diff_mu_per_k": [
    0.00016217770462390035,
    0.00016219032113440335,
    0.0001627173478482291,
    0.00016180505917873234,
    0.00016089269774965942,
    0.00016138692444656044,
    0.00016138232604134828,
    0.00016144392429850996,
    0.00016243354184553027,
    0.00016218535893131047,
    0.00016142554522957653,
    0.00016189331654459238,
    0.00016208694432862103,
    0.0001626400917302817,
    0.00016126708942465484,
    0.00016243968275375664
  ],
  "diff_sigma_per_k": [
    3.928388447871356e-10,
    3.992953190312676e-10,
    3.844776441663811e-10,
    3.3017513723088143e-10,
    3.8537462110355136e-10,
    4.2959819035459645e-10,
    3.418268446075956e-10,
    3.543929871785423e-10,
    3.4116170999354267e-10,
    3.771875867197849e-10,
    4.389575369856402e-10,
    3.9812922403292816e-10,
    2.9839750115279173e-10,
    3.405314641380386e-10,
    4.052416457955843e-10,
    3.7575806355327757e-10
  ],
  "variance_collapse": true,
  "k_report_idx": {
    "k1": 0,
    "k8": 7,
    "k15": 14
  },
  "spec": {
    "kind": "cell",
    "tag": "mag0.3_high",
    "cross": "high",
    "magnitude": 0.3,
    "baseline_key": [
      0.9,
      472,
      2048,
      128
    ],
    "params": {
      "period_P": 2048,
      "manifold_dim_D": 128,
      "continuity_center": 472,
      "fidelity_F": 0.97,
      "magnitude_M": 0.3,
      "locality_L": 0.9
    },
    "L_d_main": 4,
    "seed": 2,
    "perk": true,
    "label": "cell_mag0.3_high_s2",
    "out_file": "/mnt/c/Users/Jason/Desktop/Eridos/Weft 2/v2/results/phase1/pilot_Ld4/_runs/cell_mag0.3_high_s2.json"
  }
}