{
  "label": "cell_D4_mid_s7",
  "L_d_main": 4,
  "seed": 7,
  "wall_clock_s": 323.7,
  "steps_trained": 10000,
  "final_interval_loss": -2723.348974,
  "nan_inf": false,
  "still_descending": true,
  "stability_flag": "stable",
  "diff_mu": 0.08708033710718155,
  "diff_sigma": 3.1765090113822225e-08,
  "diff_mu_aggregate": 0.08708033710718155,
  "diff_sigma_aggregate": 3.1765090113822225e-08,
  "diff_mu_per_k": [
    0.1844952404499054,
    0.074631467461586,
    0.0741039291024208,
    0.048276349902153015,
    0.035536862909793854,
    0.14768965542316437,
    0.17969147861003876,
    0.12741327285766602,
    0.05638926848769188,
    0.1105450689792633,
    0.026530999690294266,
    0.06356249004602432,
    0.04013253003358841,
    0.04826705902814865,
    0.10807614028453827,
    0.0679435059428215
  ],
  "diff_sigma_per_k": [
    3.83221845368098e-08,
    4.521096386156387e-08,
    1.699492990780982e-08,
    2.27428316179612e-08,
    3.006998738896982e-08,
    1.5278006415542222e-08,
    2.1827760932069395e-08,
    4.8426279875002365e-08,
    3.0257520933218984e-08,
    2.4395607312044376e-08,
    3.44454456069343e-08,
    1.8868803408622625e-08,
    4.0961815273021784e-08,
    2.0204211637064873e-08,
    4.202853176593635e-08,
    5.820653115051755e-08
  ],
  "variance_collapse": false,
  "k_report_idx": {
    "k1": 0,
    "k8": 7,
    "k15": 14
  },
  "spec": {
    "kind": "cell",
    "tag": "D4_mid",
    "cross": "mid",
    "magnitude": 0.3,
    "baseline_key": [
      0.5,
      39,
      256,
      4
    ],
    "params": {
      "period_P": 256,
      "manifold_dim_D": 4,
      "continuity_center": 39,
      "fidelity_F": 0.97,
      "magnitude_M": 0.3,
      "locality_L": 0.5
    },
    "L_d_main": 4,
    "seed": 7,
    "perk": true,
    "label": "cell_D4_mid_s7",
    "out_file": "/mnt/c/Users/Jason/Desktop/Eridos/Weft 2/v2/results/phase1/pilot_Ld4/_runs/cell_D4_mid_s7.json"
  }
}