{
  "label": "cell_mag0.1_high_s6",
  "L_d_main": 4,
  "seed": 6,
  "wall_clock_s": 325.23,
  "steps_trained": 10000,
  "final_interval_loss": -2989.30632,
  "nan_inf": false,
  "still_descending": false,
  "stability_flag": "stable",
  "diff_mu": 0.0006279355147853494,
  "diff_sigma": 1.4042440543704515e-09,
  "diff_mu_aggregate": 0.0006279355147853494,
  "diff_sigma_aggregate": 1.4042440543704515e-09,
  "diff_mu_per_k": [
    0.0006223368109203875,
    0.0006306737195700407,
    0.0006217631162144244,
    0.0006232220912352204,
    0.0006337693776004016,
    0.0006231195875443518,
    0.0006290245801210403,
    0.0006372476345859468,
    0.0006286767311394215,
    0.0006302350666373968,
    0.0006310302414931357,
    0.0006321829278022051,
    0.0006202235235832632,
    0.0006224348908290267,
    0.0006333631463348866,
    0.0006276651984080672
  ],
  "diff_sigma_per_k": [
    1.3964023271029191e-09,
    1.5299493894005423e-09,
    1.2890319922576055e-09,
    1.2136819327324133e-09,
    1.358327117451097e-09,
    1.5432525257708107e-09,
    1.4271923642894535e-09,
    1.4064771569621826e-09,
    1.3310099689078925e-09,
    1.346414646441474e-09,
    1.4156233962836495e-09,
    1.4682532967214001e-09,
    1.4417624871754242e-09,
    1.3938001863778027e-09,
    1.5452651380698512e-09,
    1.361461832161126e-09
  ],
  "variance_collapse": true,
  "k_report_idx": {
    "k1": 0,
    "k8": 7,
    "k15": 14
  },
  "spec": {
    "kind": "cell",
    "tag": "mag0.1_high",
    "cross": "high",
    "magnitude": 0.1,
    "baseline_key": [
      0.9,
      472,
      2048,
      128
    ],
    "params": {
      "period_P": 2048,
      "manifold_dim_D": 128,
      "continuity_center": 472,
      "fidelity_F": 0.97,
      "magnitude_M": 0.1,
      "locality_L": 0.9
    },
    "L_d_main": 4,
    "seed": 6,
    "perk": true,
    "label": "cell_mag0.1_high_s6",
    "out_file": "/mnt/c/Users/Jason/Desktop/Eridos/Weft 2/v2/results/phase1/pilot_Ld4/_runs/cell_mag0.1_high_s6.json"
  }
}