{
  "label": "cell_mag0.7_high_s2",
  "L_d_main": 4,
  "seed": 2,
  "wall_clock_s": 324.66,
  "steps_trained": 10000,
  "final_interval_loss": -2986.76798,
  "nan_inf": false,
  "still_descending": false,
  "stability_flag": "stable",
  "diff_mu": 7.834317511878908e-05,
  "diff_sigma": 1.6284945614231106e-10,
  "diff_mu_aggregate": 7.834317511878908e-05,
  "diff_sigma_aggregate": 1.6284945614231106e-10,
  "diff_mu_per_k": [
    7.820079918019474e-05,
    7.884019578341395e-05,
    7.906514656497166e-05,
    7.780687155900523e-05,
    7.777706923661754e-05,
    7.922326039988548e-05,
    7.798258593538776e-05,
    7.789840310579166e-05,
    7.768077921355143e-05,
    7.874821312725544e-05,
    7.906282553449273e-05,
    7.839343743398786e-05,
    7.833458948880434e-05,
    7.822318002581596e-05,
    7.837868179194629e-05,
    7.787489448674023e-05
  ],
  "diff_sigma_per_k": [
    1.8290008396704138e-10,
    1.871648114271096e-10,
    1.783300035418378e-10,
    1.3584365576857493e-10,
    1.3986395375198413e-10,
    2.0097690178744188e-10,
    1.5992190904867698e-10,
    1.658082143807249e-10,
    1.4845226437021353e-10,
    1.7994135348420315e-10,
    1.7136031482678504e-10,
    1.5617182547167374e-10,
    1.2610951172220553e-10,
    1.5653484064515055e-10,
    1.6887061193848751e-10,
    1.4734106990044182e-10
  ],
  "variance_collapse": true,
  "k_report_idx": {
    "k1": 0,
    "k8": 7,
    "k15": 14
  },
  "spec": {
    "kind": "cell",
    "tag": "mag0.7_high",
    "cross": "high",
    "magnitude": 0.7,
    "baseline_key": [
      0.9,
      472,
      2048,
      128
    ],
    "params": {
      "period_P": 2048,
      "manifold_dim_D": 128,
      "continuity_center": 472,
      "fidelity_F": 0.97,
      "magnitude_M": 0.7,
      "locality_L": 0.9
    },
    "L_d_main": 4,
    "seed": 2,
    "perk": true,
    "label": "cell_mag0.7_high_s2",
    "out_file": "/mnt/c/Users/Jason/Desktop/Eridos/Weft 2/v2/results/phase1/pilot_Ld4/_runs/cell_mag0.7_high_s2.json"
  }
}