{
  "label": "cell_D4_mid_s2",
  "L_d_main": 4,
  "seed": 2,
  "wall_clock_s": 325.25,
  "steps_trained": 10000,
  "final_interval_loss": -2609.901916,
  "nan_inf": false,
  "still_descending": false,
  "stability_flag": "stable",
  "diff_mu": 0.05872213840484619,
  "diff_sigma": 2.2821364353831086e-08,
  "diff_mu_aggregate": 0.05872213840484619,
  "diff_sigma_aggregate": 2.2821364353831086e-08,
  "diff_mu_per_k": [
    0.05850687623023987,
    0.05832711234688759,
    0.05887473747134209,
    0.058702513575553894,
    0.058968622237443924,
    0.0588175393640995,
    0.05945169925689697,
    0.058851826936006546,
    0.05902200937271118,
    0.05864356458187103,
    0.05880643427371979,
    0.059026796370744705,
    0.05858389660716057,
    0.05778588727116585,
    0.05835860222578049,
    0.05882617458701134
  ],
  "diff_sigma_per_k": [
    2.029437418116231e-08,
    2.4181845859061468e-08,
    2.7621789300269484e-08,
    2.406496513174261e-08,
    2.4481542126864042e-08,
    2.1137202210752548e-08,
    1.8169494353514892e-08,
    2.0947981127505955e-08,
    2.2602639759838894e-08,
    2.415112554388088e-08,
    2.8337842294945403e-08,
    2.0135553668865214e-08,
    2.1862176069475936e-08,
    2.068154536516431e-08,
    2.0652473509130687e-08,
    2.5819270277338546e-08
  ],
  "variance_collapse": false,
  "k_report_idx": {
    "k1": 0,
    "k8": 7,
    "k15": 14
  },
  "spec": {
    "kind": "cell",
    "tag": "D4_mid",
    "cross": "mid",
    "magnitude": 0.3,
    "baseline_key": [
      0.5,
      39,
      256,
      4
    ],
    "params": {
      "period_P": 256,
      "manifold_dim_D": 4,
      "continuity_center": 39,
      "fidelity_F": 0.97,
      "magnitude_M": 0.3,
      "locality_L": 0.5
    },
    "L_d_main": 4,
    "seed": 2,
    "perk": true,
    "label": "cell_D4_mid_s2",
    "out_file": "/mnt/c/Users/Jason/Desktop/Eridos/Weft 2/v2/results/phase1/pilot_Ld4/_runs/cell_D4_mid_s2.json"
  }
}