{
  "label": "cell_mag0.9_low_s0",
  "L_d_main": 4,
  "seed": 0,
  "wall_clock_s": 326.21,
  "steps_trained": 10000,
  "final_interval_loss": -2713.900507,
  "nan_inf": false,
  "still_descending": false,
  "stability_flag": "stable",
  "diff_mu": 0.7151448726654053,
  "diff_sigma": 1.973419784917496e-06,
  "diff_mu_aggregate": 0.7151448726654053,
  "diff_sigma_aggregate": 1.973419784917496e-06,
  "diff_mu_per_k": [
    0.7119047045707703,
    0.7072038650512695,
    0.7072659134864807,
    0.7075834274291992,
    0.7111895680427551,
    0.7171550393104553,
    0.7164297103881836,
    0.716345489025116,
    0.7117977142333984,
    0.7087956666946411,
    0.7128672003746033,
    0.7167372703552246,
    0.7166257500648499,
    0.7148755788803101,
    0.7281757593154907,
    0.737365186214447
  ],
  "diff_sigma_per_k": [
    1.9570704807847505e-06,
    1.6342185062967474e-06,
    1.7147204971479368e-06,
    1.7287972013946273e-06,
    1.8767700566968415e-06,
    2.0811023659916827e-06,
    1.9312931271997513e-06,
    1.9917285953852115e-06,
    1.8700843611441087e-06,
    1.8252886775371735e-06,
    1.8940456811833428e-06,
    1.7994581185121206e-06,
    2.0802049220947083e-06,
    2.0993329599150456e-06,
    2.318992528671515e-06,
    2.7716096155927517e-06
  ],
  "variance_collapse": false,
  "k_report_idx": {
    "k1": 0,
    "k8": 7,
    "k15": 14
  },
  "spec": {
    "kind": "cell",
    "tag": "mag0.9_low",
    "cross": "low",
    "magnitude": 0.9,
    "baseline_key": [
      0.3,
      3,
      32,
      4
    ],
    "params": {
      "period_P": 32,
      "manifold_dim_D": 4,
      "continuity_center": 3,
      "fidelity_F": 0.97,
      "magnitude_M": 0.9,
      "locality_L": 0.3
    },
    "L_d_main": 4,
    "seed": 0,
    "perk": true,
    "label": "cell_mag0.9_low_s0",
    "out_file": "/mnt/c/Users/Jason/Desktop/Eridos/Weft 2/v2/results/phase1/pilot_Ld4/_runs/cell_mag0.9_low_s0.json"
  }
}