{
  "label": "cell_mag0.9_high_s9",
  "L_d_main": 4,
  "seed": 9,
  "wall_clock_s": 326.48,
  "steps_trained": 10000,
  "final_interval_loss": -2988.607163,
  "nan_inf": false,
  "still_descending": false,
  "stability_flag": "stable",
  "diff_mu": 0.0004989487351849675,
  "diff_sigma": 1.2029401919022575e-09,
  "diff_mu_aggregate": 0.0004989487351849675,
  "diff_sigma_aggregate": 1.2029401919022575e-09,
  "diff_mu_per_k": [
    0.000500582973472774,
    0.0004986148560419679,
    0.0004985110717825592,
    0.0004987128195352852,
    0.0005010360619053245,
    0.0004971728776581585,
    0.0004979895893484354,
    0.0004995364579372108,
    0.0004979392397217453,
    0.0004983499529771507,
    0.000501166214235127,
    0.0004980063531547785,
    0.0005025767022743821,
    0.000498082023113966,
    0.0004988623550161719,
    0.0004960405640304089
  ],
  "diff_sigma_per_k": [
    1.2960933437611288e-09,
    1.275936245548337e-09,
    1.1316131365290971e-09,
    1.0658870452928682e-09,
    1.239129465702149e-09,
    1.3052433578408795e-09,
    1.2236665014597747e-09,
    1.1963822155180992e-09,
    1.1583641823520452e-09,
    1.2320654496633665e-09,
    1.4483401145071184e-09,
    1.2138169358522077e-09,
    1.0866193500547183e-09,
    1.000210358981235e-09,
    1.2403135185579117e-09,
    1.1333626259713014e-09
  ],
  "variance_collapse": true,
  "k_report_idx": {
    "k1": 0,
    "k8": 7,
    "k15": 14
  },
  "spec": {
    "kind": "cell",
    "tag": "mag0.9_high",
    "cross": "high",
    "magnitude": 0.9,
    "baseline_key": [
      0.9,
      472,
      2048,
      128
    ],
    "params": {
      "period_P": 2048,
      "manifold_dim_D": 128,
      "continuity_center": 472,
      "fidelity_F": 0.97,
      "magnitude_M": 0.9,
      "locality_L": 0.9
    },
    "L_d_main": 4,
    "seed": 9,
    "perk": true,
    "label": "cell_mag0.9_high_s9",
    "out_file": "/mnt/c/Users/Jason/Desktop/Eridos/Weft 2/v2/results/phase1/pilot_Ld4/_runs/cell_mag0.9_high_s9.json"
  }
}