{
  "label": "cell_mag0.7_high_s4",
  "L_d_main": 4,
  "seed": 4,
  "wall_clock_s": 326.21,
  "steps_trained": 10000,
  "final_interval_loss": -2984.078451,
  "nan_inf": false,
  "still_descending": false,
  "stability_flag": "stable",
  "diff_mu": 0.00015029868518467993,
  "diff_sigma": 6.042015499030384e-11,
  "diff_mu_aggregate": 0.00015029868518467993,
  "diff_sigma_aggregate": 6.042015499030384e-11,
  "diff_mu_per_k": [
    0.0001507211709395051,
    0.00014977528189774603,
    0.00014982449647504836,
    0.0001463733206037432,
    0.00015039843856357038,
    0.00015130842803046107,
    0.00015032764349598438,
    0.0001491793227614835,
    0.0001507097767898813,
    0.00015009104390628636,
    0.00015030649956315756,
    0.00015199776680674404,
    0.00015075963165145367,
    0.00014998245751485229,
    0.00015238861669786274,
    0.00015063515456859022
  ],
  "diff_sigma_per_k": [
    6.019860998573989e-11,
    6.487729797832742e-11,
    5.951060477737968e-11,
    4.788876586947488e-11,
    5.993033846962703e-11,
    7.254855050042863e-11,
    5.746901565739648e-11,
    6.372490729544822e-11,
    5.588022405911275e-11,
    5.4437662710959955e-11,
    6.567844879068474e-11,
    6.294945814611097e-11,
    5.2532176525454943e-11,
    5.473811681699914e-11,
    6.862770074445024e-11,
    6.573055294500918e-11
  ],
  "variance_collapse": true,
  "k_report_idx": {
    "k1": 0,
    "k8": 7,
    "k15": 14
  },
  "spec": {
    "kind": "cell",
    "tag": "mag0.7_high",
    "cross": "high",
    "magnitude": 0.7,
    "baseline_key": [
      0.9,
      472,
      2048,
      128
    ],
    "params": {
      "period_P": 2048,
      "manifold_dim_D": 128,
      "continuity_center": 472,
      "fidelity_F": 0.97,
      "magnitude_M": 0.7,
      "locality_L": 0.9
    },
    "L_d_main": 4,
    "seed": 4,
    "perk": true,
    "label": "cell_mag0.7_high_s4",
    "out_file": "/mnt/c/Users/Jason/Desktop/Eridos/Weft 2/v2/results/phase1/pilot_Ld4/_runs/cell_mag0.7_high_s4.json"
  }
}