{
  "label": "cell_mag0.1_high_s2",
  "L_d_main": 4,
  "seed": 2,
  "wall_clock_s": 335.69,
  "steps_trained": 10000,
  "final_interval_loss": -2954.658778,
  "nan_inf": false,
  "still_descending": false,
  "stability_flag": "stable",
  "diff_mu": 0.0015352715272456408,
  "diff_sigma": 6.386857709372862e-10,
  "diff_mu_aggregate": 0.0015352715272456408,
  "diff_sigma_aggregate": 6.386857709372862e-10,
  "diff_mu_per_k": [
    0.001531734480522573,
    0.0015311865136027336,
    0.001525685889646411,
    0.0015353193739429116,
    0.0015490229707211256,
    0.0015526165952906013,
    0.0015371578047052026,
    0.0015325287822633982,
    0.0015328926965594292,
    0.001524314284324646,
    0.0015373314963653684,
    0.0015288903377950191,
    0.001516625052317977,
    0.0015478947898373008,
    0.0015448220074176788,
    0.001536323456093669
  ],
  "diff_sigma_per_k": [
    6.838374311257667e-10,
    6.45451969649713e-10,
    6.309182065677987e-10,
    5.991742657585064e-10,
    6.370680094569536e-10,
    7.156890080572964e-10,
    6.200499558239869e-10,
    6.347536940509713e-10,
    6.152959253213908e-10,
    6.20246076721287e-10,
    6.871934132846036e-10,
    5.853645346221015e-10,
    5.509438461004379e-10,
    6.722492562616367e-10,
    6.795792262259681e-10,
    6.411581821019752e-10
  ],
  "variance_collapse": true,
  "k_report_idx": {
    "k1": 0,
    "k8": 7,
    "k15": 14
  },
  "spec": {
    "kind": "cell",
    "tag": "mag0.1_high",
    "cross": "high",
    "magnitude": 0.1,
    "baseline_key": [
      0.9,
      472,
      2048,
      128
    ],
    "params": {
      "period_P": 2048,
      "manifold_dim_D": 128,
      "continuity_center": 472,
      "fidelity_F": 0.97,
      "magnitude_M": 0.1,
      "locality_L": 0.9
    },
    "L_d_main": 4,
    "seed": 2,
    "perk": true,
    "label": "cell_mag0.1_high_s2",
    "out_file": "/mnt/c/Users/Jason/Desktop/Eridos/Weft 2/v2/results/phase1/pilot_Ld4/_runs/cell_mag0.1_high_s2.json"
  }
}