{
  "label": "cell_D4_mid_s3",
  "L_d_main": 4,
  "seed": 3,
  "wall_clock_s": 325.7,
  "steps_trained": 10000,
  "final_interval_loss": -2778.925483,
  "nan_inf": false,
  "still_descending": false,
  "stability_flag": "stable",
  "diff_mu": 0.469730943441391,
  "diff_sigma": 1.030000706947476e-08,
  "diff_mu_aggregate": 0.469730943441391,
  "diff_sigma_aggregate": 1.030000706947476e-08,
  "diff_mu_per_k": [
    0.4629806578159332,
    0.4683651328086853,
    0.47522446513175964,
    0.4765687882900238,
    0.4702366888523102,
    0.46487289667129517,
    0.464413583278656,
    0.4663509130477905,
    0.47068849205970764,
    0.48021820187568665,
    0.4690501391887665,
    0.4701825976371765,
    0.46747177839279175,
    0.46718356013298035,
    0.47000303864479065,
    0.4718834459781647
  ],
  "diff_sigma_per_k": [
    7.060668494318634e-09,
    9.707664005986771e-09,
    1.276830552399133e-08,
    1.378477776370346e-08,
    1.208913058547978e-08,
    8.912382831738341e-09,
    8.662264683323428e-09,
    9.003244372252084e-09,
    1.0530719407597644e-08,
    1.1500357111060566e-08,
    1.1263897370383802e-08,
    1.0988498111430545e-08,
    8.957476538284936e-09,
    8.792358840992165e-09,
    9.758954533367614e-09,
    1.1019417378577145e-08
  ],
  "variance_collapse": false,
  "k_report_idx": {
    "k1": 0,
    "k8": 7,
    "k15": 14
  },
  "spec": {
    "kind": "cell",
    "tag": "D4_mid",
    "cross": "mid",
    "magnitude": 0.3,
    "baseline_key": [
      0.5,
      39,
      256,
      4
    ],
    "params": {
      "period_P": 256,
      "manifold_dim_D": 4,
      "continuity_center": 39,
      "fidelity_F": 0.97,
      "magnitude_M": 0.3,
      "locality_L": 0.5
    },
    "L_d_main": 4,
    "seed": 3,
    "perk": true,
    "label": "cell_D4_mid_s3",
    "out_file": "/mnt/c/Users/Jason/Desktop/Eridos/Weft 2/v2/results/phase1/pilot_Ld4/_runs/cell_D4_mid_s3.json"
  }
}