{
  "label": "cell_mag0.3_high_s7",
  "L_d_main": 4,
  "seed": 7,
  "wall_clock_s": 325.63,
  "steps_trained": 10000,
  "final_interval_loss": -2988.039013,
  "nan_inf": false,
  "still_descending": false,
  "stability_flag": "stable",
  "diff_mu": 0.011786222457885742,
  "diff_sigma": 3.4709126683907243e-09,
  "diff_mu_aggregate": 0.011786222457885742,
  "diff_sigma_aggregate": 3.4709126683907243e-09,
  "diff_mu_per_k": [
    0.011843234300613403,
    0.0117453308776021,
    0.01185312494635582,
    0.011820541694760323,
    0.011726729571819305,
    0.011671981774270535,
    0.011903639882802963,
    0.011837118305265903,
    0.011726012453436852,
    0.011872876435518265,
    0.011787119321525097,
    0.011575264856219292,
    0.011790827848017216,
    0.011809238232672215,
    0.011874387972056866,
    0.0117421243339777
  ],
  "diff_sigma_per_k": [
    3.763157341296619e-09,
    3.3991405246069917e-09,
    3.1736240302393526e-09,
    3.0047229149232635e-09,
    3.3428100287835605e-09,
    3.546650972907628e-09,
    3.8853373851566175e-09,
    3.380808744068986e-09,
    3.0674582873757572e-09,
    3.4988592023665888e-09,
    3.730597164519622e-09,
    3.0754816471301183e-09,
    3.1961226998333814e-09,
    3.6227081334772038e-09,
    4.024062860708e-09,
    3.823059646634874e-09
  ],
  "variance_collapse": true,
  "k_report_idx": {
    "k1": 0,
    "k8": 7,
    "k15": 14
  },
  "spec": {
    "kind": "cell",
    "tag": "mag0.3_high",
    "cross": "high",
    "magnitude": 0.3,
    "baseline_key": [
      0.9,
      472,
      2048,
      128
    ],
    "params": {
      "period_P": 2048,
      "manifold_dim_D": 128,
      "continuity_center": 472,
      "fidelity_F": 0.97,
      "magnitude_M": 0.3,
      "locality_L": 0.9
    },
    "L_d_main": 4,
    "seed": 7,
    "perk": true,
    "label": "cell_mag0.3_high_s7",
    "out_file": "/mnt/c/Users/Jason/Desktop/Eridos/Weft 2/v2/results/phase1/pilot_Ld4/_runs/cell_mag0.3_high_s7.json"
  }
}