{
  "label": "cell_mag0.1_mid_s8",
  "L_d_main": 4,
  "seed": 8,
  "wall_clock_s": 324.64,
  "steps_trained": 10000,
  "final_interval_loss": -2696.22801,
  "nan_inf": false,
  "still_descending": false,
  "stability_flag": "stable",
  "diff_mu": 0.2622041404247284,
  "diff_sigma": 3.331197717670875e-07,
  "diff_mu_aggregate": 0.2622041404247284,
  "diff_sigma_aggregate": 3.331197717670875e-07,
  "diff_mu_per_k": [
    0.26311051845550537,
    0.2617737054824829,
    0.2648829519748688,
    0.25996434688568115,
    0.2598552703857422,
    0.26168128848075867,
    0.26273971796035767,
    0.26101627945899963,
    0.263040691614151,
    0.2630941867828369,
    0.263159841299057,
    0.260983407497406,
    0.26232823729515076,
    0.2623005509376526,
    0.26179075241088867,
    0.263544499874115
  ],
  "diff_sigma_per_k": [
    3.3001728638737404e-07,
    3.2363371360588644e-07,
    3.5055364833169733e-07,
    3.5491976291268656e-07,
    2.968589285501366e-07,
    2.929135689555551e-07,
    3.373071990608878e-07,
    3.3426437084926874e-07,
    3.495520957130793e-07,
    3.6067297060071724e-07,
    3.478481289675983e-07,
    3.0685785645800934e-07,
    3.097253227224428e-07,
    3.5746921867030323e-07,
    3.273033257755742e-07,
    3.50019206507568e-07
  ],
  "variance_collapse": false,
  "k_report_idx": {
    "k1": 0,
    "k8": 7,
    "k15": 14
  },
  "spec": {
    "kind": "cell",
    "tag": "mag0.1_mid",
    "cross": "mid",
    "magnitude": 0.1,
    "baseline_key": [
      0.5,
      39,
      256,
      16
    ],
    "params": {
      "period_P": 256,
      "manifold_dim_D": 16,
      "continuity_center": 39,
      "fidelity_F": 0.97,
      "magnitude_M": 0.1,
      "locality_L": 0.5
    },
    "L_d_main": 4,
    "seed": 8,
    "perk": true,
    "label": "cell_mag0.1_mid_s8",
    "out_file": "/mnt/c/Users/Jason/Desktop/Eridos/Weft 2/v2/results/phase1/pilot_Ld4/_runs/cell_mag0.1_mid_s8.json"
  }
}