{
  "label": "cell_mag0.7_mid_s6",
  "L_d_main": 4,
  "seed": 6,
  "wall_clock_s": 341.98,
  "steps_trained": 10000,
  "final_interval_loss": -2770.827897,
  "nan_inf": false,
  "still_descending": false,
  "stability_flag": "stable",
  "diff_mu": 1.798909306526184,
  "diff_sigma": 1.8377977539785206e-06,
  "diff_mu_aggregate": 1.798909306526184,
  "diff_sigma_aggregate": 1.8377977539785206e-06,
  "diff_mu_per_k": [
    1.7972080707550049,
    1.80772864818573,
    1.7955347299575806,
    1.785591721534729,
    1.7868338823318481,
    1.7917588949203491,
    1.8054068088531494,
    1.8060952425003052,
    1.7995688915252686,
    1.8001291751861572,
    1.7989580631256104,
    1.7967036962509155,
    1.8067669868469238,
    1.7847291231155396,
    1.8091398477554321,
    1.810394287109375
  ],
  "diff_sigma_per_k": [
    1.791459794731054e-06,
    1.8173595890402794e-06,
    1.96758901438443e-06,
    1.854357037700538e-06,
    2.034745648415992e-06,
    1.683748337200086e-06,
    1.628050085855648e-06,
    1.912510242618737e-06,
    1.9256622181273997e-06,
    1.8124112557416083e-06,
    1.8582062466521165e-06,
    1.7945623085324769e-06,
    1.7353283965348965e-06,
    1.895452896860661e-06,
    1.8809060975399916e-06,
    1.8124152347809286e-06
  ],
  "variance_collapse": false,
  "k_report_idx": {
    "k1": 0,
    "k8": 7,
    "k15": 14
  },
  "spec": {
    "kind": "cell",
    "tag": "mag0.7_mid",
    "cross": "mid",
    "magnitude": 0.7,
    "baseline_key": [
      0.5,
      39,
      256,
      16
    ],
    "params": {
      "period_P": 256,
      "manifold_dim_D": 16,
      "continuity_center": 39,
      "fidelity_F": 0.97,
      "magnitude_M": 0.7,
      "locality_L": 0.5
    },
    "L_d_main": 4,
    "seed": 6,
    "perk": true,
    "label": "cell_mag0.7_mid_s6",
    "out_file": "/mnt/c/Users/Jason/Desktop/Eridos/Weft 2/v2/results/phase1/pilot_Ld4/_runs/cell_mag0.7_mid_s6.json"
  }
}