{
  "label": "cell_mag0.9_high_s6",
  "L_d_main": 4,
  "seed": 6,
  "wall_clock_s": 325.33,
  "steps_trained": 10000,
  "final_interval_loss": -2988.511822,
  "nan_inf": false,
  "still_descending": false,
  "stability_flag": "stable",
  "diff_mu": 9.877789852907881e-05,
  "diff_sigma": 2.841139545850524e-10,
  "diff_mu_aggregate": 9.877789852907881e-05,
  "diff_sigma_aggregate": 2.841139545850524e-10,
  "diff_mu_per_k": [
    9.834743832470849e-05,
    9.938613220583647e-05,
    9.845832391874865e-05,
    9.873955423245206e-05,
    9.703686373541132e-05,
    9.878793935058638e-05,
    9.955149289453402e-05,
    9.816356032388285e-05,
    9.922922617988661e-05,
    9.936776041286066e-05,
    9.794286597752944e-05,
    9.98209579847753e-05,
    9.870875510387123e-05,
    9.935518028214574e-05,
    9.93539797491394e-05,
    9.819617844186723e-05
  ],
  "diff_sigma_per_k": [
    2.903277063204257e-10,
    3.0232066849933403e-10,
    2.7897720245029234e-10,
    2.5597665653798174e-10,
    2.6494276217370327e-10,
    2.86097312507394e-10,
    2.805461973842682e-10,
    2.9948560298365123e-10,
    2.6762397853374864e-10,
    2.9651295307964176e-10,
    2.90297647032034e-10,
    3.100405210343382e-10,
    2.513446395457919e-10,
    2.8841282140312785e-10,
    2.978902402528405e-10,
    2.850264468889918e-10
  ],
  "variance_collapse": true,
  "k_report_idx": {
    "k1": 0,
    "k8": 7,
    "k15": 14
  },
  "spec": {
    "kind": "cell",
    "tag": "mag0.9_high",
    "cross": "high",
    "magnitude": 0.9,
    "baseline_key": [
      0.9,
      472,
      2048,
      128
    ],
    "params": {
      "period_P": 2048,
      "manifold_dim_D": 128,
      "continuity_center": 472,
      "fidelity_F": 0.97,
      "magnitude_M": 0.9,
      "locality_L": 0.9
    },
    "L_d_main": 4,
    "seed": 6,
    "perk": true,
    "label": "cell_mag0.9_high_s6",
    "out_file": "/mnt/c/Users/Jason/Desktop/Eridos/Weft 2/v2/results/phase1/pilot_Ld4/_runs/cell_mag0.9_high_s6.json"
  }
}