{
  "label": "cell_contLow_mid_s1",
  "L_d_main": 4,
  "seed": 1,
  "wall_clock_s": 326.08,
  "steps_trained": 10000,
  "final_interval_loss": -2975.450887,
  "nan_inf": false,
  "still_descending": false,
  "stability_flag": "stable",
  "diff_mu": 0.03980914503335953,
  "diff_sigma": 2.4249766639172776e-09,
  "diff_mu_aggregate": 0.03980914503335953,
  "diff_sigma_aggregate": 2.4249766639172776e-09,
  "diff_mu_per_k": [
    0.038867659866809845,
    0.035995934158563614,
    0.032853297889232635,
    0.026979895308613777,
    0.031854819506406784,
    0.03571546450257301,
    0.03716236352920532,
    0.044152919203042984,
    0.04984021931886673,
    0.03404755890369415,
    0.06288537383079529,
    0.029739709571003914,
    0.05734717845916748,
    0.04307500272989273,
    0.04326480254530907,
    0.03316369280219078
  ],
  "diff_sigma_per_k": [
    3.3276277289218115e-09,
    1.938477378615744e-09,
    3.0106472870272682e-09,
    2.31948393825121e-09,
    3.848255047955718e-09,
    1.851923281392942e-09,
    1.1620479023477515e-09,
    1.2434674401262669e-09,
    2.6574982214810916e-09,
    2.5552000515460804e-09,
    1.8217950481513867e-09,
    2.4877677695656075e-09,
    1.98482674740319e-09,
    1.8587139605230618e-09,
    2.8446391908687474e-09,
    3.88725496236475e-09
  ],
  "variance_collapse": true,
  "k_report_idx": {
    "k1": 0,
    "k8": 7,
    "k15": 14
  },
  "spec": {
    "kind": "cell",
    "tag": "contLow_mid",
    "cross": "mid",
    "magnitude": 0.3,
    "baseline_key": [
      0.5,
      19,
      256,
      16
    ],
    "params": {
      "period_P": 256,
      "manifold_dim_D": 16,
      "continuity_center": 19,
      "fidelity_F": 0.97,
      "magnitude_M": 0.3,
      "locality_L": 0.5
    },
    "L_d_main": 4,
    "seed": 1,
    "perk": true,
    "label": "cell_contLow_mid_s1",
    "out_file": "/mnt/c/Users/Jason/Desktop/Eridos/Weft 2/v2/results/phase1/pilot_Ld4/_runs/cell_contLow_mid_s1.json"
  }
}