{
  "label": "cell_mag0.1_high_s9",
  "L_d_main": 4,
  "seed": 9,
  "wall_clock_s": 324.03,
  "steps_trained": 10000,
  "final_interval_loss": -2998.172244,
  "nan_inf": false,
  "still_descending": false,
  "stability_flag": "stable",
  "diff_mu": 4.452140274224803e-05,
  "diff_sigma": 9.320705318671685e-11,
  "diff_mu_aggregate": 4.452140274224803e-05,
  "diff_sigma_aggregate": 9.320705318671685e-11,
  "diff_mu_per_k": [
    4.4346281356411055e-05,
    4.443378929863684e-05,
    4.453740984899923e-05,
    4.41801457782276e-05,
    4.468776751309633e-05,
    4.453243673196994e-05,
    4.469358827918768e-05,
    4.469478517421521e-05,
    4.444692240213044e-05,
    4.4456035539042205e-05,
    4.4582237023860216e-05,
    4.4309879740467295e-05,
    4.4482290832092986e-05,
    4.42510936409235e-05,
    4.485530371312052e-05,
    4.4852509745396674e-05
  ],
  "diff_sigma_per_k": [
    8.751781938043379e-11,
    9.488771574028831e-11,
    8.32838797926172e-11,
    8.503577703100618e-11,
    8.681425023304712e-11,
    1.1051065618161715e-10,
    9.821051610847675e-11,
    9.582314108858014e-11,
    8.654275907016284e-11,
    8.998037037688533e-11,
    1.1364108959410757e-10,
    9.894964014822705e-11,
    8.748494984001098e-11,
    9.03997848800131e-11,
    8.566229670048386e-11,
    9.656828808823903e-11
  ],
  "variance_collapse": true,
  "k_report_idx": {
    "k1": 0,
    "k8": 7,
    "k15": 14
  },
  "spec": {
    "kind": "cell",
    "tag": "mag0.1_high",
    "cross": "high",
    "magnitude": 0.1,
    "baseline_key": [
      0.9,
      472,
      2048,
      128
    ],
    "params": {
      "period_P": 2048,
      "manifold_dim_D": 128,
      "continuity_center": 472,
      "fidelity_F": 0.97,
      "magnitude_M": 0.1,
      "locality_L": 0.9
    },
    "L_d_main": 4,
    "seed": 9,
    "perk": true,
    "label": "cell_mag0.1_high_s9",
    "out_file": "/mnt/c/Users/Jason/Desktop/Eridos/Weft 2/v2/results/phase1/pilot_Ld4/_runs/cell_mag0.1_high_s9.json"
  }
}