{
  "label": "cell_mag0.7_low_s5",
  "L_d_main": 4,
  "seed": 5,
  "wall_clock_s": 326.42,
  "steps_trained": 10000,
  "final_interval_loss": -2855.032155,
  "nan_inf": false,
  "still_descending": false,
  "stability_flag": "stable",
  "diff_mu": 0.6451831459999084,
  "diff_sigma": 1.1991189694526838e-06,
  "diff_mu_aggregate": 0.6451831459999084,
  "diff_sigma_aggregate": 1.1991189694526838e-06,
  "diff_mu_per_k": [
    0.6348128318786621,
    0.6282287836074829,
    0.6298453211784363,
    0.64028000831604,
    0.6388695240020752,
    0.6382280588150024,
    0.653045654296875,
    0.6564173698425293,
    0.637944757938385,
    0.6390390396118164,
    0.6521461009979248,
    0.6350866556167603,
    0.6584591865539551,
    0.6433062553405762,
    0.6666655540466309,
    0.6705567240715027
  ],
  "diff_sigma_per_k": [
    9.204595130540838e-07,
    9.40562017603952e-07,
    9.121570769821119e-07,
    9.880744755719206e-07,
    9.979286232919549e-07,
    1.1061082432206604e-06,
    1.306841340920073e-06,
    1.2498894648160785e-06,
    1.1571365803320077e-06,
    1.0236981324851513e-06,
    1.2316588708927156e-06,
    1.015343173094152e-06,
    1.2506241091614356e-06,
    1.399496568410541e-06,
    1.7205715039381175e-06,
    1.9653552953968756e-06
  ],
  "variance_collapse": false,
  "k_report_idx": {
    "k1": 0,
    "k8": 7,
    "k15": 14
  },
  "spec": {
    "kind": "cell",
    "tag": "mag0.7_low",
    "cross": "low",
    "magnitude": 0.7,
    "baseline_key": [
      0.3,
      3,
      32,
      4
    ],
    "params": {
      "period_P": 32,
      "manifold_dim_D": 4,
      "continuity_center": 3,
      "fidelity_F": 0.97,
      "magnitude_M": 0.7,
      "locality_L": 0.3
    },
    "L_d_main": 4,
    "seed": 5,
    "perk": true,
    "label": "cell_mag0.7_low_s5",
    "out_file": "/mnt/c/Users/Jason/Desktop/Eridos/Weft 2/v2/results/phase1/pilot_Ld4/_runs/cell_mag0.7_low_s5.json"
  }
}