{
  "label": "cell_mag0.1_mid_s7",
  "L_d_main": 4,
  "seed": 7,
  "wall_clock_s": 326.72,
  "steps_trained": 10000,
  "final_interval_loss": -2709.682195,
  "nan_inf": false,
  "still_descending": false,
  "stability_flag": "stable",
  "diff_mu": 0.0608806386590004,
  "diff_sigma": 5.09235292156518e-07,
  "diff_mu_aggregate": 0.0608806386590004,
  "diff_sigma_aggregate": 5.09235292156518e-07,
  "diff_mu_per_k": [
    0.06841086596250534,
    0.06900062412023544,
    0.0428277961909771,
    0.06973149627447128,
    0.041551120579242706,
    0.07133636623620987,
    0.06923681497573853,
    0.0695359855890274,
    0.06829776614904404,
    0.04254557937383652,
    0.06988750398159027,
    0.07182718068361282,
    0.04223768040537834,
    0.04270461946725845,
    0.0680503323674202,
    0.06690850108861923
  ],
  "diff_sigma_per_k": [
    7.146544476199779e-07,
    6.983538014537771e-07,
    1.6204674579967104e-07,
    6.529555776069174e-07,
    1.8959265446483187e-07,
    5.336938215805276e-07,
    6.44741533051274e-07,
    7.079037800394872e-07,
    7.059095992190123e-07,
    1.6049327200562402e-07,
    6.320919965219218e-07,
    5.304602268552117e-07,
    1.5313656831494882e-07,
    1.7735474955316022e-07,
    7.058187634356727e-07,
    7.78556682234921e-07
  ],
  "variance_collapse": false,
  "k_report_idx": {
    "k1": 0,
    "k8": 7,
    "k15": 14
  },
  "spec": {
    "kind": "cell",
    "tag": "mag0.1_mid",
    "cross": "mid",
    "magnitude": 0.1,
    "baseline_key": [
      0.5,
      39,
      256,
      16
    ],
    "params": {
      "period_P": 256,
      "manifold_dim_D": 16,
      "continuity_center": 39,
      "fidelity_F": 0.97,
      "magnitude_M": 0.1,
      "locality_L": 0.5
    },
    "L_d_main": 4,
    "seed": 7,
    "perk": true,
    "label": "cell_mag0.1_mid_s7",
    "out_file": "/mnt/c/Users/Jason/Desktop/Eridos/Weft 2/v2/results/phase1/pilot_Ld4/_runs/cell_mag0.1_mid_s7.json"
  }
}