{
  "label": "cell_mag0.7_high_s8",
  "L_d_main": 4,
  "seed": 8,
  "wall_clock_s": 325.59,
  "steps_trained": 10000,
  "final_interval_loss": -2997.662819,
  "nan_inf": false,
  "still_descending": false,
  "stability_flag": "stable",
  "diff_mu": 0.00017061496328096837,
  "diff_sigma": 1.5256357288606637e-10,
  "diff_mu_aggregate": 0.00017061496328096837,
  "diff_sigma_aggregate": 1.5256357288606637e-10,
  "diff_mu_per_k": [
    0.00017186507466249168,
    0.00017269753152504563,
    0.00017120757547672838,
    0.00016967119881883264,
    0.00017103903519455343,
    0.0001701200526440516,
    0.00017071898037102073,
    0.00017041970568243414,
    0.00016977987252175808,
    0.0001689501659711823,
    0.0001704283495200798,
    0.00017109786858782172,
    0.00016864076314959675,
    0.00017185491742566228,
    0.00017097605450544506,
    0.00017037216457538307
  ],
  "diff_sigma_per_k": [
    1.3908170448662105e-10,
    1.7362963844469448e-10,
    1.485866429895566e-10,
    1.5882134496436606e-10,
    1.404194122089919e-10,
    1.5310461232154182e-10,
    1.662868037710652e-10,
    1.3903228568423742e-10,
    1.456579995506857e-10,
    1.429030227484418e-10,
    1.622558615244074e-10,
    1.4639266188165578e-10,
    1.393623688672463e-10,
    1.5682868892419322e-10,
    1.5854637047674203e-10,
    1.701075252880102e-10
  ],
  "variance_collapse": true,
  "k_report_idx": {
    "k1": 0,
    "k8": 7,
    "k15": 14
  },
  "spec": {
    "kind": "cell",
    "tag": "mag0.7_high",
    "cross": "high",
    "magnitude": 0.7,
    "baseline_key": [
      0.9,
      472,
      2048,
      128
    ],
    "params": {
      "period_P": 2048,
      "manifold_dim_D": 128,
      "continuity_center": 472,
      "fidelity_F": 0.97,
      "magnitude_M": 0.7,
      "locality_L": 0.9
    },
    "L_d_main": 4,
    "seed": 8,
    "perk": true,
    "label": "cell_mag0.7_high_s8",
    "out_file": "/mnt/c/Users/Jason/Desktop/Eridos/Weft 2/v2/results/phase1/pilot_Ld4/_runs/cell_mag0.7_high_s8.json"
  }
}