{
  "label": "cell_mag0.3_mid_s2",
  "L_d_main": 4,
  "seed": 2,
  "wall_clock_s": 326.8,
  "steps_trained": 10000,
  "final_interval_loss": -2732.77643,
  "nan_inf": false,
  "still_descending": false,
  "stability_flag": "stable",
  "diff_mu": 0.10808611661195755,
  "diff_sigma": 5.056337215592066e-08,
  "diff_mu_aggregate": 0.10808611661195755,
  "diff_sigma_aggregate": 5.056337215592066e-08,
  "diff_mu_per_k": [
    0.10835257172584534,
    0.1080850213766098,
    0.10865422338247299,
    0.10735997557640076,
    0.10891524702310562,
    0.1077348068356514,
    0.10767846554517746,
    0.10826218128204346,
    0.10811594873666763,
    0.10844074189662933,
    0.10832329094409943,
    0.1078290119767189,
    0.10739707946777344,
    0.10799291729927063,
    0.1079627275466919,
    0.10827381908893585
  ],
  "diff_sigma_per_k": [
    5.303138550516451e-08,
    5.478419495830167e-08,
    5.824388438213646e-08,
    4.5099227463651914e-08,
    5.467520125534975e-08,
    4.8116053363855826e-08,
    4.7866940633412014e-08,
    4.6462464098340206e-08,
    5.4412080174870425e-08,
    5.678422709820552e-08,
    5.3193168980669725e-08,
    4.636566686144761e-08,
    3.956546734684707e-08,
    4.841180256676125e-08,
    4.753276527935668e-08,
    5.446941386821891e-08
  ],
  "variance_collapse": false,
  "k_report_idx": {
    "k1": 0,
    "k8": 7,
    "k15": 14
  },
  "spec": {
    "kind": "cell",
    "tag": "mag0.3_mid",
    "cross": "mid",
    "magnitude": 0.3,
    "baseline_key": [
      0.5,
      39,
      256,
      16
    ],
    "params": {
      "period_P": 256,
      "manifold_dim_D": 16,
      "continuity_center": 39,
      "fidelity_F": 0.97,
      "magnitude_M": 0.3,
      "locality_L": 0.5
    },
    "L_d_main": 4,
    "seed": 2,
    "perk": true,
    "label": "cell_mag0.3_mid_s2",
    "out_file": "/mnt/c/Users/Jason/Desktop/Eridos/Weft 2/v2/results/phase1/pilot_Ld4/_runs/cell_mag0.3_mid_s2.json"
  }
}