{
  "label": "cell_mag0.7_mid_s4",
  "L_d_main": 4,
  "seed": 4,
  "wall_clock_s": 335.18,
  "steps_trained": 10000,
  "final_interval_loss": -2682.676233,
  "nan_inf": false,
  "still_descending": false,
  "stability_flag": "stable",
  "diff_mu": 0.7722594141960144,
  "diff_sigma": 2.9592797545774374e-07,
  "diff_mu_aggregate": 0.7722594141960144,
  "diff_sigma_aggregate": 2.9592797545774374e-07,
  "diff_mu_per_k": [
    0.7687503099441528,
    0.7720184922218323,
    0.7706659436225891,
    0.7735915184020996,
    0.7791044116020203,
    0.769698441028595,
    0.7686253190040588,
    0.7713488936424255,
    0.7695508003234863,
    0.7784192562103271,
    0.7733242511749268,
    0.7709943652153015,
    0.7755126953125,
    0.7719468474388123,
    0.7682686448097229,
    0.7743312120437622
  ],
  "diff_sigma_per_k": [
    2.8288312137192406e-07,
    2.9131624046385696e-07,
    2.935769884970796e-07,
    3.1400648481394455e-07,
    3.207024406037817e-07,
    2.864458963358629e-07,
    2.859718506442732e-07,
    3.0363111136466614e-07,
    2.962582072996156e-07,
    3.1475215678256063e-07,
    3.079074133438553e-07,
    2.695701084576285e-07,
    3.0311528576021374e-07,
    2.7290775506116915e-07,
    2.7138852942698577e-07,
    3.2041370445767825e-07
  ],
  "variance_collapse": false,
  "k_report_idx": {
    "k1": 0,
    "k8": 7,
    "k15": 14
  },
  "spec": {
    "kind": "cell",
    "tag": "mag0.7_mid",
    "cross": "mid",
    "magnitude": 0.7,
    "baseline_key": [
      0.5,
      39,
      256,
      16
    ],
    "params": {
      "period_P": 256,
      "manifold_dim_D": 16,
      "continuity_center": 39,
      "fidelity_F": 0.97,
      "magnitude_M": 0.7,
      "locality_L": 0.5
    },
    "L_d_main": 4,
    "seed": 4,
    "perk": true,
    "label": "cell_mag0.7_mid_s4",
    "out_file": "/mnt/c/Users/Jason/Desktop/Eridos/Weft 2/v2/results/phase1/pilot_Ld4/_runs/cell_mag0.7_mid_s4.json"
  }
}