{
  "label": "cell_mag0.1_low_s2",
  "L_d_main": 4,
  "seed": 2,
  "wall_clock_s": 323.93,
  "steps_trained": 10000,
  "final_interval_loss": -2747.635511,
  "nan_inf": false,
  "still_descending": false,
  "stability_flag": "stable",
  "diff_mu": 0.22755347192287445,
  "diff_sigma": 2.1803090533012437e-07,
  "diff_mu_aggregate": 0.22755347192287445,
  "diff_sigma_aggregate": 2.1803090533012437e-07,
  "diff_mu_per_k": [
    0.22785814106464386,
    0.22552171349525452,
    0.224798783659935,
    0.2240632176399231,
    0.22549517452716827,
    0.22719773650169373,
    0.22759278118610382,
    0.2258411943912506,
    0.2278461754322052,
    0.2264556735754013,
    0.22903256118297577,
    0.22872419655323029,
    0.22694146633148193,
    0.23181021213531494,
    0.23207640647888184,
    0.2295994907617569
  ],
  "diff_sigma_per_k": [
    2.0773944697793922e-07,
    1.614188107623704e-07,
    1.393012070138866e-07,
    1.266028561985877e-07,
    1.820148014530787e-07,
    1.9888052804617473e-07,
    2.2073116667797876e-07,
    1.6973247340956732e-07,
    2.03965072387291e-07,
    2.1140105843642232e-07,
    2.184014817885327e-07,
    2.3617209876647394e-07,
    1.9662159900235565e-07,
    3.3340322147523693e-07,
    3.480862176274968e-07,
    3.34022502102016e-07
  ],
  "variance_collapse": false,
  "k_report_idx": {
    "k1": 0,
    "k8": 7,
    "k15": 14
  },
  "spec": {
    "kind": "cell",
    "tag": "mag0.1_low",
    "cross": "low",
    "magnitude": 0.1,
    "baseline_key": [
      0.3,
      3,
      32,
      4
    ],
    "params": {
      "period_P": 32,
      "manifold_dim_D": 4,
      "continuity_center": 3,
      "fidelity_F": 0.97,
      "magnitude_M": 0.1,
      "locality_L": 0.3
    },
    "L_d_main": 4,
    "seed": 2,
    "perk": true,
    "label": "cell_mag0.1_low_s2",
    "out_file": "/mnt/c/Users/Jason/Desktop/Eridos/Weft 2/v2/results/phase1/pilot_Ld4/_runs/cell_mag0.1_low_s2.json"
  }
}