{
  "label": "cell_D4_mid_s0",
  "L_d_main": 4,
  "seed": 0,
  "wall_clock_s": 324.93,
  "steps_trained": 10000,
  "final_interval_loss": -2801.177767,
  "nan_inf": false,
  "still_descending": false,
  "stability_flag": "stable",
  "diff_mu": 0.3223072290420532,
  "diff_sigma": 1.0874162015284128e-08,
  "diff_mu_aggregate": 0.3223072290420532,
  "diff_sigma_aggregate": 1.0874162015284128e-08,
  "diff_mu_per_k": [
    0.3191019594669342,
    0.3210608661174774,
    0.32510581612586975,
    0.32619765400886536,
    0.32649949193000793,
    0.3212297856807709,
    0.32223474979400635,
    0.3200152516365051,
    0.32046112418174744,
    0.3256654441356659,
    0.32091063261032104,
    0.32058727741241455,
    0.3208770453929901,
    0.3176386058330536,
    0.32307806611061096,
    0.3262520432472229
  ],
  "diff_sigma_per_k": [
    8.521538141792462e-09,
    1.0430878383260733e-08,
    1.2238385416196707e-08,
    1.2419063999402624e-08,
    1.2069474308873396e-08,
    1.1251587217486758e-08,
    1.0699396035818154e-08,
    9.030522107877914e-09,
    1.1220738116435314e-08,
    1.3413941957196585e-08,
    1.0750579093610213e-08,
    9.837996195471987e-09,
    1.0912474479596312e-08,
    8.408435725471008e-09,
    1.0912040160349079e-08,
    1.1869549787490996e-08
  ],
  "variance_collapse": false,
  "k_report_idx": {
    "k1": 0,
    "k8": 7,
    "k15": 14
  },
  "spec": {
    "kind": "cell",
    "tag": "D4_mid",
    "cross": "mid",
    "magnitude": 0.3,
    "baseline_key": [
      0.5,
      39,
      256,
      4
    ],
    "params": {
      "period_P": 256,
      "manifold_dim_D": 4,
      "continuity_center": 39,
      "fidelity_F": 0.97,
      "magnitude_M": 0.3,
      "locality_L": 0.5
    },
    "L_d_main": 4,
    "seed": 0,
    "perk": true,
    "label": "cell_D4_mid_s0",
    "out_file": "/mnt/c/Users/Jason/Desktop/Eridos/Weft 2/v2/results/phase1/pilot_Ld4/_runs/cell_D4_mid_s0.json"
  }
}