{
  "label": "cell_contLow_mid_s3",
  "L_d_main": 4,
  "seed": 3,
  "wall_clock_s": 324.7,
  "steps_trained": 10000,
  "final_interval_loss": -2945.649081,
  "nan_inf": false,
  "still_descending": false,
  "stability_flag": "stable",
  "diff_mu": 0.0979616641998291,
  "diff_sigma": 1.0033321018454444e-07,
  "diff_mu_aggregate": 0.0979616641998291,
  "diff_sigma_aggregate": 1.0033321018454444e-07,
  "diff_mu_per_k": [
    0.09801547229290009,
    0.09843610972166061,
    0.0971720889210701,
    0.09777376055717468,
    0.09787782281637192,
    0.09757295250892639,
    0.09918686002492905,
    0.09810864180326462,
    0.09783212840557098,
    0.09778979420661926,
    0.09831784665584564,
    0.09712271392345428,
    0.09817960113286972,
    0.09797944873571396,
    0.09837628155946732,
    0.09764506667852402
  ],
  "diff_sigma_per_k": [
    6.869250057661702e-08,
    9.804575995531195e-08,
    1.0108316672585715e-07,
    1.0181715026646998e-07,
    1.217194665059651e-07,
    1.1205531791347312e-07,
    8.298567166775683e-08,
    1.0651780968373714e-07,
    7.871010865301287e-08,
    8.642584248264029e-08,
    7.231393794882024e-08,
    6.600322421945748e-08,
    1.1349827389040001e-07,
    1.226537023057972e-07,
    1.0934910221749305e-07,
    1.6346028530733747e-07
  ],
  "variance_collapse": false,
  "k_report_idx": {
    "k1": 0,
    "k8": 7,
    "k15": 14
  },
  "spec": {
    "kind": "cell",
    "tag": "contLow_mid",
    "cross": "mid",
    "magnitude": 0.3,
    "baseline_key": [
      0.5,
      19,
      256,
      16
    ],
    "params": {
      "period_P": 256,
      "manifold_dim_D": 16,
      "continuity_center": 19,
      "fidelity_F": 0.97,
      "magnitude_M": 0.3,
      "locality_L": 0.5
    },
    "L_d_main": 4,
    "seed": 3,
    "perk": true,
    "label": "cell_contLow_mid_s3",
    "out_file": "/mnt/c/Users/Jason/Desktop/Eridos/Weft 2/v2/results/phase1/pilot_Ld4/_runs/cell_contLow_mid_s3.json"
  }
}