{
  "label": "cell_mag0.7_low_s2",
  "L_d_main": 4,
  "seed": 2,
  "wall_clock_s": 324.95,
  "steps_trained": 10000,
  "final_interval_loss": -2769.396246,
  "nan_inf": false,
  "still_descending": false,
  "stability_flag": "stable",
  "diff_mu": 1.1774766445159912,
  "diff_sigma": 1.6264370970020536e-06,
  "diff_mu_aggregate": 1.1774766445159912,
  "diff_sigma_aggregate": 1.6264370970020536e-06,
  "diff_mu_per_k": [
    1.1842283010482788,
    1.179012417793274,
    1.175416350364685,
    1.1847254037857056,
    1.174525499343872,
    1.1798627376556396,
    1.1773120164871216,
    1.1832983493804932,
    1.178580641746521,
    1.1769932508468628,
    1.178752064704895,
    1.1780859231948853,
    1.1833558082580566,
    1.1618423461914062,
    1.1711242198944092,
    1.1725109815597534
  ],
  "diff_sigma_per_k": [
    1.3660710465046577e-06,
    1.3320411653694464e-06,
    1.385320388180844e-06,
    1.3135401104591438e-06,
    1.4177710454532644e-06,
    1.5015357348602265e-06,
    1.4971722066547954e-06,
    1.652297328291752e-06,
    1.6041020671764272e-06,
    1.3494886843545828e-06,
    1.6305992858178797e-06,
    1.7115213495344506e-06,
    1.7328347894363105e-06,
    2.085625965264626e-06,
    2.117581288985093e-06,
    2.3254908683156827e-06
  ],
  "variance_collapse": false,
  "k_report_idx": {
    "k1": 0,
    "k8": 7,
    "k15": 14
  },
  "spec": {
    "kind": "cell",
    "tag": "mag0.7_low",
    "cross": "low",
    "magnitude": 0.7,
    "baseline_key": [
      0.3,
      3,
      32,
      4
    ],
    "params": {
      "period_P": 32,
      "manifold_dim_D": 4,
      "continuity_center": 3,
      "fidelity_F": 0.97,
      "magnitude_M": 0.7,
      "locality_L": 0.3
    },
    "L_d_main": 4,
    "seed": 2,
    "perk": true,
    "label": "cell_mag0.7_low_s2",
    "out_file": "/mnt/c/Users/Jason/Desktop/Eridos/Weft 2/v2/results/phase1/pilot_Ld4/_runs/cell_mag0.7_low_s2.json"
  }
}