{
  "label": "cell_mag0.7_low_s9",
  "L_d_main": 4,
  "seed": 9,
  "wall_clock_s": 327.02,
  "steps_trained": 10000,
  "final_interval_loss": -2878.588805,
  "nan_inf": false,
  "still_descending": false,
  "stability_flag": "stable",
  "diff_mu": 0.7827349305152893,
  "diff_sigma": 4.2817910639314505e-07,
  "diff_mu_aggregate": 0.7827349305152893,
  "diff_sigma_aggregate": 4.2817910639314505e-07,
  "diff_mu_per_k": [
    0.7704199552536011,
    0.7685327529907227,
    0.780046820640564,
    0.775917649269104,
    0.7791042327880859,
    0.7915361523628235,
    0.7885786890983582,
    0.7825818657875061,
    0.7774653434753418,
    0.7783046364784241,
    0.7737407684326172,
    0.7891804575920105,
    0.7843465209007263,
    0.7893542647361755,
    0.7995671033859253,
    0.7950822710990906
  ],
  "diff_sigma_per_k": [
    3.410104056911223e-07,
    2.9489035568985855e-07,
    3.374844368408958e-07,
    3.625803230988822e-07,
    4.2910448883048957e-07,
    4.2921993781419587e-07,
    4.925510665998445e-07,
    4.454030602119019e-07,
    3.742588603472541e-07,
    3.633161611560354e-07,
    3.115912647899677e-07,
    4.966871642864135e-07,
    4.2963057467204635e-07,
    5.03415037655941e-07,
    6.568789103766903e-07,
    5.82843597385363e-07
  ],
  "variance_collapse": false,
  "k_report_idx": {
    "k1": 0,
    "k8": 7,
    "k15": 14
  },
  "spec": {
    "kind": "cell",
    "tag": "mag0.7_low",
    "cross": "low",
    "magnitude": 0.7,
    "baseline_key": [
      0.3,
      3,
      32,
      4
    ],
    "params": {
      "period_P": 32,
      "manifold_dim_D": 4,
      "continuity_center": 3,
      "fidelity_F": 0.97,
      "magnitude_M": 0.7,
      "locality_L": 0.3
    },
    "L_d_main": 4,
    "seed": 9,
    "perk": true,
    "label": "cell_mag0.7_low_s9",
    "out_file": "/mnt/c/Users/Jason/Desktop/Eridos/Weft 2/v2/results/phase1/pilot_Ld4/_runs/cell_mag0.7_low_s9.json"
  }
}