{
  "label": "cell_mag0.3_mid_s4",
  "L_d_main": 4,
  "seed": 4,
  "wall_clock_s": 322.99,
  "steps_trained": 10000,
  "final_interval_loss": -2640.790032,
  "nan_inf": false,
  "still_descending": false,
  "stability_flag": "stable",
  "diff_mu": 0.07762084156274796,
  "diff_sigma": 6.199961433139833e-08,
  "diff_mu_aggregate": 0.07762084156274796,
  "diff_sigma_aggregate": 6.199961433139833e-08,
  "diff_mu_per_k": [
    0.0779259130358696,
    0.07784286886453629,
    0.07720707356929779,
    0.07830797135829926,
    0.07749887555837631,
    0.07771608978509903,
    0.07785945385694504,
    0.07773449271917343,
    0.07772483676671982,
    0.07743171602487564,
    0.0773635283112526,
    0.07688222825527191,
    0.07778680324554443,
    0.07759358733892441,
    0.07780103385448456,
    0.07725703716278076
  ],
  "diff_sigma_per_k": [
    6.240272654167711e-08,
    6.257162965539464e-08,
    7.440198857011637e-08,
    6.183968537243345e-08,
    5.7122598207115516e-08,
    5.0900379022778e-08,
    5.410855763443578e-08,
    6.407827157772772e-08,
    6.700806665094206e-08,
    6.733989010854202e-08,
    6.770763150143466e-08,
    5.3887749373870975e-08,
    5.8474437736322216e-08,
    6.208203018331915e-08,
    5.99787313149136e-08,
    6.80893990079312e-08
  ],
  "variance_collapse": false,
  "k_report_idx": {
    "k1": 0,
    "k8": 7,
    "k15": 14
  },
  "spec": {
    "kind": "cell",
    "tag": "mag0.3_mid",
    "cross": "mid",
    "magnitude": 0.3,
    "baseline_key": [
      0.5,
      39,
      256,
      16
    ],
    "params": {
      "period_P": 256,
      "manifold_dim_D": 16,
      "continuity_center": 39,
      "fidelity_F": 0.97,
      "magnitude_M": 0.3,
      "locality_L": 0.5
    },
    "L_d_main": 4,
    "seed": 4,
    "perk": true,
    "label": "cell_mag0.3_mid_s4",
    "out_file": "/mnt/c/Users/Jason/Desktop/Eridos/Weft 2/v2/results/phase1/pilot_Ld4/_runs/cell_mag0.3_mid_s4.json"
  }
}