{
  "label": "cell_contLow_mid_s0",
  "L_d_main": 4,
  "seed": 0,
  "wall_clock_s": 326.58,
  "steps_trained": 10000,
  "final_interval_loss": -2962.727483,
  "nan_inf": false,
  "still_descending": false,
  "stability_flag": "stable",
  "diff_mu": 0.13066276907920837,
  "diff_sigma": 1.227669201853132e-07,
  "diff_mu_aggregate": 0.13066276907920837,
  "diff_sigma_aggregate": 1.227669201853132e-07,
  "diff_mu_per_k": [
    0.12928472459316254,
    0.13079197704792023,
    0.13038699328899384,
    0.13146449625492096,
    0.1311844438314438,
    0.1316898614168167,
    0.13036738336086273,
    0.1310707926750183,
    0.13019420206546783,
    0.13017681241035461,
    0.1282617598772049,
    0.13053029775619507,
    0.130517840385437,
    0.131245955824852,
    0.13174907863140106,
    0.1316874474287033
  ],
  "diff_sigma_per_k": [
    9.199965234074625e-08,
    1.0816164319749078e-07,
    1.0920352622179053e-07,
    1.331559076334088e-07,
    1.496729282735032e-07,
    1.4949404203434824e-07,
    1.3480068616900098e-07,
    1.1999482296687347e-07,
    1.0696656715936115e-07,
    9.021961488997476e-08,
    7.473443730532381e-08,
    9.633343012183104e-08,
    1.0658114035777544e-07,
    1.3985091129598004e-07,
    1.5632979000201885e-07,
    1.9677173668242176e-07
  ],
  "variance_collapse": false,
  "k_report_idx": {
    "k1": 0,
    "k8": 7,
    "k15": 14
  },
  "spec": {
    "kind": "cell",
    "tag": "contLow_mid",
    "cross": "mid",
    "magnitude": 0.3,
    "baseline_key": [
      0.5,
      19,
      256,
      16
    ],
    "params": {
      "period_P": 256,
      "manifold_dim_D": 16,
      "continuity_center": 19,
      "fidelity_F": 0.97,
      "magnitude_M": 0.3,
      "locality_L": 0.5
    },
    "L_d_main": 4,
    "seed": 0,
    "perk": true,
    "label": "cell_contLow_mid_s0",
    "out_file": "/mnt/c/Users/Jason/Desktop/Eridos/Weft 2/v2/results/phase1/pilot_Ld4/_runs/cell_contLow_mid_s0.json"
  }
}