{
  "label": "cell_mag0.1_high_s5",
  "L_d_main": 4,
  "seed": 5,
  "wall_clock_s": 326.7,
  "steps_trained": 10000,
  "final_interval_loss": -2998.236314,
  "nan_inf": false,
  "still_descending": false,
  "stability_flag": "stable",
  "diff_mu": 0.0002014997589867562,
  "diff_sigma": 1.2898457302235045e-10,
  "diff_mu_aggregate": 0.0002014997589867562,
  "diff_sigma_aggregate": 1.2898457302235045e-10,
  "diff_mu_per_k": [
    0.00020414544269442558,
    0.00020312653214205056,
    0.00020069834135938436,
    0.00019977623014710844,
    0.00020247082284186035,
    0.00019978388445451856,
    0.0002016835060203448,
    0.00020180597493890673,
    0.00019957097538281232,
    0.00020351613056845963,
    0.00020181418221909553,
    0.00020188401686027646,
    0.00020017990027554333,
    0.00020061584655195475,
    0.00020052847685292363,
    0.00020239577861502767
  ],
  "diff_sigma_per_k": [
    1.1559977280972689e-10,
    1.3872333837205986e-10,
    1.3018565392375336e-10,
    1.2420989237149627e-10,
    1.3267935361493954e-10,
    1.3003154109014758e-10,
    1.1852403780654441e-10,
    1.3457122916005204e-10,
    1.2766793178187186e-10,
    1.4188321351138455e-10,
    1.2370991731014414e-10,
    1.3473687443532611e-10,
    1.1468458127605885e-10,
    1.2878906274771396e-10,
    1.303139401942488e-10,
    1.374429736689109e-10
  ],
  "variance_collapse": true,
  "k_report_idx": {
    "k1": 0,
    "k8": 7,
    "k15": 14
  },
  "spec": {
    "kind": "cell",
    "tag": "mag0.1_high",
    "cross": "high",
    "magnitude": 0.1,
    "baseline_key": [
      0.9,
      472,
      2048,
      128
    ],
    "params": {
      "period_P": 2048,
      "manifold_dim_D": 128,
      "continuity_center": 472,
      "fidelity_F": 0.97,
      "magnitude_M": 0.1,
      "locality_L": 0.9
    },
    "L_d_main": 4,
    "seed": 5,
    "perk": true,
    "label": "cell_mag0.1_high_s5",
    "out_file": "/mnt/c/Users/Jason/Desktop/Eridos/Weft 2/v2/results/phase1/pilot_Ld4/_runs/cell_mag0.1_high_s5.json"
  }
}