{
  "label": "cell_mag0.1_mid_s4",
  "L_d_main": 4,
  "seed": 4,
  "wall_clock_s": 326.62,
  "steps_trained": 10000,
  "final_interval_loss": -2653.552165,
  "nan_inf": false,
  "still_descending": true,
  "stability_flag": "stable",
  "diff_mu": 0.8114364743232727,
  "diff_sigma": 7.153608407861611e-07,
  "diff_mu_aggregate": 0.8114364743232727,
  "diff_sigma_aggregate": 7.153608407861611e-07,
  "diff_mu_per_k": [
    0.7831616997718811,
    0.8080770373344421,
    0.8163757920265198,
    0.8292940855026245,
    0.8251733183860779,
    0.8304161429405212,
    0.8077208399772644,
    0.8126600384712219,
    0.8214592933654785,
    0.8286353945732117,
    0.8287292718887329,
    0.7941279411315918,
    0.7993912100791931,
    0.7950757145881653,
    0.7901522517204285,
    0.8125320076942444
  ],
  "diff_sigma_per_k": [
    6.634222700085957e-07,
    7.41010524052399e-07,
    7.485414244001731e-07,
    6.54868586025259e-07,
    7.880882435529202e-07,
    7.667473482797504e-07,
    6.996850743234972e-07,
    6.935845249245176e-07,
    7.180672128015431e-07,
    7.23631444543571e-07,
    8.043664934120898e-07,
    6.720832175233227e-07,
    6.879457714603632e-07,
    6.522456033053459e-07,
    6.718011604789353e-07,
    7.596847808599705e-07
  ],
  "variance_collapse": false,
  "k_report_idx": {
    "k1": 0,
    "k8": 7,
    "k15": 14
  },
  "spec": {
    "kind": "cell",
    "tag": "mag0.1_mid",
    "cross": "mid",
    "magnitude": 0.1,
    "baseline_key": [
      0.5,
      39,
      256,
      16
    ],
    "params": {
      "period_P": 256,
      "manifold_dim_D": 16,
      "continuity_center": 39,
      "fidelity_F": 0.97,
      "magnitude_M": 0.1,
      "locality_L": 0.5
    },
    "L_d_main": 4,
    "seed": 4,
    "perk": true,
    "label": "cell_mag0.1_mid_s4",
    "out_file": "/mnt/c/Users/Jason/Desktop/Eridos/Weft 2/v2/results/phase1/pilot_Ld4/_runs/cell_mag0.1_mid_s4.json"
  }
}