{
  "label": "cell_mag0.9_low_s4",
  "L_d_main": 4,
  "seed": 4,
  "wall_clock_s": 328.3,
  "steps_trained": 10000,
  "final_interval_loss": -2876.222307,
  "nan_inf": false,
  "still_descending": false,
  "stability_flag": "stable",
  "diff_mu": 3.239804744720459,
  "diff_sigma": 6.80996834034886e-07,
  "diff_mu_aggregate": 3.239804744720459,
  "diff_sigma_aggregate": 6.80996834034886e-07,
  "diff_mu_per_k": [
    3.2660434246063232,
    3.2282910346984863,
    3.219332218170166,
    3.230316638946533,
    3.2584078311920166,
    3.2592294216156006,
    3.2212626934051514,
    3.2559473514556885,
    3.2471914291381836,
    3.221411943435669,
    3.235145092010498,
    3.231812000274658,
    3.271411418914795,
    3.2575862407684326,
    3.228976011276245,
    3.2045083045959473
  ],
  "diff_sigma_per_k": [
    5.801080078526866e-07,
    5.197524046707258e-07,
    5.026879534852924e-07,
    4.823320409741427e-07,
    5.04490287767112e-07,
    6.805329348935629e-07,
    6.599340736102022e-07,
    6.991116947574483e-07,
    5.72677720356296e-07,
    5.053341283201007e-07,
    5.737221044910257e-07,
    6.306300406322407e-07,
    7.707690201641526e-07,
    7.66885989378352e-07,
    1.159069370260113e-06,
    1.2879108908236958e-06
  ],
  "variance_collapse": false,
  "k_report_idx": {
    "k1": 0,
    "k8": 7,
    "k15": 14
  },
  "spec": {
    "kind": "cell",
    "tag": "mag0.9_low",
    "cross": "low",
    "magnitude": 0.9,
    "baseline_key": [
      0.3,
      3,
      32,
      4
    ],
    "params": {
      "period_P": 32,
      "manifold_dim_D": 4,
      "continuity_center": 3,
      "fidelity_F": 0.97,
      "magnitude_M": 0.9,
      "locality_L": 0.3
    },
    "L_d_main": 4,
    "seed": 4,
    "perk": true,
    "label": "cell_mag0.9_low_s4",
    "out_file": "/mnt/c/Users/Jason/Desktop/Eridos/Weft 2/v2/results/phase1/pilot_Ld4/_runs/cell_mag0.9_low_s4.json"
  }
}