{
  "label": "cell_mag0.3_mid_s9",
  "L_d_main": 4,
  "seed": 9,
  "wall_clock_s": 325.6,
  "steps_trained": 10000,
  "final_interval_loss": -2780.503409,
  "nan_inf": false,
  "still_descending": true,
  "stability_flag": "stable",
  "diff_mu": 0.08115275204181671,
  "diff_sigma": 1.94675209286288e-08,
  "diff_mu_aggregate": 0.08115275204181671,
  "diff_sigma_aggregate": 1.94675209286288e-08,
  "diff_mu_per_k": [
    0.08069304376840591,
    0.08181716501712799,
    0.08054130524396896,
    0.08143854141235352,
    0.08146083354949951,
    0.08061059564352036,
    0.08123260736465454,
    0.0823134332895279,
    0.08119729906320572,
    0.08123212307691574,
    0.0810551717877388,
    0.08091475069522858,
    0.08131904900074005,
    0.08095382153987885,
    0.08127351105213165,
    0.08039086312055588
  ],
  "diff_sigma_per_k": [
    2.0406446310516912e-08,
    2.299666057581362e-08,
    2.3585846165019575e-08,
    1.9363930903182336e-08,
    1.9996607036887326e-08,
    1.7629698589871623e-08,
    2.0668824873837366e-08,
    1.995764264961508e-08,
    2.1015507556398916e-08,
    1.868047938557993e-08,
    1.7687986186842863e-08,
    1.656907322455936e-08,
    1.6506088940104746e-08,
    1.7505838556530762e-08,
    1.831368656723953e-08,
    2.059600667791983e-08
  ],
  "variance_collapse": false,
  "k_report_idx": {
    "k1": 0,
    "k8": 7,
    "k15": 14
  },
  "spec": {
    "kind": "cell",
    "tag": "mag0.3_mid",
    "cross": "mid",
    "magnitude": 0.3,
    "baseline_key": [
      0.5,
      39,
      256,
      16
    ],
    "params": {
      "period_P": 256,
      "manifold_dim_D": 16,
      "continuity_center": 39,
      "fidelity_F": 0.97,
      "magnitude_M": 0.3,
      "locality_L": 0.5
    },
    "L_d_main": 4,
    "seed": 9,
    "perk": true,
    "label": "cell_mag0.3_mid_s9",
    "out_file": "/mnt/c/Users/Jason/Desktop/Eridos/Weft 2/v2/results/phase1/pilot_Ld4/_runs/cell_mag0.3_mid_s9.json"
  }
}