{
  "label": "cell_contLow_mid_s9",
  "L_d_main": 4,
  "seed": 9,
  "wall_clock_s": 326.29,
  "steps_trained": 10000,
  "final_interval_loss": -2987.833517,
  "nan_inf": false,
  "still_descending": false,
  "stability_flag": "stable",
  "diff_mu": 0.04936540871858597,
  "diff_sigma": 3.1491506291558835e-08,
  "diff_mu_aggregate": 0.04936540871858597,
  "diff_sigma_aggregate": 3.1491506291558835e-08,
  "diff_mu_per_k": [
    0.0487503856420517,
    0.049231208860874176,
    0.04923374578356743,
    0.04940112680196762,
    0.049789153039455414,
    0.050171609967947006,
    0.04978817701339722,
    0.04945323243737221,
    0.04891602694988251,
    0.0483742319047451,
    0.048246223479509354,
    0.048603784292936325,
    0.04898548871278763,
    0.049582354724407196,
    0.05020517483353615,
    0.05111457034945488
  ],
  "diff_sigma_per_k": [
    2.6251514739783488e-08,
    2.4073639082189402e-08,
    2.6615628812010073e-08,
    3.141167326248251e-08,
    3.737739007192431e-08,
    4.400392583647772e-08,
    3.394325887029481e-08,
    3.3115060915633876e-08,
    2.443528224205238e-08,
    2.047780789382614e-08,
    1.7227002047093265e-08,
    1.9443609389213634e-08,
    2.4017804634013373e-08,
    3.302418605244384e-08,
    4.470460979177915e-08,
    6.374167327294344e-08
  ],
  "variance_collapse": false,
  "k_report_idx": {
    "k1": 0,
    "k8": 7,
    "k15": 14
  },
  "spec": {
    "kind": "cell",
    "tag": "contLow_mid",
    "cross": "mid",
    "magnitude": 0.3,
    "baseline_key": [
      0.5,
      19,
      256,
      16
    ],
    "params": {
      "period_P": 256,
      "manifold_dim_D": 16,
      "continuity_center": 19,
      "fidelity_F": 0.97,
      "magnitude_M": 0.3,
      "locality_L": 0.5
    },
    "L_d_main": 4,
    "seed": 9,
    "perk": true,
    "label": "cell_contLow_mid_s9",
    "out_file": "/mnt/c/Users/Jason/Desktop/Eridos/Weft 2/v2/results/phase1/pilot_Ld4/_runs/cell_contLow_mid_s9.json"
  }
}