{
  "label": "cell_mag0.9_high_s0",
  "L_d_main": 4,
  "seed": 0,
  "wall_clock_s": 324.62,
  "steps_trained": 10000,
  "final_interval_loss": -2981.206782,
  "nan_inf": false,
  "still_descending": false,
  "stability_flag": "stable",
  "diff_mu": 0.00027363491244614124,
  "diff_sigma": 5.1609220369508435e-11,
  "diff_mu_aggregate": 0.00027363491244614124,
  "diff_sigma_aggregate": 5.1609220369508435e-11,
  "diff_mu_per_k": [
    0.0002743526129052043,
    0.0002739820338319987,
    0.00027225230587646365,
    0.00027460194542072713,
    0.0002740896015893668,
    0.0002750383282545954,
    0.00027372053591534495,
    0.0002717562310863286,
    0.0002750123094301671,
    0.00027221583877690136,
    0.0002744839293882251,
    0.00027259220951236784,
    0.0002723687794059515,
    0.00027284398674964905,
    0.0002742404758464545,
    0.0002746075624600053
  ],
  "diff_sigma_per_k": [
    5.501393784967945e-11,
    4.980461529302538e-11,
    5.2819221219024826e-11,
    4.9272901730956775e-11,
    4.6506850454042237e-11,
    5.868801972175319e-11,
    5.423397841930466e-11,
    4.780247031543894e-11,
    4.9215274217084826e-11,
    5.3828077412054753e-11,
    5.3733281712986525e-11,
    4.8911701078235836e-11,
    4.712046378085866e-11,
    5.0364521581025556e-11,
    5.133276789748287e-11,
    5.7099432820839624e-11
  ],
  "variance_collapse": true,
  "k_report_idx": {
    "k1": 0,
    "k8": 7,
    "k15": 14
  },
  "spec": {
    "kind": "cell",
    "tag": "mag0.9_high",
    "cross": "high",
    "magnitude": 0.9,
    "baseline_key": [
      0.9,
      472,
      2048,
      128
    ],
    "params": {
      "period_P": 2048,
      "manifold_dim_D": 128,
      "continuity_center": 472,
      "fidelity_F": 0.97,
      "magnitude_M": 0.9,
      "locality_L": 0.9
    },
    "L_d_main": 4,
    "seed": 0,
    "perk": true,
    "label": "cell_mag0.9_high_s0",
    "out_file": "/mnt/c/Users/Jason/Desktop/Eridos/Weft 2/v2/results/phase1/pilot_Ld4/_runs/cell_mag0.9_high_s0.json"
  }
}