{
  "label": "cell_mag0.9_mid_s2",
  "L_d_main": 4,
  "seed": 2,
  "wall_clock_s": 346.6,
  "steps_trained": 10000,
  "final_interval_loss": -2746.612078,
  "nan_inf": false,
  "still_descending": false,
  "stability_flag": "stable",
  "diff_mu": 0.21516305208206177,
  "diff_sigma": 4.630612693290459e-07,
  "diff_mu_aggregate": 0.21516305208206177,
  "diff_sigma_aggregate": 4.630612693290459e-07,
  "diff_mu_per_k": [
    0.21204480528831482,
    0.21729330718517303,
    0.216147318482399,
    0.2136661261320114,
    0.21545353531837463,
    0.21744205057621002,
    0.21555989980697632,
    0.21420513093471527,
    0.21393218636512756,
    0.2162879854440689,
    0.21408307552337646,
    0.2120603322982788,
    0.2142350971698761,
    0.22064612805843353,
    0.2150493562221527,
    0.2145027071237564
  ],
  "diff_sigma_per_k": [
    4.306161827116739e-07,
    4.830285433854442e-07,
    4.5083905320097983e-07,
    4.4974424895372067e-07,
    4.722235473764158e-07,
    4.4846916580354446e-07,
    4.38609191633077e-07,
    4.089577601007477e-07,
    4.866444669460179e-07,
    4.6510029960700194e-07,
    4.6903252837182663e-07,
    4.834859623770171e-07,
    4.383815621622489e-07,
    5.303944021761708e-07,
    4.899916348222177e-07,
    4.634617312149203e-07
  ],
  "variance_collapse": false,
  "k_report_idx": {
    "k1": 0,
    "k8": 7,
    "k15": 14
  },
  "spec": {
    "kind": "cell",
    "tag": "mag0.9_mid",
    "cross": "mid",
    "magnitude": 0.9,
    "baseline_key": [
      0.5,
      39,
      256,
      16
    ],
    "params": {
      "period_P": 256,
      "manifold_dim_D": 16,
      "continuity_center": 39,
      "fidelity_F": 0.97,
      "magnitude_M": 0.9,
      "locality_L": 0.5
    },
    "L_d_main": 4,
    "seed": 2,
    "perk": true,
    "label": "cell_mag0.9_mid_s2",
    "out_file": "/mnt/c/Users/Jason/Desktop/Eridos/Weft 2/v2/results/phase1/pilot_Ld4/_runs/cell_mag0.9_mid_s2.json"
  }
}