{
  "label": "cell_mag0.3_low_s7",
  "L_d_main": 4,
  "seed": 7,
  "wall_clock_s": 325.03,
  "steps_trained": 10000,
  "final_interval_loss": -2834.55349,
  "nan_inf": false,
  "still_descending": false,
  "stability_flag": "stable",
  "diff_mu": 0.3528946340084076,
  "diff_sigma": 7.90121248428477e-08,
  "diff_mu_aggregate": 0.3528946340084076,
  "diff_sigma_aggregate": 7.90121248428477e-08,
  "diff_mu_per_k": [
    0.3523666560649872,
    0.3514343202114105,
    0.35301175713539124,
    0.34952422976493835,
    0.35241571068763733,
    0.351055771112442,
    0.35334673523902893,
    0.3518463373184204,
    0.35470885038375854,
    0.35267898440361023,
    0.35122284293174744,
    0.35038912296295166,
    0.35447433590888977,
    0.35426273941993713,
    0.3587108850479126,
    0.3548654317855835
  ],
  "diff_sigma_per_k": [
    7.258378786900721e-08,
    6.336874491807976e-08,
    6.633729299210245e-08,
    6.745289482523731e-08,
    6.699383447994478e-08,
    7.129465728894502e-08,
    7.336397089829916e-08,
    7.706827176434672e-08,
    7.873287444226662e-08,
    6.664935625622093e-08,
    6.867283985911854e-08,
    7.397897405780895e-08,
    8.938729223473274e-08,
    9.988356453050073e-08,
    1.0717305798380039e-07,
    1.2125249782002356e-07
  ],
  "variance_collapse": false,
  "k_report_idx": {
    "k1": 0,
    "k8": 7,
    "k15": 14
  },
  "spec": {
    "kind": "cell",
    "tag": "mag0.3_low",
    "cross": "low",
    "magnitude": 0.3,
    "baseline_key": [
      0.3,
      3,
      32,
      4
    ],
    "params": {
      "period_P": 32,
      "manifold_dim_D": 4,
      "continuity_center": 3,
      "fidelity_F": 0.97,
      "magnitude_M": 0.3,
      "locality_L": 0.3
    },
    "L_d_main": 4,
    "seed": 7,
    "perk": true,
    "label": "cell_mag0.3_low_s7",
    "out_file": "/mnt/c/Users/Jason/Desktop/Eridos/Weft 2/v2/results/phase1/pilot_Ld4/_runs/cell_mag0.3_low_s7.json"
  }
}