{
  "label": "cell_mag0.9_low_s1",
  "L_d_main": 4,
  "seed": 1,
  "wall_clock_s": 325.66,
  "steps_trained": 10000,
  "final_interval_loss": -2820.497535,
  "nan_inf": false,
  "still_descending": false,
  "stability_flag": "stable",
  "diff_mu": 0.38290247321128845,
  "diff_sigma": 4.1581017740099924e-08,
  "diff_mu_aggregate": 0.38290247321128845,
  "diff_sigma_aggregate": 4.1581017740099924e-08,
  "diff_mu_per_k": [
    0.3788434565067291,
    0.37837445735931396,
    0.37915492057800293,
    0.3814722001552582,
    0.38163769245147705,
    0.3819107115268707,
    0.38223230838775635,
    0.3807123005390167,
    0.38261881470680237,
    0.38212132453918457,
    0.3852528929710388,
    0.38113659620285034,
    0.38349002599716187,
    0.3869367241859436,
    0.38826674222946167,
    0.3922799229621887
  ],
  "diff_sigma_per_k": [
    3.072789311886481e-08,
    3.0621354341064944e-08,
    3.47887265661484e-08,
    3.261063952209042e-08,
    3.181868635238061e-08,
    3.960682448678199e-08,
    3.647752677693461e-08,
    3.493548561550597e-08,
    4.3791839487994366e-08,
    3.4769183088201316e-08,
    4.21739372313823e-08,
    3.361359190989788e-08,
    4.1304943465547694e-08,
    4.880092774328659e-08,
    6.978536504220756e-08,
    7.946939462044611e-08
  ],
  "variance_collapse": false,
  "k_report_idx": {
    "k1": 0,
    "k8": 7,
    "k15": 14
  },
  "spec": {
    "kind": "cell",
    "tag": "mag0.9_low",
    "cross": "low",
    "magnitude": 0.9,
    "baseline_key": [
      0.3,
      3,
      32,
      4
    ],
    "params": {
      "period_P": 32,
      "manifold_dim_D": 4,
      "continuity_center": 3,
      "fidelity_F": 0.97,
      "magnitude_M": 0.9,
      "locality_L": 0.3
    },
    "L_d_main": 4,
    "seed": 1,
    "perk": true,
    "label": "cell_mag0.9_low_s1",
    "out_file": "/mnt/c/Users/Jason/Desktop/Eridos/Weft 2/v2/results/phase1/pilot_Ld4/_runs/cell_mag0.9_low_s1.json"
  }
}