{
  "label": "cell_mag0.7_high_s3",
  "L_d_main": 4,
  "seed": 3,
  "wall_clock_s": 324.96,
  "steps_trained": 10000,
  "final_interval_loss": -2982.4346,
  "nan_inf": false,
  "still_descending": false,
  "stability_flag": "stable",
  "diff_mu": 0.00012460461584851146,
  "diff_sigma": 9.863190819636714e-11,
  "diff_mu_aggregate": 0.00012460461584851146,
  "diff_sigma_aggregate": 9.863190819636714e-11,
  "diff_mu_per_k": [
    0.0001242381113115698,
    0.00012311131285969168,
    0.00012624729424715042,
    0.00012424623128026724,
    0.0001242575963260606,
    0.00012576085282489657,
    0.00012517858704086393,
    0.0001245863240910694,
    0.00012531263928394765,
    0.00012607309326995164,
    0.00012467500346247107,
    0.00012377422535791993,
    0.00012433752999641,
    0.00012404769950080663,
    0.00012384957517497241,
    0.00012397785030771047
  ],
  "diff_sigma_per_k": [
    1.035857580267141e-10,
    1.0265633482164915e-10,
    1.0189533244941984e-10,
    9.217641927516951e-11,
    8.986163896329558e-11,
    1.1839358660115096e-10,
    1.0562174052042295e-10,
    9.762778779842662e-11,
    9.142778201187696e-11,
    1.0318566834310872e-10,
    1.008004166247467e-10,
    9.507993004032045e-11,
    9.195634531611319e-11,
    8.70090388627176e-11,
    1.0084348633920825e-10,
    9.598918881970064e-11
  ],
  "variance_collapse": true,
  "k_report_idx": {
    "k1": 0,
    "k8": 7,
    "k15": 14
  },
  "spec": {
    "kind": "cell",
    "tag": "mag0.7_high",
    "cross": "high",
    "magnitude": 0.7,
    "baseline_key": [
      0.9,
      472,
      2048,
      128
    ],
    "params": {
      "period_P": 2048,
      "manifold_dim_D": 128,
      "continuity_center": 472,
      "fidelity_F": 0.97,
      "magnitude_M": 0.7,
      "locality_L": 0.9
    },
    "L_d_main": 4,
    "seed": 3,
    "perk": true,
    "label": "cell_mag0.7_high_s3",
    "out_file": "/mnt/c/Users/Jason/Desktop/Eridos/Weft 2/v2/results/phase1/pilot_Ld4/_runs/cell_mag0.7_high_s3.json"
  }
}