{
  "label": "cell_mag0.1_low_s1",
  "L_d_main": 4,
  "seed": 1,
  "wall_clock_s": 326.83,
  "steps_trained": 10000,
  "final_interval_loss": -2737.334841,
  "nan_inf": false,
  "still_descending": false,
  "stability_flag": "stable",
  "diff_mu": 3.1254942417144775,
  "diff_sigma": 5.249148671282455e-08,
  "diff_mu_aggregate": 3.1254942417144775,
  "diff_sigma_aggregate": 5.249148671282455e-08,
  "diff_mu_per_k": [
    3.1340644359588623,
    3.096442937850952,
    3.112016439437866,
    3.117417097091675,
    3.127938985824585,
    3.1107046604156494,
    3.112725019454956,
    3.099479913711548,
    3.118757963180542,
    3.0868406295776367,
    3.124723434448242,
    3.1221868991851807,
    3.1584064960479736,
    3.14275860786438,
    3.1675782203674316,
    3.175872564315796
  ],
  "diff_sigma_per_k": [
    5.233516731095733e-08,
    4.909326634106037e-08,
    4.91321578977022e-08,
    5.069837527571508e-08,
    5.1759052155375684e-08,
    5.1390358635217126e-08,
    4.9260869161571463e-08,
    4.52415598317657e-08,
    5.0751143731986303e-08,
    3.8970572546759286e-08,
    5.3000704269834387e-08,
    5.224909926937471e-08,
    5.943544323372407e-08,
    5.195132501967237e-08,
    6.52407763368501e-08,
    6.935396612561817e-08
  ],
  "variance_collapse": false,
  "k_report_idx": {
    "k1": 0,
    "k8": 7,
    "k15": 14
  },
  "spec": {
    "kind": "cell",
    "tag": "mag0.1_low",
    "cross": "low",
    "magnitude": 0.1,
    "baseline_key": [
      0.3,
      3,
      32,
      4
    ],
    "params": {
      "period_P": 32,
      "manifold_dim_D": 4,
      "continuity_center": 3,
      "fidelity_F": 0.97,
      "magnitude_M": 0.1,
      "locality_L": 0.3
    },
    "L_d_main": 4,
    "seed": 1,
    "perk": true,
    "label": "cell_mag0.1_low_s1",
    "out_file": "/mnt/c/Users/Jason/Desktop/Eridos/Weft 2/v2/results/phase1/pilot_Ld4/_runs/cell_mag0.1_low_s1.json"
  }
}