{
  "label": "cell_D4_mid_s5",
  "L_d_main": 4,
  "seed": 5,
  "wall_clock_s": 324.8,
  "steps_trained": 10000,
  "final_interval_loss": -2690.177801,
  "nan_inf": false,
  "still_descending": false,
  "stability_flag": "stable",
  "diff_mu": 0.02831597998738289,
  "diff_sigma": 1.7969703502984657e-09,
  "diff_mu_aggregate": 0.02831597998738289,
  "diff_sigma_aggregate": 1.7969703502984657e-09,
  "diff_mu_per_k": [
    0.028314346447587013,
    0.02832239307463169,
    0.02824542298913002,
    0.02834845520555973,
    0.028392596170306206,
    0.028321320191025734,
    0.02846621908247471,
    0.028273414820432663,
    0.028107721358537674,
    0.02820046804845333,
    0.028172068297863007,
    0.02836400642991066,
    0.02848939783871174,
    0.028507597744464874,
    0.02846737764775753,
    0.028062839061021805
  ],
  "diff_sigma_per_k": [
    1.4262866443459643e-09,
    1.8964854131553466e-09,
    2.001442567234335e-09,
    1.92043647651019e-09,
    1.6400436564367737e-09,
    1.7258257045682512e-09,
    1.6631299670777366e-09,
    1.824985274012647e-09,
    1.8848604899091015e-09,
    1.898486479134931e-09,
    1.9913670712412568e-09,
    1.9751718038918398e-09,
    1.6664454260961747e-09,
    1.5571834932615047e-09,
    1.8205311702601534e-09,
    1.85884507786227e-09
  ],
  "variance_collapse": true,
  "k_report_idx": {
    "k1": 0,
    "k8": 7,
    "k15": 14
  },
  "spec": {
    "kind": "cell",
    "tag": "D4_mid",
    "cross": "mid",
    "magnitude": 0.3,
    "baseline_key": [
      0.5,
      39,
      256,
      4
    ],
    "params": {
      "period_P": 256,
      "manifold_dim_D": 4,
      "continuity_center": 39,
      "fidelity_F": 0.97,
      "magnitude_M": 0.3,
      "locality_L": 0.5
    },
    "L_d_main": 4,
    "seed": 5,
    "perk": true,
    "label": "cell_D4_mid_s5",
    "out_file": "/mnt/c/Users/Jason/Desktop/Eridos/Weft 2/v2/results/phase1/pilot_Ld4/_runs/cell_D4_mid_s5.json"
  }
}