{
  "label": "cell_mag0.1_low_s9",
  "L_d_main": 4,
  "seed": 9,
  "wall_clock_s": 325.58,
  "steps_trained": 10000,
  "final_interval_loss": -2772.267249,
  "nan_inf": false,
  "still_descending": false,
  "stability_flag": "stable",
  "diff_mu": 0.456840842962265,
  "diff_sigma": 4.773795581058948e-07,
  "diff_mu_aggregate": 0.456840842962265,
  "diff_sigma_aggregate": 4.773795581058948e-07,
  "diff_mu_per_k": [
    0.45352599024772644,
    0.45526063442230225,
    0.454195499420166,
    0.45461609959602356,
    0.45468050241470337,
    0.45753028988838196,
    0.4570658206939697,
    0.4589204788208008,
    0.4567945599555969,
    0.4561936855316162,
    0.45655784010887146,
    0.4559456706047058,
    0.4563961625099182,
    0.4578353762626648,
    0.4615914523601532,
    0.4623440206050873
  ],
  "diff_sigma_per_k": [
    3.5165496115041606e-07,
    2.684971320832119e-07,
    2.738970010796038e-07,
    3.0488470770251297e-07,
    3.096455145623622e-07,
    4.60072072883122e-07,
    5.39728716830723e-07,
    4.964318236488907e-07,
    4.1458008581685135e-07,
    3.828979231457197e-07,
    3.7608131719935045e-07,
    4.974474450136768e-07,
    4.810616474060225e-07,
    5.752935976488516e-07,
    9.244242846762063e-07,
    9.8147449989483e-07
  ],
  "variance_collapse": false,
  "k_report_idx": {
    "k1": 0,
    "k8": 7,
    "k15": 14
  },
  "spec": {
    "kind": "cell",
    "tag": "mag0.1_low",
    "cross": "low",
    "magnitude": 0.1,
    "baseline_key": [
      0.3,
      3,
      32,
      4
    ],
    "params": {
      "period_P": 32,
      "manifold_dim_D": 4,
      "continuity_center": 3,
      "fidelity_F": 0.97,
      "magnitude_M": 0.1,
      "locality_L": 0.3
    },
    "L_d_main": 4,
    "seed": 9,
    "perk": true,
    "label": "cell_mag0.1_low_s9",
    "out_file": "/mnt/c/Users/Jason/Desktop/Eridos/Weft 2/v2/results/phase1/pilot_Ld4/_runs/cell_mag0.1_low_s9.json"
  }
}