{
  "label": "cell_mag0.1_low_s4",
  "L_d_main": 4,
  "seed": 4,
  "wall_clock_s": 326.85,
  "steps_trained": 10000,
  "final_interval_loss": -2804.707765,
  "nan_inf": false,
  "still_descending": false,
  "stability_flag": "stable",
  "diff_mu": 2.733234167098999,
  "diff_sigma": 5.242562110652216e-06,
  "diff_mu_aggregate": 2.733234167098999,
  "diff_sigma_aggregate": 5.242562110652216e-06,
  "diff_mu_per_k": [
    2.7081050872802734,
    2.7153046131134033,
    2.692746639251709,
    2.700570821762085,
    2.7134058475494385,
    2.7111384868621826,
    2.7230138778686523,
    2.723172426223755,
    2.733161211013794,
    2.717972993850708,
    2.7035934925079346,
    2.7290422916412354,
    2.766465902328491,
    2.7697465419769287,
    2.8040990829467773,
    2.8202130794525146
  ],
  "diff_sigma_per_k": [
    4.960386377206305e-06,
    5.1108686420775484e-06,
    4.676978278439492e-06,
    4.906487902189838e-06,
    4.879544121649815e-06,
    4.935206561640371e-06,
    5.237200639385264e-06,
    5.166674782230984e-06,
    5.1565889407356735e-06,
    4.976550371793564e-06,
    4.910699772153748e-06,
    5.200081432121806e-06,
    5.3415305956150405e-06,
    5.569027052843012e-06,
    6.476988801296102e-06,
    6.376182682288345e-06
  ],
  "variance_collapse": false,
  "k_report_idx": {
    "k1": 0,
    "k8": 7,
    "k15": 14
  },
  "spec": {
    "kind": "cell",
    "tag": "mag0.1_low",
    "cross": "low",
    "magnitude": 0.1,
    "baseline_key": [
      0.3,
      3,
      32,
      4
    ],
    "params": {
      "period_P": 32,
      "manifold_dim_D": 4,
      "continuity_center": 3,
      "fidelity_F": 0.97,
      "magnitude_M": 0.1,
      "locality_L": 0.3
    },
    "L_d_main": 4,
    "seed": 4,
    "perk": true,
    "label": "cell_mag0.1_low_s4",
    "out_file": "/mnt/c/Users/Jason/Desktop/Eridos/Weft 2/v2/results/phase1/pilot_Ld4/_runs/cell_mag0.1_low_s4.json"
  }
}