{
  "label": "cell_mag0.3_mid_s8",
  "L_d_main": 4,
  "seed": 8,
  "wall_clock_s": 325.22,
  "steps_trained": 10000,
  "final_interval_loss": -2724.783855,
  "nan_inf": false,
  "still_descending": true,
  "stability_flag": "stable",
  "diff_mu": 0.09304814785718918,
  "diff_sigma": 9.456514682426587e-09,
  "diff_mu_aggregate": 0.09304814785718918,
  "diff_sigma_aggregate": 9.456514682426587e-09,
  "diff_mu_per_k": [
    0.09348448365926743,
    0.09190627187490463,
    0.09224006533622742,
    0.09368263185024261,
    0.09386395663022995,
    0.09328976273536682,
    0.09143787622451782,
    0.09361530840396881,
    0.09110349416732788,
    0.09383822977542877,
    0.09339945018291473,
    0.09366270899772644,
    0.09233386069536209,
    0.09385456889867783,
    0.09418994933366776,
    0.09286775439977646
  ],
  "diff_sigma_per_k": [
    7.285298586623412e-09,
    1.0577743125850247e-08,
    9.644654852536405e-09,
    9.46861788975184e-09,
    8.3653972637876e-09,
    9.054928362672854e-09,
    1.0307929620978484e-08,
    9.625085617415152e-09,
    1.0523365290282527e-08,
    9.79110303944708e-09,
    1.1452564230296503e-08,
    8.947331764375122e-09,
    8.935448825297954e-09,
    8.884438074119316e-09,
    9.188851457508918e-09,
    9.251476917881973e-09
  ],
  "variance_collapse": true,
  "k_report_idx": {
    "k1": 0,
    "k8": 7,
    "k15": 14
  },
  "spec": {
    "kind": "cell",
    "tag": "mag0.3_mid",
    "cross": "mid",
    "magnitude": 0.3,
    "baseline_key": [
      0.5,
      39,
      256,
      16
    ],
    "params": {
      "period_P": 256,
      "manifold_dim_D": 16,
      "continuity_center": 39,
      "fidelity_F": 0.97,
      "magnitude_M": 0.3,
      "locality_L": 0.5
    },
    "L_d_main": 4,
    "seed": 8,
    "perk": true,
    "label": "cell_mag0.3_mid_s8",
    "out_file": "/mnt/c/Users/Jason/Desktop/Eridos/Weft 2/v2/results/phase1/pilot_Ld4/_runs/cell_mag0.3_mid_s8.json"
  }
}