{
  "label": "cell_mag0.7_low_s0",
  "L_d_main": 4,
  "seed": 0,
  "wall_clock_s": 326.09,
  "steps_trained": 10000,
  "final_interval_loss": -2910.632264,
  "nan_inf": false,
  "still_descending": false,
  "stability_flag": "stable",
  "diff_mu": 0.27645471692085266,
  "diff_sigma": 4.0458519379171776e-07,
  "diff_mu_aggregate": 0.27645471692085266,
  "diff_sigma_aggregate": 4.0458519379171776e-07,
  "diff_mu_per_k": [
    0.27453070878982544,
    0.27506694197654724,
    0.27435213327407837,
    0.27661389112472534,
    0.2754392921924591,
    0.2756890654563904,
    0.2772732973098755,
    0.2753291726112366,
    0.2760121524333954,
    0.2743791937828064,
    0.2749974727630615,
    0.2766273617744446,
    0.2758995294570923,
    0.27878105640411377,
    0.28068163990974426,
    0.2816021740436554
  ],
  "diff_sigma_per_k": [
    3.764035909625818e-07,
    3.3201550309058803e-07,
    3.420819041366485e-07,
    3.549388623014238e-07,
    3.7141029451959184e-07,
    4.208912400827103e-07,
    3.9594212353222247e-07,
    3.799764840550779e-07,
    3.5994804647998535e-07,
    3.202681284619757e-07,
    3.452234693668288e-07,
    3.7639756556018256e-07,
    4.157764124101959e-07,
    4.798520194526645e-07,
    5.586493898590561e-07,
    6.435881232391694e-07
  ],
  "variance_collapse": false,
  "k_report_idx": {
    "k1": 0,
    "k8": 7,
    "k15": 14
  },
  "spec": {
    "kind": "cell",
    "tag": "mag0.7_low",
    "cross": "low",
    "magnitude": 0.7,
    "baseline_key": [
      0.3,
      3,
      32,
      4
    ],
    "params": {
      "period_P": 32,
      "manifold_dim_D": 4,
      "continuity_center": 3,
      "fidelity_F": 0.97,
      "magnitude_M": 0.7,
      "locality_L": 0.3
    },
    "L_d_main": 4,
    "seed": 0,
    "perk": true,
    "label": "cell_mag0.7_low_s0",
    "out_file": "/mnt/c/Users/Jason/Desktop/Eridos/Weft 2/v2/results/phase1/pilot_Ld4/_runs/cell_mag0.7_low_s0.json"
  }
}