{
  "label": "cell_D4_mid_s1",
  "L_d_main": 4,
  "seed": 1,
  "wall_clock_s": 323.98,
  "steps_trained": 10000,
  "final_interval_loss": -2529.0098,
  "nan_inf": false,
  "still_descending": false,
  "stability_flag": "stable",
  "diff_mu": 0.3625812530517578,
  "diff_sigma": 2.397865728198667e-07,
  "diff_mu_aggregate": 0.3625812530517578,
  "diff_sigma_aggregate": 2.397865728198667e-07,
  "diff_mu_per_k": [
    0.3628203272819519,
    0.3631758689880371,
    0.361196368932724,
    0.36416035890579224,
    0.3599814176559448,
    0.3633306622505188,
    0.36266764998435974,
    0.362646222114563,
    0.36150863766670227,
    0.3642705976963043,
    0.3634662628173828,
    0.3646060526371002,
    0.3624679148197174,
    0.36029937863349915,
    0.36484768986701965,
    0.35985469818115234
  ],
  "diff_sigma_per_k": [
    2.129305727294195e-07,
    2.446495841468277e-07,
    2.6633730954017665e-07,
    2.561367011821858e-07,
    2.2653115649973188e-07,
    2.2645315311820013e-07,
    2.3040989560740854e-07,
    2.224585387011757e-07,
    2.3626148504263256e-07,
    2.5848245854831475e-07,
    2.5060964503609284e-07,
    2.3587190867147e-07,
    2.273184662726635e-07,
    2.2885666339789168e-07,
    2.538463377277367e-07,
    2.594311467873922e-07
  ],
  "variance_collapse": false,
  "k_report_idx": {
    "k1": 0,
    "k8": 7,
    "k15": 14
  },
  "spec": {
    "kind": "cell",
    "tag": "D4_mid",
    "cross": "mid",
    "magnitude": 0.3,
    "baseline_key": [
      0.5,
      39,
      256,
      4
    ],
    "params": {
      "period_P": 256,
      "manifold_dim_D": 4,
      "continuity_center": 39,
      "fidelity_F": 0.97,
      "magnitude_M": 0.3,
      "locality_L": 0.5
    },
    "L_d_main": 4,
    "seed": 1,
    "perk": true,
    "label": "cell_D4_mid_s1",
    "out_file": "/mnt/c/Users/Jason/Desktop/Eridos/Weft 2/v2/results/phase1/pilot_Ld4/_runs/cell_D4_mid_s1.json"
  }
}