{
  "label": "cell_mag0.7_mid_s5",
  "L_d_main": 4,
  "seed": 5,
  "wall_clock_s": 334.8,
  "steps_trained": 10000,
  "final_interval_loss": -2803.482041,
  "nan_inf": false,
  "still_descending": false,
  "stability_flag": "stable",
  "diff_mu": 0.04729406163096428,
  "diff_sigma": 1.8395908796264848e-08,
  "diff_mu_aggregate": 0.04729406163096428,
  "diff_sigma_aggregate": 1.8395908796264848e-08,
  "diff_mu_per_k": [
    0.04660969227552414,
    0.04689032584428787,
    0.04772069677710533,
    0.047639150172472,
    0.047629475593566895,
    0.046749647706747055,
    0.04732608050107956,
    0.0469365194439888,
    0.04765269532799721,
    0.047299712896347046,
    0.04761844873428345,
    0.04709243401885033,
    0.046102020889520645,
    0.047774787992239,
    0.0475391186773777,
    0.0481242872774601
  ],
  "diff_sigma_per_k": [
    1.4530161962511556e-08,
    1.790891523967275e-08,
    1.752169254132241e-08,
    2.086518158250783e-08,
    1.7913812655478978e-08,
    1.693302209559988e-08,
    1.827130269305144e-08,
    2.0819490131884777e-08,
    1.943314131835905e-08,
    1.8995423900491915e-08,
    1.9980047838430437e-08,
    1.886517431159973e-08,
    1.7513293926185725e-08,
    1.933685034316568e-08,
    1.819758388421633e-08,
    1.7249455197543284e-08
  ],
  "variance_collapse": false,
  "k_report_idx": {
    "k1": 0,
    "k8": 7,
    "k15": 14
  },
  "spec": {
    "kind": "cell",
    "tag": "mag0.7_mid",
    "cross": "mid",
    "magnitude": 0.7,
    "baseline_key": [
      0.5,
      39,
      256,
      16
    ],
    "params": {
      "period_P": 256,
      "manifold_dim_D": 16,
      "continuity_center": 39,
      "fidelity_F": 0.97,
      "magnitude_M": 0.7,
      "locality_L": 0.5
    },
    "L_d_main": 4,
    "seed": 5,
    "perk": true,
    "label": "cell_mag0.7_mid_s5",
    "out_file": "/mnt/c/Users/Jason/Desktop/Eridos/Weft 2/v2/results/phase1/pilot_Ld4/_runs/cell_mag0.7_mid_s5.json"
  }
}