{
  "label": "cell_mag0.7_mid_s9",
  "L_d_main": 4,
  "seed": 9,
  "wall_clock_s": 349.83,
  "steps_trained": 10000,
  "final_interval_loss": -2776.580625,
  "nan_inf": false,
  "still_descending": false,
  "stability_flag": "stable",
  "diff_mu": 0.28510624170303345,
  "diff_sigma": 7.296841886272887e-08,
  "diff_mu_aggregate": 0.28510624170303345,
  "diff_sigma_aggregate": 7.296841886272887e-08,
  "diff_mu_per_k": [
    0.2853173315525055,
    0.28598764538764954,
    0.28627294301986694,
    0.28498297929763794,
    0.28648191690444946,
    0.28404784202575684,
    0.28602951765060425,
    0.2842082679271698,
    0.2850610017776489,
    0.28465351462364197,
    0.282314658164978,
    0.28506770730018616,
    0.2848372757434845,
    0.28479641675949097,
    0.28590384125709534,
    0.2857372462749481
  ],
  "diff_sigma_per_k": [
    7.341342467270806e-08,
    8.132266771099239e-08,
    7.860435857764969e-08,
    7.576635141504084e-08,
    7.709557792168198e-08,
    6.793279538896968e-08,
    7.068799590115304e-08,
    7.293893844462218e-08,
    7.20504331752636e-08,
    7.159022175073915e-08,
    6.594783741320498e-08,
    7.10747727339367e-08,
    6.955027487265397e-08,
    7.293991188817017e-08,
    7.274541502511056e-08,
    7.383373912261959e-08
  ],
  "variance_collapse": false,
  "k_report_idx": {
    "k1": 0,
    "k8": 7,
    "k15": 14
  },
  "spec": {
    "kind": "cell",
    "tag": "mag0.7_mid",
    "cross": "mid",
    "magnitude": 0.7,
    "baseline_key": [
      0.5,
      39,
      256,
      16
    ],
    "params": {
      "period_P": 256,
      "manifold_dim_D": 16,
      "continuity_center": 39,
      "fidelity_F": 0.97,
      "magnitude_M": 0.7,
      "locality_L": 0.5
    },
    "L_d_main": 4,
    "seed": 9,
    "perk": true,
    "label": "cell_mag0.7_mid_s9",
    "out_file": "/mnt/c/Users/Jason/Desktop/Eridos/Weft 2/v2/results/phase1/pilot_Ld4/_runs/cell_mag0.7_mid_s9.json"
  }
}