{
  "label": "cell_mag0.3_high_s6",
  "L_d_main": 4,
  "seed": 6,
  "wall_clock_s": 327.23,
  "steps_trained": 10000,
  "final_interval_loss": -2962.942664,
  "nan_inf": false,
  "still_descending": false,
  "stability_flag": "stable",
  "diff_mu": 9.858660632744431e-05,
  "diff_sigma": 4.310873186197384e-11,
  "diff_mu_aggregate": 9.858660632744431e-05,
  "diff_sigma_aggregate": 4.310873186197384e-11,
  "diff_mu_per_k": [
    9.746917203301564e-05,
    9.878654964268208e-05,
    9.766463335836306e-05,
    9.910891094477847e-05,
    9.846618922892958e-05,
    9.890201181406155e-05,
    0.00010012021084548905,
    9.900677105179057e-05,
    9.890561341308057e-05,
    9.828233305597678e-05,
    9.94665824691765e-05,
    9.749442688189447e-05,
    9.895206312648952e-05,
    9.789723844733089e-05,
    9.848952322499827e-05,
    9.837339166551828e-05
  ],
  "diff_sigma_per_k": [
    4.9275548918981116e-11,
    4.392855523782657e-11,
    3.607097606717069e-11,
    3.435338818968958e-11,
    3.987643895642101e-11,
    4.327090075140205e-11,
    4.522841823284551e-11,
    5.0233667919785674e-11,
    4.032742889625851e-11,
    4.074929976782826e-11,
    4.6999980296558164e-11,
    4.650750964896311e-11,
    4.0492807024117283e-11,
    4.796884070512597e-11,
    4.345937151817303e-11,
    4.0996563782647044e-11
  ],
  "variance_collapse": true,
  "k_report_idx": {
    "k1": 0,
    "k8": 7,
    "k15": 14
  },
  "spec": {
    "kind": "cell",
    "tag": "mag0.3_high",
    "cross": "high",
    "magnitude": 0.3,
    "baseline_key": [
      0.9,
      472,
      2048,
      128
    ],
    "params": {
      "period_P": 2048,
      "manifold_dim_D": 128,
      "continuity_center": 472,
      "fidelity_F": 0.97,
      "magnitude_M": 0.3,
      "locality_L": 0.9
    },
    "L_d_main": 4,
    "seed": 6,
    "perk": true,
    "label": "cell_mag0.3_high_s6",
    "out_file": "/mnt/c/Users/Jason/Desktop/Eridos/Weft 2/v2/results/phase1/pilot_Ld4/_runs/cell_mag0.3_high_s6.json"
  }
}