{
  "label": "cell_mag0.9_mid_s5",
  "L_d_main": 4,
  "seed": 5,
  "wall_clock_s": 345.95,
  "steps_trained": 10000,
  "final_interval_loss": -2804.479508,
  "nan_inf": false,
  "still_descending": false,
  "stability_flag": "stable",
  "diff_mu": 0.05152205005288124,
  "diff_sigma": 9.543809653678181e-08,
  "diff_mu_aggregate": 0.05152205005288124,
  "diff_sigma_aggregate": 9.543809653678181e-08,
  "diff_mu_per_k": [
    0.05101956054568291,
    0.05206183344125748,
    0.0518827810883522,
    0.051244016736745834,
    0.05167359486222267,
    0.05132290720939636,
    0.0507221445441246,
    0.051778048276901245,
    0.051578667014837265,
    0.051789768040180206,
    0.0514233261346817,
    0.05158603936433792,
    0.051211316138505936,
    0.051135070621967316,
    0.05251803994178772,
    0.0514056459069252
  ],
  "diff_sigma_per_k": [
    8.49270804792468e-08,
    9.47354834579528e-08,
    9.746713658387307e-08,
    8.89135023385279e-08,
    9.577044579600624e-08,
    9.293040648117312e-08,
    8.66707665636568e-08,
    9.5714646874967e-08,
    9.889650698369223e-08,
    1.0507604031317896e-07,
    9.45208569191891e-08,
    9.895591546182914e-08,
    9.625454566730696e-08,
    9.771258646651404e-08,
    1.077557314488331e-07,
    9.070790696341646e-08
  ],
  "variance_collapse": false,
  "k_report_idx": {
    "k1": 0,
    "k8": 7,
    "k15": 14
  },
  "spec": {
    "kind": "cell",
    "tag": "mag0.9_mid",
    "cross": "mid",
    "magnitude": 0.9,
    "baseline_key": [
      0.5,
      39,
      256,
      16
    ],
    "params": {
      "period_P": 256,
      "manifold_dim_D": 16,
      "continuity_center": 39,
      "fidelity_F": 0.97,
      "magnitude_M": 0.9,
      "locality_L": 0.5
    },
    "L_d_main": 4,
    "seed": 5,
    "perk": true,
    "label": "cell_mag0.9_mid_s5",
    "out_file": "/mnt/c/Users/Jason/Desktop/Eridos/Weft 2/v2/results/phase1/pilot_Ld4/_runs/cell_mag0.9_mid_s5.json"
  }
}