{
  "label": "cell_mag0.3_mid_s7",
  "L_d_main": 4,
  "seed": 7,
  "wall_clock_s": 324.64,
  "steps_trained": 10000,
  "final_interval_loss": -2832.080044,
  "nan_inf": false,
  "still_descending": false,
  "stability_flag": "stable",
  "diff_mu": 0.038930825889110565,
  "diff_sigma": 1.2665805293465837e-08,
  "diff_mu_aggregate": 0.038930825889110565,
  "diff_sigma_aggregate": 1.2665805293465837e-08,
  "diff_mu_per_k": [
    0.0399608239531517,
    0.03937385603785515,
    0.040117695927619934,
    0.03918894752860069,
    0.038497745990753174,
    0.03947649151086807,
    0.0396060086786747,
    0.037588708102703094,
    0.03862154111266136,
    0.03782513365149498,
    0.03899938240647316,
    0.03898061811923981,
    0.038905974477529526,
    0.03758472576737404,
    0.03987526148557663,
    0.03829029202461243
  ],
  "diff_sigma_per_k": [
    1.1109483999405256e-08,
    1.2691242723406049e-08,
    1.4054196917356876e-08,
    1.0124093563490533e-08,
    1.7365524129786536e-08,
    8.104751536563981e-09,
    1.1213909800744659e-08,
    1.6960385096354003e-08,
    1.2966343554410287e-08,
    1.2618533773434137e-08,
    1.1842548275353693e-08,
    9.026275726853328e-09,
    1.4456221109071521e-08,
    1.4648202650846542e-08,
    1.1354430284882255e-08,
    1.4116745106207418e-08
  ],
  "variance_collapse": false,
  "k_report_idx": {
    "k1": 0,
    "k8": 7,
    "k15": 14
  },
  "spec": {
    "kind": "cell",
    "tag": "mag0.3_mid",
    "cross": "mid",
    "magnitude": 0.3,
    "baseline_key": [
      0.5,
      39,
      256,
      16
    ],
    "params": {
      "period_P": 256,
      "manifold_dim_D": 16,
      "continuity_center": 39,
      "fidelity_F": 0.97,
      "magnitude_M": 0.3,
      "locality_L": 0.5
    },
    "L_d_main": 4,
    "seed": 7,
    "perk": true,
    "label": "cell_mag0.3_mid_s7",
    "out_file": "/mnt/c/Users/Jason/Desktop/Eridos/Weft 2/v2/results/phase1/pilot_Ld4/_runs/cell_mag0.3_mid_s7.json"
  }
}