{
  "label": "cell_mag0.1_high_s7",
  "L_d_main": 4,
  "seed": 7,
  "wall_clock_s": 325.43,
  "steps_trained": 10000,
  "final_interval_loss": -2992.85856,
  "nan_inf": false,
  "still_descending": false,
  "stability_flag": "stable",
  "diff_mu": 0.000607430818490684,
  "diff_sigma": 8.230627290828352e-11,
  "diff_mu_aggregate": 0.000607430818490684,
  "diff_sigma_aggregate": 8.230627290828352e-11,
  "diff_mu_per_k": [
    0.0006136168376542628,
    0.000606213288847357,
    0.0006062877946533263,
    0.0006091597606427968,
    0.0006060349987819791,
    0.0006083699408918619,
    0.0006050087395124137,
    0.0006065827910788357,
    0.000607656838838011,
    0.0006093313568271697,
    0.0006044516921974719,
    0.0006063073524273932,
    0.0006049690418876708,
    0.0006094082491472363,
    0.0006073671975173056,
    0.0006081261090002954
  ],
  "diff_sigma_per_k": [
    1.0306493852807463e-10,
    8.089826725177218e-11,
    7.994015865930848e-11,
    8.845699173143373e-11,
    7.819445785317569e-11,
    7.175244426393945e-11,
    7.954071429283616e-11,
    7.412079977564545e-11,
    8.111884775008349e-11,
    8.170102788751521e-11,
    8.010461738372499e-11,
    7.247096672768905e-11,
    8.606949181144685e-11,
    8.516488209098227e-11,
    9.378953863548034e-11,
    8.051227740057953e-11
  ],
  "variance_collapse": true,
  "k_report_idx": {
    "k1": 0,
    "k8": 7,
    "k15": 14
  },
  "spec": {
    "kind": "cell",
    "tag": "mag0.1_high",
    "cross": "high",
    "magnitude": 0.1,
    "baseline_key": [
      0.9,
      472,
      2048,
      128
    ],
    "params": {
      "period_P": 2048,
      "manifold_dim_D": 128,
      "continuity_center": 472,
      "fidelity_F": 0.97,
      "magnitude_M": 0.1,
      "locality_L": 0.9
    },
    "L_d_main": 4,
    "seed": 7,
    "perk": true,
    "label": "cell_mag0.1_high_s7",
    "out_file": "/mnt/c/Users/Jason/Desktop/Eridos/Weft 2/v2/results/phase1/pilot_Ld4/_runs/cell_mag0.1_high_s7.json"
  }
}