{
  "label": "cell_mag0.9_mid_s4",
  "L_d_main": 4,
  "seed": 4,
  "wall_clock_s": 346.04,
  "steps_trained": 10000,
  "final_interval_loss": -2740.90368,
  "nan_inf": false,
  "still_descending": true,
  "stability_flag": "stable",
  "diff_mu": 0.06417626887559891,
  "diff_sigma": 1.023682649758939e-08,
  "diff_mu_aggregate": 0.06417626887559891,
  "diff_sigma_aggregate": 1.023682649758939e-08,
  "diff_mu_per_k": [
    0.0638590082526207,
    0.06433222442865372,
    0.06473202258348465,
    0.064129538834095,
    0.06424251943826675,
    0.06378641724586487,
    0.06349215656518936,
    0.06465786695480347,
    0.0642152652144432,
    0.06490971893072128,
    0.06409464031457901,
    0.06317674368619919,
    0.06429082155227661,
    0.06409996747970581,
    0.06375427544116974,
    0.06504716724157333
  ],
  "diff_sigma_per_k": [
    9.86399406599503e-09,
    1.0402855465940775e-08,
    1.1146132017358923e-08,
    1.0787412740853597e-08,
    9.13496922549939e-09,
    1.0593983468254464e-08,
    9.283839474960587e-09,
    1.0930775395934234e-08,
    1.0551794993318708e-08,
    1.0529835670070042e-08,
    1.0567510422276882e-08,
    9.469133921413686e-09,
    9.640680254108247e-09,
    1.1161616519927975e-08,
    9.820730895171437e-09,
    9.903959430346276e-09
  ],
  "variance_collapse": false,
  "k_report_idx": {
    "k1": 0,
    "k8": 7,
    "k15": 14
  },
  "spec": {
    "kind": "cell",
    "tag": "mag0.9_mid",
    "cross": "mid",
    "magnitude": 0.9,
    "baseline_key": [
      0.5,
      39,
      256,
      16
    ],
    "params": {
      "period_P": 256,
      "manifold_dim_D": 16,
      "continuity_center": 39,
      "fidelity_F": 0.97,
      "magnitude_M": 0.9,
      "locality_L": 0.5
    },
    "L_d_main": 4,
    "seed": 4,
    "perk": true,
    "label": "cell_mag0.9_mid_s4",
    "out_file": "/mnt/c/Users/Jason/Desktop/Eridos/Weft 2/v2/results/phase1/pilot_Ld4/_runs/cell_mag0.9_mid_s4.json"
  }
}