{
  "label": "cell_mag0.7_low_s1",
  "L_d_main": 4,
  "seed": 1,
  "wall_clock_s": 327.09,
  "steps_trained": 10000,
  "final_interval_loss": -2824.863552,
  "nan_inf": false,
  "still_descending": false,
  "stability_flag": "stable",
  "diff_mu": 1.5821396112442017,
  "diff_sigma": 3.678552786823275e-07,
  "diff_mu_aggregate": 1.5821396112442017,
  "diff_sigma_aggregate": 3.678552786823275e-07,
  "diff_mu_per_k": [
    1.5842832326889038,
    1.581663966178894,
    1.5869168043136597,
    1.5771781206130981,
    1.578717589378357,
    1.5882126092910767,
    1.5772857666015625,
    1.5786064863204956,
    1.582218885421753,
    1.5749672651290894,
    1.5763176679611206,
    1.5780404806137085,
    1.593342900276184,
    1.583736538887024,
    1.5894999504089355,
    1.5832455158233643
  ],
  "diff_sigma_per_k": [
    3.4546275173852337e-07,
    3.1416482215718133e-07,
    3.2592100751571706e-07,
    3.355181092956627e-07,
    3.1866414929027087e-07,
    3.5549902577258763e-07,
    3.581508281058632e-07,
    3.329779474370298e-07,
    3.813549369624525e-07,
    3.361367362231249e-07,
    3.532261132477288e-07,
    3.3210824312845943e-07,
    3.610748251503537e-07,
    4.203543824132794e-07,
    4.4089662765145476e-07,
    5.741738391407125e-07
  ],
  "variance_collapse": false,
  "k_report_idx": {
    "k1": 0,
    "k8": 7,
    "k15": 14
  },
  "spec": {
    "kind": "cell",
    "tag": "mag0.7_low",
    "cross": "low",
    "magnitude": 0.7,
    "baseline_key": [
      0.3,
      3,
      32,
      4
    ],
    "params": {
      "period_P": 32,
      "manifold_dim_D": 4,
      "continuity_center": 3,
      "fidelity_F": 0.97,
      "magnitude_M": 0.7,
      "locality_L": 0.3
    },
    "L_d_main": 4,
    "seed": 1,
    "perk": true,
    "label": "cell_mag0.7_low_s1",
    "out_file": "/mnt/c/Users/Jason/Desktop/Eridos/Weft 2/v2/results/phase1/pilot_Ld4/_runs/cell_mag0.7_low_s1.json"
  }
}