{
  "label": "cell_mag0.7_mid_s7",
  "L_d_main": 4,
  "seed": 7,
  "wall_clock_s": 343.92,
  "steps_trained": 10000,
  "final_interval_loss": -2819.955312,
  "nan_inf": false,
  "still_descending": false,
  "stability_flag": "stable",
  "diff_mu": 0.10918442159891129,
  "diff_sigma": 1.1125487020535729e-07,
  "diff_mu_aggregate": 0.10918442159891129,
  "diff_sigma_aggregate": 1.1125487020535729e-07,
  "diff_mu_per_k": [
    0.11887364834547043,
    0.11615531891584396,
    0.09666680544614792,
    0.11257751286029816,
    0.09425752609968185,
    0.11410151422023773,
    0.11561022698879242,
    0.11558681726455688,
    0.11576500535011292,
    0.09422112256288528,
    0.11435528099536896,
    0.1143185943365097,
    0.09404873847961426,
    0.09629154950380325,
    0.11761181056499481,
    0.11650937050580978
  ],
  "diff_sigma_per_k": [
    1.4556124483533495e-07,
    1.511219522853935e-07,
    3.695038230944192e-08,
    1.7660813966813294e-07,
    3.511522805865752e-08,
    1.1011248801651163e-07,
    1.2281105910005863e-07,
    1.7458074808018864e-07,
    1.834320642046805e-07,
    3.134462289722251e-08,
    1.265765092739457e-07,
    1.2467771171031927e-07,
    2.9108409904665677e-08,
    3.6608636122537064e-08,
    1.3737809467784245e-07,
    1.5809051490123238e-07
  ],
  "variance_collapse": false,
  "k_report_idx": {
    "k1": 0,
    "k8": 7,
    "k15": 14
  },
  "spec": {
    "kind": "cell",
    "tag": "mag0.7_mid",
    "cross": "mid",
    "magnitude": 0.7,
    "baseline_key": [
      0.5,
      39,
      256,
      16
    ],
    "params": {
      "period_P": 256,
      "manifold_dim_D": 16,
      "continuity_center": 39,
      "fidelity_F": 0.97,
      "magnitude_M": 0.7,
      "locality_L": 0.5
    },
    "L_d_main": 4,
    "seed": 7,
    "perk": true,
    "label": "cell_mag0.7_mid_s7",
    "out_file": "/mnt/c/Users/Jason/Desktop/Eridos/Weft 2/v2/results/phase1/pilot_Ld4/_runs/cell_mag0.7_mid_s7.json"
  }
}