{
  "label": "cell_mag0.7_high_s5",
  "L_d_main": 4,
  "seed": 5,
  "wall_clock_s": 324.22,
  "steps_trained": 10000,
  "final_interval_loss": -2988.240729,
  "nan_inf": false,
  "still_descending": false,
  "stability_flag": "stable",
  "diff_mu": 0.0003065064665861428,
  "diff_sigma": 5.807769820620479e-10,
  "diff_mu_aggregate": 0.0003065064665861428,
  "diff_sigma_aggregate": 5.807769820620479e-10,
  "diff_mu_per_k": [
    0.0003075893619097769,
    0.0003083444316871464,
    0.0003068466321565211,
    0.00030548468930646777,
    0.0003072339459322393,
    0.00030751549638807774,
    0.0003074400592595339,
    0.00030675664311274886,
    0.0003045384946744889,
    0.00030555474222637713,
    0.0003056017740163952,
    0.0003065060591325164,
    0.00030555471312254667,
    0.0003052204556297511,
    0.00030840322142466903,
    0.0003055128618143499
  ],
  "diff_sigma_per_k": [
    5.326629692881113e-10,
    6.010962838587375e-10,
    5.823693194351165e-10,
    5.441266881511808e-10,
    5.67572655540971e-10,
    6.636490801348316e-10,
    5.86452275630478e-10,
    5.961340865390241e-10,
    4.931787200845861e-10,
    6.317372180930647e-10,
    6.197707347332937e-10,
    6.1515387228539e-10,
    5.514761980407457e-10,
    5.09535524884086e-10,
    6.153056397728562e-10,
    5.822111681652586e-10
  ],
  "variance_collapse": true,
  "k_report_idx": {
    "k1": 0,
    "k8": 7,
    "k15": 14
  },
  "spec": {
    "kind": "cell",
    "tag": "mag0.7_high",
    "cross": "high",
    "magnitude": 0.7,
    "baseline_key": [
      0.9,
      472,
      2048,
      128
    ],
    "params": {
      "period_P": 2048,
      "manifold_dim_D": 128,
      "continuity_center": 472,
      "fidelity_F": 0.97,
      "magnitude_M": 0.7,
      "locality_L": 0.9
    },
    "L_d_main": 4,
    "seed": 5,
    "perk": true,
    "label": "cell_mag0.7_high_s5",
    "out_file": "/mnt/c/Users/Jason/Desktop/Eridos/Weft 2/v2/results/phase1/pilot_Ld4/_runs/cell_mag0.7_high_s5.json"
  }
}