{
  "label": "cell_mag0.3_mid_s6",
  "L_d_main": 4,
  "seed": 6,
  "wall_clock_s": 327.66,
  "steps_trained": 10000,
  "final_interval_loss": -2743.539828,
  "nan_inf": false,
  "still_descending": false,
  "stability_flag": "stable",
  "diff_mu": 0.08644786477088928,
  "diff_sigma": 2.2497822271816403e-08,
  "diff_mu_aggregate": 0.08644786477088928,
  "diff_sigma_aggregate": 2.2497822271816403e-08,
  "diff_mu_per_k": [
    0.08759644627571106,
    0.08637554198503494,
    0.08606137335300446,
    0.08790848404169083,
    0.07963310182094574,
    0.08752741664648056,
    0.08876650035381317,
    0.08671218901872635,
    0.08709406852722168,
    0.08705541491508484,
    0.08257923275232315,
    0.08643149584531784,
    0.08783680200576782,
    0.08549398183822632,
    0.08735233545303345,
    0.08874132484197617
  ],
  "diff_sigma_per_k": [
    2.3295257278732606e-08,
    2.276718547022938e-08,
    2.1544424910757698e-08,
    2.4424082312179962e-08,
    1.2617838329731512e-08,
    2.069952742544956e-08,
    2.242844132638311e-08,
    2.6572283928771867e-08,
    2.4131390219395144e-08,
    2.495650619493972e-08,
    1.9552924612753486e-08,
    2.1117401161063754e-08,
    2.2232136132060987e-08,
    2.5207025800000338e-08,
    2.4321856528786157e-08,
    2.4096854289723524e-08
  ],
  "variance_collapse": false,
  "k_report_idx": {
    "k1": 0,
    "k8": 7,
    "k15": 14
  },
  "spec": {
    "kind": "cell",
    "tag": "mag0.3_mid",
    "cross": "mid",
    "magnitude": 0.3,
    "baseline_key": [
      0.5,
      39,
      256,
      16
    ],
    "params": {
      "period_P": 256,
      "manifold_dim_D": 16,
      "continuity_center": 39,
      "fidelity_F": 0.97,
      "magnitude_M": 0.3,
      "locality_L": 0.5
    },
    "L_d_main": 4,
    "seed": 6,
    "perk": true,
    "label": "cell_mag0.3_mid_s6",
    "out_file": "/mnt/c/Users/Jason/Desktop/Eridos/Weft 2/v2/results/phase1/pilot_Ld4/_runs/cell_mag0.3_mid_s6.json"
  }
}