{
  "label": "cell_contLow_mid_s8",
  "L_d_main": 4,
  "seed": 8,
  "wall_clock_s": 325.3,
  "steps_trained": 10000,
  "final_interval_loss": -2967.97878,
  "nan_inf": false,
  "still_descending": false,
  "stability_flag": "stable",
  "diff_mu": 0.10305339097976685,
  "diff_sigma": 4.124784425130201e-08,
  "diff_mu_aggregate": 0.10305339097976685,
  "diff_sigma_aggregate": 4.124784425130201e-08,
  "diff_mu_per_k": [
    0.10282661765813828,
    0.10300200432538986,
    0.10377616435289383,
    0.10308516025543213,
    0.1029614806175232,
    0.10266522318124771,
    0.10305726528167725,
    0.10294026881456375,
    0.10340229421854019,
    0.10260274261236191,
    0.10352742671966553,
    0.10307056456804276,
    0.10328352451324463,
    0.10362419486045837,
    0.1026885136961937,
    0.10234089195728302
  ],
  "diff_sigma_per_k": [
    3.6114069956738604e-08,
    3.094470812925465e-08,
    3.317283869819221e-08,
    4.240229145580088e-08,
    5.231832744811982e-08,
    4.677811915598795e-08,
    4.6131184205933096e-08,
    3.860817798795324e-08,
    2.8633497350938342e-08,
    3.016835492530845e-08,
    2.579716884554273e-08,
    2.705842661043789e-08,
    3.2063848465213596e-08,
    4.3655337123027493e-08,
    6.482473224878049e-08,
    8.129438100468178e-08
  ],
  "variance_collapse": false,
  "k_report_idx": {
    "k1": 0,
    "k8": 7,
    "k15": 14
  },
  "spec": {
    "kind": "cell",
    "tag": "contLow_mid",
    "cross": "mid",
    "magnitude": 0.3,
    "baseline_key": [
      0.5,
      19,
      256,
      16
    ],
    "params": {
      "period_P": 256,
      "manifold_dim_D": 16,
      "continuity_center": 19,
      "fidelity_F": 0.97,
      "magnitude_M": 0.3,
      "locality_L": 0.5
    },
    "L_d_main": 4,
    "seed": 8,
    "perk": true,
    "label": "cell_contLow_mid_s8",
    "out_file": "/mnt/c/Users/Jason/Desktop/Eridos/Weft 2/v2/results/phase1/pilot_Ld4/_runs/cell_contLow_mid_s8.json"
  }
}