{
  "label": "cell_mag0.1_high_s8",
  "L_d_main": 4,
  "seed": 8,
  "wall_clock_s": 325.32,
  "steps_trained": 10000,
  "final_interval_loss": -2991.294153,
  "nan_inf": false,
  "still_descending": false,
  "stability_flag": "stable",
  "diff_mu": 0.0001400090113747865,
  "diff_sigma": 1.5474928005687616e-09,
  "diff_mu_aggregate": 0.0001400090113747865,
  "diff_sigma_aggregate": 1.5474928005687616e-09,
  "diff_mu_per_k": [
    0.00014032119361218065,
    0.0001421844499418512,
    0.0001401290501235053,
    0.000140286996611394,
    0.0001413016434526071,
    0.0001399439643137157,
    0.00013956900511402637,
    0.00014080156688578427,
    0.00013961653166916221,
    0.00014105188893154263,
    0.00013944941747467965,
    0.00013983524695504457,
    0.00013744107855018228,
    0.00013929256238043308,
    0.0001393002603435889,
    0.00013961928198114038
  ],
  "diff_sigma_per_k": [
    1.5796270957935121e-09,
    1.5914969342389895e-09,
    1.5682148912787852e-09,
    1.4915084722844085e-09,
    1.51910817258738e-09,
    1.7077730340986363e-09,
    1.6788409551438122e-09,
    1.3501509910085474e-09,
    1.4228291878026766e-09,
    1.4672996151432471e-09,
    1.8013709413011725e-09,
    1.5493508698227743e-09,
    1.466389121240752e-09,
    1.450719544493495e-09,
    1.4627228317465324e-09,
    1.6524835944053962e-09
  ],
  "variance_collapse": true,
  "k_report_idx": {
    "k1": 0,
    "k8": 7,
    "k15": 14
  },
  "spec": {
    "kind": "cell",
    "tag": "mag0.1_high",
    "cross": "high",
    "magnitude": 0.1,
    "baseline_key": [
      0.9,
      472,
      2048,
      128
    ],
    "params": {
      "period_P": 2048,
      "manifold_dim_D": 128,
      "continuity_center": 472,
      "fidelity_F": 0.97,
      "magnitude_M": 0.1,
      "locality_L": 0.9
    },
    "L_d_main": 4,
    "seed": 8,
    "perk": true,
    "label": "cell_mag0.1_high_s8",
    "out_file": "/mnt/c/Users/Jason/Desktop/Eridos/Weft 2/v2/results/phase1/pilot_Ld4/_runs/cell_mag0.1_high_s8.json"
  }
}