{
  "label": "cell_D4_mid_s4",
  "L_d_main": 4,
  "seed": 4,
  "wall_clock_s": 325.75,
  "steps_trained": 10000,
  "final_interval_loss": -2764.443161,
  "nan_inf": false,
  "still_descending": true,
  "stability_flag": "stable",
  "diff_mu": 0.0425192192196846,
  "diff_sigma": 1.1518380915731541e-08,
  "diff_mu_aggregate": 0.0425192192196846,
  "diff_sigma_aggregate": 1.1518380915731541e-08,
  "diff_mu_per_k": [
    0.04246927425265312,
    0.0426739864051342,
    0.04211447760462761,
    0.04236489534378052,
    0.04241132736206055,
    0.04281012341380119,
    0.04259685426950455,
    0.04258134588599205,
    0.04249729961156845,
    0.04201766103506088,
    0.04238034039735794,
    0.04295306280255318,
    0.04247783496975899,
    0.04287291690707207,
    0.04240601882338524,
    0.042680054903030396
  ],
  "diff_sigma_per_k": [
    9.833018843607988e-09,
    1.1198041605098297e-08,
    1.1504893926428394e-08,
    1.2547082484104521e-08,
    1.3007249499707996e-08,
    1.0297982910856263e-08,
    1.1357188078875424e-08,
    1.1691478007946898e-08,
    1.2143580363499495e-08,
    1.1727916415793516e-08,
    1.3638625340206545e-08,
    1.0677050354956918e-08,
    1.1171153779798715e-08,
    1.0037654263328477e-08,
    1.1498640262175286e-08,
    1.1962543844390439e-08
  ],
  "variance_collapse": false,
  "k_report_idx": {
    "k1": 0,
    "k8": 7,
    "k15": 14
  },
  "spec": {
    "kind": "cell",
    "tag": "D4_mid",
    "cross": "mid",
    "magnitude": 0.3,
    "baseline_key": [
      0.5,
      39,
      256,
      4
    ],
    "params": {
      "period_P": 256,
      "manifold_dim_D": 4,
      "continuity_center": 39,
      "fidelity_F": 0.97,
      "magnitude_M": 0.3,
      "locality_L": 0.5
    },
    "L_d_main": 4,
    "seed": 4,
    "perk": true,
    "label": "cell_D4_mid_s4",
    "out_file": "/mnt/c/Users/Jason/Desktop/Eridos/Weft 2/v2/results/phase1/pilot_Ld4/_runs/cell_D4_mid_s4.json"
  }
}