{
  "label": "cell_mag0.1_low_s8",
  "L_d_main": 4,
  "seed": 8,
  "wall_clock_s": 324.44,
  "steps_trained": 10000,
  "final_interval_loss": -2861.896856,
  "nan_inf": false,
  "still_descending": false,
  "stability_flag": "stable",
  "diff_mu": 0.07402694970369339,
  "diff_sigma": 7.752450414955092e-08,
  "diff_mu_aggregate": 0.07402694970369339,
  "diff_sigma_aggregate": 7.752450414955092e-08,
  "diff_mu_per_k": [
    0.07438874989748001,
    0.07210294902324677,
    0.07413099706172943,
    0.07222256809473038,
    0.0733669102191925,
    0.07432366907596588,
    0.07294576615095139,
    0.07378126680850983,
    0.07400508224964142,
    0.07357264310121536,
    0.07512825727462769,
    0.07366615533828735,
    0.0738477110862732,
    0.07466257363557816,
    0.07666181027889252,
    0.07562392950057983
  ],
  "diff_sigma_per_k": [
    6.965162668848279e-08,
    5.091342814012023e-08,
    6.353636194944556e-08,
    5.7841795353397174e-08,
    6.337637614706182e-08,
    7.458849893282604e-08,
    7.190494955011673e-08,
    8.040057508651444e-08,
    7.375523125574546e-08,
    7.465082774160692e-08,
    7.356598530350311e-08,
    7.871877727438914e-08,
    7.923789979713547e-08,
    8.589267963543534e-08,
    1.2801818627394823e-07,
    1.1433885305223157e-07
  ],
  "variance_collapse": false,
  "k_report_idx": {
    "k1": 0,
    "k8": 7,
    "k15": 14
  },
  "spec": {
    "kind": "cell",
    "tag": "mag0.1_low",
    "cross": "low",
    "magnitude": 0.1,
    "baseline_key": [
      0.3,
      3,
      32,
      4
    ],
    "params": {
      "period_P": 32,
      "manifold_dim_D": 4,
      "continuity_center": 3,
      "fidelity_F": 0.97,
      "magnitude_M": 0.1,
      "locality_L": 0.3
    },
    "L_d_main": 4,
    "seed": 8,
    "perk": true,
    "label": "cell_mag0.1_low_s8",
    "out_file": "/mnt/c/Users/Jason/Desktop/Eridos/Weft 2/v2/results/phase1/pilot_Ld4/_runs/cell_mag0.1_low_s8.json"
  }
}