{
  "label": "cell_mag0.9_low_s7",
  "L_d_main": 4,
  "seed": 7,
  "wall_clock_s": 326.78,
  "steps_trained": 10000,
  "final_interval_loss": -2841.865175,
  "nan_inf": false,
  "still_descending": false,
  "stability_flag": "stable",
  "diff_mu": 0.5406303405761719,
  "diff_sigma": 2.266235412662354e-07,
  "diff_mu_aggregate": 0.5406303405761719,
  "diff_sigma_aggregate": 2.266235412662354e-07,
  "diff_mu_per_k": [
    0.5405927300453186,
    0.5388461351394653,
    0.5414852499961853,
    0.5377604961395264,
    0.541093111038208,
    0.5404654145240784,
    0.5391553640365601,
    0.5416486263275146,
    0.5427110195159912,
    0.5403702259063721,
    0.5402042865753174,
    0.5384125709533691,
    0.5414459109306335,
    0.5403329133987427,
    0.5442113876342773,
    0.541349470615387
  ],
  "diff_sigma_per_k": [
    2.0214253027006635e-07,
    1.7527239037917752e-07,
    2.0759394203651027e-07,
    1.9747452029150736e-07,
    2.3726911990706867e-07,
    2.1797282556690334e-07,
    2.1905692904056195e-07,
    2.3912843971629627e-07,
    2.0676247913797852e-07,
    2.0026375580073363e-07,
    1.9490364877583488e-07,
    2.0476331030749861e-07,
    2.4623889771646645e-07,
    2.694897887067782e-07,
    2.908952296820644e-07,
    3.1674889555688424e-07
  ],
  "variance_collapse": false,
  "k_report_idx": {
    "k1": 0,
    "k8": 7,
    "k15": 14
  },
  "spec": {
    "kind": "cell",
    "tag": "mag0.9_low",
    "cross": "low",
    "magnitude": 0.9,
    "baseline_key": [
      0.3,
      3,
      32,
      4
    ],
    "params": {
      "period_P": 32,
      "manifold_dim_D": 4,
      "continuity_center": 3,
      "fidelity_F": 0.97,
      "magnitude_M": 0.9,
      "locality_L": 0.3
    },
    "L_d_main": 4,
    "seed": 7,
    "perk": true,
    "label": "cell_mag0.9_low_s7",
    "out_file": "/mnt/c/Users/Jason/Desktop/Eridos/Weft 2/v2/results/phase1/pilot_Ld4/_runs/cell_mag0.9_low_s7.json"
  }
}