{
  "label": "cell_mag0.3_low_s0",
  "L_d_main": 4,
  "seed": 0,
  "wall_clock_s": 325.56,
  "steps_trained": 10000,
  "final_interval_loss": -2891.357972,
  "nan_inf": false,
  "still_descending": false,
  "stability_flag": "stable",
  "diff_mu": 1.3427320718765259,
  "diff_sigma": 4.37131461694662e-07,
  "diff_mu_aggregate": 1.3427320718765259,
  "diff_sigma_aggregate": 4.37131461694662e-07,
  "diff_mu_per_k": [
    1.3375897407531738,
    1.3386011123657227,
    1.3399816751480103,
    1.3376696109771729,
    1.337746262550354,
    1.3434723615646362,
    1.3438851833343506,
    1.3411937952041626,
    1.337093710899353,
    1.3372684717178345,
    1.3369604349136353,
    1.343047857284546,
    1.3426610231399536,
    1.3473714590072632,
    1.3546401262283325,
    1.3645298480987549
  ],
  "diff_sigma_per_k": [
    3.855465138258296e-07,
    3.6157450722384965e-07,
    3.846737968160596e-07,
    3.7048346257506637e-07,
    4.0640628640176146e-07,
    4.168188922903937e-07,
    4.3767315105469606e-07,
    4.145283298839786e-07,
    4.050571931202285e-07,
    3.7481737535927095e-07,
    3.8692073189849907e-07,
    4.1778525883273687e-07,
    4.689453589890036e-07,
    4.802172384188452e-07,
    5.935594344919082e-07,
    6.890960548844305e-07
  ],
  "variance_collapse": false,
  "k_report_idx": {
    "k1": 0,
    "k8": 7,
    "k15": 14
  },
  "spec": {
    "kind": "cell",
    "tag": "mag0.3_low",
    "cross": "low",
    "magnitude": 0.3,
    "baseline_key": [
      0.3,
      3,
      32,
      4
    ],
    "params": {
      "period_P": 32,
      "manifold_dim_D": 4,
      "continuity_center": 3,
      "fidelity_F": 0.97,
      "magnitude_M": 0.3,
      "locality_L": 0.3
    },
    "L_d_main": 4,
    "seed": 0,
    "perk": true,
    "label": "cell_mag0.3_low_s0",
    "out_file": "/mnt/c/Users/Jason/Desktop/Eridos/Weft 2/v2/results/phase1/pilot_Ld4/_runs/cell_mag0.3_low_s0.json"
  }
}