{
  "label": "cell_mag0.3_high_s1",
  "L_d_main": 4,
  "seed": 1,
  "wall_clock_s": 326.12,
  "steps_trained": 10000,
  "final_interval_loss": -2916.753732,
  "nan_inf": false,
  "still_descending": false,
  "stability_flag": "stable",
  "diff_mu": 0.0009874961106106639,
  "diff_sigma": 5.758089838270308e-11,
  "diff_mu_aggregate": 0.0009874961106106639,
  "diff_sigma_aggregate": 5.758089838270308e-11,
  "diff_mu_per_k": [
    0.0009796021040529013,
    0.0009921262972056866,
    0.0009882092708721757,
    0.0009877708507701755,
    0.0009845464956015348,
    0.0009844960877671838,
    0.0009845226304605603,
    0.0009872916853055358,
    0.000990646774880588,
    0.000990899046882987,
    0.0009854455711320043,
    0.0009858745615929365,
    0.0009916529525071383,
    0.0009885575855150819,
    0.0009876064723357558,
    0.0009906897321343422
  ],
  "diff_sigma_per_k": [
    5.0158138059641644e-11,
    6.694290261011204e-11,
    5.410110553993874e-11,
    5.3756860074472e-11,
    5.0301617038339685e-11,
    6.024099274970496e-11,
    6.040937888807107e-11,
    5.217405674162734e-11,
    5.34121566420076e-11,
    6.601175162046502e-11,
    6.372823102562819e-11,
    5.85546541809201e-11,
    5.413190728997819e-11,
    5.508236575191283e-11,
    6.264149615686776e-11,
    5.964675975356215e-11
  ],
  "variance_collapse": true,
  "k_report_idx": {
    "k1": 0,
    "k8": 7,
    "k15": 14
  },
  "spec": {
    "kind": "cell",
    "tag": "mag0.3_high",
    "cross": "high",
    "magnitude": 0.3,
    "baseline_key": [
      0.9,
      472,
      2048,
      128
    ],
    "params": {
      "period_P": 2048,
      "manifold_dim_D": 128,
      "continuity_center": 472,
      "fidelity_F": 0.97,
      "magnitude_M": 0.3,
      "locality_L": 0.9
    },
    "L_d_main": 4,
    "seed": 1,
    "perk": true,
    "label": "cell_mag0.3_high_s1",
    "out_file": "/mnt/c/Users/Jason/Desktop/Eridos/Weft 2/v2/results/phase1/pilot_Ld4/_runs/cell_mag0.3_high_s1.json"
  }
}