{
  "label": "cell_mag0.3_high_s9",
  "L_d_main": 4,
  "seed": 9,
  "wall_clock_s": 323.95,
  "steps_trained": 10000,
  "final_interval_loss": -2986.26414,
  "nan_inf": false,
  "still_descending": false,
  "stability_flag": "stable",
  "diff_mu": 4.0615796024212614e-05,
  "diff_sigma": 4.613159160227198e-11,
  "diff_mu_aggregate": 4.0615796024212614e-05,
  "diff_sigma_aggregate": 4.613159160227198e-11,
  "diff_mu_per_k": [
    4.06552389904391e-05,
    4.0918701415648684e-05,
    4.0423779864795506e-05,
    4.041811916977167e-05,
    4.068743874086067e-05,
    4.04577876906842e-05,
    4.083132080268115e-05,
    4.0908267692429945e-05,
    4.0381139115197584e-05,
    4.0676201024325565e-05,
    4.042671207571402e-05,
    4.052656368003227e-05,
    4.0385941247222945e-05,
    4.0714901842875406e-05,
    4.0887742216000333e-05,
    4.055275712744333e-05
  ],
  "diff_sigma_per_k": [
    4.760170729811719e-11,
    4.742228831844386e-11,
    4.556871546768093e-11,
    4.419147686673952e-11,
    4.6931895869573026e-11,
    5.266481348242813e-11,
    4.792577792955832e-11,
    4.3252894321721413e-11,
    4.357695454482169e-11,
    4.7777622136369047e-11,
    4.943407141966283e-11,
    5.021983176534128e-11,
    3.6430108929508265e-11,
    4.1633991393341674e-11,
    4.5029376061211934e-11,
    4.844393289293869e-11
  ],
  "variance_collapse": true,
  "k_report_idx": {
    "k1": 0,
    "k8": 7,
    "k15": 14
  },
  "spec": {
    "kind": "cell",
    "tag": "mag0.3_high",
    "cross": "high",
    "magnitude": 0.3,
    "baseline_key": [
      0.9,
      472,
      2048,
      128
    ],
    "params": {
      "period_P": 2048,
      "manifold_dim_D": 128,
      "continuity_center": 472,
      "fidelity_F": 0.97,
      "magnitude_M": 0.3,
      "locality_L": 0.9
    },
    "L_d_main": 4,
    "seed": 9,
    "perk": true,
    "label": "cell_mag0.3_high_s9",
    "out_file": "/mnt/c/Users/Jason/Desktop/Eridos/Weft 2/v2/results/phase1/pilot_Ld4/_runs/cell_mag0.3_high_s9.json"
  }
}