{
  "label": "cell_mag0.3_low_s3",
  "L_d_main": 4,
  "seed": 3,
  "wall_clock_s": 324.41,
  "steps_trained": 10000,
  "final_interval_loss": -2794.165238,
  "nan_inf": false,
  "still_descending": false,
  "stability_flag": "stable",
  "diff_mu": 0.5009218454360962,
  "diff_sigma": 1.9047818113904214e-06,
  "diff_mu_aggregate": 0.5009218454360962,
  "diff_sigma_aggregate": 1.9047818113904214e-06,
  "diff_mu_per_k": [
    0.49893349409103394,
    0.49587148427963257,
    0.49642378091812134,
    0.5030004978179932,
    0.4954725205898285,
    0.49911218881607056,
    0.49998658895492554,
    0.5029800534248352,
    0.502315878868103,
    0.5004464387893677,
    0.5010440945625305,
    0.5003876090049744,
    0.5016743540763855,
    0.5064350962638855,
    0.5036545395851135,
    0.5070107579231262
  ],
  "diff_sigma_per_k": [
    1.774130964804499e-06,
    1.631893724152178e-06,
    1.6766481394370203e-06,
    1.9002891349373385e-06,
    1.769047003108426e-06,
    1.838307639445702e-06,
    1.8605903733259765e-06,
    1.939605454026605e-06,
    1.9255005554441595e-06,
    1.8524403913033893e-06,
    1.7604412505534128e-06,
    1.916427436299273e-06,
    1.952119419001974e-06,
    2.1192709027673118e-06,
    2.214744654338574e-06,
    2.345052280361415e-06
  ],
  "variance_collapse": false,
  "k_report_idx": {
    "k1": 0,
    "k8": 7,
    "k15": 14
  },
  "spec": {
    "kind": "cell",
    "tag": "mag0.3_low",
    "cross": "low",
    "magnitude": 0.3,
    "baseline_key": [
      0.3,
      3,
      32,
      4
    ],
    "params": {
      "period_P": 32,
      "manifold_dim_D": 4,
      "continuity_center": 3,
      "fidelity_F": 0.97,
      "magnitude_M": 0.3,
      "locality_L": 0.3
    },
    "L_d_main": 4,
    "seed": 3,
    "perk": true,
    "label": "cell_mag0.3_low_s3",
    "out_file": "/mnt/c/Users/Jason/Desktop/Eridos/Weft 2/v2/results/phase1/pilot_Ld4/_runs/cell_mag0.3_low_s3.json"
  }
}