{
  "label": "cell_mag0.9_mid_s7",
  "L_d_main": 4,
  "seed": 7,
  "wall_clock_s": 349.01,
  "steps_trained": 10000,
  "final_interval_loss": -2836.738319,
  "nan_inf": false,
  "still_descending": false,
  "stability_flag": "stable",
  "diff_mu": 0.009719664230942726,
  "diff_sigma": 1.5347985993230395e-08,
  "diff_mu_aggregate": 0.009719664230942726,
  "diff_sigma_aggregate": 1.5347985993230395e-08,
  "diff_mu_per_k": [
    0.00882229395210743,
    0.008622297085821629,
    0.01145161222666502,
    0.009005877189338207,
    0.011498100124299526,
    0.009343481622636318,
    0.008828415535390377,
    0.008721319027245045,
    0.008733933791518211,
    0.011549729853868484,
    0.009086417965590954,
    0.00918559916317463,
    0.011438253335654736,
    0.011564088985323906,
    0.008897711522877216,
    0.008765495382249355
  ],
  "diff_sigma_per_k": [
    1.804439442310013e-08,
    2.138912691407313e-08,
    1.0843527853410251e-08,
    1.716099795601167e-08,
    1.1627681040238258e-08,
    1.6176208816887083e-08,
    1.4306944962072521e-08,
    2.108095387143294e-08,
    1.853149278474575e-08,
    9.316037719031556e-09,
    1.6800289159846216e-08,
    1.3372109641807128e-08,
    9.554652180554513e-09,
    1.397089643973004e-08,
    1.6918033196589022e-08,
    1.6474428932156115e-08
  ],
  "variance_collapse": false,
  "k_report_idx": {
    "k1": 0,
    "k8": 7,
    "k15": 14
  },
  "spec": {
    "kind": "cell",
    "tag": "mag0.9_mid",
    "cross": "mid",
    "magnitude": 0.9,
    "baseline_key": [
      0.5,
      39,
      256,
      16
    ],
    "params": {
      "period_P": 256,
      "manifold_dim_D": 16,
      "continuity_center": 39,
      "fidelity_F": 0.97,
      "magnitude_M": 0.9,
      "locality_L": 0.5
    },
    "L_d_main": 4,
    "seed": 7,
    "perk": true,
    "label": "cell_mag0.9_mid_s7",
    "out_file": "/mnt/c/Users/Jason/Desktop/Eridos/Weft 2/v2/results/phase1/pilot_Ld4/_runs/cell_mag0.9_mid_s7.json"
  }
}