{
  "label": "cell_D4_mid_s6",
  "L_d_main": 4,
  "seed": 6,
  "wall_clock_s": 326.11,
  "steps_trained": 10000,
  "final_interval_loss": -2660.823792,
  "nan_inf": false,
  "still_descending": false,
  "stability_flag": "stable",
  "diff_mu": 0.029530372470617294,
  "diff_sigma": 3.416916172227502e-08,
  "diff_mu_aggregate": 0.029530372470617294,
  "diff_sigma_aggregate": 3.416916172227502e-08,
  "diff_mu_per_k": [
    0.029415961354970932,
    0.02950441651046276,
    0.029694490134716034,
    0.02961006574332714,
    0.029660573229193687,
    0.02956720069050789,
    0.02934238500893116,
    0.029347913339734077,
    0.030057916417717934,
    0.02939615771174431,
    0.029693905264139175,
    0.029269181191921234,
    0.029258830472826958,
    0.02941744215786457,
    0.029685359448194504,
    0.029564138501882553
  ],
  "diff_sigma_per_k": [
    2.8830244858113474e-08,
    3.6447513451776103e-08,
    3.752931121425718e-08,
    3.9490313241685726e-08,
    3.866232134441816e-08,
    3.098513445820572e-08,
    2.6546311815422996e-08,
    3.093478539994976e-08,
    3.635635437149176e-08,
    3.770627188259823e-08,
    3.788284885786197e-08,
    2.856368830350675e-08,
    3.186619679240721e-08,
    3.018900329720964e-08,
    3.651156177397752e-08,
    3.820477800786648e-08
  ],
  "variance_collapse": false,
  "k_report_idx": {
    "k1": 0,
    "k8": 7,
    "k15": 14
  },
  "spec": {
    "kind": "cell",
    "tag": "D4_mid",
    "cross": "mid",
    "magnitude": 0.3,
    "baseline_key": [
      0.5,
      39,
      256,
      4
    ],
    "params": {
      "period_P": 256,
      "manifold_dim_D": 4,
      "continuity_center": 39,
      "fidelity_F": 0.97,
      "magnitude_M": 0.3,
      "locality_L": 0.5
    },
    "L_d_main": 4,
    "seed": 6,
    "perk": true,
    "label": "cell_D4_mid_s6",
    "out_file": "/mnt/c/Users/Jason/Desktop/Eridos/Weft 2/v2/results/phase1/pilot_Ld4/_runs/cell_D4_mid_s6.json"
  }
}