{
  "label": "cell_mag0.1_mid_s5",
  "L_d_main": 4,
  "seed": 5,
  "wall_clock_s": 325.53,
  "steps_trained": 10000,
  "final_interval_loss": -2832.535871,
  "nan_inf": false,
  "still_descending": false,
  "stability_flag": "stable",
  "diff_mu": 0.10513769090175629,
  "diff_sigma": 2.721176173281492e-08,
  "diff_mu_aggregate": 0.10513769090175629,
  "diff_sigma_aggregate": 2.721176173281492e-08,
  "diff_mu_per_k": [
    0.10443286597728729,
    0.10520054399967194,
    0.10420619696378708,
    0.1061634048819542,
    0.10642671585083008,
    0.10357438027858734,
    0.10520269721746445,
    0.10644786804914474,
    0.10335567593574524,
    0.10501008480787277,
    0.10609281063079834,
    0.1058073341846466,
    0.10422054678201675,
    0.1042708083987236,
    0.10509572178125381,
    0.10669530183076859
  ],
  "diff_sigma_per_k": [
    2.28805028257284e-08,
    2.770911144978072e-08,
    2.4609956739141126e-08,
    3.073441234846541e-08,
    2.501642093477585e-08,
    2.4122670083670528e-08,
    2.643662533330371e-08,
    2.770624440984193e-08,
    2.7206535690993405e-08,
    2.9358934838796813e-08,
    3.234941559071558e-08,
    3.124135616872081e-08,
    2.405512944392285e-08,
    2.4762460526517316e-08,
    2.8437742827236434e-08,
    2.876065785528681e-08
  ],
  "variance_collapse": false,
  "k_report_idx": {
    "k1": 0,
    "k8": 7,
    "k15": 14
  },
  "spec": {
    "kind": "cell",
    "tag": "mag0.1_mid",
    "cross": "mid",
    "magnitude": 0.1,
    "baseline_key": [
      0.5,
      39,
      256,
      16
    ],
    "params": {
      "period_P": 256,
      "manifold_dim_D": 16,
      "continuity_center": 39,
      "fidelity_F": 0.97,
      "magnitude_M": 0.1,
      "locality_L": 0.5
    },
    "L_d_main": 4,
    "seed": 5,
    "perk": true,
    "label": "cell_mag0.1_mid_s5",
    "out_file": "/mnt/c/Users/Jason/Desktop/Eridos/Weft 2/v2/results/phase1/pilot_Ld4/_runs/cell_mag0.1_mid_s5.json"
  }
}