{
  "label": "cell_D4_mid_s9",
  "L_d_main": 4,
  "seed": 9,
  "wall_clock_s": 326.36,
  "steps_trained": 10000,
  "final_interval_loss": -2770.526131,
  "nan_inf": false,
  "still_descending": false,
  "stability_flag": "stable",
  "diff_mu": 0.037316665053367615,
  "diff_sigma": 3.4938432236231165e-07,
  "diff_mu_aggregate": 0.037316665053367615,
  "diff_sigma_aggregate": 3.4938432236231165e-07,
  "diff_mu_per_k": [
    0.037520963698625565,
    0.03726500645279884,
    0.037038907408714294,
    0.037657685577869415,
    0.037214603275060654,
    0.0375492163002491,
    0.03742633014917374,
    0.037454817444086075,
    0.037355583161115646,
    0.03693350404500961,
    0.03720540925860405,
    0.03705817833542824,
    0.03738988935947418,
    0.03691106662154198,
    0.03745640814304352,
    0.03762897476553917
  ],
  "diff_sigma_per_k": [
    3.169657531998382e-07,
    3.5158214473085536e-07,
    4.1039095322048524e-07,
    3.700839386056032e-07,
    3.999154216671741e-07,
    3.163894461977179e-07,
    2.5740257569850655e-07,
    3.600508193812857e-07,
    3.2716906162022497e-07,
    3.913410751010815e-07,
    3.798813281719049e-07,
    3.841679472316173e-07,
    2.529258438244142e-07,
    3.090953555329179e-07,
    3.3618874795138254e-07,
    4.2659854671001085e-07
  ],
  "variance_collapse": false,
  "k_report_idx": {
    "k1": 0,
    "k8": 7,
    "k15": 14
  },
  "spec": {
    "kind": "cell",
    "tag": "D4_mid",
    "cross": "mid",
    "magnitude": 0.3,
    "baseline_key": [
      0.5,
      39,
      256,
      4
    ],
    "params": {
      "period_P": 256,
      "manifold_dim_D": 4,
      "continuity_center": 39,
      "fidelity_F": 0.97,
      "magnitude_M": 0.3,
      "locality_L": 0.5
    },
    "L_d_main": 4,
    "seed": 9,
    "perk": true,
    "label": "cell_D4_mid_s9",
    "out_file": "/mnt/c/Users/Jason/Desktop/Eridos/Weft 2/v2/results/phase1/pilot_Ld4/_runs/cell_D4_mid_s9.json"
  }
}