{
  "label": "cell_mag0.3_high_s4",
  "L_d_main": 4,
  "seed": 4,
  "wall_clock_s": 325.29,
  "steps_trained": 10000,
  "final_interval_loss": -2987.128967,
  "nan_inf": false,
  "still_descending": false,
  "stability_flag": "stable",
  "diff_mu": 0.0003317797963973135,
  "diff_sigma": 1.6903368982301714e-10,
  "diff_mu_aggregate": 0.0003317797963973135,
  "diff_sigma_aggregate": 1.6903368982301714e-10,
  "diff_mu_per_k": [
    0.00033145013730973005,
    0.0003318691160529852,
    0.0003327086160425097,
    0.00032922011450864375,
    0.0003332964552100748,
    0.00033237115712836385,
    0.0003322516568005085,
    0.0003338121750857681,
    0.00033053269726224244,
    0.00032996924710460007,
    0.0003301499818917364,
    0.0003313234483357519,
    0.0003304645651951432,
    0.0003336547233629972,
    0.00033398051164112985,
    0.00033142222673632205
  ],
  "diff_sigma_per_k": [
    1.7171888910816335e-10,
    2.0813638312855431e-10,
    1.7526841089576806e-10,
    1.6959578186259705e-10,
    1.5771119132867994e-10,
    1.842223040782187e-10,
    1.8209866947671571e-10,
    1.4058684771889318e-10,
    1.5518128448910318e-10,
    1.5457543578456523e-10,
    1.647634390034014e-10,
    1.6645129718995122e-10,
    1.3892616224087107e-10,
    1.7885554148833194e-10,
    1.5244490392252175e-10,
    2.0400246769636254e-10
  ],
  "variance_collapse": true,
  "k_report_idx": {
    "k1": 0,
    "k8": 7,
    "k15": 14
  },
  "spec": {
    "kind": "cell",
    "tag": "mag0.3_high",
    "cross": "high",
    "magnitude": 0.3,
    "baseline_key": [
      0.9,
      472,
      2048,
      128
    ],
    "params": {
      "period_P": 2048,
      "manifold_dim_D": 128,
      "continuity_center": 472,
      "fidelity_F": 0.97,
      "magnitude_M": 0.3,
      "locality_L": 0.9
    },
    "L_d_main": 4,
    "seed": 4,
    "perk": true,
    "label": "cell_mag0.3_high_s4",
    "out_file": "/mnt/c/Users/Jason/Desktop/Eridos/Weft 2/v2/results/phase1/pilot_Ld4/_runs/cell_mag0.3_high_s4.json"
  }
}