{
  "label": "cell_mag0.3_mid_s5",
  "L_d_main": 4,
  "seed": 5,
  "wall_clock_s": 323.76,
  "steps_trained": 10000,
  "final_interval_loss": -2769.879283,
  "nan_inf": false,
  "still_descending": false,
  "stability_flag": "stable",
  "diff_mu": 0.060355816036462784,
  "diff_sigma": 3.52418055626913e-07,
  "diff_mu_aggregate": 0.060355816036462784,
  "diff_sigma_aggregate": 3.52418055626913e-07,
  "diff_mu_per_k": [
    0.05906454846262932,
    0.059857774525880814,
    0.06072781980037689,
    0.05945679917931557,
    0.06097076088190079,
    0.05874588340520859,
    0.05943542346358299,
    0.06136913225054741,
    0.06194198876619339,
    0.0609273687005043,
    0.060335539281368256,
    0.05971987172961235,
    0.05907467007637024,
    0.06021172180771828,
    0.06274756044149399,
    0.06110621243715286
  ],
  "diff_sigma_per_k": [
    3.0453591648438305e-07,
    3.355272326643899e-07,
    3.339019087889028e-07,
    3.4610599186635227e-07,
    3.063532290070725e-07,
    3.0504537562592304e-07,
    3.3471889082647976e-07,
    4.050326083415712e-07,
    3.3684835898384335e-07,
    3.9119117900554556e-07,
    3.7491554394364357e-07,
    3.6101420164413867e-07,
    3.1177893333733664e-07,
    3.602392837365187e-07,
    4.706435277057608e-07,
    3.608365091167798e-07
  ],
  "variance_collapse": false,
  "k_report_idx": {
    "k1": 0,
    "k8": 7,
    "k15": 14
  },
  "spec": {
    "kind": "cell",
    "tag": "mag0.3_mid",
    "cross": "mid",
    "magnitude": 0.3,
    "baseline_key": [
      0.5,
      39,
      256,
      16
    ],
    "params": {
      "period_P": 256,
      "manifold_dim_D": 16,
      "continuity_center": 39,
      "fidelity_F": 0.97,
      "magnitude_M": 0.3,
      "locality_L": 0.5
    },
    "L_d_main": 4,
    "seed": 5,
    "perk": true,
    "label": "cell_mag0.3_mid_s5",
    "out_file": "/mnt/c/Users/Jason/Desktop/Eridos/Weft 2/v2/results/phase1/pilot_Ld4/_runs/cell_mag0.3_mid_s5.json"
  }
}