{
  "label": "cell_mag0.1_high_s0",
  "L_d_main": 4,
  "seed": 0,
  "wall_clock_s": 339.83,
  "steps_trained": 10000,
  "final_interval_loss": -2994.317907,
  "nan_inf": false,
  "still_descending": false,
  "stability_flag": "stable",
  "diff_mu": 0.0010449182009324431,
  "diff_sigma": 3.582935725887637e-09,
  "diff_mu_aggregate": 0.0010449182009324431,
  "diff_sigma_aggregate": 3.582935725887637e-09,
  "diff_mu_per_k": [
    0.0010295757092535496,
    0.0010469133267179132,
    0.0010410095565021038,
    0.0010572964092716575,
    0.001048120204359293,
    0.0010297454427927732,
    0.0010709946509450674,
    0.001047529629431665,
    0.001037177280522883,
    0.001053835148923099,
    0.0010448852553963661,
    0.0010433490388095379,
    0.0010364993941038847,
    0.0010465526720508933,
    0.0010486694518476725,
    0.001036537461914122
  ],
  "diff_sigma_per_k": [
    3.836677198165717e-09,
    3.9343022173454756e-09,
    3.194399633699163e-09,
    3.1948168555118173e-09,
    3.2709257524743407e-09,
    3.727927300190004e-09,
    3.6915628331968264e-09,
    3.328555875370398e-09,
    3.6325034091788666e-09,
    3.645634905069528e-09,
    3.4694540573809718e-09,
    3.782961499609883e-09,
    3.4299030282625154e-09,
    3.274286619614486e-09,
    4.014100607463433e-09,
    3.8989620421148175e-09
  ],
  "variance_collapse": true,
  "k_report_idx": {
    "k1": 0,
    "k8": 7,
    "k15": 14
  },
  "spec": {
    "kind": "cell",
    "tag": "mag0.1_high",
    "cross": "high",
    "magnitude": 0.1,
    "baseline_key": [
      0.9,
      472,
      2048,
      128
    ],
    "params": {
      "period_P": 2048,
      "manifold_dim_D": 128,
      "continuity_center": 472,
      "fidelity_F": 0.97,
      "magnitude_M": 0.1,
      "locality_L": 0.9
    },
    "L_d_main": 4,
    "seed": 0,
    "perk": true,
    "label": "cell_mag0.1_high_s0",
    "out_file": "/mnt/c/Users/Jason/Desktop/Eridos/Weft 2/v2/results/phase1/pilot_Ld4/_runs/cell_mag0.1_high_s0.json"
  }
}