{
  "label": "cell_D4_mid_s8",
  "L_d_main": 4,
  "seed": 8,
  "wall_clock_s": 323.73,
  "steps_trained": 10000,
  "final_interval_loss": -2760.074445,
  "nan_inf": false,
  "still_descending": false,
  "stability_flag": "stable",
  "diff_mu": 2.038601875305176,
  "diff_sigma": 3.6631176953960676e-06,
  "diff_mu_aggregate": 2.038601875305176,
  "diff_sigma_aggregate": 3.6631176953960676e-06,
  "diff_mu_per_k": [
    2.966850519180298,
    1.537291169166565,
    1.4316731691360474,
    1.2924058437347412,
    2.3518431186676025,
    2.42244291305542,
    2.6701576709747314,
    2.278122901916504,
    1.5498892068862915,
    1.2312003374099731,
    1.7145342826843262,
    2.2345728874206543,
    2.6044797897338867,
    2.841092348098755,
    2.104010581970215,
    1.3870643377304077
  ],
  "diff_sigma_per_k": [
    2.732123448367929e-06,
    2.904446091633872e-06,
    3.651978886409779e-06,
    6.793702141294489e-06,
    4.568750227917917e-06,
    1.572894461787655e-06,
    1.8995716573044774e-06,
    3.2795655897643883e-06,
    5.659036560246022e-06,
    3.3009512208082015e-06,
    4.5944825615151785e-06,
    2.9489024200302083e-06,
    2.660101699802908e-06,
    2.838053205778124e-06,
    3.3466535569459666e-06,
    5.858670192537829e-06
  ],
  "variance_collapse": false,
  "k_report_idx": {
    "k1": 0,
    "k8": 7,
    "k15": 14
  },
  "spec": {
    "kind": "cell",
    "tag": "D4_mid",
    "cross": "mid",
    "magnitude": 0.3,
    "baseline_key": [
      0.5,
      39,
      256,
      4
    ],
    "params": {
      "period_P": 256,
      "manifold_dim_D": 4,
      "continuity_center": 39,
      "fidelity_F": 0.97,
      "magnitude_M": 0.3,
      "locality_L": 0.5
    },
    "L_d_main": 4,
    "seed": 8,
    "perk": true,
    "label": "cell_D4_mid_s8",
    "out_file": "/mnt/c/Users/Jason/Desktop/Eridos/Weft 2/v2/results/phase1/pilot_Ld4/_runs/cell_D4_mid_s8.json"
  }
}