{
  "label": "cell_mag0.1_low_s6",
  "L_d_main": 4,
  "seed": 6,
  "wall_clock_s": 325.7,
  "steps_trained": 10000,
  "final_interval_loss": -2908.914567,
  "nan_inf": false,
  "still_descending": false,
  "stability_flag": "stable",
  "diff_mu": 0.18672588467597961,
  "diff_sigma": 3.511598123395743e-08,
  "diff_mu_aggregate": 0.18672588467597961,
  "diff_sigma_aggregate": 3.511598123395743e-08,
  "diff_mu_per_k": [
    0.18711237609386444,
    0.1850844770669937,
    0.1861877143383026,
    0.18543672561645508,
    0.18644870817661285,
    0.18661366403102875,
    0.185020312666893,
    0.18717917799949646,
    0.18605588376522064,
    0.1863912045955658,
    0.18630605936050415,
    0.1863134205341339,
    0.1873563677072525,
    0.18801206350326538,
    0.1889251172542572,
    0.18917089700698853
  ],
  "diff_sigma_per_k": [
    3.2366607172207296e-08,
    2.8935600582258303e-08,
    2.81104384214359e-08,
    2.3228915679851525e-08,
    3.154456607035172e-08,
    3.1326003124831914e-08,
    2.8891957271071078e-08,
    3.546461968539916e-08,
    2.8553806430409168e-08,
    2.994446646198412e-08,
    3.082532273879224e-08,
    3.556552030659077e-08,
    4.2716550296972855e-08,
    4.263520736458304e-08,
    5.156655191740356e-08,
    6.01795662191762e-08
  ],
  "variance_collapse": false,
  "k_report_idx": {
    "k1": 0,
    "k8": 7,
    "k15": 14
  },
  "spec": {
    "kind": "cell",
    "tag": "mag0.1_low",
    "cross": "low",
    "magnitude": 0.1,
    "baseline_key": [
      0.3,
      3,
      32,
      4
    ],
    "params": {
      "period_P": 32,
      "manifold_dim_D": 4,
      "continuity_center": 3,
      "fidelity_F": 0.97,
      "magnitude_M": 0.1,
      "locality_L": 0.3
    },
    "L_d_main": 4,
    "seed": 6,
    "perk": true,
    "label": "cell_mag0.1_low_s6",
    "out_file": "/mnt/c/Users/Jason/Desktop/Eridos/Weft 2/v2/results/phase1/pilot_Ld4/_runs/cell_mag0.1_low_s6.json"
  }
}