{
  "label": "cell_mag0.7_high_s9",
  "L_d_main": 4,
  "seed": 9,
  "wall_clock_s": 324.32,
  "steps_trained": 10000,
  "final_interval_loss": -2978.932176,
  "nan_inf": false,
  "still_descending": false,
  "stability_flag": "stable",
  "diff_mu": 0.0003328517486806959,
  "diff_sigma": 2.1337001610000073e-10,
  "diff_mu_aggregate": 0.0003328517486806959,
  "diff_sigma_aggregate": 2.1337001610000073e-10,
  "diff_mu_per_k": [
    0.00033143258769996464,
    0.00033132045064121485,
    0.00033456983510404825,
    0.00033219935721717775,
    0.0003344265860505402,
    0.00033382046967744827,
    0.0003308678569737822,
    0.00033059209818020463,
    0.00033340678783133626,
    0.00033241481287404895,
    0.0003320070682093501,
    0.0003342617128510028,
    0.00033481934224255383,
    0.0003317506634630263,
    0.00033604720374569297,
    0.0003316907968837768
  ],
  "diff_sigma_per_k": [
    2.2143467615087786e-10,
    2.349100081122657e-10,
    2.3270740889813624e-10,
    2.0130079547708846e-10,
    2.2745860750461588e-10,
    2.1838067465473898e-10,
    2.055089015629008e-10,
    1.9731311029502763e-10,
    1.995835718915373e-10,
    1.9272132500969263e-10,
    2.3176019436910167e-10,
    1.9651577587431746e-10,
    1.8864942941121399e-10,
    1.8802918944071934e-10,
    2.3464313825272143e-10,
    2.430037004952368e-10
  ],
  "variance_collapse": true,
  "k_report_idx": {
    "k1": 0,
    "k8": 7,
    "k15": 14
  },
  "spec": {
    "kind": "cell",
    "tag": "mag0.7_high",
    "cross": "high",
    "magnitude": 0.7,
    "baseline_key": [
      0.9,
      472,
      2048,
      128
    ],
    "params": {
      "period_P": 2048,
      "manifold_dim_D": 128,
      "continuity_center": 472,
      "fidelity_F": 0.97,
      "magnitude_M": 0.7,
      "locality_L": 0.9
    },
    "L_d_main": 4,
    "seed": 9,
    "perk": true,
    "label": "cell_mag0.7_high_s9",
    "out_file": "/mnt/c/Users/Jason/Desktop/Eridos/Weft 2/v2/results/phase1/pilot_Ld4/_runs/cell_mag0.7_high_s9.json"
  }
}