{
  "step": 1000,
  "mean_loss_last_1k": -31762.962744329394,
  "mean_log_var_last_1k": -4.851547565119168,
  "predictor_weight_l2_norm_total": 668.3007362866372,
  "bank_size": 986,
  "timestamp": "2026-05-14T07:50:27Z",
  "git_commit": "4435696f41464374b86a85957fbae1de8b13d2f9"
}