{
  "step": 6500,
  "mean_loss_last_1k": -54126.7873046875,
  "mean_log_var_last_1k": -7.650103634357452,
  "predictor_weight_l2_norm_total": 650.8988771661272,
  "bank_size": 6486,
  "timestamp": "2026-05-14T07:51:21Z",
  "git_commit": "4435696f41464374b86a85957fbae1de8b13d2f9"
}