{
  "step": 15000,
  "mean_loss_last_1k": -56132.51164453125,
  "mean_log_var_last_1k": -7.885368558883667,
  "predictor_weight_l2_norm_total": 683.9433008096771,
  "bank_size": 14986,
  "timestamp": "2026-05-14T08:19:38Z",
  "git_commit": "19d464b0469c7dc046996f3a5254e434218165ca"
}