{
  "step": 4000,
  "mean_loss_last_1k": -50769.28157421875,
  "mean_log_var_last_1k": -7.22720868396759,
  "predictor_weight_l2_norm_total": 648.3438103500414,
  "bank_size": 3986,
  "timestamp": "2026-05-14T07:50:56Z",
  "git_commit": "4435696f41464374b86a85957fbae1de8b13d2f9"
}