{
  "step": 30000,
  "mean_loss_last_1k": -56329.36747265625,
  "mean_log_var_last_1k": -7.909045672416687,
  "predictor_weight_l2_norm_total": 814.304347866529,
  "bank_size": 29986,
  "timestamp": "2026-05-14T08:22:31Z",
  "git_commit": "19d464b0469c7dc046996f3a5254e434218165ca"
}