{
  "step": 10000,
  "mean_loss_last_1k": -55582.942640625,
  "mean_log_var_last_1k": -7.832799901008606,
  "predictor_weight_l2_norm_total": 661.9954359730924,
  "bank_size": 9986,
  "timestamp": "2026-05-14T07:51:53Z",
  "git_commit": "4435696f41464374b86a85957fbae1de8b13d2f9"
}