{
  "step": 36360,
  "mean_loss_last_1k": -56316.2991171875,
  "mean_log_var_last_1k": -7.9191444606781,
  "predictor_weight_l2_norm_total": 876.7693900653793,
  "bank_size": 36346,
  "timestamp": "2026-05-14T08:23:47Z",
  "git_commit": "19d464b0469c7dc046996f3a5254e434218165ca"
}