{
  "step": 20000,
  "mean_loss_last_1k": -56314.59640234375,
  "mean_log_var_last_1k": -7.9050360202789305,
  "predictor_weight_l2_norm_total": 715.5466674270921,
  "bank_size": 19986,
  "timestamp": "2026-05-14T08:20:37Z",
  "git_commit": "19d464b0469c7dc046996f3a5254e434218165ca"
}