{
  "step": 95721,
  "mean_loss_last_1k": -53525.92408984375,
  "mean_log_var_last_1k": -7.53149328660965,
  "predictor_weight_l2_norm_total": 1237.8754514088707,
  "bank_size": 95707,
  "timestamp": "2026-05-13T05:26:29Z",
  "git_commit": "11cc3804b86daa9b7f59fb90846a7bca0d2d636c"
}