{
  "step": 40000,
  "mean_loss_last_1k": -53157.13921484375,
  "mean_log_var_last_1k": -7.486327689170837,
  "predictor_weight_l2_norm_total": 875.190863329522,
  "bank_size": 39986,
  "timestamp": "2026-05-13T05:17:53Z",
  "git_commit": "11cc3804b86daa9b7f59fb90846a7bca0d2d636c"
}