{
  "step": 60000,
  "mean_loss_last_1k": -53332.670140625,
  "mean_log_var_last_1k": -7.505467178344727,
  "predictor_weight_l2_norm_total": 1035.5608053330002,
  "bank_size": 59986,
  "timestamp": "2026-05-13T05:21:01Z",
  "git_commit": "11cc3804b86daa9b7f59fb90846a7bca0d2d636c"
}