{
  "step": 30000,
  "mean_loss_last_1k": -53020.636671875,
  "mean_log_var_last_1k": -7.468611588954926,
  "predictor_weight_l2_norm_total": 776.9316398835012,
  "bank_size": 29986,
  "timestamp": "2026-05-13T05:16:26Z",
  "git_commit": "11cc3804b86daa9b7f59fb90846a7bca0d2d636c"
}