{
  "step": 50000,
  "mean_loss_last_1k": -53320.9003984375,
  "mean_log_var_last_1k": -7.5049790782928465,
  "predictor_weight_l2_norm_total": 960.4847055788247,
  "bank_size": 49986,
  "timestamp": "2026-05-13T05:19:26Z",
  "git_commit": "11cc3804b86daa9b7f59fb90846a7bca0d2d636c"
}