{
  "S1": {
    "n": 4736,
    "mean": -7.477288246154785,
    "std": 0.027456320822238922,
    "min": -7.549976348876953,
    "max": -7.428705215454102,
    "median": -7.474512577056885
  },
  "S2": {
    "n_probes": 296,
    "mean_aggregate": 0.6561146378517151,
    "std_aggregate": 0.08240935951471329,
    "mean_per_k": [
      0.6297328472137451,
      0.6062681078910828,
      0.6581529378890991,
      0.6710293889045715,
      0.6691673994064331,
      0.6748511791229248,
      0.6699825525283813,
      0.6704643964767456,
      0.6682892441749573,
      0.6608419418334961,
      0.6635680198669434,
      0.6649748086929321,
      0.6545571684837341,
      0.6611542701721191,
      0.645261824131012,
      0.6295359134674072
    ],
    "std_per_k": [
      0.09796901792287827,
      0.13454079627990723,
      0.08475242555141449,
      0.05753254517912865,
      0.07119756937026978,
      0.07971290498971939,
      0.0824831873178482,
      0.07569320499897003,
      0.08687999844551086,
      0.08219749480485916,
      0.06492731720209122,
      0.05678712576627731,
      0.06230699643492699,
      0.07122138887643814,
      0.07312346994876862,
      0.07058645784854889
    ]
  },
  "S3": {
    "within_cluster_cosine_mean": 1.000000101943389,
    "cross_cluster_cosine_mean": 0.9890198725471855,
    "cluster_sharpness": 0.010980229396203578,
    "within_per_cluster": {
      "steady:item_1": 1.0000001192092896,
      "steady:item_2": 1.0000001192092896,
      "steady:item_3": 1.0000001192092896,
      "steady:item_4": 0.9999998807907104,
      "steady:item_5": 1.0000001192092896,
      "cue:item_1": 1.0000001192092896,
      "cue:item_2": 1.0,
      "cue:item_3": 0.9999997615814209,
      "cue:item_4": 0.9999997615814209,
      "cue:item_5": 0.9999998807907104
    },
    "steady_state_mean_log_var": -7.477318477630615,
    "n_clusters": 10
  },
  "S4": {
    "n_probes": 296,
    "mean_pred_norm": 0.7458546161651611,
    "mean_pred_log_var": -7.477288246154785,
    "threshold_norm_max": 0.15,
    "threshold_log_var_min": 0.4,
    "quantitative_verdict": "non_collapse",
    "qualitative_samples": [
      {
        "probe_type": "cue",
        "from_item": 1,
        "pred_norm_per_k": [
          0.7610337734222412,
          0.769663393497467,
          0.7458344101905823,
          0.7288154363632202,
          0.7381604909896851,
          0.7414224147796631,
          0.7467631101608276,
          0.7441361546516418,
          0.7502866387367249,
          0.777543306350708,
          0.7680962085723877,
          0.7378077507019043,
          0.7408836483955383,
          0.7479910850524902,
          0.7283136248588562,
          0.764933705329895
        ],
        "pred_log_var_per_k": [
          -7.549976348876953,
          -7.511911392211914,
          -7.502885341644287,
          -7.488588333129883,
          -7.509594440460205,
          -7.484245300292969,
          -7.514596939086914,
          -7.4889421463012695,
          -7.4800848960876465,
          -7.499974250793457,
          -7.50270414352417,
          -7.476400375366211,
          -7.479321002960205,
          -7.471684455871582,
          -7.478481292724609,
          -7.477403163909912
        ]
      },
      {
        "probe_type": "steady",
        "from_item": 5,
        "pred_norm_per_k": [
          0.762039840221405,
          0.7744364142417908,
          0.7597032785415649,
          0.7325228452682495,
          0.7422094941139221,
          0.7361283302307129,
          0.7506725192070007,
          0.7504348158836365,
          0.7524017691612244,
          0.7751801013946533,
          0.7575209736824036,
          0.7460711598396301,
          0.7314354777336121,
          0.7603493332862854,
          0.7345210313796997,
          0.7744198441505432
        ],
        "pred_log_var_per_k": [
          -7.548421382904053,
          -7.531806945800781,
          -7.528513431549072,
          -7.506158828735352,
          -7.5194525718688965,
          -7.497225761413574,
          -7.5231122970581055,
          -7.506636619567871,
          -7.495673656463623,
          -7.519916534423828,
          -7.512855529785156,
          -7.492270469665527,
          -7.482938766479492,
          -7.479536056518555,
          -7.489252090454102,
          -7.49030876159668
        ]
      },
      {
        "probe_type": "cue",
        "from_item": 2,
        "pred_norm_per_k": [
          0.7470881938934326,
          0.749181866645813,
          0.7363737225532532,
          0.7182623147964478,
          0.726844072341919,
          0.7233678102493286,
          0.7259993553161621,
          0.7330324053764343,
          0.7428187727928162,
          0.7589242458343506,
          0.7505803108215332,
          0.7324346899986267,
          0.7312548756599426,
          0.7381704449653625,
          0.7305616140365601,
          0.7592642903327942
        ],
        "pred_log_var_per_k": [
          -7.522450923919678,
          -7.488415241241455,
          -7.4919352531433105,
          -7.468433380126953,
          -7.483150482177734,
          -7.467494010925293,
          -7.484325408935547,
          -7.464114665985107,
          -7.458588123321533,
          -7.478487014770508,
          -7.46845006942749,
          -7.447854518890381,
          -7.452073574066162,
          -7.445684432983398,
          -7.463141918182373,
          -7.452757835388184
        ]
      },
      {
        "probe_type": "cue",
        "from_item": 1,
        "pred_norm_per_k": [
          0.7610337734222412,
          0.769663393497467,
          0.7458344101905823,
          0.7288154363632202,
          0.7381604909896851,
          0.7414224147796631,
          0.7467631101608276,
          0.7441361546516418,
          0.7502866387367249,
          0.777543306350708,
          0.7680962085723877,
          0.7378077507019043,
          0.7408836483955383,
          0.7479910850524902,
          0.7283136248588562,
          0.764933705329895
        ],
        "pred_log_var_per_k": [
          -7.549976348876953,
          -7.511911392211914,
          -7.502885341644287,
          -7.488588333129883,
          -7.509594440460205,
          -7.484245300292969,
          -7.514596939086914,
          -7.4889421463012695,
          -7.4800848960876465,
          -7.499974250793457,
          -7.50270414352417,
          -7.476400375366211,
          -7.479321002960205,
          -7.471684455871582,
          -7.478481292724609,
          -7.477403163909912
        ]
      },
      {
        "probe_type": "steady",
        "from_item": 1,
        "pred_norm_per_k": [
          0.7782455086708069,
          0.8124275803565979,
          0.7725915908813477,
          0.7434622645378113,
          0.7559175491333008,
          0.7647518515586853,
          0.7805370688438416,
          0.7794037461280823,
          0.7778027057647705,
          0.8152927160263062,
          0.8020948767662048,
          0.7524864673614502,
          0.7468384504318237,
          0.7676776647567749,
          0.7575449347496033,
          0.7934731841087341
        ],
        "pred_log_var_per_k": [
          -7.541470527648926,
          -7.503173828125,
          -7.498139381408691,
          -7.480203628540039,
          -7.497450828552246,
          -7.464987754821777,
          -7.517031669616699,
          -7.485875129699707,
          -7.471616744995117,
          -7.497032165527344,
          -7.506519794464111,
          -7.474512577056885,
          -7.477725505828857,
          -7.466863632202148,
          -7.4820733070373535,
          -7.476593971252441
        ]
      }
    ]
  },
  "individual_expected": {
    "S1_shuffle_less_confident": true,
    "S2_shuffle_lower_m1": false,
    "S3_shuffle_lower_sharpness": true,
    "S4_quantitative_collapse": false
  },
  "verdict": "unexpected"
}