{
  "step": 12000,
  "mean_loss_last_1k": -55419.72214453125,
  "mean_log_var_last_1k": -7.821341043949127,
  "predictor_weight_l2_norm_total": 670.2378652607665,
  "bank_size": 11986,
  "timestamp": "2026-05-14T07:52:14Z",
  "git_commit": "4435696f41464374b86a85957fbae1de8b13d2f9"
}