{
  "step": 2000,
  "mean_loss_last_1k": -41396.0343046875,
  "mean_log_var_last_1k": -6.066529340744019,
  "predictor_weight_l2_norm_total": 656.8717987616391,
  "bank_size": 1986,
  "timestamp": "2026-05-14T07:50:38Z",
  "git_commit": "4435696f41464374b86a85957fbae1de8b13d2f9"
}