{
  "step": 90000,
  "mean_loss_last_1k": -53539.50555859375,
  "mean_log_var_last_1k": -7.532198849201202,
  "predictor_weight_l2_norm_total": 1211.4277886243563,
  "bank_size": 89986,
  "timestamp": "2026-05-13T05:25:31Z",
  "git_commit": "11cc3804b86daa9b7f59fb90846a7bca0d2d636c"
}