{
  "step": 20000,
  "mean_loss_last_1k": -60640.4551796875,
  "mean_log_var_last_1k": -8.46171030473709,
  "predictor_weight_l2_norm_total": 676.1729938502657,
  "bank_size": 19981,
  "timestamp": "2026-05-13T03:23:33Z",
  "git_commit": "a7d79a51aa6cd3aaa02a6e0e08ca43e91c7625e3"
}