{
  "step": 70000,
  "mean_loss_last_1k": -67860.99530273437,
  "mean_log_var_last_1k": -9.325799815177918,
  "predictor_weight_l2_norm_total": 987.1312125799558,
  "bank_size": 69966,
  "timestamp": "2026-05-13T03:31:01Z",
  "git_commit": "a7d79a51aa6cd3aaa02a6e0e08ca43e91c7625e3"
}