{
  "step": 70000,
  "mean_loss_last_1k": -53404.47269921875,
  "mean_log_var_last_1k": -7.516235375404358,
  "predictor_weight_l2_norm_total": 1102.3419528941754,
  "bank_size": 69986,
  "timestamp": "2026-05-13T05:22:29Z",
  "git_commit": "11cc3804b86daa9b7f59fb90846a7bca0d2d636c"
}