{
  "step": 50000,
  "mean_loss_last_1k": -66341.85973828124,
  "mean_log_var_last_1k": -9.13694785118103,
  "predictor_weight_l2_norm_total": 864.9302246062687,
  "bank_size": 49972,
  "timestamp": "2026-05-13T03:28:03Z",
  "git_commit": "a7d79a51aa6cd3aaa02a6e0e08ca43e91c7625e3"
}