{
  "step": 40000,
  "mean_loss_last_1k": -65091.92871679687,
  "mean_log_var_last_1k": -9.005604043483734,
  "predictor_weight_l2_norm_total": 800.597482485277,
  "bank_size": 39975,
  "timestamp": "2026-05-13T03:26:36Z",
  "git_commit": "a7d79a51aa6cd3aaa02a6e0e08ca43e91c7625e3"
}