{
  "step": 10000,
  "mean_loss_last_1k": -56205.33751953125,
  "mean_log_var_last_1k": -7.918706575870514,
  "predictor_weight_l2_norm_total": 644.4544723014416,
  "bank_size": 9985,
  "timestamp": "2026-05-13T03:22:05Z",
  "git_commit": "a7d79a51aa6cd3aaa02a6e0e08ca43e91c7625e3"
}