{
  "step": 30000,
  "mean_loss_last_1k": -63181.4523828125,
  "mean_log_var_last_1k": -8.769868668556214,
  "predictor_weight_l2_norm_total": 738.9751347744304,
  "bank_size": 29978,
  "timestamp": "2026-05-13T03:24:59Z",
  "git_commit": "a7d79a51aa6cd3aaa02a6e0e08ca43e91c7625e3"
}