{
  "step": 80000,
  "mean_loss_last_1k": -68574.35345117188,
  "mean_log_var_last_1k": -9.390389925003051,
  "predictor_weight_l2_norm_total": 1042.2056366606855,
  "bank_size": 79961,
  "timestamp": "2026-05-13T03:32:38Z",
  "git_commit": "a7d79a51aa6cd3aaa02a6e0e08ca43e91c7625e3"
}