{
  "step": 95721,
  "mean_loss_last_1k": -69540.2262578125,
  "mean_log_var_last_1k": -9.475241312980652,
  "predictor_weight_l2_norm_total": 1116.5065082862961,
  "bank_size": 95676,
  "timestamp": "2026-05-13T03:35:01Z",
  "git_commit": "a7d79a51aa6cd3aaa02a6e0e08ca43e91c7625e3"
}