{
  "step": 90000,
  "mean_loss_last_1k": -69094.18119335937,
  "mean_log_var_last_1k": -9.436246772766113,
  "predictor_weight_l2_norm_total": 1090.4093047130566,
  "bank_size": 89958,
  "timestamp": "2026-05-13T03:34:07Z",
  "git_commit": "a7d79a51aa6cd3aaa02a6e0e08ca43e91c7625e3"
}