{
  "step": 10000,
  "mean_loss_last_1k": -51901.149515625,
  "mean_log_var_last_1k": -7.3411617088317875,
  "predictor_weight_l2_norm_total": 654.7854507749807,
  "bank_size": 9986,
  "timestamp": "2026-05-13T05:13:30Z",
  "git_commit": "11cc3804b86daa9b7f59fb90846a7bca0d2d636c"
}