{
  "step": 60000,
  "mean_loss_last_1k": -67010.06795703125,
  "mean_log_var_last_1k": -9.228797432899475,
  "predictor_weight_l2_norm_total": 927.5902553041949,
  "bank_size": 59969,
  "timestamp": "2026-05-13T03:29:30Z",
  "git_commit": "a7d79a51aa6cd3aaa02a6e0e08ca43e91c7625e3"
}