{
  "label": "base_loc0.5_c39_P256_D4_s19",
  "L_d_main": 2,
  "seed": 19,
  "wall_clock_s": 222.48,
  "steps_trained": 10000,
  "final_interval_loss": -2820.478456,
  "nan_inf": false,
  "still_descending": false,
  "stability_flag": "stable",
  "diff_mu": 0.06626702845096588,
  "diff_sigma": 1.8188854866707516e-09,
  "diff_mu_aggregate": 0.06626702845096588,
  "diff_sigma_aggregate": 1.8188854866707516e-09,
  "diff_mu_per_k": [
    0.06703727692365646,
    0.066410593688488,
    0.06534339487552643,
    0.0661570355296135,
    0.06696295738220215,
    0.06706583499908447,
    0.06738930940628052,
    0.06633135676383972,
    0.06645598262548447,
    0.06565272063016891,
    0.06594972312450409,
    0.06568252295255661,
    0.06496527791023254,
    0.06734969466924667,
    0.06572012603282928,
    0.06579843908548355
  ],
  "diff_sigma_per_k": [
    1.7458511303303226e-09,
    1.6025307747469242e-09,
    1.9265984363414645e-09,
    1.8057857431585944e-09,
    2.0004276013452227e-09,
    1.654713033261146e-09,
    1.6630009591622752e-09,
    1.8253357714215213e-09,
    2.005787758108113e-09,
    2.0943149436902786e-09,
    2.040518420898252e-09,
    1.7466137425259376e-09,
    1.6476180419999764e-09,
    1.5905899930501732e-09,
    1.6362712296214e-09,
    2.116210762181936e-09
  ],
  "variance_collapse": true,
  "k_report_idx": {
    "k1": 0,
    "k8": 7,
    "k15": 14
  },
  "spec": {
    "kind": "baseline",
    "baseline_key": [
      0.5,
      39,
      256,
      4
    ],
    "params": {
      "period_P": 256,
      "manifold_dim_D": 4,
      "continuity_center": 39,
      "fidelity_F": 0.97,
      "magnitude_M": 0.0,
      "locality_L": 0.5
    },
    "L_d_main": 2,
    "seed": 19,
    "perk": true,
    "label": "base_loc0.5_c39_P256_D4_s19",
    "out_file": "/mnt/c/Users/Jason/Desktop/Eridos/Weft 2/v2/results/phase1/pilot_Ld2/_runs/base_loc0.5_c39_P256_D4_s19.json"
  }
}