{
  "label": "base_loc0.5_c19_P256_D16_s16",
  "L_d_main": 2,
  "seed": 16,
  "wall_clock_s": 234.16,
  "steps_trained": 10000,
  "final_interval_loss": -2965.093153,
  "nan_inf": false,
  "still_descending": true,
  "stability_flag": "stable",
  "diff_mu": 0.2015489637851715,
  "diff_sigma": 5.0134246976085706e-08,
  "diff_mu_aggregate": 0.2015489637851715,
  "diff_sigma_aggregate": 5.0134246976085706e-08,
  "diff_mu_per_k": [
    0.20047365128993988,
    0.20171986520290375,
    0.2024790197610855,
    0.20201027393341064,
    0.20146553218364716,
    0.20104952156543732,
    0.20097441971302032,
    0.20091693103313446,
    0.20107121765613556,
    0.20138590037822723,
    0.20183858275413513,
    0.20266078412532806,
    0.20303301513195038,
    0.20234577357769012,
    0.20166893303394318,
    0.19968950748443604
  ],
  "diff_sigma_per_k": [
    3.516061752861788e-08,
    3.787305047353584e-08,
    4.4934669318763554e-08,
    5.74021150612225e-08,
    5.996184171408458e-08,
    6.105595673489006e-08,
    5.982029449569382e-08,
    4.820783772174764e-08,
    4.3376477520951084e-08,
    3.494546518822972e-08,
    3.443156160187755e-08,
    3.7944303699077864e-08,
    3.7703767219454676e-08,
    4.702958733560081e-08,
    6.44406270566833e-08,
    9.785976828879939e-08
  ],
  "variance_collapse": false,
  "k_report_idx": {
    "k1": 0,
    "k8": 7,
    "k15": 14
  },
  "spec": {
    "kind": "baseline",
    "baseline_key": [
      0.5,
      19,
      256,
      16
    ],
    "params": {
      "period_P": 256,
      "manifold_dim_D": 16,
      "continuity_center": 19,
      "fidelity_F": 0.97,
      "magnitude_M": 0.0,
      "locality_L": 0.5
    },
    "L_d_main": 2,
    "seed": 16,
    "perk": true,
    "label": "base_loc0.5_c19_P256_D16_s16",
    "out_file": "/mnt/c/Users/Jason/Desktop/Eridos/Weft 2/v2/results/phase1/pilot_Ld2/_runs/base_loc0.5_c19_P256_D16_s16.json"
  }
}