{
  "label": "base_loc0.5_c39_P256_D4_s7",
  "L_d_main": 2,
  "seed": 7,
  "wall_clock_s": 232.86,
  "steps_trained": 10000,
  "final_interval_loss": -2819.56833,
  "nan_inf": false,
  "still_descending": true,
  "stability_flag": "stable",
  "diff_mu": 0.25712454319000244,
  "diff_sigma": 3.9152190822733246e-08,
  "diff_mu_aggregate": 0.25712454319000244,
  "diff_sigma_aggregate": 3.9152190822733246e-08,
  "diff_mu_per_k": [
    0.26369503140449524,
    0.25577428936958313,
    0.25877276062965393,
    0.25297099351882935,
    0.25201278924942017,
    0.2579745054244995,
    0.2584649324417114,
    0.2594074010848999,
    0.25634175539016724,
    0.2496621459722519,
    0.2561376392841339,
    0.2524862289428711,
    0.26268088817596436,
    0.2590331435203552,
    0.25961834192276,
    0.25895926356315613
  ],
  "diff_sigma_per_k": [
    3.3738942306626996e-08,
    3.8938381408115674e-08,
    4.257010388641902e-08,
    4.052377633456672e-08,
    4.169161726963466e-08,
    3.564154127388974e-08,
    3.5281495058825385e-08,
    3.6339873332735806e-08,
    3.547107141343986e-08,
    4.2118141863056735e-08,
    4.6271011910903326e-08,
    3.917071822456819e-08,
    4.329460523422313e-08,
    3.6202955300268513e-08,
    3.5457638603020314e-08,
    4.372316553258315e-08
  ],
  "variance_collapse": false,
  "k_report_idx": {
    "k1": 0,
    "k8": 7,
    "k15": 14
  },
  "spec": {
    "kind": "baseline",
    "baseline_key": [
      0.5,
      39,
      256,
      4
    ],
    "params": {
      "period_P": 256,
      "manifold_dim_D": 4,
      "continuity_center": 39,
      "fidelity_F": 0.97,
      "magnitude_M": 0.0,
      "locality_L": 0.5
    },
    "L_d_main": 2,
    "seed": 7,
    "perk": true,
    "label": "base_loc0.5_c39_P256_D4_s7",
    "out_file": "/mnt/c/Users/Jason/Desktop/Eridos/Weft 2/v2/results/phase1/pilot_Ld2/_runs/base_loc0.5_c39_P256_D4_s7.json"
  }
}