{
  "label": "base_loc0.5_c39_P256_D16_s12",
  "L_d_main": 2,
  "seed": 12,
  "wall_clock_s": 234.28,
  "steps_trained": 10000,
  "final_interval_loss": -2858.468969,
  "nan_inf": false,
  "still_descending": true,
  "stability_flag": "stable",
  "diff_mu": 0.019516393542289734,
  "diff_sigma": 6.460874146796414e-08,
  "diff_mu_aggregate": 0.019516393542289734,
  "diff_sigma_aggregate": 6.460874146796414e-08,
  "diff_mu_per_k": [
    0.019578222185373306,
    0.019602250307798386,
    0.019675852730870247,
    0.01983214169740677,
    0.01909332349896431,
    0.01920112408697605,
    0.019460586830973625,
    0.01973595842719078,
    0.01967647671699524,
    0.01961512304842472,
    0.019192421808838844,
    0.019269293174147606,
    0.01900837942957878,
    0.019557923078536987,
    0.019926302134990692,
    0.01983690820634365
  ],
  "diff_sigma_per_k": [
    6.062737156753428e-08,
    6.929784035492048e-08,
    6.959477616419463e-08,
    7.247303557278428e-08,
    5.474821307416278e-08,
    5.4748813482774494e-08,
    6.326276746904114e-08,
    6.462050095024097e-08,
    7.224844722486523e-08,
    6.748730640993017e-08,
    6.032157529034521e-08,
    5.7256595908938834e-08,
    5.3989960946410065e-08,
    6.207520186762849e-08,
    7.560495163261294e-08,
    7.538248070204645e-08
  ],
  "variance_collapse": false,
  "k_report_idx": {
    "k1": 0,
    "k8": 7,
    "k15": 14
  },
  "spec": {
    "kind": "baseline",
    "baseline_key": [
      0.5,
      39,
      256,
      16
    ],
    "params": {
      "period_P": 256,
      "manifold_dim_D": 16,
      "continuity_center": 39,
      "fidelity_F": 0.97,
      "magnitude_M": 0.0,
      "locality_L": 0.5
    },
    "L_d_main": 2,
    "seed": 12,
    "perk": true,
    "label": "base_loc0.5_c39_P256_D16_s12",
    "out_file": "/mnt/c/Users/Jason/Desktop/Eridos/Weft 2/v2/results/phase1/pilot_Ld2/_runs/base_loc0.5_c39_P256_D16_s12.json"
  }
}