{
  "label": "base_loc0.5_c39_P256_D16_s1",
  "L_d_main": 2,
  "seed": 1,
  "wall_clock_s": 236.52,
  "steps_trained": 10000,
  "final_interval_loss": -2885.740732,
  "nan_inf": false,
  "still_descending": true,
  "stability_flag": "stable",
  "diff_mu": 0.06208918243646622,
  "diff_sigma": 3.720966645914814e-08,
  "diff_mu_aggregate": 0.06208918243646622,
  "diff_sigma_aggregate": 3.720966645914814e-08,
  "diff_mu_per_k": [
    0.06231052801012993,
    0.06170589476823807,
    0.06117550656199455,
    0.06100255995988846,
    0.06229749694466591,
    0.06176435947418213,
    0.0622439943253994,
    0.06234632432460785,
    0.062081873416900635,
    0.061947230249643326,
    0.062461886554956436,
    0.06320831924676895,
    0.062405962496995926,
    0.06282739341259003,
    0.061880923807621,
    0.06176670268177986
  ],
  "diff_sigma_per_k": [
    3.5467909498265726e-08,
    3.800159120714852e-08,
    3.875152998489284e-08,
    3.7010934761383396e-08,
    3.415829397113157e-08,
    4.35162910150666e-08,
    3.503833667650724e-08,
    4.148908772094728e-08,
    3.8969979243574926e-08,
    3.357590117047948e-08,
    4.527365859985366e-08,
    3.1228402974647906e-08,
    2.8251625039388273e-08,
    3.8003836522193524e-08,
    4.034342637737609e-08,
    3.627386746529737e-08
  ],
  "variance_collapse": false,
  "k_report_idx": {
    "k1": 0,
    "k8": 7,
    "k15": 14
  },
  "spec": {
    "kind": "baseline",
    "baseline_key": [
      0.5,
      39,
      256,
      16
    ],
    "params": {
      "period_P": 256,
      "manifold_dim_D": 16,
      "continuity_center": 39,
      "fidelity_F": 0.97,
      "magnitude_M": 0.0,
      "locality_L": 0.5
    },
    "L_d_main": 2,
    "seed": 1,
    "perk": true,
    "label": "base_loc0.5_c39_P256_D16_s1",
    "out_file": "/mnt/c/Users/Jason/Desktop/Eridos/Weft 2/v2/results/phase1/pilot_Ld2/_runs/base_loc0.5_c39_P256_D16_s1.json"
  }
}