{
  "label": "base_loc0.9_c472_P2048_D128_s18",
  "L_d_main": 2,
  "seed": 18,
  "wall_clock_s": 232.27,
  "steps_trained": 10000,
  "final_interval_loss": -3002.407905,
  "nan_inf": false,
  "still_descending": false,
  "stability_flag": "stable",
  "diff_mu": 0.00018915487453341484,
  "diff_sigma": 3.193016684388539e-10,
  "diff_mu_aggregate": 0.00018915487453341484,
  "diff_sigma_aggregate": 3.193016684388539e-10,
  "diff_mu_per_k": [
    0.00019057426834478974,
    0.0001883138611447066,
    0.0001903008233057335,
    0.00019027115195058286,
    0.00018894654931500554,
    0.00018901102885138243,
    0.00018972225370816886,
    0.0001897645415738225,
    0.00018901939620263875,
    0.00018845312297344208,
    0.00019106495892629027,
    0.00018633327272254974,
    0.00018880347488448024,
    0.0001883675140561536,
    0.00018860910495277494,
    0.00018892239313572645
  ],
  "diff_sigma_per_k": [
    3.4259126091562564e-10,
    3.207223930878911e-10,
    3.2525498960822574e-10,
    2.826959222268499e-10,
    3.148702409916382e-10,
    2.894189610191944e-10,
    3.1676369860456077e-10,
    2.9712365900991244e-10,
    3.088816979968101e-10,
    3.1780433840111755e-10,
    3.4685737615447465e-10,
    3.565423789542166e-10,
    3.0899105496473567e-10,
    3.2043662168135256e-10,
    3.267175974208669e-10,
    3.331543929618874e-10
  ],
  "variance_collapse": true,
  "k_report_idx": {
    "k1": 0,
    "k8": 7,
    "k15": 14
  },
  "spec": {
    "kind": "baseline",
    "baseline_key": [
      0.9,
      472,
      2048,
      128
    ],
    "params": {
      "period_P": 2048,
      "manifold_dim_D": 128,
      "continuity_center": 472,
      "fidelity_F": 0.97,
      "magnitude_M": 0.0,
      "locality_L": 0.9
    },
    "L_d_main": 2,
    "seed": 18,
    "perk": true,
    "label": "base_loc0.9_c472_P2048_D128_s18",
    "out_file": "/mnt/c/Users/Jason/Desktop/Eridos/Weft 2/v2/results/phase1/pilot_Ld2/_runs/base_loc0.9_c472_P2048_D128_s18.json"
  }
}