{
  "label": "base_loc0.9_c472_P2048_D128_s15",
  "L_d_main": 2,
  "seed": 15,
  "wall_clock_s": 232.98,
  "steps_trained": 10000,
  "final_interval_loss": -3002.133934,
  "nan_inf": false,
  "still_descending": false,
  "stability_flag": "stable",
  "diff_mu": 0.0001028130209306255,
  "diff_sigma": 7.985236916141503e-10,
  "diff_mu_aggregate": 0.0001028130209306255,
  "diff_sigma_aggregate": 7.985236916141503e-10,
  "diff_mu_per_k": [
    0.00010317757551092654,
    0.00010388289229013026,
    0.00010235218360321596,
    0.00010187669977312908,
    0.0001018891271087341,
    0.00010222993296338245,
    0.00010384029883425683,
    0.00010264726734021679,
    0.0001004973819362931,
    0.0001030886996886693,
    0.00010176379873882979,
    0.00010401268809800968,
    0.00010256400855723768,
    0.00010531938460189849,
    0.00010248459875583649,
    0.00010338173888158053
  ],
  "diff_sigma_per_k": [
    8.402346596270149e-10,
    9.130020073300216e-10,
    7.142627600487117e-10,
    6.8054367696746e-10,
    8.640862469988519e-10,
    7.374657551295627e-10,
    8.581355626091636e-10,
    7.978885885329134e-10,
    8.096190939888004e-10,
    8.015816899131778e-10,
    7.867509421721763e-10,
    7.868578011382965e-10,
    7.801571055843226e-10,
    7.469593277242836e-10,
    8.594020495245047e-10,
    7.994322981375035e-10
  ],
  "variance_collapse": true,
  "k_report_idx": {
    "k1": 0,
    "k8": 7,
    "k15": 14
  },
  "spec": {
    "kind": "baseline",
    "baseline_key": [
      0.9,
      472,
      2048,
      128
    ],
    "params": {
      "period_P": 2048,
      "manifold_dim_D": 128,
      "continuity_center": 472,
      "fidelity_F": 0.97,
      "magnitude_M": 0.0,
      "locality_L": 0.9
    },
    "L_d_main": 2,
    "seed": 15,
    "perk": true,
    "label": "base_loc0.9_c472_P2048_D128_s15",
    "out_file": "/mnt/c/Users/Jason/Desktop/Eridos/Weft 2/v2/results/phase1/pilot_Ld2/_runs/base_loc0.9_c472_P2048_D128_s15.json"
  }
}