{
  "label": "base_loc0.9_c472_P2048_D128_s6",
  "L_d_main": 2,
  "seed": 6,
  "wall_clock_s": 233.8,
  "steps_trained": 10000,
  "final_interval_loss": -3003.040752,
  "nan_inf": false,
  "still_descending": false,
  "stability_flag": "stable",
  "diff_mu": 0.0003187906986568123,
  "diff_sigma": 1.3676644261551019e-09,
  "diff_mu_aggregate": 0.0003187906986568123,
  "diff_sigma_aggregate": 1.3676644261551019e-09,
  "diff_mu_per_k": [
    0.00031827419297769666,
    0.00031818108982406557,
    0.000322962790960446,
    0.0003163978981319815,
    0.0003198628837708384,
    0.00031936255982145667,
    0.00031683110864833,
    0.00031938348547555506,
    0.000320345425279811,
    0.00031712104100733995,
    0.00031712293275631964,
    0.00032012106385082006,
    0.0003171592834405601,
    0.00031717628007754683,
    0.0003206159744877368,
    0.0003197331679984927
  ],
  "diff_sigma_per_k": [
    1.5490385640859472e-09,
    1.4599745856713753e-09,
    1.3868766135516353e-09,
    1.3344062521625233e-09,
    1.2893586198714502e-09,
    1.5033395639463265e-09,
    1.3629547490623395e-09,
    1.351748601940983e-09,
    1.2158890561053681e-09,
    1.2984436859042603e-09,
    1.3688237210374155e-09,
    1.3234179307985983e-09,
    1.2766703250122191e-09,
    1.3656579200826968e-09,
    1.451784359396413e-09,
    1.3442479351866155e-09
  ],
  "variance_collapse": true,
  "k_report_idx": {
    "k1": 0,
    "k8": 7,
    "k15": 14
  },
  "spec": {
    "kind": "baseline",
    "baseline_key": [
      0.9,
      472,
      2048,
      128
    ],
    "params": {
      "period_P": 2048,
      "manifold_dim_D": 128,
      "continuity_center": 472,
      "fidelity_F": 0.97,
      "magnitude_M": 0.0,
      "locality_L": 0.9
    },
    "L_d_main": 2,
    "seed": 6,
    "perk": true,
    "label": "base_loc0.9_c472_P2048_D128_s6",
    "out_file": "/mnt/c/Users/Jason/Desktop/Eridos/Weft 2/v2/results/phase1/pilot_Ld2/_runs/base_loc0.9_c472_P2048_D128_s6.json"
  }
}