{
  "label": "base_loc0.5_c39_P256_D16_s11",
  "L_d_main": 2,
  "seed": 11,
  "wall_clock_s": 232.74,
  "steps_trained": 10000,
  "final_interval_loss": -2839.783019,
  "nan_inf": false,
  "still_descending": true,
  "stability_flag": "stable",
  "diff_mu": 0.14397600293159485,
  "diff_sigma": 7.653971678678317e-09,
  "diff_mu_aggregate": 0.14397600293159485,
  "diff_sigma_aggregate": 7.653971678678317e-09,
  "diff_mu_per_k": [
    0.14399820566177368,
    0.14315277338027954,
    0.14269277453422546,
    0.14406107366085052,
    0.14455243945121765,
    0.14381331205368042,
    0.1438743621110916,
    0.14319634437561035,
    0.14433270692825317,
    0.1433800905942917,
    0.14575868844985962,
    0.1440710574388504,
    0.14518576860427856,
    0.14355264604091644,
    0.14414720237255096,
    0.14384642243385315
  ],
  "diff_sigma_per_k": [
    7.337743745949865e-09,
    7.8256903179863e-09,
    7.789131117874604e-09,
    8.577270449450225e-09,
    7.758539588564872e-09,
    7.301669047166115e-09,
    6.934397944746706e-09,
    7.76005659730572e-09,
    8.913322524506384e-09,
    7.928950829239056e-09,
    7.1164376613808145e-09,
    7.219688402670954e-09,
    6.9160694948777746e-09,
    6.724853562900535e-09,
    8.524006389620808e-09,
    7.835715187809456e-09
  ],
  "variance_collapse": true,
  "k_report_idx": {
    "k1": 0,
    "k8": 7,
    "k15": 14
  },
  "spec": {
    "kind": "baseline",
    "baseline_key": [
      0.5,
      39,
      256,
      16
    ],
    "params": {
      "period_P": 256,
      "manifold_dim_D": 16,
      "continuity_center": 39,
      "fidelity_F": 0.97,
      "magnitude_M": 0.0,
      "locality_L": 0.5
    },
    "L_d_main": 2,
    "seed": 11,
    "perk": true,
    "label": "base_loc0.5_c39_P256_D16_s11",
    "out_file": "/mnt/c/Users/Jason/Desktop/Eridos/Weft 2/v2/results/phase1/pilot_Ld2/_runs/base_loc0.5_c39_P256_D16_s11.json"
  }
}