{
  "label": "base_loc0.3_c3_P32_D4_s0",
  "L_d_main": 2,
  "seed": 0,
  "wall_clock_s": 231.14,
  "steps_trained": 10000,
  "final_interval_loss": -2793.778684,
  "nan_inf": false,
  "still_descending": false,
  "stability_flag": "stable",
  "diff_mu": 0.41504016518592834,
  "diff_sigma": 2.102182463659119e-07,
  "diff_mu_aggregate": 0.41504016518592834,
  "diff_sigma_aggregate": 2.102182463659119e-07,
  "diff_mu_per_k": [
    0.4163733422756195,
    0.41749775409698486,
    0.41693389415740967,
    0.4175932705402374,
    0.41593804955482483,
    0.4125685691833496,
    0.41183826327323914,
    0.4137531518936157,
    0.4161034822463989,
    0.4128768742084503,
    0.41803088784217834,
    0.4165438711643219,
    0.4129464328289032,
    0.415226548910141,
    0.4148806631565094,
    0.4115388095378876
  ],
  "diff_sigma_per_k": [
    1.794537354271597e-07,
    1.5744647896553943e-07,
    1.8417152602978604e-07,
    1.954288393335446e-07,
    1.9713733934167976e-07,
    2.0421425972472207e-07,
    1.9361814906915242e-07,
    1.867638843577879e-07,
    1.725379803474425e-07,
    1.9442357768184593e-07,
    1.9745480983601738e-07,
    2.0163167846476426e-07,
    2.2938947097372875e-07,
    2.514398715902644e-07,
    2.980834210575267e-07,
    3.2029694807533815e-07
  ],
  "variance_collapse": false,
  "k_report_idx": {
    "k1": 0,
    "k8": 7,
    "k15": 14
  },
  "spec": {
    "kind": "baseline",
    "baseline_key": [
      0.3,
      3,
      32,
      4
    ],
    "params": {
      "period_P": 32,
      "manifold_dim_D": 4,
      "continuity_center": 3,
      "fidelity_F": 0.97,
      "magnitude_M": 0.0,
      "locality_L": 0.3
    },
    "L_d_main": 2,
    "seed": 0,
    "perk": true,
    "label": "base_loc0.3_c3_P32_D4_s0",
    "out_file": "/mnt/c/Users/Jason/Desktop/Eridos/Weft 2/v2/results/phase1/pilot_Ld2/_runs/base_loc0.3_c3_P32_D4_s0.json"
  }
}