{
  "label": "base_loc0.3_c3_P32_D4_s1",
  "L_d_main": 2,
  "seed": 1,
  "wall_clock_s": 232.52,
  "steps_trained": 10000,
  "final_interval_loss": -2820.732972,
  "nan_inf": false,
  "still_descending": true,
  "stability_flag": "stable",
  "diff_mu": 0.29946741461753845,
  "diff_sigma": 9.188089933331867e-08,
  "diff_mu_aggregate": 0.29946741461753845,
  "diff_sigma_aggregate": 9.188089933331867e-08,
  "diff_mu_per_k": [
    0.3000597655773163,
    0.2973833382129669,
    0.298016220331192,
    0.29896289110183716,
    0.29814374446868896,
    0.2993294298648834,
    0.29925933480262756,
    0.2991769313812256,
    0.2996026277542114,
    0.29836007952690125,
    0.29953935742378235,
    0.2997554540634155,
    0.29976123571395874,
    0.3005734384059906,
    0.3006586730480194,
    0.3028965890407562
  ],
  "diff_sigma_per_k": [
    8.186128042098062e-08,
    8.463543821335406e-08,
    7.468982943237279e-08,
    7.748025865339514e-08,
    8.344468227505786e-08,
    8.566529885456475e-08,
    8.778992111047046e-08,
    8.980452292917107e-08,
    8.264144923941785e-08,
    7.762387355114697e-08,
    1.0273644335256904e-07,
    8.944810048205909e-08,
    9.703764192181552e-08,
    1.1109936082220884e-07,
    1.1702939417546077e-07,
    1.2710698626960948e-07
  ],
  "variance_collapse": false,
  "k_report_idx": {
    "k1": 0,
    "k8": 7,
    "k15": 14
  },
  "spec": {
    "kind": "baseline",
    "baseline_key": [
      0.3,
      3,
      32,
      4
    ],
    "params": {
      "period_P": 32,
      "manifold_dim_D": 4,
      "continuity_center": 3,
      "fidelity_F": 0.97,
      "magnitude_M": 0.0,
      "locality_L": 0.3
    },
    "L_d_main": 2,
    "seed": 1,
    "perk": true,
    "label": "base_loc0.3_c3_P32_D4_s1",
    "out_file": "/mnt/c/Users/Jason/Desktop/Eridos/Weft 2/v2/results/phase1/pilot_Ld2/_runs/base_loc0.3_c3_P32_D4_s1.json"
  }
}