{
  "label": "base_loc0.5_c39_P256_D4_s10",
  "L_d_main": 2,
  "seed": 10,
  "wall_clock_s": 232.2,
  "steps_trained": 10000,
  "final_interval_loss": -2756.080437,
  "nan_inf": false,
  "still_descending": true,
  "stability_flag": "stable",
  "diff_mu": 0.1743861734867096,
  "diff_sigma": 3.964603934036859e-08,
  "diff_mu_aggregate": 0.1743861734867096,
  "diff_sigma_aggregate": 3.964603934036859e-08,
  "diff_mu_per_k": [
    0.17849405109882355,
    0.1741783320903778,
    0.1730089634656906,
    0.17125901579856873,
    0.17400020360946655,
    0.1732906848192215,
    0.17720690369606018,
    0.17686377465724945,
    0.17504563927650452,
    0.17184509336948395,
    0.17120346426963806,
    0.17394687235355377,
    0.17475345730781555,
    0.17533715069293976,
    0.17563290894031525,
    0.17411214113235474
  ],
  "diff_sigma_per_k": [
    3.24488240721621e-08,
    3.2133986138660475e-08,
    5.134591418709533e-08,
    5.001543357252558e-08,
    4.511269224849457e-08,
    3.4120073877375034e-08,
    3.34553718062125e-08,
    3.853609342741038e-08,
    3.169863305174658e-08,
    4.773242423539159e-08,
    5.1185462979219665e-08,
    4.320533619761591e-08,
    3.554819372197926e-08,
    3.829805450550339e-08,
    2.8378497773928757e-08,
    4.112162699243527e-08
  ],
  "variance_collapse": false,
  "k_report_idx": {
    "k1": 0,
    "k8": 7,
    "k15": 14
  },
  "spec": {
    "kind": "baseline",
    "baseline_key": [
      0.5,
      39,
      256,
      4
    ],
    "params": {
      "period_P": 256,
      "manifold_dim_D": 4,
      "continuity_center": 39,
      "fidelity_F": 0.97,
      "magnitude_M": 0.0,
      "locality_L": 0.5
    },
    "L_d_main": 2,
    "seed": 10,
    "perk": true,
    "label": "base_loc0.5_c39_P256_D4_s10",
    "out_file": "/mnt/c/Users/Jason/Desktop/Eridos/Weft 2/v2/results/phase1/pilot_Ld2/_runs/base_loc0.5_c39_P256_D4_s10.json"
  }
}