{
  "label": "base_loc0.9_c472_P2048_D128_s7",
  "L_d_main": 2,
  "seed": 7,
  "wall_clock_s": 234.07,
  "steps_trained": 10000,
  "final_interval_loss": -3002.27014,
  "nan_inf": false,
  "still_descending": false,
  "stability_flag": "stable",
  "diff_mu": 7.865249062888324e-05,
  "diff_sigma": 9.614158080761825e-11,
  "diff_mu_aggregate": 7.865249062888324e-05,
  "diff_sigma_aggregate": 9.614158080761825e-11,
  "diff_mu_per_k": [
    8.10046840342693e-05,
    7.558446668554097e-05,
    8.188729407265782e-05,
    7.701625872869045e-05,
    7.839440513635054e-05,
    8.001433889148757e-05,
    7.813970296410844e-05,
    7.874407310737297e-05,
    7.830710819689557e-05,
    8.104534936137497e-05,
    7.849989196984097e-05,
    7.774327968945727e-05,
    7.776146958349273e-05,
    7.587967411382124e-05,
    7.953421300044283e-05,
    7.888361142249778e-05
  ],
  "diff_sigma_per_k": [
    9.027357333879493e-11,
    9.183492161168871e-11,
    9.683500529211742e-11,
    8.438184873060806e-11,
    9.030858005854014e-11,
    1.0341131423396988e-10,
    1.1517400921867704e-10,
    8.584345734252707e-11,
    9.395369204856507e-11,
    1.0113341414319521e-10,
    8.524283362509877e-11,
    8.782818916586166e-11,
    1.0185145782326543e-10,
    1.0550969126166265e-10,
    9.963673636148584e-11,
    1.0504652703247075e-10
  ],
  "variance_collapse": true,
  "k_report_idx": {
    "k1": 0,
    "k8": 7,
    "k15": 14
  },
  "spec": {
    "kind": "baseline",
    "baseline_key": [
      0.9,
      472,
      2048,
      128
    ],
    "params": {
      "period_P": 2048,
      "manifold_dim_D": 128,
      "continuity_center": 472,
      "fidelity_F": 0.97,
      "magnitude_M": 0.0,
      "locality_L": 0.9
    },
    "L_d_main": 2,
    "seed": 7,
    "perk": true,
    "label": "base_loc0.9_c472_P2048_D128_s7",
    "out_file": "/mnt/c/Users/Jason/Desktop/Eridos/Weft 2/v2/results/phase1/pilot_Ld2/_runs/base_loc0.9_c472_P2048_D128_s7.json"
  }
}