{
  "label": "base_loc0.9_c472_P2048_D128_s1",
  "L_d_main": 2,
  "seed": 1,
  "wall_clock_s": 234.38,
  "steps_trained": 10000,
  "final_interval_loss": -3000.889942,
  "nan_inf": false,
  "still_descending": false,
  "stability_flag": "stable",
  "diff_mu": 4.890172203886323e-05,
  "diff_sigma": 2.4558638456184667e-10,
  "diff_mu_aggregate": 4.890172203886323e-05,
  "diff_sigma_aggregate": 2.4558638456184667e-10,
  "diff_mu_per_k": [
    5.00548085256014e-05,
    4.941200677421875e-05,
    4.889878982794471e-05,
    4.793209154740907e-05,
    4.913250813842751e-05,
    4.9350710469298065e-05,
    4.807299410458654e-05,
    4.86400313093327e-05,
    4.850411642109975e-05,
    4.8227164370473474e-05,
    4.991517562302761e-05,
    4.8576439439784735e-05,
    4.893367804470472e-05,
    4.837213418795727e-05,
    4.936246477882378e-05,
    4.904254819848575e-05
  ],
  "diff_sigma_per_k": [
    2.67263405850926e-10,
    2.2582649639169006e-10,
    2.5683050131064533e-10,
    2.069186072484186e-10,
    2.424672129741623e-10,
    2.759737438573495e-10,
    2.4553523103598707e-10,
    2.3649757152632844e-10,
    2.190085057751645e-10,
    2.3175666941099848e-10,
    2.949729349666086e-10,
    2.474589977374819e-10,
    2.280240857244209e-10,
    2.2402700528001418e-10,
    2.6221563809158965e-10,
    2.646059482636076e-10
  ],
  "variance_collapse": true,
  "k_report_idx": {
    "k1": 0,
    "k8": 7,
    "k15": 14
  },
  "spec": {
    "kind": "baseline",
    "baseline_key": [
      0.9,
      472,
      2048,
      128
    ],
    "params": {
      "period_P": 2048,
      "manifold_dim_D": 128,
      "continuity_center": 472,
      "fidelity_F": 0.97,
      "magnitude_M": 0.0,
      "locality_L": 0.9
    },
    "L_d_main": 2,
    "seed": 1,
    "perk": true,
    "label": "base_loc0.9_c472_P2048_D128_s1",
    "out_file": "/mnt/c/Users/Jason/Desktop/Eridos/Weft 2/v2/results/phase1/pilot_Ld2/_runs/base_loc0.9_c472_P2048_D128_s1.json"
  }
}