{
  "label": "base_loc0.9_c472_P2048_D128_s17",
  "L_d_main": 2,
  "seed": 17,
  "wall_clock_s": 233.29,
  "steps_trained": 10000,
  "final_interval_loss": -3000.866639,
  "nan_inf": false,
  "still_descending": false,
  "stability_flag": "stable",
  "diff_mu": 5.526075619854964e-05,
  "diff_sigma": 1.8457120554149498e-10,
  "diff_mu_aggregate": 5.526075619854964e-05,
  "diff_sigma_aggregate": 1.8457120554149498e-10,
  "diff_mu_per_k": [
    5.527590838028118e-05,
    5.522138235392049e-05,
    5.455477730720304e-05,
    5.6021050113486126e-05,
    5.519246406038292e-05,
    5.512007555807941e-05,
    5.479415995068848e-05,
    5.480978143168613e-05,
    5.587690247921273e-05,
    5.504619184648618e-05,
    5.55599617655389e-05,
    5.552050788537599e-05,
    5.543629958992824e-05,
    5.5425884056603536e-05,
    5.463636989588849e-05,
    5.568049164139666e-05
  ],
  "diff_sigma_per_k": [
    2.0500089126240795e-10,
    1.910155228435073e-10,
    1.7710180544305842e-10,
    1.623586820542755e-10,
    1.8258183853703258e-10,
    2.049583835983526e-10,
    2.033081897279132e-10,
    1.799183441120178e-10,
    1.7890897097139202e-10,
    1.7585731482139266e-10,
    1.8581862437638819e-10,
    1.7479671876596825e-10,
    1.722851444840856e-10,
    1.7704003540952584e-10,
    1.9489848623877037e-10,
    1.8729032214004349e-10
  ],
  "variance_collapse": true,
  "k_report_idx": {
    "k1": 0,
    "k8": 7,
    "k15": 14
  },
  "spec": {
    "kind": "baseline",
    "baseline_key": [
      0.9,
      472,
      2048,
      128
    ],
    "params": {
      "period_P": 2048,
      "manifold_dim_D": 128,
      "continuity_center": 472,
      "fidelity_F": 0.97,
      "magnitude_M": 0.0,
      "locality_L": 0.9
    },
    "L_d_main": 2,
    "seed": 17,
    "perk": true,
    "label": "base_loc0.9_c472_P2048_D128_s17",
    "out_file": "/mnt/c/Users/Jason/Desktop/Eridos/Weft 2/v2/results/phase1/pilot_Ld2/_runs/base_loc0.9_c472_P2048_D128_s17.json"
  }
}