{
  "label": "base_loc0.5_c19_P256_D16_s15",
  "L_d_main": 2,
  "seed": 15,
  "wall_clock_s": 233.92,
  "steps_trained": 10000,
  "final_interval_loss": -2943.752455,
  "nan_inf": false,
  "still_descending": false,
  "stability_flag": "stable",
  "diff_mu": 0.5814567804336548,
  "diff_sigma": 5.2380467963075716e-08,
  "diff_mu_aggregate": 0.5814567804336548,
  "diff_sigma_aggregate": 5.2380467963075716e-08,
  "diff_mu_per_k": [
    0.5771048069000244,
    0.5770879983901978,
    0.5858471989631653,
    0.5833159685134888,
    0.5892995595932007,
    0.582549512386322,
    0.5875990986824036,
    0.5803207159042358,
    0.5747876167297363,
    0.5694615840911865,
    0.5747724175453186,
    0.5788097381591797,
    0.579855740070343,
    0.5834782123565674,
    0.5885604619979858,
    0.590459406375885
  ],
  "diff_sigma_per_k": [
    3.826911409987588e-08,
    4.00801489774949e-08,
    5.566717220517603e-08,
    5.702212391156536e-08,
    6.850401490510194e-08,
    5.74185889945511e-08,
    6.208300362686714e-08,
    5.2991680377090233e-08,
    3.603947718033851e-08,
    3.107728119289277e-08,
    3.4121431014000336e-08,
    3.199791365204874e-08,
    4.234924233514903e-08,
    6.352573223011859e-08,
    7.903965126843104e-08,
    8.790095762378769e-08
  ],
  "variance_collapse": false,
  "k_report_idx": {
    "k1": 0,
    "k8": 7,
    "k15": 14
  },
  "spec": {
    "kind": "baseline",
    "baseline_key": [
      0.5,
      19,
      256,
      16
    ],
    "params": {
      "period_P": 256,
      "manifold_dim_D": 16,
      "continuity_center": 19,
      "fidelity_F": 0.97,
      "magnitude_M": 0.0,
      "locality_L": 0.5
    },
    "L_d_main": 2,
    "seed": 15,
    "perk": true,
    "label": "base_loc0.5_c19_P256_D16_s15",
    "out_file": "/mnt/c/Users/Jason/Desktop/Eridos/Weft 2/v2/results/phase1/pilot_Ld2/_runs/base_loc0.5_c19_P256_D16_s15.json"
  }
}