{
  "label": "base_loc0.5_c39_P256_D16_s14",
  "L_d_main": 2,
  "seed": 14,
  "wall_clock_s": 236.85,
  "steps_trained": 10000,
  "final_interval_loss": -2820.122338,
  "nan_inf": false,
  "still_descending": true,
  "stability_flag": "stable",
  "diff_mu": 0.05698283389210701,
  "diff_sigma": 5.644293921136523e-08,
  "diff_mu_aggregate": 0.05698283389210701,
  "diff_sigma_aggregate": 5.644293921136523e-08,
  "diff_mu_per_k": [
    0.056790828704833984,
    0.057221364229917526,
    0.0571790374815464,
    0.058055613189935684,
    0.05702924728393555,
    0.055813420563936234,
    0.05713473632931709,
    0.056743841618299484,
    0.05729331821203232,
    0.05741240456700325,
    0.05660652741789818,
    0.056387994438409805,
    0.05642765015363693,
    0.05765027552843094,
    0.05693379417061806,
    0.057045236229896545
  ],
  "diff_sigma_per_k": [
    6.063092428121308e-08,
    5.8389819201920545e-08,
    6.355591608553368e-08,
    5.997415541969531e-08,
    5.998812468988035e-08,
    4.44721273140658e-08,
    5.492932331208067e-08,
    5.5767266360362555e-08,
    6.210805736373004e-08,
    5.963644156281589e-08,
    5.019711224463208e-08,
    5.0312223720538896e-08,
    5.2872962896799436e-08,
    5.764606569869102e-08,
    5.689553006504866e-08,
    5.5710994928404034e-08
  ],
  "variance_collapse": false,
  "k_report_idx": {
    "k1": 0,
    "k8": 7,
    "k15": 14
  },
  "spec": {
    "kind": "baseline",
    "baseline_key": [
      0.5,
      39,
      256,
      16
    ],
    "params": {
      "period_P": 256,
      "manifold_dim_D": 16,
      "continuity_center": 39,
      "fidelity_F": 0.97,
      "magnitude_M": 0.0,
      "locality_L": 0.5
    },
    "L_d_main": 2,
    "seed": 14,
    "perk": true,
    "label": "base_loc0.5_c39_P256_D16_s14",
    "out_file": "/mnt/c/Users/Jason/Desktop/Eridos/Weft 2/v2/results/phase1/pilot_Ld2/_runs/base_loc0.5_c39_P256_D16_s14.json"
  }
}