{
  "label": "base_loc0.5_c39_P256_D4_s2",
  "L_d_main": 2,
  "seed": 2,
  "wall_clock_s": 233.77,
  "steps_trained": 10000,
  "final_interval_loss": -2840.836517,
  "nan_inf": false,
  "still_descending": false,
  "stability_flag": "stable",
  "diff_mu": 0.025310654193162918,
  "diff_sigma": 6.815428221784714e-09,
  "diff_mu_aggregate": 0.025310654193162918,
  "diff_sigma_aggregate": 6.815428221784714e-09,
  "diff_mu_per_k": [
    0.029224280267953873,
    0.028049081563949585,
    0.025417085736989975,
    0.020180830731987953,
    0.019580861553549767,
    0.022294195368885994,
    0.029584165662527084,
    0.031262997537851334,
    0.02812015265226364,
    0.020730020478367805,
    0.018449770286679268,
    0.023860396817326546,
    0.026829417794942856,
    0.028875073418021202,
    0.030752405524253845,
    0.021759677678346634
  ],
  "diff_sigma_per_k": [
    7.123427181454645e-09,
    7.703865101404972e-09,
    8.367050163826661e-09,
    5.979350792273408e-09,
    5.872651698268783e-09,
    5.8890399223798795e-09,
    6.81330636354005e-09,
    8.03719579778317e-09,
    8.48792502949891e-09,
    6.1896243686021535e-09,
    4.801472996973644e-09,
    6.182269363108617e-09,
    6.863047907756936e-09,
    7.636541177191702e-09,
    7.754454856012671e-09,
    5.345626163943962e-09
  ],
  "variance_collapse": true,
  "k_report_idx": {
    "k1": 0,
    "k8": 7,
    "k15": 14
  },
  "spec": {
    "kind": "baseline",
    "baseline_key": [
      0.5,
      39,
      256,
      4
    ],
    "params": {
      "period_P": 256,
      "manifold_dim_D": 4,
      "continuity_center": 39,
      "fidelity_F": 0.97,
      "magnitude_M": 0.0,
      "locality_L": 0.5
    },
    "L_d_main": 2,
    "seed": 2,
    "perk": true,
    "label": "base_loc0.5_c39_P256_D4_s2",
    "out_file": "/mnt/c/Users/Jason/Desktop/Eridos/Weft 2/v2/results/phase1/pilot_Ld2/_runs/base_loc0.5_c39_P256_D4_s2.json"
  }
}