{
  "label": "base_loc0.5_c19_P256_D16_s4",
  "L_d_main": 2,
  "seed": 4,
  "wall_clock_s": 235.95,
  "steps_trained": 10000,
  "final_interval_loss": -2962.61911,
  "nan_inf": false,
  "still_descending": false,
  "stability_flag": "stable",
  "diff_mu": 0.1435648500919342,
  "diff_sigma": 4.8056580936872706e-08,
  "diff_mu_aggregate": 0.1435648500919342,
  "diff_sigma_aggregate": 4.8056580936872706e-08,
  "diff_mu_per_k": [
    0.14331801235675812,
    0.1446784883737564,
    0.14458949863910675,
    0.14375749230384827,
    0.14093126356601715,
    0.14169175922870636,
    0.143807515501976,
    0.1440565139055252,
    0.14544297754764557,
    0.14626967906951904,
    0.1462761014699936,
    0.14569741487503052,
    0.144004225730896,
    0.14176645874977112,
    0.1401291936635971,
    0.1406209021806717
  ],
  "diff_sigma_per_k": [
    3.696156980481646e-08,
    3.933613612616682e-08,
    5.2653877702368845e-08,
    4.9000401958210205e-08,
    5.441375705572682e-08,
    5.620201193323737e-08,
    6.117146966744258e-08,
    4.953935217599792e-08,
    3.907270951231112e-08,
    3.19237472012901e-08,
    2.9840165893801895e-08,
    3.276040061450658e-08,
    3.8251826595114835e-08,
    4.9604203411490744e-08,
    6.310005318255207e-08,
    8.507360149678789e-08
  ],
  "variance_collapse": false,
  "k_report_idx": {
    "k1": 0,
    "k8": 7,
    "k15": 14
  },
  "spec": {
    "kind": "baseline",
    "baseline_key": [
      0.5,
      19,
      256,
      16
    ],
    "params": {
      "period_P": 256,
      "manifold_dim_D": 16,
      "continuity_center": 19,
      "fidelity_F": 0.97,
      "magnitude_M": 0.0,
      "locality_L": 0.5
    },
    "L_d_main": 2,
    "seed": 4,
    "perk": true,
    "label": "base_loc0.5_c19_P256_D16_s4",
    "out_file": "/mnt/c/Users/Jason/Desktop/Eridos/Weft 2/v2/results/phase1/pilot_Ld2/_runs/base_loc0.5_c19_P256_D16_s4.json"
  }
}