{
  "label": "base_loc0.5_c39_P256_D4_s3",
  "L_d_main": 2,
  "seed": 3,
  "wall_clock_s": 235.6,
  "steps_trained": 10000,
  "final_interval_loss": -2745.697522,
  "nan_inf": false,
  "still_descending": false,
  "stability_flag": "stable",
  "diff_mu": 0.03865000233054161,
  "diff_sigma": 3.0726319266705104e-08,
  "diff_mu_aggregate": 0.03865000233054161,
  "diff_sigma_aggregate": 3.0726319266705104e-08,
  "diff_mu_per_k": [
    0.03836867958307266,
    0.03797004744410515,
    0.03841417282819748,
    0.03887379914522171,
    0.03932616487145424,
    0.03887807950377464,
    0.03855001553893089,
    0.0386933758854866,
    0.038225553929805756,
    0.03935646265745163,
    0.039396416395902634,
    0.038871075958013535,
    0.037926435470581055,
    0.03842251002788544,
    0.038633137941360474,
    0.038494084030389786
  ],
  "diff_sigma_per_k": [
    2.757088779503647e-08,
    3.2196240340454096e-08,
    3.0238474835186935e-08,
    3.3583120284674806e-08,
    3.5412675458701415e-08,
    3.154779193437207e-08,
    2.713653834973684e-08,
    2.7189830831275685e-08,
    2.8123938733415343e-08,
    3.1447907389292595e-08,
    4.445797330276946e-08,
    3.276243987215821e-08,
    2.7465398844128686e-08,
    2.4550454114091735e-08,
    2.6831596500187516e-08,
    3.1105816589160895e-08
  ],
  "variance_collapse": false,
  "k_report_idx": {
    "k1": 0,
    "k8": 7,
    "k15": 14
  },
  "spec": {
    "kind": "baseline",
    "baseline_key": [
      0.5,
      39,
      256,
      4
    ],
    "params": {
      "period_P": 256,
      "manifold_dim_D": 4,
      "continuity_center": 39,
      "fidelity_F": 0.97,
      "magnitude_M": 0.0,
      "locality_L": 0.5
    },
    "L_d_main": 2,
    "seed": 3,
    "perk": true,
    "label": "base_loc0.5_c39_P256_D4_s3",
    "out_file": "/mnt/c/Users/Jason/Desktop/Eridos/Weft 2/v2/results/phase1/pilot_Ld2/_runs/base_loc0.5_c39_P256_D4_s3.json"
  }
}