{
  "label": "base_loc0.5_c19_P256_D16_s13",
  "L_d_main": 2,
  "seed": 13,
  "wall_clock_s": 234.92,
  "steps_trained": 10000,
  "final_interval_loss": -2951.980399,
  "nan_inf": false,
  "still_descending": true,
  "stability_flag": "stable",
  "diff_mu": 0.2612851858139038,
  "diff_sigma": 1.8717383909461205e-07,
  "diff_mu_aggregate": 0.2612851858139038,
  "diff_sigma_aggregate": 1.8717383909461205e-07,
  "diff_mu_per_k": [
    0.261729896068573,
    0.2620588541030884,
    0.2614051401615143,
    0.2610374391078949,
    0.2607555687427521,
    0.26143741607666016,
    0.25972896814346313,
    0.2612074017524719,
    0.261505126953125,
    0.2615275979042053,
    0.26217687129974365,
    0.26258090138435364,
    0.26175782084465027,
    0.2606412470340729,
    0.2610706686973572,
    0.25994178652763367
  ],
  "diff_sigma_per_k": [
    1.3039658597335801e-07,
    1.3961999911771272e-07,
    1.89829464147806e-07,
    1.6784933620783704e-07,
    2.0256298682852503e-07,
    2.1738308930707717e-07,
    2.101956226852053e-07,
    2.0754690410740295e-07,
    1.5056784263833833e-07,
    1.5100094685749355e-07,
    1.344348277143581e-07,
    1.4909032586274407e-07,
    1.6117205348109565e-07,
    1.9712507537406054e-07,
    2.3457332076759485e-07,
    3.514330728648929e-07
  ],
  "variance_collapse": false,
  "k_report_idx": {
    "k1": 0,
    "k8": 7,
    "k15": 14
  },
  "spec": {
    "kind": "baseline",
    "baseline_key": [
      0.5,
      19,
      256,
      16
    ],
    "params": {
      "period_P": 256,
      "manifold_dim_D": 16,
      "continuity_center": 19,
      "fidelity_F": 0.97,
      "magnitude_M": 0.0,
      "locality_L": 0.5
    },
    "L_d_main": 2,
    "seed": 13,
    "perk": true,
    "label": "base_loc0.5_c19_P256_D16_s13",
    "out_file": "/mnt/c/Users/Jason/Desktop/Eridos/Weft 2/v2/results/phase1/pilot_Ld2/_runs/base_loc0.5_c19_P256_D16_s13.json"
  }
}