{
  "label": "base_loc0.9_c472_P2048_D128_s14",
  "L_d_main": 2,
  "seed": 14,
  "wall_clock_s": 236.45,
  "steps_trained": 10000,
  "final_interval_loss": -3002.281351,
  "nan_inf": false,
  "still_descending": false,
  "stability_flag": "stable",
  "diff_mu": 5.663312185788527e-05,
  "diff_sigma": 1.1393092719247377e-10,
  "diff_mu_aggregate": 5.663312185788527e-05,
  "diff_sigma_aggregate": 1.1393092719247377e-10,
  "diff_mu_per_k": [
    5.618800059892237e-05,
    5.6434873840771616e-05,
    5.712693746318109e-05,
    5.570781650021672e-05,
    5.65845548408106e-05,
    5.738637992180884e-05,
    5.7932029449148104e-05,
    5.657858491758816e-05,
    5.6791555834934115e-05,
    5.637645153910853e-05,
    5.536046592169441e-05,
    5.7542983995517716e-05,
    5.6759519793558866e-05,
    5.582067751674913e-05,
    5.6043729273369536e-05,
    5.7495224609738216e-05
  ],
  "diff_sigma_per_k": [
    9.724188121396082e-11,
    1.2535943116898096e-10,
    1.187690917836548e-10,
    1.1214674328074992e-10,
    1.3028139678183948e-10,
    1.2165787821594165e-10,
    1.198522253664791e-10,
    1.0020425461609861e-10,
    9.842560100281617e-11,
    1.0830865371236342e-10,
    1.1864771665148766e-10,
    1.0843916042890811e-10,
    1.2287425243950878e-10,
    1.2358458700845176e-10,
    1.0624406909798267e-10,
    1.1085781598252353e-10
  ],
  "variance_collapse": true,
  "k_report_idx": {
    "k1": 0,
    "k8": 7,
    "k15": 14
  },
  "spec": {
    "kind": "baseline",
    "baseline_key": [
      0.9,
      472,
      2048,
      128
    ],
    "params": {
      "period_P": 2048,
      "manifold_dim_D": 128,
      "continuity_center": 472,
      "fidelity_F": 0.97,
      "magnitude_M": 0.0,
      "locality_L": 0.9
    },
    "L_d_main": 2,
    "seed": 14,
    "perk": true,
    "label": "base_loc0.9_c472_P2048_D128_s14",
    "out_file": "/mnt/c/Users/Jason/Desktop/Eridos/Weft 2/v2/results/phase1/pilot_Ld2/_runs/base_loc0.9_c472_P2048_D128_s14.json"
  }
}