{
  "label": "base_loc0.3_c3_P32_D4_s11",
  "L_d_main": 2,
  "seed": 11,
  "wall_clock_s": 233.12,
  "steps_trained": 10000,
  "final_interval_loss": -2837.279404,
  "nan_inf": false,
  "still_descending": true,
  "stability_flag": "stable",
  "diff_mu": 0.2365027815103531,
  "diff_sigma": 1.3613591818284476e-06,
  "diff_mu_aggregate": 0.2365027815103531,
  "diff_sigma_aggregate": 1.3613591818284476e-06,
  "diff_mu_per_k": [
    0.23707476258277893,
    0.23750869929790497,
    0.23722127079963684,
    0.23646073043346405,
    0.2342630922794342,
    0.23910951614379883,
    0.2377186417579651,
    0.23581071197986603,
    0.23719798028469086,
    0.23637814819812775,
    0.2368987500667572,
    0.2357959896326065,
    0.23194080591201782,
    0.23766560852527618,
    0.23690086603164673,
    0.23609912395477295
  ],
  "diff_sigma_per_k": [
    1.161333443633339e-06,
    1.1007892908310168e-06,
    1.1358833944541402e-06,
    1.1899893479494494e-06,
    1.3255697695058188e-06,
    1.280579112972191e-06,
    1.3743446061198483e-06,
    1.2433068832251593e-06,
    1.2716201354123768e-06,
    1.2327991498750634e-06,
    1.2691618849203223e-06,
    1.442382313143753e-06,
    1.555759581606253e-06,
    1.5559912753815297e-06,
    1.7509963754491764e-06,
    1.891241254270426e-06
  ],
  "variance_collapse": false,
  "k_report_idx": {
    "k1": 0,
    "k8": 7,
    "k15": 14
  },
  "spec": {
    "kind": "baseline",
    "baseline_key": [
      0.3,
      3,
      32,
      4
    ],
    "params": {
      "period_P": 32,
      "manifold_dim_D": 4,
      "continuity_center": 3,
      "fidelity_F": 0.97,
      "magnitude_M": 0.0,
      "locality_L": 0.3
    },
    "L_d_main": 2,
    "seed": 11,
    "perk": true,
    "label": "base_loc0.3_c3_P32_D4_s11",
    "out_file": "/mnt/c/Users/Jason/Desktop/Eridos/Weft 2/v2/results/phase1/pilot_Ld2/_runs/base_loc0.3_c3_P32_D4_s11.json"
  }
}