{
  "label": "base_loc0.5_c19_P256_D16_s9",
  "L_d_main": 2,
  "seed": 9,
  "wall_clock_s": 234.82,
  "steps_trained": 10000,
  "final_interval_loss": -2960.301354,
  "nan_inf": false,
  "still_descending": false,
  "stability_flag": "stable",
  "diff_mu": 0.41877394914627075,
  "diff_sigma": 3.000294555022265e-07,
  "diff_mu_aggregate": 0.41877394914627075,
  "diff_sigma_aggregate": 3.000294555022265e-07,
  "diff_mu_per_k": [
    0.4180482029914856,
    0.419768363237381,
    0.42029914259910583,
    0.41781631112098694,
    0.41630637645721436,
    0.41691017150878906,
    0.41713809967041016,
    0.41729360818862915,
    0.42139536142349243,
    0.4203813076019287,
    0.4236760437488556,
    0.4209948182106018,
    0.42130446434020996,
    0.4189603626728058,
    0.41523098945617676,
    0.4148597717285156
  ],
  "diff_sigma_per_k": [
    2.4700619860595907e-07,
    2.534957275202032e-07,
    2.670345509159233e-07,
    2.977906206069747e-07,
    3.709244538185885e-07,
    3.46493663982983e-07,
    3.3321018122478563e-07,
    3.2692656759536476e-07,
    2.5145143922600255e-07,
    2.3059651255152858e-07,
    2.110523666942754e-07,
    2.334066380171862e-07,
    2.5637035605541314e-07,
    3.2984425502036174e-07,
    3.923586859855277e-07,
    4.5250880020830664e-07
  ],
  "variance_collapse": false,
  "k_report_idx": {
    "k1": 0,
    "k8": 7,
    "k15": 14
  },
  "spec": {
    "kind": "baseline",
    "baseline_key": [
      0.5,
      19,
      256,
      16
    ],
    "params": {
      "period_P": 256,
      "manifold_dim_D": 16,
      "continuity_center": 19,
      "fidelity_F": 0.97,
      "magnitude_M": 0.0,
      "locality_L": 0.5
    },
    "L_d_main": 2,
    "seed": 9,
    "perk": true,
    "label": "base_loc0.5_c19_P256_D16_s9",
    "out_file": "/mnt/c/Users/Jason/Desktop/Eridos/Weft 2/v2/results/phase1/pilot_Ld2/_runs/base_loc0.5_c19_P256_D16_s9.json"
  }
}