{
  "label": "base_loc0.3_c3_P32_D4_s10",
  "L_d_main": 2,
  "seed": 10,
  "wall_clock_s": 235.45,
  "steps_trained": 10000,
  "final_interval_loss": -2844.420596,
  "nan_inf": false,
  "still_descending": true,
  "stability_flag": "stable",
  "diff_mu": 0.1410435438156128,
  "diff_sigma": 1.4573075191037788e-07,
  "diff_mu_aggregate": 0.1410435438156128,
  "diff_sigma_aggregate": 1.4573075191037788e-07,
  "diff_mu_per_k": [
    0.1421285718679428,
    0.14163784682750702,
    0.14204077422618866,
    0.1411321759223938,
    0.14118969440460205,
    0.14158055186271667,
    0.14126785099506378,
    0.14242996275424957,
    0.14246676862239838,
    0.14176538586616516,
    0.1415644735097885,
    0.14047665894031525,
    0.1400793343782425,
    0.1399349719285965,
    0.1383362114429474,
    0.13866521418094635
  ],
  "diff_sigma_per_k": [
    1.1900953467147701e-07,
    1.1746961092740094e-07,
    1.307444961184956e-07,
    1.5024460253698635e-07,
    1.562930833642895e-07,
    1.3685799160612078e-07,
    1.4331321551708243e-07,
    1.1800948129803146e-07,
    1.057408596238929e-07,
    1.3877713911369938e-07,
    1.2036939267545677e-07,
    1.4317188856693974e-07,
    1.6198886498841603e-07,
    1.7132207119630039e-07,
    1.9330714451371023e-07,
    2.250727106911654e-07
  ],
  "variance_collapse": false,
  "k_report_idx": {
    "k1": 0,
    "k8": 7,
    "k15": 14
  },
  "spec": {
    "kind": "baseline",
    "baseline_key": [
      0.3,
      3,
      32,
      4
    ],
    "params": {
      "period_P": 32,
      "manifold_dim_D": 4,
      "continuity_center": 3,
      "fidelity_F": 0.97,
      "magnitude_M": 0.0,
      "locality_L": 0.3
    },
    "L_d_main": 2,
    "seed": 10,
    "perk": true,
    "label": "base_loc0.3_c3_P32_D4_s10",
    "out_file": "/mnt/c/Users/Jason/Desktop/Eridos/Weft 2/v2/results/phase1/pilot_Ld2/_runs/base_loc0.3_c3_P32_D4_s10.json"
  }
}