{
  "label": "base_loc0.3_c3_P32_D4_s8",
  "L_d_main": 2,
  "seed": 8,
  "wall_clock_s": 235.12,
  "steps_trained": 10000,
  "final_interval_loss": -2756.608082,
  "nan_inf": false,
  "still_descending": false,
  "stability_flag": "stable",
  "diff_mu": 1.7552769184112549,
  "diff_sigma": 1.0193753041676246e-05,
  "diff_mu_aggregate": 1.7552769184112549,
  "diff_sigma_aggregate": 1.0193753041676246e-05,
  "diff_mu_per_k": [
    1.7544059753417969,
    1.754752516746521,
    1.7559621334075928,
    1.758476734161377,
    1.7604889869689941,
    1.753206729888916,
    1.7611781358718872,
    1.7632954120635986,
    1.7680952548980713,
    1.7551296949386597,
    1.7656290531158447,
    1.7574726343154907,
    1.7506661415100098,
    1.7347863912582397,
    1.7451845407485962,
    1.7457035779953003
  ],
  "diff_sigma_per_k": [
    9.28099689190276e-06,
    8.85874942468945e-06,
    1.0044310329249129e-05,
    9.64876471698517e-06,
    9.300420060753822e-06,
    1.0446522537677083e-05,
    9.707816388981882e-06,
    1.0104230568686035e-05,
    9.569377652951516e-06,
    9.662247975938953e-06,
    1.045619046635693e-05,
    9.725830750539899e-06,
    1.1362347322574351e-05,
    1.16253313535708e-05,
    1.078221157513326e-05,
    1.2524709745775908e-05
  ],
  "variance_collapse": false,
  "k_report_idx": {
    "k1": 0,
    "k8": 7,
    "k15": 14
  },
  "spec": {
    "kind": "baseline",
    "baseline_key": [
      0.3,
      3,
      32,
      4
    ],
    "params": {
      "period_P": 32,
      "manifold_dim_D": 4,
      "continuity_center": 3,
      "fidelity_F": 0.97,
      "magnitude_M": 0.0,
      "locality_L": 0.3
    },
    "L_d_main": 2,
    "seed": 8,
    "perk": true,
    "label": "base_loc0.3_c3_P32_D4_s8",
    "out_file": "/mnt/c/Users/Jason/Desktop/Eridos/Weft 2/v2/results/phase1/pilot_Ld2/_runs/base_loc0.3_c3_P32_D4_s8.json"
  }
}