{
  "label": "base_loc0.5_c19_P256_D16_s14",
  "L_d_main": 2,
  "seed": 14,
  "wall_clock_s": 236.19,
  "steps_trained": 10000,
  "final_interval_loss": -2971.274513,
  "nan_inf": false,
  "still_descending": false,
  "stability_flag": "stable",
  "diff_mu": 0.29996296763420105,
  "diff_sigma": 4.65134277760626e-08,
  "diff_mu_aggregate": 0.29996296763420105,
  "diff_sigma_aggregate": 4.65134277760626e-08,
  "diff_mu_per_k": [
    0.2946723401546478,
    0.2982654273509979,
    0.2991008460521698,
    0.30419227480888367,
    0.3027724325656891,
    0.30184048414230347,
    0.3012251555919647,
    0.2971482574939728,
    0.29682740569114685,
    0.29667919874191284,
    0.29572349786758423,
    0.2962164282798767,
    0.29915010929107666,
    0.3021964430809021,
    0.3065759837627411,
    0.3068210482597351
  ],
  "diff_sigma_per_k": [
    3.558169936468403e-08,
    3.879409504747855e-08,
    3.827550543178404e-08,
    5.3520544440743834e-08,
    4.8661092932889005e-08,
    5.439601480361489e-08,
    5.217540888224903e-08,
    4.537976039387104e-08,
    3.802008308184668e-08,
    3.333057563281727e-08,
    3.1843789827235014e-08,
    3.258568526121053e-08,
    4.1451549748217076e-08,
    5.390748469835671e-08,
    7.058851281271927e-08,
    7.570301363557519e-08
  ],
  "variance_collapse": false,
  "k_report_idx": {
    "k1": 0,
    "k8": 7,
    "k15": 14
  },
  "spec": {
    "kind": "baseline",
    "baseline_key": [
      0.5,
      19,
      256,
      16
    ],
    "params": {
      "period_P": 256,
      "manifold_dim_D": 16,
      "continuity_center": 19,
      "fidelity_F": 0.97,
      "magnitude_M": 0.0,
      "locality_L": 0.5
    },
    "L_d_main": 2,
    "seed": 14,
    "perk": true,
    "label": "base_loc0.5_c19_P256_D16_s14",
    "out_file": "/mnt/c/Users/Jason/Desktop/Eridos/Weft 2/v2/results/phase1/pilot_Ld2/_runs/base_loc0.5_c19_P256_D16_s14.json"
  }
}