{
  "label": "base_loc0.5_c39_P256_D4_s8",
  "L_d_main": 2,
  "seed": 8,
  "wall_clock_s": 232.01,
  "steps_trained": 10000,
  "final_interval_loss": -2795.967072,
  "nan_inf": false,
  "still_descending": false,
  "stability_flag": "stable",
  "diff_mu": 0.2770184278488159,
  "diff_sigma": 3.298383433048002e-08,
  "diff_mu_aggregate": 0.2770184278488159,
  "diff_sigma_aggregate": 3.298383433048002e-08,
  "diff_mu_per_k": [
    0.23830540478229523,
    0.23274455964565277,
    0.2388603389263153,
    0.31785932183265686,
    0.34904924035072327,
    0.337945818901062,
    0.2676685154438019,
    0.2351551055908203,
    0.23424272239208221,
    0.27615079283714294,
    0.3307243585586548,
    0.3391594886779785,
    0.316738098859787,
    0.24376221001148224,
    0.2379041314125061,
    0.23602509498596191
  ],
  "diff_sigma_per_k": [
    2.857535719158477e-08,
    2.8915243532878776e-08,
    3.533819636913904e-08,
    3.656682423525126e-08,
    3.8879058195107064e-08,
    3.4030332329848534e-08,
    3.011312088574414e-08,
    3.0732863365301455e-08,
    2.9722821537347954e-08,
    3.5501681594496404e-08,
    4.110940921009387e-08,
    3.3804042232077336e-08,
    3.861988062681121e-08,
    2.5286592375550754e-08,
    3.064556253207229e-08,
    2.990035952166181e-08
  ],
  "variance_collapse": false,
  "k_report_idx": {
    "k1": 0,
    "k8": 7,
    "k15": 14
  },
  "spec": {
    "kind": "baseline",
    "baseline_key": [
      0.5,
      39,
      256,
      4
    ],
    "params": {
      "period_P": 256,
      "manifold_dim_D": 4,
      "continuity_center": 39,
      "fidelity_F": 0.97,
      "magnitude_M": 0.0,
      "locality_L": 0.5
    },
    "L_d_main": 2,
    "seed": 8,
    "perk": true,
    "label": "base_loc0.5_c39_P256_D4_s8",
    "out_file": "/mnt/c/Users/Jason/Desktop/Eridos/Weft 2/v2/results/phase1/pilot_Ld2/_runs/base_loc0.5_c39_P256_D4_s8.json"
  }
}