{
  "label": "base_loc0.5_c39_P256_D16_s9",
  "L_d_main": 2,
  "seed": 9,
  "wall_clock_s": 234.72,
  "steps_trained": 10000,
  "final_interval_loss": -2735.927713,
  "nan_inf": false,
  "still_descending": false,
  "stability_flag": "stable",
  "diff_mu": 0.05152835696935654,
  "diff_sigma": 6.679351827187929e-08,
  "diff_mu_aggregate": 0.05152835696935654,
  "diff_sigma_aggregate": 6.679351827187929e-08,
  "diff_mu_per_k": [
    0.05204682797193527,
    0.051304496824741364,
    0.05140663683414459,
    0.05124492570757866,
    0.0518098846077919,
    0.051897428929805756,
    0.05208468437194824,
    0.05135611817240715,
    0.05163474753499031,
    0.051538802683353424,
    0.051576580852270126,
    0.05147941783070564,
    0.05093691870570183,
    0.05181269720196724,
    0.051090534776449203,
    0.051233064383268356
  ],
  "diff_sigma_per_k": [
    6.044915323855093e-08,
    7.262839574195823e-08,
    7.489137487937114e-08,
    7.011866642869791e-08,
    5.896395194326942e-08,
    6.089745596682405e-08,
    5.8167533012465356e-08,
    6.897666793292956e-08,
    7.180511829574243e-08,
    7.094592291423396e-08,
    6.757657189382371e-08,
    6.33079366707534e-08,
    6.501038285477989e-08,
    5.971864425191598e-08,
    7.469014207117652e-08,
    7.054843109699505e-08
  ],
  "variance_collapse": false,
  "k_report_idx": {
    "k1": 0,
    "k8": 7,
    "k15": 14
  },
  "spec": {
    "kind": "baseline",
    "baseline_key": [
      0.5,
      39,
      256,
      16
    ],
    "params": {
      "period_P": 256,
      "manifold_dim_D": 16,
      "continuity_center": 39,
      "fidelity_F": 0.97,
      "magnitude_M": 0.0,
      "locality_L": 0.5
    },
    "L_d_main": 2,
    "seed": 9,
    "perk": true,
    "label": "base_loc0.5_c39_P256_D16_s9",
    "out_file": "/mnt/c/Users/Jason/Desktop/Eridos/Weft 2/v2/results/phase1/pilot_Ld2/_runs/base_loc0.5_c39_P256_D16_s9.json"
  }
}