{
  "label": "base_loc0.9_c472_P2048_D128_s8",
  "L_d_main": 2,
  "seed": 8,
  "wall_clock_s": 233.64,
  "steps_trained": 10000,
  "final_interval_loss": -2999.484494,
  "nan_inf": false,
  "still_descending": false,
  "stability_flag": "stable",
  "diff_mu": 5.8911056839860976e-05,
  "diff_sigma": 7.668820439787893e-11,
  "diff_mu_aggregate": 5.8911056839860976e-05,
  "diff_sigma_aggregate": 7.668820439787893e-11,
  "diff_mu_per_k": [
    5.9463829529704526e-05,
    6.0816368204541504e-05,
    5.891192995477468e-05,
    5.802423402201384e-05,
    6.041219239705242e-05,
    5.994716411805712e-05,
    5.830383088323288e-05,
    5.986210817354731e-05,
    5.739953485317528e-05,
    5.681302718585357e-05,
    5.922655327594839e-05,
    6.151060370029882e-05,
    5.852566391695291e-05,
    5.826612323289737e-05,
    5.800142389489338e-05,
    5.709229299100116e-05
  ],
  "diff_sigma_per_k": [
    9.179667442849038e-11,
    8.412549823422211e-11,
    9.505582432289827e-11,
    6.679058695002738e-11,
    6.195519097751401e-11,
    6.160356252893351e-11,
    9.353975233272749e-11,
    5.857144630416755e-11,
    6.732755325478124e-11,
    8.673371743039837e-11,
    6.96512708620034e-11,
    9.332637440628844e-11,
    6.624538417820958e-11,
    7.075787178401072e-11,
    8.047443961212153e-11,
    7.905612275926899e-11
  ],
  "variance_collapse": true,
  "k_report_idx": {
    "k1": 0,
    "k8": 7,
    "k15": 14
  },
  "spec": {
    "kind": "baseline",
    "baseline_key": [
      0.9,
      472,
      2048,
      128
    ],
    "params": {
      "period_P": 2048,
      "manifold_dim_D": 128,
      "continuity_center": 472,
      "fidelity_F": 0.97,
      "magnitude_M": 0.0,
      "locality_L": 0.9
    },
    "L_d_main": 2,
    "seed": 8,
    "perk": true,
    "label": "base_loc0.9_c472_P2048_D128_s8",
    "out_file": "/mnt/c/Users/Jason/Desktop/Eridos/Weft 2/v2/results/phase1/pilot_Ld2/_runs/base_loc0.9_c472_P2048_D128_s8.json"
  }
}