{
  "label": "base_loc0.9_c472_P2048_D128_s3",
  "L_d_main": 2,
  "seed": 3,
  "wall_clock_s": 234.12,
  "steps_trained": 10000,
  "final_interval_loss": -3002.619272,
  "nan_inf": false,
  "still_descending": false,
  "stability_flag": "stable",
  "diff_mu": 3.725001806742512e-05,
  "diff_sigma": 2.213155700370173e-11,
  "diff_mu_aggregate": 3.725001806742512e-05,
  "diff_sigma_aggregate": 2.213155700370173e-11,
  "diff_mu_per_k": [
    3.75276395061519e-05,
    3.75314884877298e-05,
    3.766852387343533e-05,
    3.724298585439101e-05,
    3.736911094165407e-05,
    3.833350638160482e-05,
    3.804390144068748e-05,
    3.710478631546721e-05,
    3.661129449028522e-05,
    3.667626151582226e-05,
    3.7578131014015526e-05,
    3.732429468072951e-05,
    3.643690070020966e-05,
    3.647231278591789e-05,
    3.7050100218039006e-05,
    3.702900357893668e-05
  ],
  "diff_sigma_per_k": [
    2.2958914283610632e-11,
    2.2776135144564336e-11,
    2.1196678093304833e-11,
    2.264173050436913e-11,
    1.8162825410339423e-11,
    2.051375735945271e-11,
    2.1960216631256024e-11,
    2.025411782735631e-11,
    1.881056768682221e-11,
    2.7641382238652312e-11,
    2.1270710887089095e-11,
    2.1421114881903236e-11,
    2.4684863528245948e-11,
    2.2175965924686736e-11,
    2.8829494347348827e-11,
    1.8806418228267674e-11
  ],
  "variance_collapse": true,
  "k_report_idx": {
    "k1": 0,
    "k8": 7,
    "k15": 14
  },
  "spec": {
    "kind": "baseline",
    "baseline_key": [
      0.9,
      472,
      2048,
      128
    ],
    "params": {
      "period_P": 2048,
      "manifold_dim_D": 128,
      "continuity_center": 472,
      "fidelity_F": 0.97,
      "magnitude_M": 0.0,
      "locality_L": 0.9
    },
    "L_d_main": 2,
    "seed": 3,
    "perk": true,
    "label": "base_loc0.9_c472_P2048_D128_s3",
    "out_file": "/mnt/c/Users/Jason/Desktop/Eridos/Weft 2/v2/results/phase1/pilot_Ld2/_runs/base_loc0.9_c472_P2048_D128_s3.json"
  }
}