{
  "label": "base_loc0.3_c3_P32_D4_s6",
  "L_d_main": 2,
  "seed": 6,
  "wall_clock_s": 231.73,
  "steps_trained": 10000,
  "final_interval_loss": -2825.764915,
  "nan_inf": false,
  "still_descending": true,
  "stability_flag": "stable",
  "diff_mu": 0.29674097895622253,
  "diff_sigma": 3.8174584915395826e-07,
  "diff_mu_aggregate": 0.29674097895622253,
  "diff_sigma_aggregate": 3.8174584915395826e-07,
  "diff_mu_per_k": [
    0.29615482687950134,
    0.2971057593822479,
    0.2945452928543091,
    0.295300155878067,
    0.29735198616981506,
    0.2931775450706482,
    0.29881301522254944,
    0.2979339063167572,
    0.2995317578315735,
    0.2941630780696869,
    0.2949920892715454,
    0.2953430116176605,
    0.2950628399848938,
    0.2983062267303467,
    0.3005532920360565,
    0.2995206415653229
  ],
  "diff_sigma_per_k": [
    2.7890655474038795e-07,
    3.263995438373968e-07,
    3.31926486296652e-07,
    3.2534833849240385e-07,
    3.5133749065607844e-07,
    3.894933513493015e-07,
    3.650456790182943e-07,
    4.0761281638879154e-07,
    3.672979858038161e-07,
    3.517850188927696e-07,
    3.8888239828338556e-07,
    3.3009740718625835e-07,
    3.6471695352702227e-07,
    4.808754852092534e-07,
    4.6009881771169603e-07,
    5.881090032744396e-07
  ],
  "variance_collapse": false,
  "k_report_idx": {
    "k1": 0,
    "k8": 7,
    "k15": 14
  },
  "spec": {
    "kind": "baseline",
    "baseline_key": [
      0.3,
      3,
      32,
      4
    ],
    "params": {
      "period_P": 32,
      "manifold_dim_D": 4,
      "continuity_center": 3,
      "fidelity_F": 0.97,
      "magnitude_M": 0.0,
      "locality_L": 0.3
    },
    "L_d_main": 2,
    "seed": 6,
    "perk": true,
    "label": "base_loc0.3_c3_P32_D4_s6",
    "out_file": "/mnt/c/Users/Jason/Desktop/Eridos/Weft 2/v2/results/phase1/pilot_Ld2/_runs/base_loc0.3_c3_P32_D4_s6.json"
  }
}