{
  "label": "base_loc0.5_c39_P256_D4_s4",
  "L_d_main": 2,
  "seed": 4,
  "wall_clock_s": 234.33,
  "steps_trained": 10000,
  "final_interval_loss": -2737.058676,
  "nan_inf": false,
  "still_descending": false,
  "stability_flag": "stable",
  "diff_mu": 0.19928574562072754,
  "diff_sigma": 7.266955037721345e-08,
  "diff_mu_aggregate": 0.19928574562072754,
  "diff_sigma_aggregate": 7.266955037721345e-08,
  "diff_mu_per_k": [
    0.19866600632667542,
    0.19968298077583313,
    0.18943654000759125,
    0.20539461076259613,
    0.22226610779762268,
    0.20125530660152435,
    0.1969819962978363,
    0.19785544276237488,
    0.2012476772069931,
    0.19455063343048096,
    0.21152415871620178,
    0.20667557418346405,
    0.18997648358345032,
    0.19324523210525513,
    0.19241854548454285,
    0.18739458918571472
  ],
  "diff_sigma_per_k": [
    7.371335897232711e-08,
    7.559833647974301e-08,
    7.141781566133432e-08,
    8.707588960987778e-08,
    8.767811010557125e-08,
    6.793553808392971e-08,
    6.182595768677857e-08,
    5.841927830374516e-08,
    7.578810112818246e-08,
    7.662178802547714e-08,
    9.036958914521165e-08,
    7.150531899924317e-08,
    6.813805697447606e-08,
    6.762076054656063e-08,
    6.18754896208884e-08,
    6.712941313935517e-08
  ],
  "variance_collapse": false,
  "k_report_idx": {
    "k1": 0,
    "k8": 7,
    "k15": 14
  },
  "spec": {
    "kind": "baseline",
    "baseline_key": [
      0.5,
      39,
      256,
      4
    ],
    "params": {
      "period_P": 256,
      "manifold_dim_D": 4,
      "continuity_center": 39,
      "fidelity_F": 0.97,
      "magnitude_M": 0.0,
      "locality_L": 0.5
    },
    "L_d_main": 2,
    "seed": 4,
    "perk": true,
    "label": "base_loc0.5_c39_P256_D4_s4",
    "out_file": "/mnt/c/Users/Jason/Desktop/Eridos/Weft 2/v2/results/phase1/pilot_Ld2/_runs/base_loc0.5_c39_P256_D4_s4.json"
  }
}