{
  "label": "base_loc0.5_c39_P256_D16_s19",
  "L_d_main": 2,
  "seed": 19,
  "wall_clock_s": 234.07,
  "steps_trained": 10000,
  "final_interval_loss": -2865.867763,
  "nan_inf": false,
  "still_descending": true,
  "stability_flag": "stable",
  "diff_mu": 0.07472417503595352,
  "diff_sigma": 1.1807924238382839e-07,
  "diff_mu_aggregate": 0.07472417503595352,
  "diff_sigma_aggregate": 1.1807924238382839e-07,
  "diff_mu_per_k": [
    0.07454574853181839,
    0.07507753372192383,
    0.0748833492398262,
    0.07500961422920227,
    0.07433966547250748,
    0.07452995330095291,
    0.07486691325902939,
    0.07486458122730255,
    0.07566875219345093,
    0.07474581152200699,
    0.07387738674879074,
    0.07412631809711456,
    0.07478907704353333,
    0.07462338358163834,
    0.0750608742237091,
    0.07457785308361053
  ],
  "diff_sigma_per_k": [
    1.0924259896682997e-07,
    1.1820601031331535e-07,
    1.348844591575471e-07,
    1.193854615166856e-07,
    9.975057935207587e-08,
    1.0934129335282705e-07,
    1.1035250224722404e-07,
    1.2949537619988405e-07,
    1.4005627235746942e-07,
    1.2677315908149467e-07,
    1.0710315478945631e-07,
    1.0590073173943892e-07,
    1.1594513438240028e-07,
    1.2030973550736235e-07,
    1.1979497571701359e-07,
    1.2272658977963147e-07
  ],
  "variance_collapse": false,
  "k_report_idx": {
    "k1": 0,
    "k8": 7,
    "k15": 14
  },
  "spec": {
    "kind": "baseline",
    "baseline_key": [
      0.5,
      39,
      256,
      16
    ],
    "params": {
      "period_P": 256,
      "manifold_dim_D": 16,
      "continuity_center": 39,
      "fidelity_F": 0.97,
      "magnitude_M": 0.0,
      "locality_L": 0.5
    },
    "L_d_main": 2,
    "seed": 19,
    "perk": true,
    "label": "base_loc0.5_c39_P256_D16_s19",
    "out_file": "/mnt/c/Users/Jason/Desktop/Eridos/Weft 2/v2/results/phase1/pilot_Ld2/_runs/base_loc0.5_c39_P256_D16_s19.json"
  }
}