{
  "label": "base_loc0.5_c19_P256_D16_s18",
  "L_d_main": 2,
  "seed": 18,
  "wall_clock_s": 233.58,
  "steps_trained": 10000,
  "final_interval_loss": -2952.229409,
  "nan_inf": false,
  "still_descending": false,
  "stability_flag": "stable",
  "diff_mu": 0.09400409460067749,
  "diff_sigma": 3.699089745623496e-07,
  "diff_mu_aggregate": 0.09400409460067749,
  "diff_sigma_aggregate": 3.699089745623496e-07,
  "diff_mu_per_k": [
    0.09352915734052658,
    0.09453635662794113,
    0.09492386877536774,
    0.0944700837135315,
    0.09406129270792007,
    0.0937771126627922,
    0.09223567694425583,
    0.09330141544342041,
    0.0936531126499176,
    0.09420058876276016,
    0.0958254337310791,
    0.09580910205841064,
    0.0939725711941719,
    0.09440458565950394,
    0.09320772439241409,
    0.09215755760669708
  ],
  "diff_sigma_per_k": [
    3.091408018462971e-07,
    3.2564511798227613e-07,
    2.8397269602464803e-07,
    3.190311588241457e-07,
    4.366228552044049e-07,
    4.013566012872616e-07,
    5.173160957383516e-07,
    3.9801071238798613e-07,
    3.758779598683759e-07,
    3.3089207818193245e-07,
    2.479329168636468e-07,
    2.7071507702203235e-07,
    3.374523771526583e-07,
    3.9478277358284686e-07,
    4.652144980354933e-07,
    5.045800435254932e-07
  ],
  "variance_collapse": false,
  "k_report_idx": {
    "k1": 0,
    "k8": 7,
    "k15": 14
  },
  "spec": {
    "kind": "baseline",
    "baseline_key": [
      0.5,
      19,
      256,
      16
    ],
    "params": {
      "period_P": 256,
      "manifold_dim_D": 16,
      "continuity_center": 19,
      "fidelity_F": 0.97,
      "magnitude_M": 0.0,
      "locality_L": 0.5
    },
    "L_d_main": 2,
    "seed": 18,
    "perk": true,
    "label": "base_loc0.5_c19_P256_D16_s18",
    "out_file": "/mnt/c/Users/Jason/Desktop/Eridos/Weft 2/v2/results/phase1/pilot_Ld2/_runs/base_loc0.5_c19_P256_D16_s18.json"
  }
}