{
  "label": "base_loc0.5_c19_P256_D16_s7",
  "L_d_main": 2,
  "seed": 7,
  "wall_clock_s": 234.25,
  "steps_trained": 10000,
  "final_interval_loss": -2974.033528,
  "nan_inf": false,
  "still_descending": false,
  "stability_flag": "stable",
  "diff_mu": 0.11291655898094177,
  "diff_sigma": 6.483056580464108e-08,
  "diff_mu_aggregate": 0.11291655898094177,
  "diff_sigma_aggregate": 6.483056580464108e-08,
  "diff_mu_per_k": [
    0.11506504565477371,
    0.11271852999925613,
    0.11201481521129608,
    0.11174985766410828,
    0.11141658574342728,
    0.11265114694833755,
    0.11223570257425308,
    0.11379873752593994,
    0.11480026692152023,
    0.11484356969594955,
    0.11429467052221298,
    0.11356960982084274,
    0.11199244111776352,
    0.11171948164701462,
    0.11214440315961838,
    0.1116500273346901
  ],
  "diff_sigma_per_k": [
    4.7420673610076847e-08,
    5.505581768261436e-08,
    5.6494840805498825e-08,
    6.367172034060786e-08,
    8.405422846635702e-08,
    7.093784404332837e-08,
    7.565659387864798e-08,
    6.229858229289675e-08,
    5.6818834082150715e-08,
    4.8968882282451887e-08,
    3.977771356744597e-08,
    4.7245659828831776e-08,
    5.8133210245614464e-08,
    7.882549368787295e-08,
    7.508933919098126e-08,
    1.168396153161666e-07
  ],
  "variance_collapse": false,
  "k_report_idx": {
    "k1": 0,
    "k8": 7,
    "k15": 14
  },
  "spec": {
    "kind": "baseline",
    "baseline_key": [
      0.5,
      19,
      256,
      16
    ],
    "params": {
      "period_P": 256,
      "manifold_dim_D": 16,
      "continuity_center": 19,
      "fidelity_F": 0.97,
      "magnitude_M": 0.0,
      "locality_L": 0.5
    },
    "L_d_main": 2,
    "seed": 7,
    "perk": true,
    "label": "base_loc0.5_c19_P256_D16_s7",
    "out_file": "/mnt/c/Users/Jason/Desktop/Eridos/Weft 2/v2/results/phase1/pilot_Ld2/_runs/base_loc0.5_c19_P256_D16_s7.json"
  }
}