{
  "label": "base_loc0.5_c19_P256_D16_s8",
  "L_d_main": 2,
  "seed": 8,
  "wall_clock_s": 232.16,
  "steps_trained": 10000,
  "final_interval_loss": -2934.785197,
  "nan_inf": false,
  "still_descending": false,
  "stability_flag": "stable",
  "diff_mu": 0.10077662765979767,
  "diff_sigma": 7.216122810405068e-08,
  "diff_mu_aggregate": 0.10077662765979767,
  "diff_sigma_aggregate": 7.216122810405068e-08,
  "diff_mu_per_k": [
    0.10056748241186142,
    0.10095354914665222,
    0.10110936313867569,
    0.10026010870933533,
    0.10132759064435959,
    0.09978735446929932,
    0.10125210881233215,
    0.10186434537172318,
    0.10039504617452621,
    0.10116846114397049,
    0.1007724478840828,
    0.10125255584716797,
    0.10019440948963165,
    0.10054510831832886,
    0.10049634426832199,
    0.10047974437475204
  ],
  "diff_sigma_per_k": [
    5.017626847347856e-08,
    5.6452364560755086e-08,
    5.881408782215658e-08,
    8.374883719852733e-08,
    8.132518303227698e-08,
    9.917999221897844e-08,
    8.472961354755171e-08,
    6.952121367476138e-08,
    6.71560869136556e-08,
    4.1545412443610985e-08,
    3.931187819716797e-08,
    4.424522259682817e-08,
    6.37284927051951e-08,
    7.956646896900565e-08,
    8.830635778167562e-08,
    1.4677210913305316e-07
  ],
  "variance_collapse": false,
  "k_report_idx": {
    "k1": 0,
    "k8": 7,
    "k15": 14
  },
  "spec": {
    "kind": "baseline",
    "baseline_key": [
      0.5,
      19,
      256,
      16
    ],
    "params": {
      "period_P": 256,
      "manifold_dim_D": 16,
      "continuity_center": 19,
      "fidelity_F": 0.97,
      "magnitude_M": 0.0,
      "locality_L": 0.5
    },
    "L_d_main": 2,
    "seed": 8,
    "perk": true,
    "label": "base_loc0.5_c19_P256_D16_s8",
    "out_file": "/mnt/c/Users/Jason/Desktop/Eridos/Weft 2/v2/results/phase1/pilot_Ld2/_runs/base_loc0.5_c19_P256_D16_s8.json"
  }
}