{
  "label": "base_loc0.5_c39_P256_D16_s3",
  "L_d_main": 2,
  "seed": 3,
  "wall_clock_s": 232.61,
  "steps_trained": 10000,
  "final_interval_loss": -2908.853229,
  "nan_inf": false,
  "still_descending": true,
  "stability_flag": "stable",
  "diff_mu": 0.2048245668411255,
  "diff_sigma": 9.896457697777805e-08,
  "diff_mu_aggregate": 0.2048245668411255,
  "diff_sigma_aggregate": 9.896457697777805e-08,
  "diff_mu_per_k": [
    0.2042464166879654,
    0.20740102231502533,
    0.2050980180501938,
    0.20333682000637054,
    0.2039315402507782,
    0.2027156502008438,
    0.2048434466123581,
    0.20618000626564026,
    0.20455734431743622,
    0.20685289800167084,
    0.2060963362455368,
    0.2035456895828247,
    0.20266930758953094,
    0.20432038605213165,
    0.20671318471431732,
    0.2046850174665451
  ],
  "diff_sigma_per_k": [
    9.825782143479955e-08,
    1.1223224305467738e-07,
    1.1147093204044722e-07,
    9.439295212132492e-08,
    9.178591398040226e-08,
    8.008512963897374e-08,
    9.601433248462854e-08,
    1.0713130649264713e-07,
    9.445570725574726e-08,
    1.0625039692513383e-07,
    1.1330708105106169e-07,
    8.049675415122692e-08,
    9.114897636663954e-08,
    9.076221374471061e-08,
    1.1174063274665968e-07,
    1.0390080262823176e-07
  ],
  "variance_collapse": false,
  "k_report_idx": {
    "k1": 0,
    "k8": 7,
    "k15": 14
  },
  "spec": {
    "kind": "baseline",
    "baseline_key": [
      0.5,
      39,
      256,
      16
    ],
    "params": {
      "period_P": 256,
      "manifold_dim_D": 16,
      "continuity_center": 39,
      "fidelity_F": 0.97,
      "magnitude_M": 0.0,
      "locality_L": 0.5
    },
    "L_d_main": 2,
    "seed": 3,
    "perk": true,
    "label": "base_loc0.5_c39_P256_D16_s3",
    "out_file": "/mnt/c/Users/Jason/Desktop/Eridos/Weft 2/v2/results/phase1/pilot_Ld2/_runs/base_loc0.5_c39_P256_D16_s3.json"
  }
}