{
  "label": "base_loc0.5_c39_P256_D16_s8",
  "L_d_main": 2,
  "seed": 8,
  "wall_clock_s": 232.79,
  "steps_trained": 10000,
  "final_interval_loss": -2749.969094,
  "nan_inf": false,
  "still_descending": true,
  "stability_flag": "stable",
  "diff_mu": 0.006541129667311907,
  "diff_sigma": 4.974946232749744e-09,
  "diff_mu_aggregate": 0.006541129667311907,
  "diff_sigma_aggregate": 4.974946232749744e-09,
  "diff_mu_per_k": [
    0.006544233299791813,
    0.006612200755625963,
    0.006587133277207613,
    0.006510590203106403,
    0.006504030432552099,
    0.006517555098980665,
    0.006512023508548737,
    0.006570042576640844,
    0.006576125044375658,
    0.006582872476428747,
    0.006574470084160566,
    0.006493187043815851,
    0.006461841519922018,
    0.0065482244826853275,
    0.0065425485372543335,
    0.006520988419651985
  ],
  "diff_sigma_per_k": [
    4.594153057979611e-09,
    6.053132661776317e-09,
    5.521824331111702e-09,
    4.7237431743951674e-09,
    4.771225192712336e-09,
    4.227518779487127e-09,
    5.10818010113212e-09,
    4.801515185448579e-09,
    5.551371362599866e-09,
    5.622381671344101e-09,
    4.7574042483233825e-09,
    4.139081521969956e-09,
    4.150555898974062e-09,
    4.750262849739784e-09,
    5.626425547688996e-09,
    5.200365471580426e-09
  ],
  "variance_collapse": true,
  "k_report_idx": {
    "k1": 0,
    "k8": 7,
    "k15": 14
  },
  "spec": {
    "kind": "baseline",
    "baseline_key": [
      0.5,
      39,
      256,
      16
    ],
    "params": {
      "period_P": 256,
      "manifold_dim_D": 16,
      "continuity_center": 39,
      "fidelity_F": 0.97,
      "magnitude_M": 0.0,
      "locality_L": 0.5
    },
    "L_d_main": 2,
    "seed": 8,
    "perk": true,
    "label": "base_loc0.5_c39_P256_D16_s8",
    "out_file": "/mnt/c/Users/Jason/Desktop/Eridos/Weft 2/v2/results/phase1/pilot_Ld2/_runs/base_loc0.5_c39_P256_D16_s8.json"
  }
}