{
  "label": "base_loc0.3_c3_P32_D4_s19",
  "L_d_main": 2,
  "seed": 19,
  "wall_clock_s": 233.97,
  "steps_trained": 10000,
  "final_interval_loss": -2713.687763,
  "nan_inf": false,
  "still_descending": false,
  "stability_flag": "stable",
  "diff_mu": 0.3931647539138794,
  "diff_sigma": 3.832064408015867e-07,
  "diff_mu_aggregate": 0.3931647539138794,
  "diff_sigma_aggregate": 3.832064408015867e-07,
  "diff_mu_per_k": [
    0.39187702536582947,
    0.3926623463630676,
    0.3939532935619354,
    0.3935902416706085,
    0.3924955129623413,
    0.3932482898235321,
    0.391803115606308,
    0.39344239234924316,
    0.3917487859725952,
    0.3940671980381012,
    0.39480865001678467,
    0.3943440318107605,
    0.3923797309398651,
    0.3944258987903595,
    0.3918694853782654,
    0.39392051100730896
  ],
  "diff_sigma_per_k": [
    3.2819357898006274e-07,
    3.2380179959545785e-07,
    3.32759782395442e-07,
    3.1883155315881595e-07,
    3.127797754132189e-07,
    3.055303068322246e-07,
    3.679335520700988e-07,
    3.8261089230218204e-07,
    3.9251315797628195e-07,
    2.9079396313136385e-07,
    3.6232503930477833e-07,
    3.935255961096118e-07,
    4.396971462483634e-07,
    4.884878421762551e-07,
    5.137177936376247e-07,
    5.778012450718961e-07
  ],
  "variance_collapse": false,
  "k_report_idx": {
    "k1": 0,
    "k8": 7,
    "k15": 14
  },
  "spec": {
    "kind": "baseline",
    "baseline_key": [
      0.3,
      3,
      32,
      4
    ],
    "params": {
      "period_P": 32,
      "manifold_dim_D": 4,
      "continuity_center": 3,
      "fidelity_F": 0.97,
      "magnitude_M": 0.0,
      "locality_L": 0.3
    },
    "L_d_main": 2,
    "seed": 19,
    "perk": true,
    "label": "base_loc0.3_c3_P32_D4_s19",
    "out_file": "/mnt/c/Users/Jason/Desktop/Eridos/Weft 2/v2/results/phase1/pilot_Ld2/_runs/base_loc0.3_c3_P32_D4_s19.json"
  }
}