{
  "label": "base_loc0.9_c472_P2048_D128_s4",
  "L_d_main": 2,
  "seed": 4,
  "wall_clock_s": 234.52,
  "steps_trained": 10000,
  "final_interval_loss": -3002.377257,
  "nan_inf": false,
  "still_descending": false,
  "stability_flag": "stable",
  "diff_mu": 3.3101656299550086e-05,
  "diff_sigma": 1.2585968378608925e-10,
  "diff_mu_aggregate": 3.3101656299550086e-05,
  "diff_sigma_aggregate": 1.2585968378608925e-10,
  "diff_mu_per_k": [
    3.362642019055784e-05,
    3.2926905987551436e-05,
    3.288182779215276e-05,
    3.3293734304606915e-05,
    3.3145275665447116e-05,
    3.334252687636763e-05,
    3.2619860576232895e-05,
    3.298175579402596e-05,
    3.3205171348527074e-05,
    3.29504837282002e-05,
    3.316409856779501e-05,
    3.284240301582031e-05,
    3.310748434159905e-05,
    3.3222459023818374e-05,
    3.293838381068781e-05,
    3.3377782528987154e-05
  ],
  "diff_sigma_per_k": [
    1.2362187662429136e-10,
    1.543837557793637e-10,
    1.235787999709359e-10,
    1.1278939587855419e-10,
    1.0472540890038573e-10,
    1.4077534971068673e-10,
    1.3261051978741278e-10,
    1.1311111075551494e-10,
    1.0692594726302573e-10,
    1.5337053849151516e-10,
    1.2694108264543758e-10,
    1.4943594972560703e-10,
    1.2520384728986755e-10,
    1.121921791580327e-10,
    1.1489077050841345e-10,
    1.1919822073824804e-10
  ],
  "variance_collapse": true,
  "k_report_idx": {
    "k1": 0,
    "k8": 7,
    "k15": 14
  },
  "spec": {
    "kind": "baseline",
    "baseline_key": [
      0.9,
      472,
      2048,
      128
    ],
    "params": {
      "period_P": 2048,
      "manifold_dim_D": 128,
      "continuity_center": 472,
      "fidelity_F": 0.97,
      "magnitude_M": 0.0,
      "locality_L": 0.9
    },
    "L_d_main": 2,
    "seed": 4,
    "perk": true,
    "label": "base_loc0.9_c472_P2048_D128_s4",
    "out_file": "/mnt/c/Users/Jason/Desktop/Eridos/Weft 2/v2/results/phase1/pilot_Ld2/_runs/base_loc0.9_c472_P2048_D128_s4.json"
  }
}