{
  "label": "base_loc0.3_c3_P32_D4_s5",
  "L_d_main": 2,
  "seed": 5,
  "wall_clock_s": 231.46,
  "steps_trained": 10000,
  "final_interval_loss": -2757.719284,
  "nan_inf": false,
  "still_descending": true,
  "stability_flag": "stable",
  "diff_mu": 0.1509401500225067,
  "diff_sigma": 1.892782108825486e-07,
  "diff_mu_aggregate": 0.1509401500225067,
  "diff_sigma_aggregate": 1.892782108825486e-07,
  "diff_mu_per_k": [
    0.15010282397270203,
    0.15147294104099274,
    0.15041619539260864,
    0.15014250576496124,
    0.15160143375396729,
    0.15053720772266388,
    0.1511463075876236,
    0.14846736192703247,
    0.15108326077461243,
    0.15102766454219818,
    0.15027199685573578,
    0.1529308259487152,
    0.151119202375412,
    0.1510387510061264,
    0.15235239267349243,
    0.15133164823055267
  ],
  "diff_sigma_per_k": [
    1.7346562231068674e-07,
    1.723830962419015e-07,
    1.7943024488431547e-07,
    1.7220645531779155e-07,
    1.6885759634988062e-07,
    1.6529789093056024e-07,
    1.7719793277137796e-07,
    1.805900922136061e-07,
    2.0135989586833603e-07,
    1.6583969397743203e-07,
    1.982693333957286e-07,
    1.8884065866586752e-07,
    2.112133330456345e-07,
    2.0245991549927567e-07,
    2.3010964866898576e-07,
    2.4092994976854243e-07
  ],
  "variance_collapse": false,
  "k_report_idx": {
    "k1": 0,
    "k8": 7,
    "k15": 14
  },
  "spec": {
    "kind": "baseline",
    "baseline_key": [
      0.3,
      3,
      32,
      4
    ],
    "params": {
      "period_P": 32,
      "manifold_dim_D": 4,
      "continuity_center": 3,
      "fidelity_F": 0.97,
      "magnitude_M": 0.0,
      "locality_L": 0.3
    },
    "L_d_main": 2,
    "seed": 5,
    "perk": true,
    "label": "base_loc0.3_c3_P32_D4_s5",
    "out_file": "/mnt/c/Users/Jason/Desktop/Eridos/Weft 2/v2/results/phase1/pilot_Ld2/_runs/base_loc0.3_c3_P32_D4_s5.json"
  }
}