{
  "label": "base_loc0.5_c19_P256_D16_s17",
  "L_d_main": 2,
  "seed": 17,
  "wall_clock_s": 234.95,
  "steps_trained": 10000,
  "final_interval_loss": -2950.067448,
  "nan_inf": false,
  "still_descending": false,
  "stability_flag": "stable",
  "diff_mu": 0.2650630474090576,
  "diff_sigma": 2.653307831224083e-07,
  "diff_mu_aggregate": 0.2650630474090576,
  "diff_sigma_aggregate": 2.653307831224083e-07,
  "diff_mu_per_k": [
    0.26443809270858765,
    0.2651440501213074,
    0.2640697956085205,
    0.2652890682220459,
    0.26546338200569153,
    0.2657971680164337,
    0.26475051045417786,
    0.264347642660141,
    0.2650690972805023,
    0.2633633315563202,
    0.2648041844367981,
    0.2652529180049896,
    0.26549890637397766,
    0.26437583565711975,
    0.26738661527633667,
    0.2659578025341034
  ],
  "diff_sigma_per_k": [
    2.129212077761622e-07,
    2.0676618817105918e-07,
    2.1685873718979565e-07,
    2.3114625946618617e-07,
    3.140492594866373e-07,
    3.0747239065931353e-07,
    3.049012775591109e-07,
    2.6538532438280527e-07,
    2.2107047925601364e-07,
    1.9300894393836643e-07,
    1.8453650341143657e-07,
    1.840610792669395e-07,
    2.522596957987844e-07,
    2.973835933062219e-07,
    3.8883911201992305e-07,
    4.6463253511319635e-07
  ],
  "variance_collapse": false,
  "k_report_idx": {
    "k1": 0,
    "k8": 7,
    "k15": 14
  },
  "spec": {
    "kind": "baseline",
    "baseline_key": [
      0.5,
      19,
      256,
      16
    ],
    "params": {
      "period_P": 256,
      "manifold_dim_D": 16,
      "continuity_center": 19,
      "fidelity_F": 0.97,
      "magnitude_M": 0.0,
      "locality_L": 0.5
    },
    "L_d_main": 2,
    "seed": 17,
    "perk": true,
    "label": "base_loc0.5_c19_P256_D16_s17",
    "out_file": "/mnt/c/Users/Jason/Desktop/Eridos/Weft 2/v2/results/phase1/pilot_Ld2/_runs/base_loc0.5_c19_P256_D16_s17.json"
  }
}