{
  "label": "base_loc0.5_c39_P256_D4_s18",
  "L_d_main": 2,
  "seed": 18,
  "wall_clock_s": 232.21,
  "steps_trained": 10000,
  "final_interval_loss": -2886.768817,
  "nan_inf": false,
  "still_descending": true,
  "stability_flag": "stable",
  "diff_mu": 0.019124608486890793,
  "diff_sigma": 3.885936550318547e-08,
  "diff_mu_aggregate": 0.019124608486890793,
  "diff_sigma_aggregate": 3.885936550318547e-08,
  "diff_mu_per_k": [
    0.01936444453895092,
    0.01931658387184143,
    0.019038187339901924,
    0.01899186335504055,
    0.01897958293557167,
    0.019009139388799667,
    0.01927705854177475,
    0.019471770152449608,
    0.018948735669255257,
    0.01888151653110981,
    0.019235800951719284,
    0.018670493736863136,
    0.019312845543026924,
    0.019015805795788765,
    0.019229348748922348,
    0.019250551238656044
  ],
  "diff_sigma_per_k": [
    3.612151644460937e-08,
    3.7014022069570274e-08,
    3.791494052052258e-08,
    4.287976196337695e-08,
    4.730100044980645e-08,
    3.701151385371304e-08,
    3.556795036274707e-08,
    3.3346204020290315e-08,
    3.439299689489417e-08,
    3.8760465059795024e-08,
    4.066881587050375e-08,
    4.288724753109818e-08,
    3.968823136801802e-08,
    3.708762719156766e-08,
    4.118647467521441e-08,
    3.992110819694972e-08
  ],
  "variance_collapse": false,
  "k_report_idx": {
    "k1": 0,
    "k8": 7,
    "k15": 14
  },
  "spec": {
    "kind": "baseline",
    "baseline_key": [
      0.5,
      39,
      256,
      4
    ],
    "params": {
      "period_P": 256,
      "manifold_dim_D": 4,
      "continuity_center": 39,
      "fidelity_F": 0.97,
      "magnitude_M": 0.0,
      "locality_L": 0.5
    },
    "L_d_main": 2,
    "seed": 18,
    "perk": true,
    "label": "base_loc0.5_c39_P256_D4_s18",
    "out_file": "/mnt/c/Users/Jason/Desktop/Eridos/Weft 2/v2/results/phase1/pilot_Ld2/_runs/base_loc0.5_c39_P256_D4_s18.json"
  }
}