{
  "label": "base_loc0.9_c472_P2048_D128_s0",
  "L_d_main": 2,
  "seed": 0,
  "wall_clock_s": 235.77,
  "steps_trained": 10000,
  "final_interval_loss": -3000.882575,
  "nan_inf": false,
  "still_descending": false,
  "stability_flag": "stable",
  "diff_mu": 0.00010220823605777696,
  "diff_sigma": 1.9196687642275556e-11,
  "diff_mu_aggregate": 0.00010220823605777696,
  "diff_sigma_aggregate": 1.9196687642275556e-11,
  "diff_mu_per_k": [
    0.00010285513417329639,
    0.00010082119115395471,
    0.00010228255268884823,
    0.00010210014443146065,
    0.00010133152682101354,
    0.00010350845695938915,
    0.00010363306500948966,
    0.00010127448331331834,
    0.00010282232688041404,
    0.00010352637036703527,
    0.00010360069427406415,
    0.00010103877866640687,
    0.00010015560837928206,
    0.00010292397200828418,
    0.00010068077244795859,
    0.00010277672845404595
  ],
  "diff_sigma_per_k": [
    1.724998616170481e-11,
    2.0370104908407072e-11,
    1.8519928646210104e-11,
    2.2139342442661913e-11,
    1.4384207366879842e-11,
    2.6749387427305038e-11,
    2.5270468009819247e-11,
    1.899378571090793e-11,
    1.616667043291553e-11,
    2.0603879713476658e-11,
    1.919613773493367e-11,
    1.479153605155048e-11,
    1.6879117895052254e-11,
    1.874394563172732e-11,
    1.8187272868286364e-11,
    1.890123647874109e-11
  ],
  "variance_collapse": true,
  "k_report_idx": {
    "k1": 0,
    "k8": 7,
    "k15": 14
  },
  "spec": {
    "kind": "baseline",
    "baseline_key": [
      0.9,
      472,
      2048,
      128
    ],
    "params": {
      "period_P": 2048,
      "manifold_dim_D": 128,
      "continuity_center": 472,
      "fidelity_F": 0.97,
      "magnitude_M": 0.0,
      "locality_L": 0.9
    },
    "L_d_main": 2,
    "seed": 0,
    "perk": true,
    "label": "base_loc0.9_c472_P2048_D128_s0",
    "out_file": "/mnt/c/Users/Jason/Desktop/Eridos/Weft 2/v2/results/phase1/pilot_Ld2/_runs/base_loc0.9_c472_P2048_D128_s0.json"
  }
}