{
  "label": "base_loc0.9_c472_P2048_D128_s2",
  "L_d_main": 2,
  "seed": 2,
  "wall_clock_s": 234.27,
  "steps_trained": 10000,
  "final_interval_loss": -3002.556726,
  "nan_inf": false,
  "still_descending": false,
  "stability_flag": "stable",
  "diff_mu": 0.0004215150256641209,
  "diff_sigma": 2.5635014111458077e-09,
  "diff_mu_aggregate": 0.0004215150256641209,
  "diff_sigma_aggregate": 2.5635014111458077e-09,
  "diff_mu_per_k": [
    0.0004224474250804633,
    0.0004191406478639692,
    0.000420573225710541,
    0.0004158653609920293,
    0.0004214342625346035,
    0.0004292974481359124,
    0.00042074371594935656,
    0.00042082538129761815,
    0.00041608052561059594,
    0.0004245942400302738,
    0.0004242099239490926,
    0.0004172977351117879,
    0.0004201265692245215,
    0.0004211508494336158,
    0.00042595353443175554,
    0.00042449921602383256
  ],
  "diff_sigma_per_k": [
    2.7291209292457097e-09,
    2.7533439972415863e-09,
    2.53682297390867e-09,
    2.441428614829988e-09,
    2.6374256112404737e-09,
    3.0252060856383878e-09,
    2.5577027162881905e-09,
    2.170480239982453e-09,
    2.1405202055291284e-09,
    2.5973401207579627e-09,
    2.5608748455141495e-09,
    2.2942396871172832e-09,
    2.4924238228862805e-09,
    2.4312645230395447e-09,
    2.580655911188501e-09,
    3.0671705175677744e-09
  ],
  "variance_collapse": true,
  "k_report_idx": {
    "k1": 0,
    "k8": 7,
    "k15": 14
  },
  "spec": {
    "kind": "baseline",
    "baseline_key": [
      0.9,
      472,
      2048,
      128
    ],
    "params": {
      "period_P": 2048,
      "manifold_dim_D": 128,
      "continuity_center": 472,
      "fidelity_F": 0.97,
      "magnitude_M": 0.0,
      "locality_L": 0.9
    },
    "L_d_main": 2,
    "seed": 2,
    "perk": true,
    "label": "base_loc0.9_c472_P2048_D128_s2",
    "out_file": "/mnt/c/Users/Jason/Desktop/Eridos/Weft 2/v2/results/phase1/pilot_Ld2/_runs/base_loc0.9_c472_P2048_D128_s2.json"
  }
}