{
  "label": "base_loc0.5_c39_P256_D4_s11",
  "L_d_main": 2,
  "seed": 11,
  "wall_clock_s": 231.59,
  "steps_trained": 10000,
  "final_interval_loss": -2810.49629,
  "nan_inf": false,
  "still_descending": true,
  "stability_flag": "stable",
  "diff_mu": 0.02506427839398384,
  "diff_sigma": 3.3119127440528473e-09,
  "diff_mu_aggregate": 0.02506427839398384,
  "diff_sigma_aggregate": 3.3119127440528473e-09,
  "diff_mu_per_k": [
    0.025869840756058693,
    0.026164131239056587,
    0.025518780574202538,
    0.024309255182743073,
    0.02339870110154152,
    0.02431555464863777,
    0.024120451882481575,
    0.026066819205880165,
    0.02696187235414982,
    0.025885658338665962,
    0.02495476044714451,
    0.024065732955932617,
    0.023561779409646988,
    0.024665888398885727,
    0.025122398510575294,
    0.02604682371020317
  ],
  "diff_sigma_per_k": [
    3.6997640506797325e-09,
    3.6426621718987917e-09,
    3.081210175892579e-09,
    3.0593447775117966e-09,
    3.1604774353155562e-09,
    3.1493736507570702e-09,
    2.9167297466159425e-09,
    3.3639477869940038e-09,
    4.11451717141631e-09,
    3.6888223586828417e-09,
    3.231464429376274e-09,
    3.0991722521633847e-09,
    2.8642164195957776e-09,
    3.088881816992739e-09,
    3.19460147224504e-09,
    3.6354173005292978e-09
  ],
  "variance_collapse": true,
  "k_report_idx": {
    "k1": 0,
    "k8": 7,
    "k15": 14
  },
  "spec": {
    "kind": "baseline",
    "baseline_key": [
      0.5,
      39,
      256,
      4
    ],
    "params": {
      "period_P": 256,
      "manifold_dim_D": 4,
      "continuity_center": 39,
      "fidelity_F": 0.97,
      "magnitude_M": 0.0,
      "locality_L": 0.5
    },
    "L_d_main": 2,
    "seed": 11,
    "perk": true,
    "label": "base_loc0.5_c39_P256_D4_s11",
    "out_file": "/mnt/c/Users/Jason/Desktop/Eridos/Weft 2/v2/results/phase1/pilot_Ld2/_runs/base_loc0.5_c39_P256_D4_s11.json"
  }
}