{
  "label": "base_loc0.5_c39_P256_D4_s12",
  "L_d_main": 2,
  "seed": 12,
  "wall_clock_s": 233.68,
  "steps_trained": 10000,
  "final_interval_loss": -2733.320975,
  "nan_inf": false,
  "still_descending": false,
  "stability_flag": "stable",
  "diff_mu": 0.10421666502952576,
  "diff_sigma": 2.548634370214131e-07,
  "diff_mu_aggregate": 0.10421666502952576,
  "diff_sigma_aggregate": 2.548634370214131e-07,
  "diff_mu_per_k": [
    0.10353297740221024,
    0.10060346871614456,
    0.10397672653198242,
    0.10269658267498016,
    0.10230620205402374,
    0.10314492881298065,
    0.10480937361717224,
    0.1046917587518692,
    0.10303208976984024,
    0.10580527782440186,
    0.1045723706483841,
    0.10627089440822601,
    0.10886111110448837,
    0.10505201667547226,
    0.10439973324537277,
    0.10371112078428268
  ],
  "diff_sigma_per_k": [
    2.1822408768912283e-07,
    2.580653699624236e-07,
    2.3318750663747778e-07,
    4.0024903569246817e-07,
    2.414620894342079e-07,
    2.6032932964881184e-07,
    2.429049743568612e-07,
    2.3422069261869183e-07,
    2.8722431011374283e-07,
    2.668087688562082e-07,
    2.9346730912038765e-07,
    1.7866393875465292e-07,
    1.934148912141609e-07,
    2.185370249208063e-07,
    2.6455924739821057e-07,
    2.864965438220679e-07
  ],
  "variance_collapse": false,
  "k_report_idx": {
    "k1": 0,
    "k8": 7,
    "k15": 14
  },
  "spec": {
    "kind": "baseline",
    "baseline_key": [
      0.5,
      39,
      256,
      4
    ],
    "params": {
      "period_P": 256,
      "manifold_dim_D": 4,
      "continuity_center": 39,
      "fidelity_F": 0.97,
      "magnitude_M": 0.0,
      "locality_L": 0.5
    },
    "L_d_main": 2,
    "seed": 12,
    "perk": true,
    "label": "base_loc0.5_c39_P256_D4_s12",
    "out_file": "/mnt/c/Users/Jason/Desktop/Eridos/Weft 2/v2/results/phase1/pilot_Ld2/_runs/base_loc0.5_c39_P256_D4_s12.json"
  }
}