{
  "label": "base_loc0.5_c39_P256_D16_s5",
  "L_d_main": 2,
  "seed": 5,
  "wall_clock_s": 231.95,
  "steps_trained": 10000,
  "final_interval_loss": -2848.669018,
  "nan_inf": false,
  "still_descending": false,
  "stability_flag": "stable",
  "diff_mu": 0.1230890154838562,
  "diff_sigma": 8.177274679610491e-08,
  "diff_mu_aggregate": 0.1230890154838562,
  "diff_sigma_aggregate": 8.177274679610491e-08,
  "diff_mu_per_k": [
    0.1232784241437912,
    0.12304459512233734,
    0.12329034507274628,
    0.12288711220026016,
    0.12218832969665527,
    0.12313708662986755,
    0.12276411801576614,
    0.12372657656669617,
    0.12353948503732681,
    0.12356120347976685,
    0.1242922693490982,
    0.12246029824018478,
    0.12225823849439621,
    0.12373100966215134,
    0.12230180203914642,
    0.12296333909034729
  ],
  "diff_sigma_per_k": [
    8.219839031653464e-08,
    7.752962716267575e-08,
    9.853332016973582e-08,
    9.884405471893842e-08,
    7.227573206591842e-08,
    5.899787325347461e-08,
    7.885310537858459e-08,
    8.44228011942505e-08,
    9.5970449365268e-08,
    8.732298084623835e-08,
    8.985214350332171e-08,
    8.062939826913862e-08,
    6.68353621335882e-08,
    7.0244205119252e-08,
    7.738593410522299e-08,
    8.846856047739493e-08
  ],
  "variance_collapse": false,
  "k_report_idx": {
    "k1": 0,
    "k8": 7,
    "k15": 14
  },
  "spec": {
    "kind": "baseline",
    "baseline_key": [
      0.5,
      39,
      256,
      16
    ],
    "params": {
      "period_P": 256,
      "manifold_dim_D": 16,
      "continuity_center": 39,
      "fidelity_F": 0.97,
      "magnitude_M": 0.0,
      "locality_L": 0.5
    },
    "L_d_main": 2,
    "seed": 5,
    "perk": true,
    "label": "base_loc0.5_c39_P256_D16_s5",
    "out_file": "/mnt/c/Users/Jason/Desktop/Eridos/Weft 2/v2/results/phase1/pilot_Ld2/_runs/base_loc0.5_c39_P256_D16_s5.json"
  }
}