{
  "label": "base_loc0.5_c19_P256_D16_s2",
  "L_d_main": 2,
  "seed": 2,
  "wall_clock_s": 233.18,
  "steps_trained": 10000,
  "final_interval_loss": -2958.319283,
  "nan_inf": false,
  "still_descending": true,
  "stability_flag": "stable",
  "diff_mu": 0.03713861480355263,
  "diff_sigma": 9.07641428682382e-09,
  "diff_mu_aggregate": 0.03713861480355263,
  "diff_sigma_aggregate": 9.07641428682382e-09,
  "diff_mu_per_k": [
    0.0369417779147625,
    0.0368533730506897,
    0.036765098571777344,
    0.03726530820131302,
    0.03719641640782356,
    0.037536974996328354,
    0.03706260398030281,
    0.03692333772778511,
    0.037018753588199615,
    0.03654543310403824,
    0.03664722293615341,
    0.03698191046714783,
    0.03698495030403137,
    0.0375056155025959,
    0.037931982427835464,
    0.03805708885192871
  ],
  "diff_sigma_per_k": [
    8.2291506942056e-09,
    7.771213006435573e-09,
    7.886406194757e-09,
    8.689974961839653e-09,
    9.956873547878331e-09,
    9.65657420692878e-09,
    1.0375714509791578e-08,
    8.344737345566955e-09,
    8.079783064829371e-09,
    6.902345361936568e-09,
    7.2851258359207804e-09,
    7.089716813624136e-09,
    8.081960878314476e-09,
    1.198404131486086e-08,
    1.1853207304568514e-08,
    1.3035794665938738e-08
  ],
  "variance_collapse": true,
  "k_report_idx": {
    "k1": 0,
    "k8": 7,
    "k15": 14
  },
  "spec": {
    "kind": "baseline",
    "baseline_key": [
      0.5,
      19,
      256,
      16
    ],
    "params": {
      "period_P": 256,
      "manifold_dim_D": 16,
      "continuity_center": 19,
      "fidelity_F": 0.97,
      "magnitude_M": 0.0,
      "locality_L": 0.5
    },
    "L_d_main": 2,
    "seed": 2,
    "perk": true,
    "label": "base_loc0.5_c19_P256_D16_s2",
    "out_file": "/mnt/c/Users/Jason/Desktop/Eridos/Weft 2/v2/results/phase1/pilot_Ld2/_runs/base_loc0.5_c19_P256_D16_s2.json"
  }
}