{
  "label": "base_loc0.3_c3_P32_D4_s17",
  "L_d_main": 2,
  "seed": 17,
  "wall_clock_s": 238.27,
  "steps_trained": 10000,
  "final_interval_loss": -2825.995814,
  "nan_inf": false,
  "still_descending": false,
  "stability_flag": "stable",
  "diff_mu": 3.7995431423187256,
  "diff_sigma": 7.451772034983151e-07,
  "diff_mu_aggregate": 3.7995431423187256,
  "diff_sigma_aggregate": 7.451772034983151e-07,
  "diff_mu_per_k": [
    3.7908873558044434,
    3.7620127201080322,
    3.7704567909240723,
    3.7764179706573486,
    3.8103559017181396,
    3.7825851440429688,
    3.79243540763855,
    3.7680959701538086,
    3.796337127685547,
    3.7975969314575195,
    3.7749528884887695,
    3.820114850997925,
    3.8251523971557617,
    3.8487648963928223,
    3.8385000228881836,
    3.838029146194458
  ],
  "diff_sigma_per_k": [
    6.168362460812205e-07,
    5.244851877250767e-07,
    5.123877144797007e-07,
    5.286563578010828e-07,
    8.441417662652384e-07,
    6.622730097660678e-07,
    6.196002004799084e-07,
    5.950463446424692e-07,
    7.27460815141967e-07,
    6.458465122705093e-07,
    6.054170285096916e-07,
    7.573443667752144e-07,
    7.976774440976442e-07,
    1.0646031114447396e-06,
    1.2114742276025936e-06,
    1.2095855481675244e-06
  ],
  "variance_collapse": false,
  "k_report_idx": {
    "k1": 0,
    "k8": 7,
    "k15": 14
  },
  "spec": {
    "kind": "baseline",
    "baseline_key": [
      0.3,
      3,
      32,
      4
    ],
    "params": {
      "period_P": 32,
      "manifold_dim_D": 4,
      "continuity_center": 3,
      "fidelity_F": 0.97,
      "magnitude_M": 0.0,
      "locality_L": 0.3
    },
    "L_d_main": 2,
    "seed": 17,
    "perk": true,
    "label": "base_loc0.3_c3_P32_D4_s17",
    "out_file": "/mnt/c/Users/Jason/Desktop/Eridos/Weft 2/v2/results/phase1/pilot_Ld2/_runs/base_loc0.3_c3_P32_D4_s17.json"
  }
}