{
  "label": "base_loc0.5_c39_P256_D4_s13",
  "L_d_main": 2,
  "seed": 13,
  "wall_clock_s": 233.39,
  "steps_trained": 10000,
  "final_interval_loss": -2813.851101,
  "nan_inf": false,
  "still_descending": false,
  "stability_flag": "stable",
  "diff_mu": 0.06965421140193939,
  "diff_sigma": 1.41389666641345e-09,
  "diff_mu_aggregate": 0.06965421140193939,
  "diff_sigma_aggregate": 1.41389666641345e-09,
  "diff_mu_per_k": [
    0.06914808601140976,
    0.07011882960796356,
    0.07041284441947937,
    0.07018685340881348,
    0.0681673064827919,
    0.06697949022054672,
    0.06842335313558578,
    0.0702924057841301,
    0.07115442305803299,
    0.07122791558504105,
    0.0701357051730156,
    0.06890815496444702,
    0.06879987567663193,
    0.06855945289134979,
    0.07038098573684692,
    0.0715717151761055
  ],
  "diff_sigma_per_k": [
    1.4469457854104917e-09,
    9.463902994610862e-10,
    1.5336650838193577e-09,
    1.7472175928290312e-09,
    1.903489144083892e-09,
    1.405671690157817e-09,
    1.262671855961628e-09,
    1.1436703806211312e-09,
    1.0510478043457283e-09,
    1.4494956346311483e-09,
    1.9172068377315554e-09,
    1.854883691088105e-09,
    1.3510741414535232e-09,
    1.3348837590854146e-09,
    1.1955879619662824e-09,
    1.0784453330359156e-09
  ],
  "variance_collapse": true,
  "k_report_idx": {
    "k1": 0,
    "k8": 7,
    "k15": 14
  },
  "spec": {
    "kind": "baseline",
    "baseline_key": [
      0.5,
      39,
      256,
      4
    ],
    "params": {
      "period_P": 256,
      "manifold_dim_D": 4,
      "continuity_center": 39,
      "fidelity_F": 0.97,
      "magnitude_M": 0.0,
      "locality_L": 0.5
    },
    "L_d_main": 2,
    "seed": 13,
    "perk": true,
    "label": "base_loc0.5_c39_P256_D4_s13",
    "out_file": "/mnt/c/Users/Jason/Desktop/Eridos/Weft 2/v2/results/phase1/pilot_Ld2/_runs/base_loc0.5_c39_P256_D4_s13.json"
  }
}