{
  "label": "base_loc0.5_c19_P256_D16_s11",
  "L_d_main": 2,
  "seed": 11,
  "wall_clock_s": 233.11,
  "steps_trained": 10000,
  "final_interval_loss": -2964.42154,
  "nan_inf": false,
  "still_descending": false,
  "stability_flag": "stable",
  "diff_mu": 0.13381242752075195,
  "diff_sigma": 2.6565004418444005e-07,
  "diff_mu_aggregate": 0.13381242752075195,
  "diff_sigma_aggregate": 2.6565004418444005e-07,
  "diff_mu_per_k": [
    0.1340499222278595,
    0.13398797810077667,
    0.1344703733921051,
    0.13371534645557404,
    0.13235871493816376,
    0.1336682289838791,
    0.13397397100925446,
    0.13312649726867676,
    0.13364048302173615,
    0.13414572179317474,
    0.13544847071170807,
    0.13393491506576538,
    0.13402509689331055,
    0.13369078934192657,
    0.1344379484653473,
    0.13232421875
  ],
  "diff_sigma_per_k": [
    2.1009557826801029e-07,
    2.2004697086686065e-07,
    2.4567737000324996e-07,
    2.603773623377492e-07,
    2.825791511895659e-07,
    3.1126759836297424e-07,
    2.699197239053319e-07,
    2.4586367430856626e-07,
    2.3801794668543153e-07,
    2.0240267417648283e-07,
    1.9084396285506955e-07,
    2.1104979452957195e-07,
    2.3420123795858672e-07,
    3.14651344979211e-07,
    3.896638247624651e-07,
    4.237425059727684e-07
  ],
  "variance_collapse": false,
  "k_report_idx": {
    "k1": 0,
    "k8": 7,
    "k15": 14
  },
  "spec": {
    "kind": "baseline",
    "baseline_key": [
      0.5,
      19,
      256,
      16
    ],
    "params": {
      "period_P": 256,
      "manifold_dim_D": 16,
      "continuity_center": 19,
      "fidelity_F": 0.97,
      "magnitude_M": 0.0,
      "locality_L": 0.5
    },
    "L_d_main": 2,
    "seed": 11,
    "perk": true,
    "label": "base_loc0.5_c19_P256_D16_s11",
    "out_file": "/mnt/c/Users/Jason/Desktop/Eridos/Weft 2/v2/results/phase1/pilot_Ld2/_runs/base_loc0.5_c19_P256_D16_s11.json"
  }
}