{
  "label": "base_loc0.5_c39_P256_D4_s5",
  "L_d_main": 2,
  "seed": 5,
  "wall_clock_s": 234.13,
  "steps_trained": 10000,
  "final_interval_loss": -2812.827857,
  "nan_inf": false,
  "still_descending": false,
  "stability_flag": "stable",
  "diff_mu": 0.7475683689117432,
  "diff_sigma": 4.501273309642784e-08,
  "diff_mu_aggregate": 0.7475683689117432,
  "diff_sigma_aggregate": 4.501273309642784e-08,
  "diff_mu_per_k": [
    0.7443432807922363,
    0.7347109913825989,
    0.7687986493110657,
    0.7482349872589111,
    0.7404102683067322,
    0.7542295455932617,
    0.750889778137207,
    0.7495291233062744,
    0.7365603446960449,
    0.7353697419166565,
    0.7506982088088989,
    0.7388884425163269,
    0.743401288986206,
    0.7554624080657959,
    0.7566045522689819,
    0.7529633641242981
  ],
  "diff_sigma_per_k": [
    4.298079758768836e-08,
    4.296713740359337e-08,
    5.299500216437991e-08,
    5.039253281324818e-08,
    5.058120322587456e-08,
    4.240629181140321e-08,
    3.7362685390007755e-08,
    4.073169179719116e-08,
    4.61500029302897e-08,
    4.969249900454997e-08,
    5.122914359390052e-08,
    4.566560107832629e-08,
    4.3726625875706304e-08,
    3.954770377845307e-08,
    4.051012325589909e-08,
    4.3264670068765554e-08
  ],
  "variance_collapse": false,
  "k_report_idx": {
    "k1": 0,
    "k8": 7,
    "k15": 14
  },
  "spec": {
    "kind": "baseline",
    "baseline_key": [
      0.5,
      39,
      256,
      4
    ],
    "params": {
      "period_P": 256,
      "manifold_dim_D": 4,
      "continuity_center": 39,
      "fidelity_F": 0.97,
      "magnitude_M": 0.0,
      "locality_L": 0.5
    },
    "L_d_main": 2,
    "seed": 5,
    "perk": true,
    "label": "base_loc0.5_c39_P256_D4_s5",
    "out_file": "/mnt/c/Users/Jason/Desktop/Eridos/Weft 2/v2/results/phase1/pilot_Ld2/_runs/base_loc0.5_c39_P256_D4_s5.json"
  }
}