{
  "label": "base_loc0.5_c39_P256_D4_s14",
  "L_d_main": 2,
  "seed": 14,
  "wall_clock_s": 231.24,
  "steps_trained": 10000,
  "final_interval_loss": -2848.633729,
  "nan_inf": false,
  "still_descending": true,
  "stability_flag": "stable",
  "diff_mu": 0.02963637001812458,
  "diff_sigma": 1.0458245824906953e-08,
  "diff_mu_aggregate": 0.02963637001812458,
  "diff_sigma_aggregate": 1.0458245824906953e-08,
  "diff_mu_per_k": [
    0.030195672065019608,
    0.02977978251874447,
    0.0294226985424757,
    0.029410148039460182,
    0.029501739889383316,
    0.029394881799817085,
    0.030151644721627235,
    0.02953162230551243,
    0.029890168458223343,
    0.029141975566744804,
    0.029505442827939987,
    0.029601743444800377,
    0.029888669028878212,
    0.02994132786989212,
    0.02946634404361248,
    0.029357988387346268
  ],
  "diff_sigma_per_k": [
    8.367387671626147e-09,
    1.0090031032916613e-08,
    1.1008524758437943e-08,
    1.3452436498084808e-08,
    1.1291598767115829e-08,
    8.944894602791464e-09,
    1.0112810144846662e-08,
    9.278535273438138e-09,
    1.0009371997909966e-08,
    1.1502662822238108e-08,
    1.1673281896662502e-08,
    1.0853316467773766e-08,
    1.1032243563136035e-08,
    9.276623913478943e-09,
    9.610424456241162e-09,
    1.0827791996348424e-08
  ],
  "variance_collapse": false,
  "k_report_idx": {
    "k1": 0,
    "k8": 7,
    "k15": 14
  },
  "spec": {
    "kind": "baseline",
    "baseline_key": [
      0.5,
      39,
      256,
      4
    ],
    "params": {
      "period_P": 256,
      "manifold_dim_D": 4,
      "continuity_center": 39,
      "fidelity_F": 0.97,
      "magnitude_M": 0.0,
      "locality_L": 0.5
    },
    "L_d_main": 2,
    "seed": 14,
    "perk": true,
    "label": "base_loc0.5_c39_P256_D4_s14",
    "out_file": "/mnt/c/Users/Jason/Desktop/Eridos/Weft 2/v2/results/phase1/pilot_Ld2/_runs/base_loc0.5_c39_P256_D4_s14.json"
  }
}