{
  "label": "base_loc0.5_c39_P256_D4_s1",
  "L_d_main": 2,
  "seed": 1,
  "wall_clock_s": 233.15,
  "steps_trained": 10000,
  "final_interval_loss": -2758.877001,
  "nan_inf": false,
  "still_descending": false,
  "stability_flag": "stable",
  "diff_mu": 0.753309428691864,
  "diff_sigma": 8.810650342638837e-07,
  "diff_mu_aggregate": 0.753309428691864,
  "diff_sigma_aggregate": 8.810650342638837e-07,
  "diff_mu_per_k": [
    0.8129438757896423,
    0.7658635377883911,
    0.7426756024360657,
    0.7287726402282715,
    0.6944219470024109,
    0.7216510772705078,
    0.793371856212616,
    0.799945056438446,
    0.7573795318603516,
    0.708152711391449,
    0.6931496858596802,
    0.7124752402305603,
    0.8237143158912659,
    0.8060299158096313,
    0.7518488168716431,
    0.740553081035614
  ],
  "diff_sigma_per_k": [
    6.060149075892696e-07,
    8.188395668184967e-07,
    9.357646035823564e-07,
    1.2180103112768847e-06,
    9.847383353189798e-07,
    8.54074187373044e-07,
    6.470992275353638e-07,
    7.097642651388014e-07,
    7.933242613944458e-07,
    1.0130814871445182e-06,
    1.2491968846006785e-06,
    1.0186726058236673e-06,
    6.295938987932459e-07,
    6.75419983053871e-07,
    9.178053232972161e-07,
    1.0256406994813005e-06
  ],
  "variance_collapse": false,
  "k_report_idx": {
    "k1": 0,
    "k8": 7,
    "k15": 14
  },
  "spec": {
    "kind": "baseline",
    "baseline_key": [
      0.5,
      39,
      256,
      4
    ],
    "params": {
      "period_P": 256,
      "manifold_dim_D": 4,
      "continuity_center": 39,
      "fidelity_F": 0.97,
      "magnitude_M": 0.0,
      "locality_L": 0.5
    },
    "L_d_main": 2,
    "seed": 1,
    "perk": true,
    "label": "base_loc0.5_c39_P256_D4_s1",
    "out_file": "/mnt/c/Users/Jason/Desktop/Eridos/Weft 2/v2/results/phase1/pilot_Ld2/_runs/base_loc0.5_c39_P256_D4_s1.json"
  }
}