{
  "label": "base_loc0.5_c39_P256_D16_s18",
  "L_d_main": 2,
  "seed": 18,
  "wall_clock_s": 232.15,
  "steps_trained": 10000,
  "final_interval_loss": -2861.439165,
  "nan_inf": false,
  "still_descending": true,
  "stability_flag": "stable",
  "diff_mu": 0.34646958112716675,
  "diff_sigma": 2.4066796555644032e-08,
  "diff_mu_aggregate": 0.34646958112716675,
  "diff_sigma_aggregate": 2.4066796555644032e-08,
  "diff_mu_per_k": [
    0.3442777693271637,
    0.34794434905052185,
    0.34652385115623474,
    0.34636202454566956,
    0.34530317783355713,
    0.3449198305606842,
    0.3482968807220459,
    0.34687936305999756,
    0.3439185619354248,
    0.34807777404785156,
    0.345496267080307,
    0.3469829559326172,
    0.34599941968917847,
    0.3476877808570862,
    0.3484455645084381,
    0.34639793634414673
  ],
  "diff_sigma_per_k": [
    2.3598898835075488e-08,
    2.5256857938416033e-08,
    2.559081302422328e-08,
    2.578395275065759e-08,
    2.3403455173820475e-08,
    1.8765442533208443e-08,
    2.292617473642622e-08,
    2.359083417502461e-08,
    2.474654792194997e-08,
    2.6745087922108723e-08,
    2.1802767591339034e-08,
    2.2961758716633085e-08,
    2.235672802441968e-08,
    2.557007583448012e-08,
    2.648756236567351e-08,
    2.5481799781346126e-08
  ],
  "variance_collapse": false,
  "k_report_idx": {
    "k1": 0,
    "k8": 7,
    "k15": 14
  },
  "spec": {
    "kind": "baseline",
    "baseline_key": [
      0.5,
      39,
      256,
      16
    ],
    "params": {
      "period_P": 256,
      "manifold_dim_D": 16,
      "continuity_center": 39,
      "fidelity_F": 0.97,
      "magnitude_M": 0.0,
      "locality_L": 0.5
    },
    "L_d_main": 2,
    "seed": 18,
    "perk": true,
    "label": "base_loc0.5_c39_P256_D16_s18",
    "out_file": "/mnt/c/Users/Jason/Desktop/Eridos/Weft 2/v2/results/phase1/pilot_Ld2/_runs/base_loc0.5_c39_P256_D16_s18.json"
  }
}