{
  "label": "base_loc0.5_c39_P256_D16_s0",
  "L_d_main": 2,
  "seed": 0,
  "wall_clock_s": 233.21,
  "steps_trained": 10000,
  "final_interval_loss": -2911.693441,
  "nan_inf": false,
  "still_descending": true,
  "stability_flag": "stable",
  "diff_mu": 0.11090319603681564,
  "diff_sigma": 2.2860274384584045e-07,
  "diff_mu_aggregate": 0.11090319603681564,
  "diff_sigma_aggregate": 2.2860274384584045e-07,
  "diff_mu_per_k": [
    0.11489661782979965,
    0.10772929340600967,
    0.11883165687322617,
    0.1082262247800827,
    0.11211661249399185,
    0.11435413360595703,
    0.10713279247283936,
    0.11236333847045898,
    0.11213278025388718,
    0.11372543126344681,
    0.10465526580810547,
    0.1020713746547699,
    0.11145728081464767,
    0.1175599992275238,
    0.10974547266960144,
    0.10745278745889664
  ],
  "diff_sigma_per_k": [
    2.1671640126896818e-07,
    2.1662668814315111e-07,
    2.7541190661395376e-07,
    2.1937316319053934e-07,
    2.053703553883679e-07,
    2.2065223959089053e-07,
    1.7964157450478524e-07,
    2.3203047305742075e-07,
    2.812127775086992e-07,
    2.451859018037794e-07,
    2.0433967051758373e-07,
    1.8260443823692185e-07,
    2.1322234999843204e-07,
    2.5850846441244357e-07,
    2.7571374516810465e-07,
    2.310335531774399e-07
  ],
  "variance_collapse": false,
  "k_report_idx": {
    "k1": 0,
    "k8": 7,
    "k15": 14
  },
  "spec": {
    "kind": "baseline",
    "baseline_key": [
      0.5,
      39,
      256,
      16
    ],
    "params": {
      "period_P": 256,
      "manifold_dim_D": 16,
      "continuity_center": 39,
      "fidelity_F": 0.97,
      "magnitude_M": 0.0,
      "locality_L": 0.5
    },
    "L_d_main": 2,
    "seed": 0,
    "perk": true,
    "label": "base_loc0.5_c39_P256_D16_s0",
    "out_file": "/mnt/c/Users/Jason/Desktop/Eridos/Weft 2/v2/results/phase1/pilot_Ld2/_runs/base_loc0.5_c39_P256_D16_s0.json"
  }
}