{
  "label": "base_loc0.5_c39_P256_D4_s6",
  "L_d_main": 2,
  "seed": 6,
  "wall_clock_s": 234.9,
  "steps_trained": 10000,
  "final_interval_loss": -2807.000517,
  "nan_inf": false,
  "still_descending": false,
  "stability_flag": "stable",
  "diff_mu": 0.536043107509613,
  "diff_sigma": 1.3207979066010012e-07,
  "diff_mu_aggregate": 0.536043107509613,
  "diff_sigma_aggregate": 1.3207979066010012e-07,
  "diff_mu_per_k": [
    0.5397736430168152,
    0.5276313424110413,
    0.5275619029998779,
    0.543646514415741,
    0.5448063611984253,
    0.5301992297172546,
    0.5354726314544678,
    0.5360118746757507,
    0.5358520746231079,
    0.5261513590812683,
    0.5325841307640076,
    0.5368469953536987,
    0.5496388673782349,
    0.5455924868583679,
    0.529035210609436,
    0.5358853340148926
  ],
  "diff_sigma_per_k": [
    1.085758256635927e-07,
    1.1604166871848065e-07,
    1.4877021214942943e-07,
    1.6203854613650037e-07,
    1.4210012011517392e-07,
    1.2109673264149023e-07,
    1.0770175151719741e-07,
    1.3051344183168112e-07,
    1.3679859023341123e-07,
    1.5300571476473124e-07,
    1.4907821821452671e-07,
    1.2623897305275023e-07,
    1.214238807278889e-07,
    1.1444700476204162e-07,
    1.2904125412660505e-07,
    1.4640468748439162e-07
  ],
  "variance_collapse": false,
  "k_report_idx": {
    "k1": 0,
    "k8": 7,
    "k15": 14
  },
  "spec": {
    "kind": "baseline",
    "baseline_key": [
      0.5,
      39,
      256,
      4
    ],
    "params": {
      "period_P": 256,
      "manifold_dim_D": 4,
      "continuity_center": 39,
      "fidelity_F": 0.97,
      "magnitude_M": 0.0,
      "locality_L": 0.5
    },
    "L_d_main": 2,
    "seed": 6,
    "perk": true,
    "label": "base_loc0.5_c39_P256_D4_s6",
    "out_file": "/mnt/c/Users/Jason/Desktop/Eridos/Weft 2/v2/results/phase1/pilot_Ld2/_runs/base_loc0.5_c39_P256_D4_s6.json"
  }
}