{
  "label": "base_loc0.5_c19_P256_D16_s0",
  "L_d_main": 2,
  "seed": 0,
  "wall_clock_s": 232.0,
  "steps_trained": 10000,
  "final_interval_loss": -2959.142843,
  "nan_inf": false,
  "still_descending": false,
  "stability_flag": "stable",
  "diff_mu": 0.17289774119853973,
  "diff_sigma": 7.428002390952315e-08,
  "diff_mu_aggregate": 0.17289774119853973,
  "diff_sigma_aggregate": 7.428002390952315e-08,
  "diff_mu_per_k": [
    0.17180155217647552,
    0.17227129638195038,
    0.1721407026052475,
    0.17287953197956085,
    0.17357873916625977,
    0.17255118489265442,
    0.17279209196567535,
    0.1724947690963745,
    0.17192430794239044,
    0.17237739264965057,
    0.17364813387393951,
    0.1735674887895584,
    0.17202721536159515,
    0.17439471185207367,
    0.17423368990421295,
    0.1736811250448227
  ],
  "diff_sigma_per_k": [
    5.600592345444966e-08,
    5.452627505064811e-08,
    7.108133104338776e-08,
    7.513025224170633e-08,
    8.49431174287929e-08,
    8.862316747126897e-08,
    8.134363582712467e-08,
    7.249654032648323e-08,
    5.789485868490374e-08,
    5.1065118356063977e-08,
    4.9654754974426396e-08,
    6.293845444815815e-08,
    7.02148099662736e-08,
    7.978287186460875e-08,
    1.1097427687900563e-07,
    1.2180501585135062e-07
  ],
  "variance_collapse": false,
  "k_report_idx": {
    "k1": 0,
    "k8": 7,
    "k15": 14
  },
  "spec": {
    "kind": "baseline",
    "baseline_key": [
      0.5,
      19,
      256,
      16
    ],
    "params": {
      "period_P": 256,
      "manifold_dim_D": 16,
      "continuity_center": 19,
      "fidelity_F": 0.97,
      "magnitude_M": 0.0,
      "locality_L": 0.5
    },
    "L_d_main": 2,
    "seed": 0,
    "perk": true,
    "label": "base_loc0.5_c19_P256_D16_s0",
    "out_file": "/mnt/c/Users/Jason/Desktop/Eridos/Weft 2/v2/results/phase1/pilot_Ld2/_runs/base_loc0.5_c19_P256_D16_s0.json"
  }
}