{
  "label": "base_loc0.5_c19_P256_D16_s3",
  "L_d_main": 2,
  "seed": 3,
  "wall_clock_s": 234.76,
  "steps_trained": 10000,
  "final_interval_loss": -2949.866183,
  "nan_inf": false,
  "still_descending": false,
  "stability_flag": "stable",
  "diff_mu": 0.5120460391044617,
  "diff_sigma": 2.2945582145439403e-07,
  "diff_mu_aggregate": 0.5120460391044617,
  "diff_sigma_aggregate": 2.2945582145439403e-07,
  "diff_mu_per_k": [
    0.5066865682601929,
    0.5116558074951172,
    0.5092878341674805,
    0.5102041363716125,
    0.5127387642860413,
    0.5166171193122864,
    0.5140073299407959,
    0.5158120393753052,
    0.5096569061279297,
    0.5110573172569275,
    0.511283278465271,
    0.5062947273254395,
    0.5113838911056519,
    0.5132347941398621,
    0.5146737098693848,
    0.5181424021720886
  ],
  "diff_sigma_per_k": [
    1.665574842490969e-07,
    1.8108416099948954e-07,
    1.7234347637895553e-07,
    2.0258724475752388e-07,
    2.3569069185214175e-07,
    2.93842674636835e-07,
    2.883457455027383e-07,
    2.686200559764984e-07,
    1.822970290277226e-07,
    2.062906645505791e-07,
    1.6594597695984703e-07,
    1.523323334140514e-07,
    1.9391400485346821e-07,
    2.574499262664176e-07,
    3.1412952239406877e-07,
    3.898622082942893e-07
  ],
  "variance_collapse": false,
  "k_report_idx": {
    "k1": 0,
    "k8": 7,
    "k15": 14
  },
  "spec": {
    "kind": "baseline",
    "baseline_key": [
      0.5,
      19,
      256,
      16
    ],
    "params": {
      "period_P": 256,
      "manifold_dim_D": 16,
      "continuity_center": 19,
      "fidelity_F": 0.97,
      "magnitude_M": 0.0,
      "locality_L": 0.5
    },
    "L_d_main": 2,
    "seed": 3,
    "perk": true,
    "label": "base_loc0.5_c19_P256_D16_s3",
    "out_file": "/mnt/c/Users/Jason/Desktop/Eridos/Weft 2/v2/results/phase1/pilot_Ld2/_runs/base_loc0.5_c19_P256_D16_s3.json"
  }
}