{
  "label": "base_loc0.9_c472_P2048_D128_s5",
  "L_d_main": 2,
  "seed": 5,
  "wall_clock_s": 234.63,
  "steps_trained": 10000,
  "final_interval_loss": -2999.604056,
  "nan_inf": false,
  "still_descending": false,
  "stability_flag": "stable",
  "diff_mu": 3.892157110385597e-05,
  "diff_sigma": 1.6612289668871405e-11,
  "diff_mu_aggregate": 3.892157110385597e-05,
  "diff_sigma_aggregate": 1.6612289668871405e-11,
  "diff_mu_per_k": [
    3.883041790686548e-05,
    3.873705645673908e-05,
    3.8673493691021577e-05,
    3.9009326428640634e-05,
    3.882525197695941e-05,
    3.907168502337299e-05,
    3.887998900609091e-05,
    3.887594357365742e-05,
    3.8839440094307065e-05,
    3.919807932106778e-05,
    3.9101629226934165e-05,
    3.892536915373057e-05,
    3.895321788149886e-05,
    3.8743120967410505e-05,
    3.884001853293739e-05,
    3.924115662812255e-05
  ],
  "diff_sigma_per_k": [
    1.66926385908317e-11,
    1.75290944953721e-11,
    1.636048241326904e-11,
    1.544014395504778e-11,
    1.5652937279675427e-11,
    1.5727693453149172e-11,
    1.9149300201082298e-11,
    1.5051756716011333e-11,
    1.4677111956351574e-11,
    1.588077586101022e-11,
    1.8403854828985544e-11,
    1.5819016235818495e-11,
    1.810470350027682e-11,
    1.6602679300814494e-11,
    1.8894238604239e-11,
    1.5810203840560533e-11
  ],
  "variance_collapse": true,
  "k_report_idx": {
    "k1": 0,
    "k8": 7,
    "k15": 14
  },
  "spec": {
    "kind": "baseline",
    "baseline_key": [
      0.9,
      472,
      2048,
      128
    ],
    "params": {
      "period_P": 2048,
      "manifold_dim_D": 128,
      "continuity_center": 472,
      "fidelity_F": 0.97,
      "magnitude_M": 0.0,
      "locality_L": 0.9
    },
    "L_d_main": 2,
    "seed": 5,
    "perk": true,
    "label": "base_loc0.9_c472_P2048_D128_s5",
    "out_file": "/mnt/c/Users/Jason/Desktop/Eridos/Weft 2/v2/results/phase1/pilot_Ld2/_runs/base_loc0.9_c472_P2048_D128_s5.json"
  }
}