{
  "label": "base_loc0.3_c3_P32_D4_s7",
  "L_d_main": 2,
  "seed": 7,
  "wall_clock_s": 234.99,
  "steps_trained": 10000,
  "final_interval_loss": -2840.54088,
  "nan_inf": false,
  "still_descending": false,
  "stability_flag": "stable",
  "diff_mu": 1.2126718759536743,
  "diff_sigma": 3.1362953905045288e-06,
  "diff_mu_aggregate": 1.2126718759536743,
  "diff_sigma_aggregate": 3.1362953905045288e-06,
  "diff_mu_per_k": [
    1.1977638006210327,
    1.2015917301177979,
    1.202401041984558,
    1.2097433805465698,
    1.1918747425079346,
    1.2116177082061768,
    1.2057464122772217,
    1.2176330089569092,
    1.2110847234725952,
    1.2106276750564575,
    1.215051293373108,
    1.2072334289550781,
    1.221649169921875,
    1.229529857635498,
    1.2245938777923584,
    1.2446109056472778
  ],
  "diff_sigma_per_k": [
    2.692895122891059e-06,
    2.5965423446905334e-06,
    2.3943343876453582e-06,
    2.8543906864797464e-06,
    2.7936459900956834e-06,
    2.9617933705594623e-06,
    2.9317732241906924e-06,
    3.0744677133043297e-06,
    2.706703753574402e-06,
    2.9733469091297593e-06,
    2.815173502312973e-06,
    3.000566039190744e-06,
    3.72752492694417e-06,
    3.7591044019791298e-06,
    3.863409347104607e-06,
    5.0350558922218625e-06
  ],
  "variance_collapse": false,
  "k_report_idx": {
    "k1": 0,
    "k8": 7,
    "k15": 14
  },
  "spec": {
    "kind": "baseline",
    "baseline_key": [
      0.3,
      3,
      32,
      4
    ],
    "params": {
      "period_P": 32,
      "manifold_dim_D": 4,
      "continuity_center": 3,
      "fidelity_F": 0.97,
      "magnitude_M": 0.0,
      "locality_L": 0.3
    },
    "L_d_main": 2,
    "seed": 7,
    "perk": true,
    "label": "base_loc0.3_c3_P32_D4_s7",
    "out_file": "/mnt/c/Users/Jason/Desktop/Eridos/Weft 2/v2/results/phase1/pilot_Ld2/_runs/base_loc0.3_c3_P32_D4_s7.json"
  }
}