{
  "label": "base_loc0.3_c3_P32_D4_s14",
  "L_d_main": 2,
  "seed": 14,
  "wall_clock_s": 236.12,
  "steps_trained": 10000,
  "final_interval_loss": -2835.480306,
  "nan_inf": false,
  "still_descending": false,
  "stability_flag": "stable",
  "diff_mu": 1.5543068647384644,
  "diff_sigma": 2.2215085664356593e-06,
  "diff_mu_aggregate": 1.5543068647384644,
  "diff_sigma_aggregate": 2.2215085664356593e-06,
  "diff_mu_per_k": [
    1.5322456359863281,
    1.538406252861023,
    1.532873511314392,
    1.532733678817749,
    1.5547844171524048,
    1.5539008378982544,
    1.5598629713058472,
    1.5292352437973022,
    1.5516070127487183,
    1.5317258834838867,
    1.5605285167694092,
    1.5573384761810303,
    1.56796395778656,
    1.5751725435256958,
    1.590222954750061,
    1.6003069877624512
  ],
  "diff_sigma_per_k": [
    1.7327542991552036e-06,
    1.5746154531370848e-06,
    1.583470293553546e-06,
    1.717309601190209e-06,
    2.0500735899986466e-06,
    2.155597940145526e-06,
    2.2133644961286336e-06,
    1.7301753132414888e-06,
    2.034155613728217e-06,
    1.732758619255037e-06,
    1.8896010942626162e-06,
    2.2172519038576866e-06,
    2.4933801796578337e-06,
    3.1320435027737403e-06,
    3.3414348763471935e-06,
    3.946153356082505e-06
  ],
  "variance_collapse": false,
  "k_report_idx": {
    "k1": 0,
    "k8": 7,
    "k15": 14
  },
  "spec": {
    "kind": "baseline",
    "baseline_key": [
      0.3,
      3,
      32,
      4
    ],
    "params": {
      "period_P": 32,
      "manifold_dim_D": 4,
      "continuity_center": 3,
      "fidelity_F": 0.97,
      "magnitude_M": 0.0,
      "locality_L": 0.3
    },
    "L_d_main": 2,
    "seed": 14,
    "perk": true,
    "label": "base_loc0.3_c3_P32_D4_s14",
    "out_file": "/mnt/c/Users/Jason/Desktop/Eridos/Weft 2/v2/results/phase1/pilot_Ld2/_runs/base_loc0.3_c3_P32_D4_s14.json"
  }
}