{
  "label": "base_loc0.9_c472_P2048_D128_s16",
  "L_d_main": 2,
  "seed": 16,
  "wall_clock_s": 231.6,
  "steps_trained": 10000,
  "final_interval_loss": -3002.905274,
  "nan_inf": false,
  "still_descending": false,
  "stability_flag": "stable",
  "diff_mu": 0.00012014145613647997,
  "diff_sigma": 2.7295983182074046e-11,
  "diff_mu_aggregate": 0.00012014145613647997,
  "diff_sigma_aggregate": 2.7295983182074046e-11,
  "diff_mu_per_k": [
    0.00012088175571989268,
    0.00011965604062424973,
    0.00011691226973198354,
    0.00012284428521525115,
    0.00011706243822118267,
    0.00012060519657097757,
    0.00012303896073717624,
    0.00011906356667168438,
    0.00011927562445634976,
    0.00012087680806871504,
    0.00012110824172850698,
    0.00011925402213819325,
    0.0001185940855066292,
    0.00012025848991470411,
    0.00012247482663951814,
    0.00012035670079058036
  ],
  "diff_sigma_per_k": [
    2.944572710661397e-11,
    2.569884929859434e-11,
    2.97254824921378e-11,
    2.5251403398818262e-11,
    2.7247579192923865e-11,
    2.4607734253057068e-11,
    3.062083919758152e-11,
    2.7536750657475295e-11,
    2.626819768647426e-11,
    2.441108426509686e-11,
    2.994169842618355e-11,
    2.9119019695489357e-11,
    2.5919287549580616e-11,
    2.6341255565665023e-11,
    2.7987792639017073e-11,
    2.6613031223199357e-11
  ],
  "variance_collapse": true,
  "k_report_idx": {
    "k1": 0,
    "k8": 7,
    "k15": 14
  },
  "spec": {
    "kind": "baseline",
    "baseline_key": [
      0.9,
      472,
      2048,
      128
    ],
    "params": {
      "period_P": 2048,
      "manifold_dim_D": 128,
      "continuity_center": 472,
      "fidelity_F": 0.97,
      "magnitude_M": 0.0,
      "locality_L": 0.9
    },
    "L_d_main": 2,
    "seed": 16,
    "perk": true,
    "label": "base_loc0.9_c472_P2048_D128_s16",
    "out_file": "/mnt/c/Users/Jason/Desktop/Eridos/Weft 2/v2/results/phase1/pilot_Ld2/_runs/base_loc0.9_c472_P2048_D128_s16.json"
  }
}