{
  "label": "base_loc0.5_c39_P256_D16_s2",
  "L_d_main": 2,
  "seed": 2,
  "wall_clock_s": 232.6,
  "steps_trained": 10000,
  "final_interval_loss": -2818.675713,
  "nan_inf": false,
  "still_descending": false,
  "stability_flag": "stable",
  "diff_mu": 0.3623312711715698,
  "diff_sigma": 1.0078426271320495e-07,
  "diff_mu_aggregate": 0.3623312711715698,
  "diff_sigma_aggregate": 1.0078426271320495e-07,
  "diff_mu_per_k": [
    0.3629745543003082,
    0.3619305193424225,
    0.3667583167552948,
    0.3654175102710724,
    0.36312925815582275,
    0.3619835674762726,
    0.3617696762084961,
    0.36142173409461975,
    0.3605811595916748,
    0.36589133739471436,
    0.3618704080581665,
    0.3550926446914673,
    0.36370277404785156,
    0.3615534007549286,
    0.36107853055000305,
    0.36214491724967957
  ],
  "diff_sigma_per_k": [
    9.490148755730843e-08,
    1.0665657157460373e-07,
    1.1534446997529813e-07,
    9.543882839579965e-08,
    9.761890140680407e-08,
    1.0964564012283518e-07,
    9.893943797578686e-08,
    1.0837555919351871e-07,
    9.46431271131587e-08,
    1.1543998823526636e-07,
    1.0461860000532397e-07,
    7.928714040872364e-08,
    8.302790632797041e-08,
    1.0942665795710127e-07,
    9.345470175503579e-08,
    1.057291285633255e-07
  ],
  "variance_collapse": false,
  "k_report_idx": {
    "k1": 0,
    "k8": 7,
    "k15": 14
  },
  "spec": {
    "kind": "baseline",
    "baseline_key": [
      0.5,
      39,
      256,
      16
    ],
    "params": {
      "period_P": 256,
      "manifold_dim_D": 16,
      "continuity_center": 39,
      "fidelity_F": 0.97,
      "magnitude_M": 0.0,
      "locality_L": 0.5
    },
    "L_d_main": 2,
    "seed": 2,
    "perk": true,
    "label": "base_loc0.5_c39_P256_D16_s2",
    "out_file": "/mnt/c/Users/Jason/Desktop/Eridos/Weft 2/v2/results/phase1/pilot_Ld2/_runs/base_loc0.5_c39_P256_D16_s2.json"
  }
}