{
  "label": "base_loc0.3_c3_P32_D4_s16",
  "L_d_main": 2,
  "seed": 16,
  "wall_clock_s": 231.85,
  "steps_trained": 10000,
  "final_interval_loss": -2738.365279,
  "nan_inf": false,
  "still_descending": false,
  "stability_flag": "stable",
  "diff_mu": 0.24252571165561676,
  "diff_sigma": 1.7176007816033234e-07,
  "diff_mu_aggregate": 0.24252571165561676,
  "diff_sigma_aggregate": 1.7176007816033234e-07,
  "diff_mu_per_k": [
    0.24035164713859558,
    0.24329513311386108,
    0.24022430181503296,
    0.24042288959026337,
    0.24088743329048157,
    0.23954804241657257,
    0.24315689504146576,
    0.24403788149356842,
    0.24080972373485565,
    0.2472170889377594,
    0.24118514358997345,
    0.24343131482601166,
    0.24715441465377808,
    0.24160858988761902,
    0.24231986701488495,
    0.24476073682308197
  ],
  "diff_sigma_per_k": [
    1.525064874385862e-07,
    1.6125477486639284e-07,
    1.5132177111354395e-07,
    1.4705013029470138e-07,
    1.606328225989273e-07,
    1.7364023108257243e-07,
    1.5507286832416867e-07,
    1.7495774784492824e-07,
    1.607045163609655e-07,
    1.6717186213099922e-07,
    1.6234159261330205e-07,
    1.8319278183298593e-07,
    1.816191144143886e-07,
    1.9981229115728638e-07,
    1.9774279280682094e-07,
    2.19139607793295e-07
  ],
  "variance_collapse": false,
  "k_report_idx": {
    "k1": 0,
    "k8": 7,
    "k15": 14
  },
  "spec": {
    "kind": "baseline",
    "baseline_key": [
      0.3,
      3,
      32,
      4
    ],
    "params": {
      "period_P": 32,
      "manifold_dim_D": 4,
      "continuity_center": 3,
      "fidelity_F": 0.97,
      "magnitude_M": 0.0,
      "locality_L": 0.3
    },
    "L_d_main": 2,
    "seed": 16,
    "perk": true,
    "label": "base_loc0.3_c3_P32_D4_s16",
    "out_file": "/mnt/c/Users/Jason/Desktop/Eridos/Weft 2/v2/results/phase1/pilot_Ld2/_runs/base_loc0.3_c3_P32_D4_s16.json"
  }
}