{
  "label": "base_loc0.5_c39_P256_D4_s0",
  "L_d_main": 2,
  "seed": 0,
  "wall_clock_s": 234.77,
  "steps_trained": 10000,
  "final_interval_loss": -2829.767209,
  "nan_inf": false,
  "still_descending": false,
  "stability_flag": "stable",
  "diff_mu": 0.023808376863598824,
  "diff_sigma": 2.8300450871654448e-09,
  "diff_mu_aggregate": 0.023808376863598824,
  "diff_sigma_aggregate": 2.8300450871654448e-09,
  "diff_mu_per_k": [
    0.023690203204751015,
    0.023585649207234383,
    0.023536261171102524,
    0.02390250191092491,
    0.02370433323085308,
    0.023951761424541473,
    0.02383510209619999,
    0.0239421296864748,
    0.024034805595874786,
    0.023850126191973686,
    0.023798344656825066,
    0.0241861455142498,
    0.02358902245759964,
    0.024126499891281128,
    0.023736804723739624,
    0.023464342579245567
  ],
  "diff_sigma_per_k": [
    2.3731101528312593e-09,
    2.9219429098503724e-09,
    2.7231985555431493e-09,
    3.3716969216612824e-09,
    2.8631210735596824e-09,
    2.8480742209069376e-09,
    2.419981770529489e-09,
    2.5536870396081213e-09,
    2.819624755900918e-09,
    2.91519719475275e-09,
    3.115540714304643e-09,
    3.187646591129578e-09,
    2.6393451868500506e-09,
    2.3535258186768715e-09,
    3.194735143097205e-09,
    2.980295565890856e-09
  ],
  "variance_collapse": true,
  "k_report_idx": {
    "k1": 0,
    "k8": 7,
    "k15": 14
  },
  "spec": {
    "kind": "baseline",
    "baseline_key": [
      0.5,
      39,
      256,
      4
    ],
    "params": {
      "period_P": 256,
      "manifold_dim_D": 4,
      "continuity_center": 39,
      "fidelity_F": 0.97,
      "magnitude_M": 0.0,
      "locality_L": 0.5
    },
    "L_d_main": 2,
    "seed": 0,
    "perk": true,
    "label": "base_loc0.5_c39_P256_D4_s0",
    "out_file": "/mnt/c/Users/Jason/Desktop/Eridos/Weft 2/v2/results/phase1/pilot_Ld2/_runs/base_loc0.5_c39_P256_D4_s0.json"
  }
}