{
  "label": "base_loc0.3_c3_P32_D4_s3",
  "L_d_main": 2,
  "seed": 3,
  "wall_clock_s": 233.44,
  "steps_trained": 10000,
  "final_interval_loss": -2837.296773,
  "nan_inf": false,
  "still_descending": false,
  "stability_flag": "stable",
  "diff_mu": 0.300944060087204,
  "diff_sigma": 2.949518034256471e-07,
  "diff_mu_aggregate": 0.300944060087204,
  "diff_sigma_aggregate": 2.949518034256471e-07,
  "diff_mu_per_k": [
    0.30124548077583313,
    0.30066975951194763,
    0.2933328449726105,
    0.2966258227825165,
    0.3014310598373413,
    0.304838091135025,
    0.30449020862579346,
    0.3053693175315857,
    0.29859459400177,
    0.29593250155448914,
    0.30005162954330444,
    0.29870954155921936,
    0.3003549575805664,
    0.2975221574306488,
    0.30338379740715027,
    0.3125532269477844
  ],
  "diff_sigma_per_k": [
    2.4383047048104345e-07,
    2.328336989876334e-07,
    2.2514387865157914e-07,
    2.0795282296148798e-07,
    2.724019907418551e-07,
    2.836536054928729e-07,
    3.0717450272277347e-07,
    2.7743956820813764e-07,
    2.3887255906629434e-07,
    2.7767512733589683e-07,
    2.919545636359544e-07,
    2.386559287970158e-07,
    2.89714961354548e-07,
    3.5030882372666383e-07,
    4.790309162672202e-07,
    5.02585180583992e-07
  ],
  "variance_collapse": false,
  "k_report_idx": {
    "k1": 0,
    "k8": 7,
    "k15": 14
  },
  "spec": {
    "kind": "baseline",
    "baseline_key": [
      0.3,
      3,
      32,
      4
    ],
    "params": {
      "period_P": 32,
      "manifold_dim_D": 4,
      "continuity_center": 3,
      "fidelity_F": 0.97,
      "magnitude_M": 0.0,
      "locality_L": 0.3
    },
    "L_d_main": 2,
    "seed": 3,
    "perk": true,
    "label": "base_loc0.3_c3_P32_D4_s3",
    "out_file": "/mnt/c/Users/Jason/Desktop/Eridos/Weft 2/v2/results/phase1/pilot_Ld2/_runs/base_loc0.3_c3_P32_D4_s3.json"
  }
}