{
  "label": "base_loc0.5_c39_P256_D16_s10",
  "L_d_main": 2,
  "seed": 10,
  "wall_clock_s": 233.49,
  "steps_trained": 10000,
  "final_interval_loss": -2857.681538,
  "nan_inf": false,
  "still_descending": true,
  "stability_flag": "stable",
  "diff_mu": 0.026961304247379303,
  "diff_sigma": 7.216330644155278e-09,
  "diff_mu_aggregate": 0.026961304247379303,
  "diff_sigma_aggregate": 7.216330644155278e-09,
  "diff_mu_per_k": [
    0.026762019842863083,
    0.027375580742955208,
    0.026712512597441673,
    0.02684509940445423,
    0.027057230472564697,
    0.026381604373455048,
    0.026666970923542976,
    0.02685784175992012,
    0.027306411415338516,
    0.02748238481581211,
    0.02688181772828102,
    0.026686394587159157,
    0.026801791042089462,
    0.026724250987172127,
    0.027727942913770676,
    0.02711099572479725
  ],
  "diff_sigma_per_k": [
    7.046741412608526e-09,
    7.849927818881497e-09,
    6.841163635584735e-09,
    7.43727701646435e-09,
    7.501590459924046e-09,
    6.052625511898668e-09,
    7.045405148176087e-09,
    6.696093457492225e-09,
    7.59851737086592e-09,
    8.290837349989033e-09,
    8.033396170503693e-09,
    6.457212986532568e-09,
    6.443033662151265e-09,
    6.299650134877766e-09,
    8.21072720924576e-09,
    7.657088296753045e-09
  ],
  "variance_collapse": true,
  "k_report_idx": {
    "k1": 0,
    "k8": 7,
    "k15": 14
  },
  "spec": {
    "kind": "baseline",
    "baseline_key": [
      0.5,
      39,
      256,
      16
    ],
    "params": {
      "period_P": 256,
      "manifold_dim_D": 16,
      "continuity_center": 39,
      "fidelity_F": 0.97,
      "magnitude_M": 0.0,
      "locality_L": 0.5
    },
    "L_d_main": 2,
    "seed": 10,
    "perk": true,
    "label": "base_loc0.5_c39_P256_D16_s10",
    "out_file": "/mnt/c/Users/Jason/Desktop/Eridos/Weft 2/v2/results/phase1/pilot_Ld2/_runs/base_loc0.5_c39_P256_D16_s10.json"
  }
}