{
  "label": "base_loc0.5_c19_P256_D16_s12",
  "L_d_main": 2,
  "seed": 12,
  "wall_clock_s": 232.85,
  "steps_trained": 10000,
  "final_interval_loss": -2968.154569,
  "nan_inf": false,
  "still_descending": false,
  "stability_flag": "stable",
  "diff_mu": 0.10988198220729828,
  "diff_sigma": 4.850949508750091e-08,
  "diff_mu_aggregate": 0.10988198220729828,
  "diff_sigma_aggregate": 4.850949508750091e-08,
  "diff_mu_per_k": [
    0.10664700716733932,
    0.10791093111038208,
    0.10853272676467896,
    0.11101207137107849,
    0.11099505424499512,
    0.11025826632976532,
    0.11278220266103745,
    0.10952906310558319,
    0.10884732007980347,
    0.10794120281934738,
    0.10690315067768097,
    0.10823137313127518,
    0.1100606769323349,
    0.11029664427042007,
    0.11340658366680145,
    0.11475738137960434
  ],
  "diff_sigma_per_k": [
    3.39708954300022e-08,
    3.4031753415320054e-08,
    3.9923989447743224e-08,
    5.131047231543562e-08,
    5.5618876615426416e-08,
    5.8056055962651953e-08,
    6.24597404907945e-08,
    5.135938963007902e-08,
    4.133077879941993e-08,
    3.22066462388193e-08,
    3.109770929654587e-08,
    3.36279839530107e-08,
    4.289398347623319e-08,
    5.328843499796676e-08,
    7.353384035013733e-08,
    8.144139229671055e-08
  ],
  "variance_collapse": false,
  "k_report_idx": {
    "k1": 0,
    "k8": 7,
    "k15": 14
  },
  "spec": {
    "kind": "baseline",
    "baseline_key": [
      0.5,
      19,
      256,
      16
    ],
    "params": {
      "period_P": 256,
      "manifold_dim_D": 16,
      "continuity_center": 19,
      "fidelity_F": 0.97,
      "magnitude_M": 0.0,
      "locality_L": 0.5
    },
    "L_d_main": 2,
    "seed": 12,
    "perk": true,
    "label": "base_loc0.5_c19_P256_D16_s12",
    "out_file": "/mnt/c/Users/Jason/Desktop/Eridos/Weft 2/v2/results/phase1/pilot_Ld2/_runs/base_loc0.5_c19_P256_D16_s12.json"
  }
}