{
  "label": "base_loc0.3_c3_P32_D4_s18",
  "L_d_main": 2,
  "seed": 18,
  "wall_clock_s": 233.79,
  "steps_trained": 10000,
  "final_interval_loss": -2801.154867,
  "nan_inf": false,
  "still_descending": false,
  "stability_flag": "stable",
  "diff_mu": 0.33698609471321106,
  "diff_sigma": 6.580613387541234e-08,
  "diff_mu_aggregate": 0.33698609471321106,
  "diff_sigma_aggregate": 6.580613387541234e-08,
  "diff_mu_per_k": [
    0.3316788077354431,
    0.3375284969806671,
    0.33283916115760803,
    0.33585333824157715,
    0.334914892911911,
    0.340785413980484,
    0.3451750874519348,
    0.34098923206329346,
    0.3425366282463074,
    0.3349156975746155,
    0.3332785367965698,
    0.3320387899875641,
    0.3331137001514435,
    0.33704715967178345,
    0.3444455862045288,
    0.3346373736858368
  ],
  "diff_sigma_per_k": [
    5.691338955671199e-08,
    4.826750199526941e-08,
    5.0818609764746725e-08,
    4.6520248986325896e-08,
    4.963706956573333e-08,
    6.436196997583465e-08,
    6.67580550839375e-08,
    6.838288157950956e-08,
    5.812377779079725e-08,
    5.6217256627633105e-08,
    5.491453336503582e-08,
    5.884713516479678e-08,
    7.294114112710304e-08,
    9.735693851098404e-08,
    1.0561532803876617e-07,
    9.7222340400549e-08
  ],
  "variance_collapse": false,
  "k_report_idx": {
    "k1": 0,
    "k8": 7,
    "k15": 14
  },
  "spec": {
    "kind": "baseline",
    "baseline_key": [
      0.3,
      3,
      32,
      4
    ],
    "params": {
      "period_P": 32,
      "manifold_dim_D": 4,
      "continuity_center": 3,
      "fidelity_F": 0.97,
      "magnitude_M": 0.0,
      "locality_L": 0.3
    },
    "L_d_main": 2,
    "seed": 18,
    "perk": true,
    "label": "base_loc0.3_c3_P32_D4_s18",
    "out_file": "/mnt/c/Users/Jason/Desktop/Eridos/Weft 2/v2/results/phase1/pilot_Ld2/_runs/base_loc0.3_c3_P32_D4_s18.json"
  }
}