{
  "label": "base_loc0.5_c19_P256_D16_s10",
  "L_d_main": 2,
  "seed": 10,
  "wall_clock_s": 233.24,
  "steps_trained": 10000,
  "final_interval_loss": -2929.180281,
  "nan_inf": false,
  "still_descending": false,
  "stability_flag": "stable",
  "diff_mu": 0.2653493583202362,
  "diff_sigma": 8.845190535566871e-08,
  "diff_mu_aggregate": 0.2653493583202362,
  "diff_sigma_aggregate": 8.845190535566871e-08,
  "diff_mu_per_k": [
    0.2593884766101837,
    0.2610136568546295,
    0.2635118067264557,
    0.2646143436431885,
    0.2696085274219513,
    0.2658165395259857,
    0.26679956912994385,
    0.26789042353630066,
    0.26111263036727905,
    0.262083500623703,
    0.2649810314178467,
    0.26218724250793457,
    0.26656290888786316,
    0.26611652970314026,
    0.2685696482658386,
    0.2753327786922455
  ],
  "diff_sigma_per_k": [
    6.198254709488538e-08,
    6.762502380297519e-08,
    8.50090629000988e-08,
    8.242989224527264e-08,
    9.648474730283851e-08,
    9.870957029534111e-08,
    9.890872121331995e-08,
    9.075680651449147e-08,
    8.1572601118296e-08,
    7.425248327308509e-08,
    6.334258983997643e-08,
    7.006766367112505e-08,
    6.687956499717984e-08,
    8.780334326274897e-08,
    1.2782534497546294e-07,
    1.6158050186731998e-07
  ],
  "variance_collapse": false,
  "k_report_idx": {
    "k1": 0,
    "k8": 7,
    "k15": 14
  },
  "spec": {
    "kind": "baseline",
    "baseline_key": [
      0.5,
      19,
      256,
      16
    ],
    "params": {
      "period_P": 256,
      "manifold_dim_D": 16,
      "continuity_center": 19,
      "fidelity_F": 0.97,
      "magnitude_M": 0.0,
      "locality_L": 0.5
    },
    "L_d_main": 2,
    "seed": 10,
    "perk": true,
    "label": "base_loc0.5_c19_P256_D16_s10",
    "out_file": "/mnt/c/Users/Jason/Desktop/Eridos/Weft 2/v2/results/phase1/pilot_Ld2/_runs/base_loc0.5_c19_P256_D16_s10.json"
  }
}