{
  "label": "base_loc0.5_c39_P256_D4_s17",
  "L_d_main": 2,
  "seed": 17,
  "wall_clock_s": 233.09,
  "steps_trained": 10000,
  "final_interval_loss": -2810.467044,
  "nan_inf": false,
  "still_descending": true,
  "stability_flag": "stable",
  "diff_mu": 0.01219662744551897,
  "diff_sigma": 1.0261700822411512e-08,
  "diff_mu_aggregate": 0.01219662744551897,
  "diff_sigma_aggregate": 1.0261700822411512e-08,
  "diff_mu_per_k": [
    0.012161707505583763,
    0.006434170063585043,
    0.01159664150327444,
    0.019124183803796768,
    0.012167125009000301,
    0.01190576609224081,
    0.018732881173491478,
    0.005572822410613298,
    0.008621319197118282,
    0.015472659841179848,
    0.009902759455144405,
    0.009377001784741879,
    0.015865884721279144,
    0.018062910065054893,
    0.010345512069761753,
    0.009802714921534061
  ],
  "diff_sigma_per_k": [
    1.1156517487620476e-08,
    1.0344098022585513e-08,
    5.32714894418973e-09,
    6.86283030404411e-09,
    6.054240664354893e-09,
    1.668828453205151e-08,
    2.9162389836301372e-08,
    6.489985882041083e-09,
    4.6499577521785795e-09,
    4.955415189300538e-09,
    4.859186386596548e-09,
    7.245771538322288e-09,
    1.674041882893107e-08,
    1.7627227677508017e-08,
    1.0763979929606649e-08,
    5.259764623843921e-09
  ],
  "variance_collapse": false,
  "k_report_idx": {
    "k1": 0,
    "k8": 7,
    "k15": 14
  },
  "spec": {
    "kind": "baseline",
    "baseline_key": [
      0.5,
      39,
      256,
      4
    ],
    "params": {
      "period_P": 256,
      "manifold_dim_D": 4,
      "continuity_center": 39,
      "fidelity_F": 0.97,
      "magnitude_M": 0.0,
      "locality_L": 0.5
    },
    "L_d_main": 2,
    "seed": 17,
    "perk": true,
    "label": "base_loc0.5_c39_P256_D4_s17",
    "out_file": "/mnt/c/Users/Jason/Desktop/Eridos/Weft 2/v2/results/phase1/pilot_Ld2/_runs/base_loc0.5_c39_P256_D4_s17.json"
  }
}