{
  "label": "base_loc0.3_c3_P32_D4_s15",
  "L_d_main": 2,
  "seed": 15,
  "wall_clock_s": 235.01,
  "steps_trained": 10000,
  "final_interval_loss": -2798.89716,
  "nan_inf": false,
  "still_descending": false,
  "stability_flag": "stable",
  "diff_mu": 0.18762969970703125,
  "diff_sigma": 9.179343862797396e-08,
  "diff_mu_aggregate": 0.18762969970703125,
  "diff_sigma_aggregate": 9.179343862797396e-08,
  "diff_mu_per_k": [
    0.1869029849767685,
    0.18366169929504395,
    0.1832318753004074,
    0.18738366663455963,
    0.189630925655365,
    0.18470853567123413,
    0.1828080117702484,
    0.18881911039352417,
    0.18619179725646973,
    0.18706640601158142,
    0.18668688833713531,
    0.1831129640340805,
    0.1891232281923294,
    0.19098255038261414,
    0.19388581812381744,
    0.19787918031215668
  ],
  "diff_sigma_per_k": [
    8.25432024953443e-08,
    6.529154461532016e-08,
    6.414324360548562e-08,
    6.89231001160806e-08,
    7.939446078353285e-08,
    7.341554209006063e-08,
    6.605087321531755e-08,
    9.641833997875437e-08,
    7.410856284195688e-08,
    8.373142179607385e-08,
    7.839442162094201e-08,
    7.188236139654691e-08,
    9.935061484611651e-08,
    1.268666665055207e-07,
    1.7051691258984647e-07,
    1.6766368560183764e-07
  ],
  "variance_collapse": false,
  "k_report_idx": {
    "k1": 0,
    "k8": 7,
    "k15": 14
  },
  "spec": {
    "kind": "baseline",
    "baseline_key": [
      0.3,
      3,
      32,
      4
    ],
    "params": {
      "period_P": 32,
      "manifold_dim_D": 4,
      "continuity_center": 3,
      "fidelity_F": 0.97,
      "magnitude_M": 0.0,
      "locality_L": 0.3
    },
    "L_d_main": 2,
    "seed": 15,
    "perk": true,
    "label": "base_loc0.3_c3_P32_D4_s15",
    "out_file": "/mnt/c/Users/Jason/Desktop/Eridos/Weft 2/v2/results/phase1/pilot_Ld2/_runs/base_loc0.3_c3_P32_D4_s15.json"
  }
}