{
  "label": "base_loc0.5_c39_P256_D4_s9",
  "L_d_main": 2,
  "seed": 9,
  "wall_clock_s": 232.68,
  "steps_trained": 10000,
  "final_interval_loss": -2836.363975,
  "nan_inf": false,
  "still_descending": false,
  "stability_flag": "stable",
  "diff_mu": 0.12658706307411194,
  "diff_sigma": 1.315375985910805e-08,
  "diff_mu_aggregate": 0.12658706307411194,
  "diff_sigma_aggregate": 1.315375985910805e-08,
  "diff_mu_per_k": [
    0.1264084279537201,
    0.12599815428256989,
    0.12607550621032715,
    0.1271103173494339,
    0.12852324545383453,
    0.12589862942695618,
    0.1249968558549881,
    0.12650932371616364,
    0.12741082906723022,
    0.1271304041147232,
    0.1276647001504898,
    0.1269039660692215,
    0.12652596831321716,
    0.12640003859996796,
    0.12536658346652985,
    0.1264701783657074
  ],
  "diff_sigma_per_k": [
    1.0858422605508622e-08,
    1.1752617545823796e-08,
    1.405824345823703e-08,
    1.993972986724657e-08,
    1.6981493544676596e-08,
    1.3229338513554012e-08,
    9.59751655926766e-09,
    9.261404976257381e-09,
    1.0659937821344556e-08,
    1.545584460416194e-08,
    1.7777892935555428e-08,
    1.4352065313971707e-08,
    1.1628104701344455e-08,
    9.973873282831391e-09,
    1.1037266212099439e-08,
    1.3896413797453988e-08
  ],
  "variance_collapse": false,
  "k_report_idx": {
    "k1": 0,
    "k8": 7,
    "k15": 14
  },
  "spec": {
    "kind": "baseline",
    "baseline_key": [
      0.5,
      39,
      256,
      4
    ],
    "params": {
      "period_P": 256,
      "manifold_dim_D": 4,
      "continuity_center": 39,
      "fidelity_F": 0.97,
      "magnitude_M": 0.0,
      "locality_L": 0.5
    },
    "L_d_main": 2,
    "seed": 9,
    "perk": true,
    "label": "base_loc0.5_c39_P256_D4_s9",
    "out_file": "/mnt/c/Users/Jason/Desktop/Eridos/Weft 2/v2/results/phase1/pilot_Ld2/_runs/base_loc0.5_c39_P256_D4_s9.json"
  }
}