{
  "label": "base_loc0.5_c19_P256_D16_s19",
  "L_d_main": 2,
  "seed": 19,
  "wall_clock_s": 234.09,
  "steps_trained": 10000,
  "final_interval_loss": -2937.213014,
  "nan_inf": false,
  "still_descending": false,
  "stability_flag": "stable",
  "diff_mu": 0.09793707728385925,
  "diff_sigma": 3.596180135900795e-07,
  "diff_mu_aggregate": 0.09793707728385925,
  "diff_sigma_aggregate": 3.596180135900795e-07,
  "diff_mu_per_k": [
    0.09756261855363846,
    0.09697706252336502,
    0.09756721556186676,
    0.09779008477926254,
    0.09888885170221329,
    0.09800514578819275,
    0.09915794432163239,
    0.09751226752996445,
    0.09717513620853424,
    0.09728643298149109,
    0.09706103056669235,
    0.09760232269763947,
    0.09830495715141296,
    0.09862086176872253,
    0.09851326048374176,
    0.09896805137395859
  ],
  "diff_sigma_per_k": [
    2.7886531484000443e-07,
    2.939309240446164e-07,
    3.201473361968965e-07,
    3.5774473872152157e-07,
    3.6149990023659484e-07,
    3.967474810906424e-07,
    4.081800284438941e-07,
    3.64274370667772e-07,
    3.0628370950580575e-07,
    2.968214403153979e-07,
    2.345185805552319e-07,
    2.858259051663481e-07,
    3.3307080116173893e-07,
    4.1598912048357306e-07,
    5.115757630846929e-07,
    5.884127176614129e-07
  ],
  "variance_collapse": false,
  "k_report_idx": {
    "k1": 0,
    "k8": 7,
    "k15": 14
  },
  "spec": {
    "kind": "baseline",
    "baseline_key": [
      0.5,
      19,
      256,
      16
    ],
    "params": {
      "period_P": 256,
      "manifold_dim_D": 16,
      "continuity_center": 19,
      "fidelity_F": 0.97,
      "magnitude_M": 0.0,
      "locality_L": 0.5
    },
    "L_d_main": 2,
    "seed": 19,
    "perk": true,
    "label": "base_loc0.5_c19_P256_D16_s19",
    "out_file": "/mnt/c/Users/Jason/Desktop/Eridos/Weft 2/v2/results/phase1/pilot_Ld2/_runs/base_loc0.5_c19_P256_D16_s19.json"
  }
}