{
  "label": "base_loc0.3_c3_P32_D4_s12",
  "L_d_main": 2,
  "seed": 12,
  "wall_clock_s": 232.22,
  "steps_trained": 10000,
  "final_interval_loss": -2861.560618,
  "nan_inf": false,
  "still_descending": true,
  "stability_flag": "stable",
  "diff_mu": 0.24593184888362885,
  "diff_sigma": 2.769194793472707e-07,
  "diff_mu_aggregate": 0.24593184888362885,
  "diff_sigma_aggregate": 2.769194793472707e-07,
  "diff_mu_per_k": [
    0.25039225816726685,
    0.24685175716876984,
    0.24832314252853394,
    0.24635975062847137,
    0.24644431471824646,
    0.24354925751686096,
    0.2463075816631317,
    0.24760878086090088,
    0.24631556868553162,
    0.24542075395584106,
    0.24892961978912354,
    0.24457773566246033,
    0.24352867901325226,
    0.24568763375282288,
    0.24237363040447235,
    0.24223928153514862
  ],
  "diff_sigma_per_k": [
    2.0522811894352344e-07,
    1.8103838783645188e-07,
    1.9902647352409986e-07,
    2.3095786616522673e-07,
    2.7928635404350644e-07,
    2.890452890369488e-07,
    2.532567577873124e-07,
    2.339134823614586e-07,
    2.2561995649539313e-07,
    2.428332948056777e-07,
    2.1832703112067975e-07,
    2.383580977038946e-07,
    2.8951336616955814e-07,
    3.2658095960869105e-07,
    4.742672956581373e-07,
    5.434590661934635e-07
  ],
  "variance_collapse": false,
  "k_report_idx": {
    "k1": 0,
    "k8": 7,
    "k15": 14
  },
  "spec": {
    "kind": "baseline",
    "baseline_key": [
      0.3,
      3,
      32,
      4
    ],
    "params": {
      "period_P": 32,
      "manifold_dim_D": 4,
      "continuity_center": 3,
      "fidelity_F": 0.97,
      "magnitude_M": 0.0,
      "locality_L": 0.3
    },
    "L_d_main": 2,
    "seed": 12,
    "perk": true,
    "label": "base_loc0.3_c3_P32_D4_s12",
    "out_file": "/mnt/c/Users/Jason/Desktop/Eridos/Weft 2/v2/results/phase1/pilot_Ld2/_runs/base_loc0.3_c3_P32_D4_s12.json"
  }
}