{
  "label": "base_loc0.5_c39_P256_D16_s13",
  "L_d_main": 2,
  "seed": 13,
  "wall_clock_s": 234.0,
  "steps_trained": 10000,
  "final_interval_loss": -2900.435157,
  "nan_inf": false,
  "still_descending": true,
  "stability_flag": "stable",
  "diff_mu": 0.05787653103470802,
  "diff_sigma": 7.408863211821881e-08,
  "diff_mu_aggregate": 0.05787653103470802,
  "diff_sigma_aggregate": 7.408863211821881e-08,
  "diff_mu_per_k": [
    0.058202553540468216,
    0.05795160308480263,
    0.05789273977279663,
    0.057815954089164734,
    0.05797138065099716,
    0.057796135544776917,
    0.05770964175462723,
    0.05744941905140877,
    0.05775374546647072,
    0.05803832411766052,
    0.0577421709895134,
    0.05791980028152466,
    0.05789554491639137,
    0.05745062604546547,
    0.05847642198204994,
    0.05795847624540329
  ],
  "diff_sigma_per_k": [
    6.849900557881483e-08,
    7.339890828461648e-08,
    8.85901982883297e-08,
    7.348565844722543e-08,
    7.3573076520006e-08,
    6.056632884110513e-08,
    6.322902379451989e-08,
    8.493317693591962e-08,
    7.455750505869219e-08,
    7.421494530035488e-08,
    7.796860046482834e-08,
    6.096211535577822e-08,
    7.295805914964149e-08,
    7.3857869153926e-08,
    8.83120421235617e-08,
    7.631165743759993e-08
  ],
  "variance_collapse": false,
  "k_report_idx": {
    "k1": 0,
    "k8": 7,
    "k15": 14
  },
  "spec": {
    "kind": "baseline",
    "baseline_key": [
      0.5,
      39,
      256,
      16
    ],
    "params": {
      "period_P": 256,
      "manifold_dim_D": 16,
      "continuity_center": 39,
      "fidelity_F": 0.97,
      "magnitude_M": 0.0,
      "locality_L": 0.5
    },
    "L_d_main": 2,
    "seed": 13,
    "perk": true,
    "label": "base_loc0.5_c39_P256_D16_s13",
    "out_file": "/mnt/c/Users/Jason/Desktop/Eridos/Weft 2/v2/results/phase1/pilot_Ld2/_runs/base_loc0.5_c39_P256_D16_s13.json"
  }
}