{
  "label": "base_loc0.3_c3_P32_D4_s9",
  "L_d_main": 2,
  "seed": 9,
  "wall_clock_s": 235.9,
  "steps_trained": 10000,
  "final_interval_loss": -2881.671199,
  "nan_inf": false,
  "still_descending": false,
  "stability_flag": "stable",
  "diff_mu": 0.10478724539279938,
  "diff_sigma": 9.073511364476872e-08,
  "diff_mu_aggregate": 0.10478724539279938,
  "diff_sigma_aggregate": 9.073511364476872e-08,
  "diff_mu_per_k": [
    0.10404518991708755,
    0.10491015762090683,
    0.10377346724271774,
    0.104099340736866,
    0.10473105311393738,
    0.10437221080064774,
    0.10396615415811539,
    0.1053324043750763,
    0.10470449924468994,
    0.10370688140392303,
    0.10446316748857498,
    0.10569866001605988,
    0.10431867837905884,
    0.1059161052107811,
    0.10605821013450623,
    0.10649996250867844
  ],
  "diff_sigma_per_k": [
    7.969801885110428e-08,
    8.247839389241562e-08,
    6.716128808648136e-08,
    9.461685124279029e-08,
    8.738913948036497e-08,
    9.217527718874408e-08,
    7.658712775082677e-08,
    8.722192745835855e-08,
    7.452372585703415e-08,
    8.276327179146392e-08,
    9.766897335339308e-08,
    8.915965565847728e-08,
    8.796437356295428e-08,
    9.216770280318087e-08,
    1.2122451664708933e-07,
    1.38961681273031e-07
  ],
  "variance_collapse": false,
  "k_report_idx": {
    "k1": 0,
    "k8": 7,
    "k15": 14
  },
  "spec": {
    "kind": "baseline",
    "baseline_key": [
      0.3,
      3,
      32,
      4
    ],
    "params": {
      "period_P": 32,
      "manifold_dim_D": 4,
      "continuity_center": 3,
      "fidelity_F": 0.97,
      "magnitude_M": 0.0,
      "locality_L": 0.3
    },
    "L_d_main": 2,
    "seed": 9,
    "perk": true,
    "label": "base_loc0.3_c3_P32_D4_s9",
    "out_file": "/mnt/c/Users/Jason/Desktop/Eridos/Weft 2/v2/results/phase1/pilot_Ld2/_runs/base_loc0.3_c3_P32_D4_s9.json"
  }
}