{
  "label": "base_loc0.5_c19_P256_D16_s1",
  "L_d_main": 2,
  "seed": 1,
  "wall_clock_s": 235.03,
  "steps_trained": 10000,
  "final_interval_loss": -2950.302738,
  "nan_inf": false,
  "still_descending": false,
  "stability_flag": "stable",
  "diff_mu": 0.27669182419776917,
  "diff_sigma": 7.582141847706225e-08,
  "diff_mu_aggregate": 0.27669182419776917,
  "diff_sigma_aggregate": 7.582141847706225e-08,
  "diff_mu_per_k": [
    0.276539146900177,
    0.275054007768631,
    0.27631446719169617,
    0.27721354365348816,
    0.27501723170280457,
    0.2775748074054718,
    0.27640074491500854,
    0.27834227681159973,
    0.27741923928260803,
    0.27717363834381104,
    0.27654120326042175,
    0.27496156096458435,
    0.27763962745666504,
    0.27683964371681213,
    0.27665162086486816,
    0.2773864269256592
  ],
  "diff_sigma_per_k": [
    5.793412682919552e-08,
    5.8940361924442186e-08,
    6.096670546185123e-08,
    7.96140895431563e-08,
    8.252004590758588e-08,
    8.726799194391788e-08,
    8.652668270769936e-08,
    8.062177414558391e-08,
    6.651068673590999e-08,
    5.6198775411075985e-08,
    5.908214006922208e-08,
    5.433141581079326e-08,
    6.551552189648646e-08,
    8.475372226257605e-08,
    1.0795859850531997e-07,
    1.2440015950687666e-07
  ],
  "variance_collapse": false,
  "k_report_idx": {
    "k1": 0,
    "k8": 7,
    "k15": 14
  },
  "spec": {
    "kind": "baseline",
    "baseline_key": [
      0.5,
      19,
      256,
      16
    ],
    "params": {
      "period_P": 256,
      "manifold_dim_D": 16,
      "continuity_center": 19,
      "fidelity_F": 0.97,
      "magnitude_M": 0.0,
      "locality_L": 0.5
    },
    "L_d_main": 2,
    "seed": 1,
    "perk": true,
    "label": "base_loc0.5_c19_P256_D16_s1",
    "out_file": "/mnt/c/Users/Jason/Desktop/Eridos/Weft 2/v2/results/phase1/pilot_Ld2/_runs/base_loc0.5_c19_P256_D16_s1.json"
  }
}