{
  "label": "base_loc0.5_c19_P256_D16_s5",
  "L_d_main": 2,
  "seed": 5,
  "wall_clock_s": 234.9,
  "steps_trained": 10000,
  "final_interval_loss": -2979.222624,
  "nan_inf": false,
  "still_descending": false,
  "stability_flag": "stable",
  "diff_mu": 0.1252903789281845,
  "diff_sigma": 4.438496503667011e-08,
  "diff_mu_aggregate": 0.1252903789281845,
  "diff_sigma_aggregate": 4.438496503667011e-08,
  "diff_mu_per_k": [
    0.1368689388036728,
    0.13369549810886383,
    0.12711718678474426,
    0.15248790383338928,
    0.14162039756774902,
    0.1433258056640625,
    0.1313493400812149,
    0.11207175254821777,
    0.11159549653530121,
    0.11715403944253922,
    0.10354087501764297,
    0.1062016710639,
    0.10237360000610352,
    0.1397487223148346,
    0.1214141771197319,
    0.12408073991537094
  ],
  "diff_sigma_per_k": [
    8.121128303173464e-08,
    4.0543724821873184e-08,
    2.569601420532308e-08,
    4.923769481024465e-08,
    3.3352041128864585e-08,
    3.110420365715072e-08,
    4.4049254910305535e-08,
    2.8715147593061374e-08,
    3.616579391518826e-08,
    6.200052382610011e-08,
    2.6194738822482577e-08,
    2.6788832485635794e-08,
    2.908929630507373e-08,
    8.093258685448745e-08,
    6.126214913138028e-08,
    5.381617285138418e-08
  ],
  "variance_collapse": false,
  "k_report_idx": {
    "k1": 0,
    "k8": 7,
    "k15": 14
  },
  "spec": {
    "kind": "baseline",
    "baseline_key": [
      0.5,
      19,
      256,
      16
    ],
    "params": {
      "period_P": 256,
      "manifold_dim_D": 16,
      "continuity_center": 19,
      "fidelity_F": 0.97,
      "magnitude_M": 0.0,
      "locality_L": 0.5
    },
    "L_d_main": 2,
    "seed": 5,
    "perk": true,
    "label": "base_loc0.5_c19_P256_D16_s5",
    "out_file": "/mnt/c/Users/Jason/Desktop/Eridos/Weft 2/v2/results/phase1/pilot_Ld2/_runs/base_loc0.5_c19_P256_D16_s5.json"
  }
}