{
  "label": "base_loc0.5_c19_P256_D16_s6",
  "L_d_main": 2,
  "seed": 6,
  "wall_clock_s": 233.26,
  "steps_trained": 10000,
  "final_interval_loss": -2961.534906,
  "nan_inf": false,
  "still_descending": false,
  "stability_flag": "stable",
  "diff_mu": 0.30468589067459106,
  "diff_sigma": 5.134339744472527e-07,
  "diff_mu_aggregate": 0.30468589067459106,
  "diff_sigma_aggregate": 5.134339744472527e-07,
  "diff_mu_per_k": [
    0.301676481962204,
    0.3013058304786682,
    0.3030799627304077,
    0.30511531233787537,
    0.30714088678359985,
    0.3075083792209625,
    0.3068838119506836,
    0.30532532930374146,
    0.30328258872032166,
    0.29999351501464844,
    0.3001023828983307,
    0.30188047885894775,
    0.30447885394096375,
    0.3081716001033783,
    0.3079604506492615,
    0.3110682964324951
  ],
  "diff_sigma_per_k": [
    4.09542650459116e-07,
    4.1780307924454974e-07,
    4.530637625066447e-07,
    5.249639229987224e-07,
    5.917415251133207e-07,
    6.222865636118513e-07,
    5.402324632086675e-07,
    5.576770263360231e-07,
    4.2706864178398973e-07,
    3.807002144640137e-07,
    3.492507119062793e-07,
    4.062622451783682e-07,
    4.7475242581640487e-07,
    5.939096467955096e-07,
    7.089295195328305e-07,
    7.567595616819744e-07
  ],
  "variance_collapse": false,
  "k_report_idx": {
    "k1": 0,
    "k8": 7,
    "k15": 14
  },
  "spec": {
    "kind": "baseline",
    "baseline_key": [
      0.5,
      19,
      256,
      16
    ],
    "params": {
      "period_P": 256,
      "manifold_dim_D": 16,
      "continuity_center": 19,
      "fidelity_F": 0.97,
      "magnitude_M": 0.0,
      "locality_L": 0.5
    },
    "L_d_main": 2,
    "seed": 6,
    "perk": true,
    "label": "base_loc0.5_c19_P256_D16_s6",
    "out_file": "/mnt/c/Users/Jason/Desktop/Eridos/Weft 2/v2/results/phase1/pilot_Ld2/_runs/base_loc0.5_c19_P256_D16_s6.json"
  }
}