{
  "label": "base_loc0.9_c472_P2048_D128_s12",
  "L_d_main": 2,
  "seed": 12,
  "wall_clock_s": 235.28,
  "steps_trained": 10000,
  "final_interval_loss": -3002.259497,
  "nan_inf": false,
  "still_descending": false,
  "stability_flag": "stable",
  "diff_mu": 0.00010947073315037414,
  "diff_sigma": 4.1561926122923865e-10,
  "diff_mu_aggregate": 0.00010947073315037414,
  "diff_sigma_aggregate": 4.1561926122923865e-10,
  "diff_mu_per_k": [
    0.00010781196760945022,
    0.00010945109534077346,
    0.00010949078568955883,
    0.00011189105862285942,
    0.00011058929521823302,
    0.0001083217648556456,
    0.00011006586282746866,
    0.00010777257557492703,
    0.00010960601503029466,
    0.00010971816664095968,
    0.00010940069478238001,
    0.00010862389171961695,
    0.00010966127592837438,
    0.00011071267363149673,
    0.00010905099770752713,
    0.00010936358739854768
  ],
  "diff_sigma_per_k": [
    4.2686740253650157e-10,
    4.480210091806214e-10,
    3.964890638030738e-10,
    3.9428171838551407e-10,
    4.3611453337533135e-10,
    4.402533892999827e-10,
    4.3430722906911967e-10,
    3.9694308950899426e-10,
    3.6536182412838514e-10,
    4.26235602368763e-10,
    4.2847583814342727e-10,
    4.0106706844511564e-10,
    3.7148037423939684e-10,
    3.863727671138406e-10,
    4.4732872961361636e-10,
    4.5030867923401274e-10
  ],
  "variance_collapse": true,
  "k_report_idx": {
    "k1": 0,
    "k8": 7,
    "k15": 14
  },
  "spec": {
    "kind": "baseline",
    "baseline_key": [
      0.9,
      472,
      2048,
      128
    ],
    "params": {
      "period_P": 2048,
      "manifold_dim_D": 128,
      "continuity_center": 472,
      "fidelity_F": 0.97,
      "magnitude_M": 0.0,
      "locality_L": 0.9
    },
    "L_d_main": 2,
    "seed": 12,
    "perk": true,
    "label": "base_loc0.9_c472_P2048_D128_s12",
    "out_file": "/mnt/c/Users/Jason/Desktop/Eridos/Weft 2/v2/results/phase1/pilot_Ld2/_runs/base_loc0.9_c472_P2048_D128_s12.json"
  }
}