{
  "label": "base_loc0.5_c39_P256_D4_s16",
  "L_d_main": 2,
  "seed": 16,
  "wall_clock_s": 235.08,
  "steps_trained": 10000,
  "final_interval_loss": -2807.515791,
  "nan_inf": false,
  "still_descending": false,
  "stability_flag": "stable",
  "diff_mu": 0.37401464581489563,
  "diff_sigma": 7.904827725724317e-08,
  "diff_mu_aggregate": 0.37401464581489563,
  "diff_sigma_aggregate": 7.904827725724317e-08,
  "diff_mu_per_k": [
    0.3403061032295227,
    0.3941428065299988,
    0.4444957971572876,
    0.40068337321281433,
    0.35941657423973083,
    0.3542332947254181,
    0.35525423288345337,
    0.3443799316883087,
    0.4218820035457611,
    0.4352554380893707,
    0.3466290831565857,
    0.3399788737297058,
    0.34463393688201904,
    0.33984366059303284,
    0.37460750341415405,
    0.38849174976348877
  ],
  "diff_sigma_per_k": [
    5.055333218706437e-08,
    7.939139123891437e-08,
    1.1980986869275512e-07,
    1.3152769895441452e-07,
    7.62211840310556e-08,
    4.8770921523555444e-08,
    4.026056288353175e-08,
    6.517710460229864e-08,
    1.1157852242149602e-07,
    1.368832442949497e-07,
    8.032638731947372e-08,
    5.830008831253508e-08,
    4.2117608956004915e-08,
    4.83623239233566e-08,
    7.98244741417875e-08,
    9.566773684355212e-08
  ],
  "variance_collapse": false,
  "k_report_idx": {
    "k1": 0,
    "k8": 7,
    "k15": 14
  },
  "spec": {
    "kind": "baseline",
    "baseline_key": [
      0.5,
      39,
      256,
      4
    ],
    "params": {
      "period_P": 256,
      "manifold_dim_D": 4,
      "continuity_center": 39,
      "fidelity_F": 0.97,
      "magnitude_M": 0.0,
      "locality_L": 0.5
    },
    "L_d_main": 2,
    "seed": 16,
    "perk": true,
    "label": "base_loc0.5_c39_P256_D4_s16",
    "out_file": "/mnt/c/Users/Jason/Desktop/Eridos/Weft 2/v2/results/phase1/pilot_Ld2/_runs/base_loc0.5_c39_P256_D4_s16.json"
  }
}