{
  "label": "base_loc0.9_c472_P2048_D128_s11",
  "L_d_main": 2,
  "seed": 11,
  "wall_clock_s": 235.5,
  "steps_trained": 10000,
  "final_interval_loss": -3003.550189,
  "nan_inf": false,
  "still_descending": false,
  "stability_flag": "stable",
  "diff_mu": 8.714477007742971e-05,
  "diff_sigma": 5.664219093759471e-10,
  "diff_mu_aggregate": 8.714477007742971e-05,
  "diff_sigma_aggregate": 5.664219093759471e-10,
  "diff_mu_per_k": [
    8.881122630555183e-05,
    8.719870675122365e-05,
    8.7303742475342e-05,
    8.654931298224255e-05,
    8.649045776110142e-05,
    8.701720798853785e-05,
    8.842624083627015e-05,
    8.751204586587846e-05,
    8.765483653405681e-05,
    8.58422790770419e-05,
    8.733068534638733e-05,
    8.600499859312549e-05,
    8.801574585959315e-05,
    8.663220069138333e-05,
    8.60807194840163e-05,
    8.744598744669929e-05
  ],
  "diff_sigma_per_k": [
    6.0660892975406e-10,
    6.204033953238763e-10,
    5.570655048359185e-10,
    6.096460558602246e-10,
    5.54242984840414e-10,
    6.951901276863737e-10,
    5.170739947324421e-10,
    5.726201179889756e-10,
    4.3199213650702006e-10,
    6.642669747591867e-10,
    5.546267334288757e-10,
    5.57346946372661e-10,
    5.014432202798957e-10,
    4.855205681941754e-10,
    5.5027848944178e-10,
    5.844249528763612e-10
  ],
  "variance_collapse": true,
  "k_report_idx": {
    "k1": 0,
    "k8": 7,
    "k15": 14
  },
  "spec": {
    "kind": "baseline",
    "baseline_key": [
      0.9,
      472,
      2048,
      128
    ],
    "params": {
      "period_P": 2048,
      "manifold_dim_D": 128,
      "continuity_center": 472,
      "fidelity_F": 0.97,
      "magnitude_M": 0.0,
      "locality_L": 0.9
    },
    "L_d_main": 2,
    "seed": 11,
    "perk": true,
    "label": "base_loc0.9_c472_P2048_D128_s11",
    "out_file": "/mnt/c/Users/Jason/Desktop/Eridos/Weft 2/v2/results/phase1/pilot_Ld2/_runs/base_loc0.9_c472_P2048_D128_s11.json"
  }
}