{
  "label": "base_loc0.5_c39_P256_D16_s6",
  "L_d_main": 2,
  "seed": 6,
  "wall_clock_s": 234.43,
  "steps_trained": 10000,
  "final_interval_loss": -2815.162146,
  "nan_inf": false,
  "still_descending": true,
  "stability_flag": "stable",
  "diff_mu": 0.02176356315612793,
  "diff_sigma": 1.2916831160225684e-08,
  "diff_mu_aggregate": 0.02176356315612793,
  "diff_sigma_aggregate": 1.2916831160225684e-08,
  "diff_mu_per_k": [
    0.021880490705370903,
    0.021768594160676003,
    0.021720483899116516,
    0.022118324413895607,
    0.021295731887221336,
    0.02171158418059349,
    0.021685928106307983,
    0.02178667113184929,
    0.021736210212111473,
    0.021963901817798615,
    0.02153102494776249,
    0.021616697311401367,
    0.021607231348752975,
    0.02170890010893345,
    0.022372663021087646,
    0.02171255648136139
  ],
  "diff_sigma_per_k": [
    1.1147275102985077e-08,
    1.4541720716465534e-08,
    1.4171988027555926e-08,
    1.3397594145203584e-08,
    1.2147823191810403e-08,
    1.1358965323893244e-08,
    1.0270555961255923e-08,
    1.5671121289528855e-08,
    1.3778011620502184e-08,
    1.3682433852579834e-08,
    1.208438948907542e-08,
    1.0862140520373487e-08,
    1.1393153975802761e-08,
    1.3028035539264238e-08,
    1.4762693290037987e-08,
    1.437139918181174e-08
  ],
  "variance_collapse": false,
  "k_report_idx": {
    "k1": 0,
    "k8": 7,
    "k15": 14
  },
  "spec": {
    "kind": "baseline",
    "baseline_key": [
      0.5,
      39,
      256,
      16
    ],
    "params": {
      "period_P": 256,
      "manifold_dim_D": 16,
      "continuity_center": 39,
      "fidelity_F": 0.97,
      "magnitude_M": 0.0,
      "locality_L": 0.5
    },
    "L_d_main": 2,
    "seed": 6,
    "perk": true,
    "label": "base_loc0.5_c39_P256_D16_s6",
    "out_file": "/mnt/c/Users/Jason/Desktop/Eridos/Weft 2/v2/results/phase1/pilot_Ld2/_runs/base_loc0.5_c39_P256_D16_s6.json"
  }
}