{
  "label": "base_loc0.3_c3_P32_D4_s2",
  "L_d_main": 2,
  "seed": 2,
  "wall_clock_s": 235.04,
  "steps_trained": 10000,
  "final_interval_loss": -2828.788977,
  "nan_inf": false,
  "still_descending": true,
  "stability_flag": "stable",
  "diff_mu": 0.49616432189941406,
  "diff_sigma": 3.496948863812577e-07,
  "diff_mu_aggregate": 0.49616432189941406,
  "diff_sigma_aggregate": 3.496948863812577e-07,
  "diff_mu_per_k": [
    0.4882091283798218,
    0.49586525559425354,
    0.5033440589904785,
    0.49514275789260864,
    0.4993543326854706,
    0.497261106967926,
    0.4938271939754486,
    0.49992379546165466,
    0.4970361590385437,
    0.4939315617084503,
    0.49086880683898926,
    0.5010101795196533,
    0.501160204410553,
    0.4953880310058594,
    0.49469467997550964,
    0.491612046957016
  ],
  "diff_sigma_per_k": [
    4.194742757590575e-07,
    3.754927320187562e-07,
    2.581623448350001e-07,
    3.1904943398330943e-07,
    2.630537778713915e-07,
    3.154472665301e-07,
    3.100374783571169e-07,
    3.336483018756553e-07,
    3.002011226271861e-07,
    4.1194320488102676e-07,
    3.231486971344566e-07,
    2.563259897669923e-07,
    3.0827897035123897e-07,
    4.5437531071002013e-07,
    4.0152968949769274e-07,
    5.449495574794128e-07
  ],
  "variance_collapse": false,
  "k_report_idx": {
    "k1": 0,
    "k8": 7,
    "k15": 14
  },
  "spec": {
    "kind": "baseline",
    "baseline_key": [
      0.3,
      3,
      32,
      4
    ],
    "params": {
      "period_P": 32,
      "manifold_dim_D": 4,
      "continuity_center": 3,
      "fidelity_F": 0.97,
      "magnitude_M": 0.0,
      "locality_L": 0.3
    },
    "L_d_main": 2,
    "seed": 2,
    "perk": true,
    "label": "base_loc0.3_c3_P32_D4_s2",
    "out_file": "/mnt/c/Users/Jason/Desktop/Eridos/Weft 2/v2/results/phase1/pilot_Ld2/_runs/base_loc0.3_c3_P32_D4_s2.json"
  }
}