{
  "label": "base_loc0.9_c472_P2048_D128_s19",
  "L_d_main": 2,
  "seed": 19,
  "wall_clock_s": 233.03,
  "steps_trained": 10000,
  "final_interval_loss": -2999.289293,
  "nan_inf": false,
  "still_descending": false,
  "stability_flag": "stable",
  "diff_mu": 4.6608485718024895e-05,
  "diff_sigma": 1.7529781792813282e-10,
  "diff_mu_aggregate": 4.6608485718024895e-05,
  "diff_sigma_aggregate": 1.7529781792813282e-10,
  "diff_mu_per_k": [
    4.690574496635236e-05,
    4.606874063028954e-05,
    4.663745130528696e-05,
    4.67567952000536e-05,
    4.700371209764853e-05,
    4.594738857122138e-05,
    4.669403642765246e-05,
    4.650830669561401e-05,
    4.644528235075995e-05,
    4.674206502386369e-05,
    4.697293843491934e-05,
    4.6673470933455974e-05,
    4.670931230066344e-05,
    4.6734465286135674e-05,
    4.64858821942471e-05,
    4.6450208174064755e-05
  ],
  "diff_sigma_per_k": [
    2.0030004044269134e-10,
    1.9420383357005022e-10,
    1.7883491909564952e-10,
    1.5569502631596066e-10,
    1.8570543713902765e-10,
    1.898824847357261e-10,
    1.756364775840069e-10,
    1.81975240431953e-10,
    1.7497590876214275e-10,
    1.594688964212665e-10,
    1.720256576076551e-10,
    1.5776006889733907e-10,
    1.7301382548851052e-10,
    1.3955751831939978e-10,
    1.8943899227075178e-10,
    1.7629080140135756e-10
  ],
  "variance_collapse": true,
  "k_report_idx": {
    "k1": 0,
    "k8": 7,
    "k15": 14
  },
  "spec": {
    "kind": "baseline",
    "baseline_key": [
      0.9,
      472,
      2048,
      128
    ],
    "params": {
      "period_P": 2048,
      "manifold_dim_D": 128,
      "continuity_center": 472,
      "fidelity_F": 0.97,
      "magnitude_M": 0.0,
      "locality_L": 0.9
    },
    "L_d_main": 2,
    "seed": 19,
    "perk": true,
    "label": "base_loc0.9_c472_P2048_D128_s19",
    "out_file": "/mnt/c/Users/Jason/Desktop/Eridos/Weft 2/v2/results/phase1/pilot_Ld2/_runs/base_loc0.9_c472_P2048_D128_s19.json"
  }
}