{
  "label": "base_loc0.5_c39_P256_D16_s4",
  "L_d_main": 2,
  "seed": 4,
  "wall_clock_s": 233.53,
  "steps_trained": 10000,
  "final_interval_loss": -2654.700159,
  "nan_inf": false,
  "still_descending": false,
  "stability_flag": "stable",
  "diff_mu": 0.4582037031650543,
  "diff_sigma": 1.050575662020492e-07,
  "diff_mu_aggregate": 0.4582037031650543,
  "diff_sigma_aggregate": 1.050575662020492e-07,
  "diff_mu_per_k": [
    0.45844560861587524,
    0.45888766646385193,
    0.4602724313735962,
    0.4593326449394226,
    0.46205535531044006,
    0.456670343875885,
    0.45705097913742065,
    0.4580549895763397,
    0.45687130093574524,
    0.4612022042274475,
    0.45610058307647705,
    0.46047472953796387,
    0.4578663110733032,
    0.4619167745113373,
    0.4576784074306488,
    0.4483799636363983
  ],
  "diff_sigma_per_k": [
    1.033785679283028e-07,
    1.1761329687942634e-07,
    1.1649800768509522e-07,
    1.1335967542436265e-07,
    9.712392312621887e-08,
    8.027468823001982e-08,
    8.806161133634305e-08,
    1.0245405945852326e-07,
    1.168045073995927e-07,
    1.1411886191581289e-07,
    1.0115225990148247e-07,
    1.1353836981697896e-07,
    1.0266749228549088e-07,
    1.1097407792703962e-07,
    1.0354736446060997e-07,
    9.935437361718868e-08
  ],
  "variance_collapse": false,
  "k_report_idx": {
    "k1": 0,
    "k8": 7,
    "k15": 14
  },
  "spec": {
    "kind": "baseline",
    "baseline_key": [
      0.5,
      39,
      256,
      16
    ],
    "params": {
      "period_P": 256,
      "manifold_dim_D": 16,
      "continuity_center": 39,
      "fidelity_F": 0.97,
      "magnitude_M": 0.0,
      "locality_L": 0.5
    },
    "L_d_main": 2,
    "seed": 4,
    "perk": true,
    "label": "base_loc0.5_c39_P256_D16_s4",
    "out_file": "/mnt/c/Users/Jason/Desktop/Eridos/Weft 2/v2/results/phase1/pilot_Ld2/_runs/base_loc0.5_c39_P256_D16_s4.json"
  }
}