{
  "label": "base_loc0.9_c472_P2048_D128_s13",
  "L_d_main": 2,
  "seed": 13,
  "wall_clock_s": 233.34,
  "steps_trained": 10000,
  "final_interval_loss": -3002.811368,
  "nan_inf": false,
  "still_descending": false,
  "stability_flag": "stable",
  "diff_mu": 2.673174640221987e-05,
  "diff_sigma": 2.057852499515178e-11,
  "diff_mu_aggregate": 2.673174640221987e-05,
  "diff_sigma_aggregate": 2.057852499515178e-11,
  "diff_mu_per_k": [
    2.6719380912254564e-05,
    2.65669896180043e-05,
    2.681103433133103e-05,
    2.6330597393098287e-05,
    2.6481347958906554e-05,
    2.6697216526372358e-05,
    2.6930110834655352e-05,
    2.6894731490756385e-05,
    2.7008822144125588e-05,
    2.6735458959592506e-05,
    2.672412301762961e-05,
    2.662228507688269e-05,
    2.6937894290313125e-05,
    2.6821040592039935e-05,
    2.6782259737956338e-05,
    2.664460043888539e-05
  ],
  "diff_sigma_per_k": [
    2.2392672785476186e-11,
    2.0836823586001252e-11,
    2.1993495566419163e-11,
    1.8869357465423064e-11,
    1.7926920364841337e-11,
    2.22512477193737e-11,
    1.990355449899006e-11,
    2.0229746697242312e-11,
    1.857673043170749e-11,
    2.1154366453002282e-11,
    1.9520281224760794e-11,
    2.181449638982702e-11,
    2.4344358126593413e-11,
    1.731157231454894e-11,
    1.8759886005748072e-11,
    2.3370897231367316e-11
  ],
  "variance_collapse": true,
  "k_report_idx": {
    "k1": 0,
    "k8": 7,
    "k15": 14
  },
  "spec": {
    "kind": "baseline",
    "baseline_key": [
      0.9,
      472,
      2048,
      128
    ],
    "params": {
      "period_P": 2048,
      "manifold_dim_D": 128,
      "continuity_center": 472,
      "fidelity_F": 0.97,
      "magnitude_M": 0.0,
      "locality_L": 0.9
    },
    "L_d_main": 2,
    "seed": 13,
    "perk": true,
    "label": "base_loc0.9_c472_P2048_D128_s13",
    "out_file": "/mnt/c/Users/Jason/Desktop/Eridos/Weft 2/v2/results/phase1/pilot_Ld2/_runs/base_loc0.9_c472_P2048_D128_s13.json"
  }
}