{
  "label": "base_loc0.9_c472_P2048_D128_s10",
  "L_d_main": 2,
  "seed": 10,
  "wall_clock_s": 231.66,
  "steps_trained": 10000,
  "final_interval_loss": -3002.570162,
  "nan_inf": false,
  "still_descending": false,
  "stability_flag": "stable",
  "diff_mu": 0.00017225340707227588,
  "diff_sigma": 4.8960481502380304e-11,
  "diff_mu_aggregate": 0.00017225340707227588,
  "diff_sigma_aggregate": 4.8960481502380304e-11,
  "diff_mu_per_k": [
    0.00017280150495935231,
    0.00017638091230764985,
    0.00017090450273826718,
    0.00017135475354734808,
    0.00017323883366771042,
    0.00017065856081899256,
    0.00017214167746715248,
    0.00017497243243269622,
    0.0001701883738860488,
    0.00017301588377449661,
    0.00017726793885231018,
    0.00016925919044297189,
    0.0001706940383883193,
    0.00017121544806286693,
    0.00017190353537444025,
    0.00017005685367621481
  ],
  "diff_sigma_per_k": [
    4.4123309173027536e-11,
    5.1412485380097905e-11,
    5.007497888565027e-11,
    4.9644899302592194e-11,
    5.490530599616683e-11,
    4.983402579483709e-11,
    4.609917655939988e-11,
    4.211170648305007e-11,
    5.038454375938528e-11,
    5.586303294946582e-11,
    4.417982646387486e-11,
    4.984442025790514e-11,
    4.1848222803730906e-11,
    4.888560042881629e-11,
    4.661245001091885e-11,
    5.754367468635557e-11
  ],
  "variance_collapse": true,
  "k_report_idx": {
    "k1": 0,
    "k8": 7,
    "k15": 14
  },
  "spec": {
    "kind": "baseline",
    "baseline_key": [
      0.9,
      472,
      2048,
      128
    ],
    "params": {
      "period_P": 2048,
      "manifold_dim_D": 128,
      "continuity_center": 472,
      "fidelity_F": 0.97,
      "magnitude_M": 0.0,
      "locality_L": 0.9
    },
    "L_d_main": 2,
    "seed": 10,
    "perk": true,
    "label": "base_loc0.9_c472_P2048_D128_s10",
    "out_file": "/mnt/c/Users/Jason/Desktop/Eridos/Weft 2/v2/results/phase1/pilot_Ld2/_runs/base_loc0.9_c472_P2048_D128_s10.json"
  }
}