{
  "label": "base_loc0.5_c39_P256_D16_s16",
  "L_d_main": 2,
  "seed": 16,
  "wall_clock_s": 234.21,
  "steps_trained": 10000,
  "final_interval_loss": -2899.864725,
  "nan_inf": false,
  "still_descending": true,
  "stability_flag": "stable",
  "diff_mu": 0.25162285566329956,
  "diff_sigma": 6.418189713031097e-08,
  "diff_mu_aggregate": 0.25162285566329956,
  "diff_sigma_aggregate": 6.418189713031097e-08,
  "diff_mu_per_k": [
    0.25270238518714905,
    0.2539920508861542,
    0.25109535455703735,
    0.25258877873420715,
    0.24971315264701843,
    0.25263333320617676,
    0.252564013004303,
    0.25331199169158936,
    0.25181716680526733,
    0.2510319948196411,
    0.24986757338047028,
    0.2522120773792267,
    0.2514343857765198,
    0.25065141916275024,
    0.24983303248882294,
    0.25051745772361755
  ],
  "diff_sigma_per_k": [
    6.116940198808152e-08,
    5.306199923893473e-08,
    6.939844610087675e-08,
    7.143029989720162e-08,
    6.619580261713054e-08,
    5.6177359653020176e-08,
    5.3066489869024736e-08,
    6.068729163644093e-08,
    7.479291497247686e-08,
    6.951390929543777e-08,
    7.599604856523001e-08,
    7.075079366813952e-08,
    4.895515104408332e-08,
    5.912771783300741e-08,
    6.728679835532603e-08,
    6.929990092885419e-08
  ],
  "variance_collapse": false,
  "k_report_idx": {
    "k1": 0,
    "k8": 7,
    "k15": 14
  },
  "spec": {
    "kind": "baseline",
    "baseline_key": [
      0.5,
      39,
      256,
      16
    ],
    "params": {
      "period_P": 256,
      "manifold_dim_D": 16,
      "continuity_center": 39,
      "fidelity_F": 0.97,
      "magnitude_M": 0.0,
      "locality_L": 0.5
    },
    "L_d_main": 2,
    "seed": 16,
    "perk": true,
    "label": "base_loc0.5_c39_P256_D16_s16",
    "out_file": "/mnt/c/Users/Jason/Desktop/Eridos/Weft 2/v2/results/phase1/pilot_Ld2/_runs/base_loc0.5_c39_P256_D16_s16.json"
  }
}