{
  "label": "base_loc0.5_c39_P256_D16_s7",
  "L_d_main": 2,
  "seed": 7,
  "wall_clock_s": 232.36,
  "steps_trained": 10000,
  "final_interval_loss": -2833.396279,
  "nan_inf": false,
  "still_descending": true,
  "stability_flag": "stable",
  "diff_mu": 0.5501486659049988,
  "diff_sigma": 1.0629567270825646e-07,
  "diff_mu_aggregate": 0.5501486659049988,
  "diff_sigma_aggregate": 1.0629567270825646e-07,
  "diff_mu_per_k": [
    0.5440514087677002,
    0.5563721656799316,
    0.5541094541549683,
    0.5496724247932434,
    0.5445531606674194,
    0.5441023707389832,
    0.5494723320007324,
    0.5523871183395386,
    0.5550376176834106,
    0.5530256032943726,
    0.5468039512634277,
    0.5536013245582581,
    0.5488245487213135,
    0.550096869468689,
    0.550129771232605,
    0.5501377582550049
  ],
  "diff_sigma_per_k": [
    1.1312459946566378e-07,
    9.881121343369159e-08,
    1.1388121379241056e-07,
    1.1054282111899738e-07,
    1.0721997512064263e-07,
    8.470795620496574e-08,
    1.0262215255352203e-07,
    1.1443076175510214e-07,
    1.1140900113559837e-07,
    1.2069766341937793e-07,
    1.0175464382200516e-07,
    9.018713598152317e-08,
    9.233126974095285e-08,
    1.1240355490826914e-07,
    1.14409736795551e-07,
    1.1219697881870161e-07
  ],
  "variance_collapse": false,
  "k_report_idx": {
    "k1": 0,
    "k8": 7,
    "k15": 14
  },
  "spec": {
    "kind": "baseline",
    "baseline_key": [
      0.5,
      39,
      256,
      16
    ],
    "params": {
      "period_P": 256,
      "manifold_dim_D": 16,
      "continuity_center": 39,
      "fidelity_F": 0.97,
      "magnitude_M": 0.0,
      "locality_L": 0.5
    },
    "L_d_main": 2,
    "seed": 7,
    "perk": true,
    "label": "base_loc0.5_c39_P256_D16_s7",
    "out_file": "/mnt/c/Users/Jason/Desktop/Eridos/Weft 2/v2/results/phase1/pilot_Ld2/_runs/base_loc0.5_c39_P256_D16_s7.json"
  }
}