{
  "label": "base_loc0.5_c39_P256_D16_s17",
  "L_d_main": 2,
  "seed": 17,
  "wall_clock_s": 234.61,
  "steps_trained": 10000,
  "final_interval_loss": -2899.363811,
  "nan_inf": false,
  "still_descending": true,
  "stability_flag": "stable",
  "diff_mu": 0.05439728870987892,
  "diff_sigma": 1.3237334428595204e-07,
  "diff_mu_aggregate": 0.05439728870987892,
  "diff_sigma_aggregate": 1.3237334428595204e-07,
  "diff_mu_per_k": [
    0.05458519235253334,
    0.05370599403977394,
    0.054725825786590576,
    0.05421062186360359,
    0.05480807647109032,
    0.05426282063126564,
    0.0546228289604187,
    0.05410059168934822,
    0.05389060825109482,
    0.054574932903051376,
    0.05442536994814873,
    0.054756876081228256,
    0.054619014263153076,
    0.05407460778951645,
    0.05479798465967178,
    0.054195236414670944
  ],
  "diff_sigma_per_k": [
    1.3337636062260572e-07,
    1.4017903993135405e-07,
    1.3677311017090688e-07,
    1.4177578577800887e-07,
    1.386845269735204e-07,
    1.153905273554301e-07,
    1.1159814050643035e-07,
    1.3385218267103483e-07,
    1.456633640373184e-07,
    1.3910597829180915e-07,
    1.310640271867669e-07,
    1.2663473114571389e-07,
    1.3084739691748837e-07,
    1.1845600056403782e-07,
    1.3368568829719152e-07,
    1.408864562790768e-07
  ],
  "variance_collapse": false,
  "k_report_idx": {
    "k1": 0,
    "k8": 7,
    "k15": 14
  },
  "spec": {
    "kind": "baseline",
    "baseline_key": [
      0.5,
      39,
      256,
      16
    ],
    "params": {
      "period_P": 256,
      "manifold_dim_D": 16,
      "continuity_center": 39,
      "fidelity_F": 0.97,
      "magnitude_M": 0.0,
      "locality_L": 0.5
    },
    "L_d_main": 2,
    "seed": 17,
    "perk": true,
    "label": "base_loc0.5_c39_P256_D16_s17",
    "out_file": "/mnt/c/Users/Jason/Desktop/Eridos/Weft 2/v2/results/phase1/pilot_Ld2/_runs/base_loc0.5_c39_P256_D16_s17.json"
  }
}