{
  "label": "base_loc0.5_c39_P256_D16_s15",
  "L_d_main": 2,
  "seed": 15,
  "wall_clock_s": 233.42,
  "steps_trained": 10000,
  "final_interval_loss": -2801.946041,
  "nan_inf": false,
  "still_descending": true,
  "stability_flag": "stable",
  "diff_mu": 0.24203826487064362,
  "diff_sigma": 2.4030177314671164e-07,
  "diff_mu_aggregate": 0.24203826487064362,
  "diff_sigma_aggregate": 2.4030177314671164e-07,
  "diff_mu_per_k": [
    0.24129369854927063,
    0.24373285472393036,
    0.24336349964141846,
    0.24100138247013092,
    0.24214160442352295,
    0.24012309312820435,
    0.24165621399879456,
    0.24147377908229828,
    0.24280625581741333,
    0.24238111078739166,
    0.24058598279953003,
    0.24060937762260437,
    0.24281464517116547,
    0.24487081170082092,
    0.24189171195030212,
    0.24186591804027557
  ],
  "diff_sigma_per_k": [
    2.228543110049941e-07,
    2.511898458124051e-07,
    2.76587542202833e-07,
    2.564603391874698e-07,
    2.4123855268953776e-07,
    2.057717694015082e-07,
    2.0729693517296255e-07,
    2.7907529442927625e-07,
    2.5533421421641833e-07,
    2.4626555727991217e-07,
    2.2781632935675589e-07,
    2.083515369122324e-07,
    2.2318765502404858e-07,
    2.532382836761826e-07,
    2.3545341321096203e-07,
    2.54706861824161e-07
  ],
  "variance_collapse": false,
  "k_report_idx": {
    "k1": 0,
    "k8": 7,
    "k15": 14
  },
  "spec": {
    "kind": "baseline",
    "baseline_key": [
      0.5,
      39,
      256,
      16
    ],
    "params": {
      "period_P": 256,
      "manifold_dim_D": 16,
      "continuity_center": 39,
      "fidelity_F": 0.97,
      "magnitude_M": 0.0,
      "locality_L": 0.5
    },
    "L_d_main": 2,
    "seed": 15,
    "perk": true,
    "label": "base_loc0.5_c39_P256_D16_s15",
    "out_file": "/mnt/c/Users/Jason/Desktop/Eridos/Weft 2/v2/results/phase1/pilot_Ld2/_runs/base_loc0.5_c39_P256_D16_s15.json"
  }
}