{
  "label": "base_loc0.3_c3_P32_D4_s13",
  "L_d_main": 2,
  "seed": 13,
  "wall_clock_s": 234.01,
  "steps_trained": 10000,
  "final_interval_loss": -2800.130003,
  "nan_inf": false,
  "still_descending": false,
  "stability_flag": "stable",
  "diff_mu": 0.9299449324607849,
  "diff_sigma": 4.1145148088617134e-07,
  "diff_mu_aggregate": 0.9299449324607849,
  "diff_sigma_aggregate": 4.1145148088617134e-07,
  "diff_mu_per_k": [
    0.9477482438087463,
    0.9322186708450317,
    0.9403476119041443,
    0.9326360821723938,
    0.9312034845352173,
    0.9244648814201355,
    0.936212420463562,
    0.9252008199691772,
    0.926480770111084,
    0.9437888264656067,
    0.9323099851608276,
    0.9284085631370544,
    0.9259824156761169,
    0.9181076884269714,
    0.9230493903160095,
    0.9109569787979126
  ],
  "diff_sigma_per_k": [
    2.7915532996303227e-07,
    2.7278238690087164e-07,
    3.482130637166847e-07,
    3.402585662115598e-07,
    4.2902016161860956e-07,
    3.9563224163430277e-07,
    4.143340106566029e-07,
    4.1004349782269855e-07,
    3.604408220780897e-07,
    3.0732360301044537e-07,
    3.019742109700019e-07,
    3.772780132749176e-07,
    3.784656428251765e-07,
    5.720336844206031e-07,
    5.731615146942204e-07,
    8.231069159592153e-07
  ],
  "variance_collapse": false,
  "k_report_idx": {
    "k1": 0,
    "k8": 7,
    "k15": 14
  },
  "spec": {
    "kind": "baseline",
    "baseline_key": [
      0.3,
      3,
      32,
      4
    ],
    "params": {
      "period_P": 32,
      "manifold_dim_D": 4,
      "continuity_center": 3,
      "fidelity_F": 0.97,
      "magnitude_M": 0.0,
      "locality_L": 0.3
    },
    "L_d_main": 2,
    "seed": 13,
    "perk": true,
    "label": "base_loc0.3_c3_P32_D4_s13",
    "out_file": "/mnt/c/Users/Jason/Desktop/Eridos/Weft 2/v2/results/phase1/pilot_Ld2/_runs/base_loc0.3_c3_P32_D4_s13.json"
  }
}