{
  "label": "base_loc0.9_c472_P2048_D128_s9",
  "L_d_main": 2,
  "seed": 9,
  "wall_clock_s": 235.81,
  "steps_trained": 10000,
  "final_interval_loss": -3003.43173,
  "nan_inf": false,
  "still_descending": false,
  "stability_flag": "stable",
  "diff_mu": 0.0001369878154946491,
  "diff_sigma": 7.611674623930753e-10,
  "diff_mu_aggregate": 0.0001369878154946491,
  "diff_sigma_aggregate": 7.611674623930753e-10,
  "diff_mu_per_k": [
    0.00013675591617356986,
    0.0001390416146023199,
    0.00013755069812759757,
    0.00013973176828585565,
    0.0001363703777315095,
    0.00013893753930460662,
    0.0001340998860541731,
    0.00013476234744302928,
    0.0001368887460557744,
    0.00013696827227249742,
    0.00013678017421625555,
    0.00013638933887705207,
    0.0001346894132439047,
    0.00013758891145698726,
    0.00013619614765048027,
    0.00013905348896514624
  ],
  "diff_sigma_per_k": [
    7.478932473325983e-10,
    9.054846317191334e-10,
    8.150369268378199e-10,
    7.780652233613239e-10,
    7.788855671542194e-10,
    7.524296186112167e-10,
    7.244258526384328e-10,
    6.314427314357829e-10,
    6.925334194995969e-10,
    7.712965821582429e-10,
    8.099627080149219e-10,
    7.676089208707992e-10,
    6.593305901247959e-10,
    7.624410547357741e-10,
    7.934733980974329e-10,
    7.883685926302064e-10
  ],
  "variance_collapse": true,
  "k_report_idx": {
    "k1": 0,
    "k8": 7,
    "k15": 14
  },
  "spec": {
    "kind": "baseline",
    "baseline_key": [
      0.9,
      472,
      2048,
      128
    ],
    "params": {
      "period_P": 2048,
      "manifold_dim_D": 128,
      "continuity_center": 472,
      "fidelity_F": 0.97,
      "magnitude_M": 0.0,
      "locality_L": 0.9
    },
    "L_d_main": 2,
    "seed": 9,
    "perk": true,
    "label": "base_loc0.9_c472_P2048_D128_s9",
    "out_file": "/mnt/c/Users/Jason/Desktop/Eridos/Weft 2/v2/results/phase1/pilot_Ld2/_runs/base_loc0.9_c472_P2048_D128_s9.json"
  }
}