{
  "label": "base_loc0.3_c3_P32_D4_s4",
  "L_d_main": 2,
  "seed": 4,
  "wall_clock_s": 232.74,
  "steps_trained": 10000,
  "final_interval_loss": -2685.563331,
  "nan_inf": false,
  "still_descending": true,
  "stability_flag": "stable",
  "diff_mu": 1.0397732257843018,
  "diff_sigma": 1.8061575701722177e-06,
  "diff_mu_aggregate": 1.0397732257843018,
  "diff_sigma_aggregate": 1.8061575701722177e-06,
  "diff_mu_per_k": [
    1.0363847017288208,
    1.0354267358779907,
    1.0475741624832153,
    1.030691385269165,
    1.0424654483795166,
    1.0382840633392334,
    1.0404202938079834,
    1.043331265449524,
    1.0401670932769775,
    1.0470436811447144,
    1.0351938009262085,
    1.0434589385986328,
    1.0331931114196777,
    1.04525625705719,
    1.0371266603469849,
    1.0403534173965454
  ],
  "diff_sigma_per_k": [
    1.559390511829406e-06,
    1.4283239124779357e-06,
    1.3966518963570707e-06,
    1.6398605566791957e-06,
    1.6527731077076169e-06,
    1.5503743497902178e-06,
    1.7199404283019248e-06,
    1.5864111446717288e-06,
    1.7955564999283524e-06,
    1.5661352108509163e-06,
    1.7815652881836286e-06,
    1.8748700085780001e-06,
    2.132255758624524e-06,
    2.3290176613954827e-06,
    2.2666686163574923e-06,
    2.618725375214126e-06
  ],
  "variance_collapse": false,
  "k_report_idx": {
    "k1": 0,
    "k8": 7,
    "k15": 14
  },
  "spec": {
    "kind": "baseline",
    "baseline_key": [
      0.3,
      3,
      32,
      4
    ],
    "params": {
      "period_P": 32,
      "manifold_dim_D": 4,
      "continuity_center": 3,
      "fidelity_F": 0.97,
      "magnitude_M": 0.0,
      "locality_L": 0.3
    },
    "L_d_main": 2,
    "seed": 4,
    "perk": true,
    "label": "base_loc0.3_c3_P32_D4_s4",
    "out_file": "/mnt/c/Users/Jason/Desktop/Eridos/Weft 2/v2/results/phase1/pilot_Ld2/_runs/base_loc0.3_c3_P32_D4_s4.json"
  }
}