{
  "label": "base_loc0.5_c39_P256_D4_s15",
  "L_d_main": 2,
  "seed": 15,
  "wall_clock_s": 238.76,
  "steps_trained": 10000,
  "final_interval_loss": -2748.916965,
  "nan_inf": false,
  "still_descending": false,
  "stability_flag": "stable",
  "diff_mu": 0.026190534234046936,
  "diff_sigma": 2.233110762972501e-08,
  "diff_mu_aggregate": 0.026190534234046936,
  "diff_sigma_aggregate": 2.233110762972501e-08,
  "diff_mu_per_k": [
    0.026127440854907036,
    0.026040678843855858,
    0.026371371001005173,
    0.026157474145293236,
    0.026269178837537766,
    0.02621658518910408,
    0.026004355400800705,
    0.02607855387032032,
    0.026338253170251846,
    0.0263668280094862,
    0.02642643079161644,
    0.02615664154291153,
    0.02603692002594471,
    0.025993235409259796,
    0.02617673948407173,
    0.02628781460225582
  ],
  "diff_sigma_per_k": [
    1.8555153857846562e-08,
    2.04775716383665e-08,
    2.464154391645934e-08,
    2.6458698343390097e-08,
    2.73070206446846e-08,
    2.1541294970006675e-08,
    1.6792704116141977e-08,
    2.0229467878607466e-08,
    2.2565991741885227e-08,
    2.7382329292890972e-08,
    2.7267571311995198e-08,
    1.9912850035552765e-08,
    1.7943767360861784e-08,
    2.0525705579643727e-08,
    2.181806024736943e-08,
    2.3878000021682055e-08
  ],
  "variance_collapse": false,
  "k_report_idx": {
    "k1": 0,
    "k8": 7,
    "k15": 14
  },
  "spec": {
    "kind": "baseline",
    "baseline_key": [
      0.5,
      39,
      256,
      4
    ],
    "params": {
      "period_P": 256,
      "manifold_dim_D": 4,
      "continuity_center": 39,
      "fidelity_F": 0.97,
      "magnitude_M": 0.0,
      "locality_L": 0.5
    },
    "L_d_main": 2,
    "seed": 15,
    "perk": true,
    "label": "base_loc0.5_c39_P256_D4_s15",
    "out_file": "/mnt/c/Users/Jason/Desktop/Eridos/Weft 2/v2/results/phase1/pilot_Ld2/_runs/base_loc0.5_c39_P256_D4_s15.json"
  }
}