{
  "label": "cell_mag0.1_mid_s9",
  "L_d_main": 2,
  "seed": 9,
  "wall_clock_s": 237.16,
  "steps_trained": 10000,
  "final_interval_loss": -2845.735317,
  "nan_inf": false,
  "still_descending": true,
  "stability_flag": "stable",
  "diff_mu": 0.04618314281105995,
  "diff_sigma": 6.287663723014703e-10,
  "diff_mu_aggregate": 0.04618314281105995,
  "diff_sigma_aggregate": 6.287663723014703e-10,
  "diff_mu_per_k": [
    0.046020571142435074,
    0.04631983861327171,
    0.04653624817728996,
    0.04638587310910225,
    0.0458504781126976,
    0.045967958867549896,
    0.04597780853509903,
    0.04613812267780304,
    0.045790404081344604,
    0.04651797190308571,
    0.046309396624565125,
    0.04596613347530365,
    0.04607728496193886,
    0.046239010989665985,
    0.04620862752199173,
    0.0466245673596859
  ],
  "diff_sigma_per_k": [
    5.309908068795721e-10,
    6.671084795684123e-10,
    8.406572105101873e-10,
    8.297200149165462e-10,
    5.575234718335764e-10,
    5.69298053143541e-10,
    4.327105895818306e-10,
    6.068475166820519e-10,
    5.441905259750968e-10,
    6.873564495357698e-10,
    7.336586893558206e-10,
    4.916831386481135e-10,
    5.616772047467578e-10,
    5.69621627644068e-10,
    6.201118507576098e-10,
    8.171067711337798e-10
  ],
  "variance_collapse": true,
  "k_report_idx": {
    "k1": 0,
    "k8": 7,
    "k15": 14
  },
  "spec": {
    "kind": "cell",
    "tag": "mag0.1_mid",
    "cross": "mid",
    "magnitude": 0.1,
    "baseline_key": [
      0.5,
      39,
      256,
      16
    ],
    "params": {
      "period_P": 256,
      "manifold_dim_D": 16,
      "continuity_center": 39,
      "fidelity_F": 0.97,
      "magnitude_M": 0.1,
      "locality_L": 0.5
    },
    "L_d_main": 2,
    "seed": 9,
    "perk": true,
    "label": "cell_mag0.1_mid_s9",
    "out_file": "/mnt/c/Users/Jason/Desktop/Eridos/Weft 2/v2/results/phase1/pilot_Ld2/_runs/cell_mag0.1_mid_s9.json"
  }
}