{
  "label": "cell_D4_mid_s2",
  "L_d_main": 2,
  "seed": 2,
  "wall_clock_s": 234.41,
  "steps_trained": 10000,
  "final_interval_loss": -2724.958506,
  "nan_inf": false,
  "still_descending": true,
  "stability_flag": "stable",
  "diff_mu": 0.13776640594005585,
  "diff_sigma": 6.994074652766358e-08,
  "diff_mu_aggregate": 0.13776640594005585,
  "diff_sigma_aggregate": 6.994074652766358e-08,
  "diff_mu_per_k": [
    0.13583318889141083,
    0.13759364187717438,
    0.1380753517150879,
    0.13918660581111908,
    0.1401619017124176,
    0.135804682970047,
    0.13675709068775177,
    0.13730312883853912,
    0.13825266063213348,
    0.13988041877746582,
    0.14086949825286865,
    0.1388603150844574,
    0.13611949980258942,
    0.135457843542099,
    0.13686203956604004,
    0.13724462687969208
  ],
  "diff_sigma_per_k": [
    5.5187964420611024e-08,
    7.128443968440479e-08,
    7.32056122387803e-08,
    8.602385292988401e-08,
    8.776079596373165e-08,
    5.997613783392808e-08,
    5.987848084032521e-08,
    6.28401082281016e-08,
    6.968287635800152e-08,
    8.497430314946541e-08,
    9.978302273339068e-08,
    7.034874727196438e-08,
    5.158414495554098e-08,
    5.397407676355215e-08,
    5.9179743772119764e-08,
    7.336757334996946e-08
  ],
  "variance_collapse": false,
  "k_report_idx": {
    "k1": 0,
    "k8": 7,
    "k15": 14
  },
  "spec": {
    "kind": "cell",
    "tag": "D4_mid",
    "cross": "mid",
    "magnitude": 0.3,
    "baseline_key": [
      0.5,
      39,
      256,
      4
    ],
    "params": {
      "period_P": 256,
      "manifold_dim_D": 4,
      "continuity_center": 39,
      "fidelity_F": 0.97,
      "magnitude_M": 0.3,
      "locality_L": 0.5
    },
    "L_d_main": 2,
    "seed": 2,
    "perk": true,
    "label": "cell_D4_mid_s2",
    "out_file": "/mnt/c/Users/Jason/Desktop/Eridos/Weft 2/v2/results/phase1/pilot_Ld2/_runs/cell_D4_mid_s2.json"
  }
}