{
  "label": "cell_mag0.1_mid_s5",
  "L_d_main": 2,
  "seed": 5,
  "wall_clock_s": 238.41,
  "steps_trained": 10000,
  "final_interval_loss": -2889.777099,
  "nan_inf": false,
  "still_descending": true,
  "stability_flag": "stable",
  "diff_mu": 0.29755499958992004,
  "diff_sigma": 1.015290536088287e-06,
  "diff_mu_aggregate": 0.29755499958992004,
  "diff_sigma_aggregate": 1.015290536088287e-06,
  "diff_mu_per_k": [
    0.2951585352420807,
    0.29555127024650574,
    0.2979355752468109,
    0.2977147698402405,
    0.29531651735305786,
    0.3003944754600525,
    0.3017631471157074,
    0.298019140958786,
    0.29569581151008606,
    0.2955073416233063,
    0.30025336146354675,
    0.2951960563659668,
    0.2977467179298401,
    0.29866930842399597,
    0.2964949309825897,
    0.29946210980415344
  ],
  "diff_sigma_per_k": [
    1.0746248335635755e-06,
    1.0286915994583978e-06,
    1.0737526281445753e-06,
    1.1172893437105813e-06,
    9.552691153658088e-07,
    8.734648986319371e-07,
    9.180532742902869e-07,
    9.736943411553511e-07,
    1.1055678896809695e-06,
    1.064544562723313e-06,
    9.814031045607408e-07,
    1.0129127758773393e-06,
    9.684199540060945e-07,
    1.0265815717502846e-06,
    1.011056838251534e-06,
    1.059320993590518e-06
  ],
  "variance_collapse": false,
  "k_report_idx": {
    "k1": 0,
    "k8": 7,
    "k15": 14
  },
  "spec": {
    "kind": "cell",
    "tag": "mag0.1_mid",
    "cross": "mid",
    "magnitude": 0.1,
    "baseline_key": [
      0.5,
      39,
      256,
      16
    ],
    "params": {
      "period_P": 256,
      "manifold_dim_D": 16,
      "continuity_center": 39,
      "fidelity_F": 0.97,
      "magnitude_M": 0.1,
      "locality_L": 0.5
    },
    "L_d_main": 2,
    "seed": 5,
    "perk": true,
    "label": "cell_mag0.1_mid_s5",
    "out_file": "/mnt/c/Users/Jason/Desktop/Eridos/Weft 2/v2/results/phase1/pilot_Ld2/_runs/cell_mag0.1_mid_s5.json"
  }
}