{
  "label": "cell_D4_mid_s0",
  "L_d_main": 2,
  "seed": 0,
  "wall_clock_s": 232.49,
  "steps_trained": 10000,
  "final_interval_loss": -2831.795612,
  "nan_inf": false,
  "still_descending": true,
  "stability_flag": "stable",
  "diff_mu": 0.33857080340385437,
  "diff_sigma": 1.6975532162177842e-06,
  "diff_mu_aggregate": 0.33857080340385437,
  "diff_sigma_aggregate": 1.6975532162177842e-06,
  "diff_mu_per_k": [
    0.3292890191078186,
    0.3392939567565918,
    0.34968680143356323,
    0.3470569849014282,
    0.34785282611846924,
    0.32755446434020996,
    0.3323959410190582,
    0.33534929156303406,
    0.34349462389945984,
    0.3486851453781128,
    0.3425895571708679,
    0.33127155900001526,
    0.32341793179512024,
    0.332603394985199,
    0.339634507894516,
    0.346956729888916
  ],
  "diff_sigma_per_k": [
    1.3887511158827692e-06,
    1.6412627701356541e-06,
    1.8244491002405994e-06,
    1.5722550870123086e-06,
    1.6148140957739088e-06,
    1.6280168892990332e-06,
    1.3884267673347495e-06,
    1.5343765653597075e-06,
    2.103240149153862e-06,
    1.8053601706924383e-06,
    1.8108760286850156e-06,
    1.838861408032244e-06,
    1.5438904483744409e-06,
    1.43984664191521e-06,
    2.056689254459343e-06,
    1.969734967133263e-06
  ],
  "variance_collapse": false,
  "k_report_idx": {
    "k1": 0,
    "k8": 7,
    "k15": 14
  },
  "spec": {
    "kind": "cell",
    "tag": "D4_mid",
    "cross": "mid",
    "magnitude": 0.3,
    "baseline_key": [
      0.5,
      39,
      256,
      4
    ],
    "params": {
      "period_P": 256,
      "manifold_dim_D": 4,
      "continuity_center": 39,
      "fidelity_F": 0.97,
      "magnitude_M": 0.3,
      "locality_L": 0.5
    },
    "L_d_main": 2,
    "seed": 0,
    "perk": true,
    "label": "cell_D4_mid_s0",
    "out_file": "/mnt/c/Users/Jason/Desktop/Eridos/Weft 2/v2/results/phase1/pilot_Ld2/_runs/cell_D4_mid_s0.json"
  }
}