{
  "label": "cell_mag0.9_mid_s9",
  "L_d_main": 2,
  "seed": 9,
  "wall_clock_s": 239.85,
  "steps_trained": 10000,
  "final_interval_loss": -2819.514953,
  "nan_inf": false,
  "still_descending": false,
  "stability_flag": "stable",
  "diff_mu": 0.012647289782762527,
  "diff_sigma": 5.762207155868282e-09,
  "diff_mu_aggregate": 0.012647289782762527,
  "diff_sigma_aggregate": 5.762207155868282e-09,
  "diff_mu_per_k": [
    0.012702712789177895,
    0.012525737285614014,
    0.012587178498506546,
    0.012707328423857689,
    0.012639813125133514,
    0.012568063102662563,
    0.0125412093475461,
    0.012839561328291893,
    0.012605611234903336,
    0.012739721685647964,
    0.012732651084661484,
    0.012455298565328121,
    0.012492146342992783,
    0.012651192955672741,
    0.012731362134218216,
    0.01283707469701767
  ],
  "diff_sigma_per_k": [
    5.7785283225086914e-09,
    5.871900299325716e-09,
    6.230671978357805e-09,
    6.119691864370225e-09,
    4.366259798160854e-09,
    5.4042770258888595e-09,
    4.344082871199362e-09,
    5.980695938490044e-09,
    5.9727947032683915e-09,
    6.737254754085598e-09,
    6.310461930780775e-09,
    5.199810360068113e-09,
    5.374434230986935e-09,
    5.336168840130995e-09,
    6.205087110799923e-09,
    6.963194909559434e-09
  ],
  "variance_collapse": true,
  "k_report_idx": {
    "k1": 0,
    "k8": 7,
    "k15": 14
  },
  "spec": {
    "kind": "cell",
    "tag": "mag0.9_mid",
    "cross": "mid",
    "magnitude": 0.9,
    "baseline_key": [
      0.5,
      39,
      256,
      16
    ],
    "params": {
      "period_P": 256,
      "manifold_dim_D": 16,
      "continuity_center": 39,
      "fidelity_F": 0.97,
      "magnitude_M": 0.9,
      "locality_L": 0.5
    },
    "L_d_main": 2,
    "seed": 9,
    "perk": true,
    "label": "cell_mag0.9_mid_s9",
    "out_file": "/mnt/c/Users/Jason/Desktop/Eridos/Weft 2/v2/results/phase1/pilot_Ld2/_runs/cell_mag0.9_mid_s9.json"
  }
}