{
  "label": "cell_mag0.3_high_s3",
  "L_d_main": 2,
  "seed": 3,
  "wall_clock_s": 239.25,
  "steps_trained": 10000,
  "final_interval_loss": -3000.241187,
  "nan_inf": false,
  "still_descending": false,
  "stability_flag": "stable",
  "diff_mu": 9.04823318705894e-05,
  "diff_sigma": 1.2053408271484045e-10,
  "diff_mu_aggregate": 9.04823318705894e-05,
  "diff_sigma_aggregate": 1.2053408271484045e-10,
  "diff_mu_per_k": [
    9.050811058841646e-05,
    9.044294711202383e-05,
    8.998069824883714e-05,
    8.968712791102007e-05,
    9.180895722238347e-05,
    9.2296366347e-05,
    9.079922165255994e-05,
    8.955852536018938e-05,
    9.058691648533568e-05,
    8.978213736554608e-05,
    9.018482523970306e-05,
    9.174997103400528e-05,
    9.038459393195808e-05,
    8.958683611126617e-05,
    8.99429214769043e-05,
    9.041715384228155e-05
  ],
  "diff_sigma_per_k": [
    1.3137640975102727e-10,
    1.3944147225775083e-10,
    1.0249395082650992e-10,
    1.114615760799964e-10,
    1.0373329972779288e-10,
    1.362129714577165e-10,
    1.3042650293115798e-10,
    1.1271974326154677e-10,
    1.1324247095600981e-10,
    1.2348848332788265e-10,
    1.2063169907428062e-10,
    1.2314757547038369e-10,
    1.229827906179537e-10,
    1.1180631420693032e-10,
    1.2770978718990023e-10,
    1.1767017915609301e-10
  ],
  "variance_collapse": true,
  "k_report_idx": {
    "k1": 0,
    "k8": 7,
    "k15": 14
  },
  "spec": {
    "kind": "cell",
    "tag": "mag0.3_high",
    "cross": "high",
    "magnitude": 0.3,
    "baseline_key": [
      0.9,
      472,
      2048,
      128
    ],
    "params": {
      "period_P": 2048,
      "manifold_dim_D": 128,
      "continuity_center": 472,
      "fidelity_F": 0.97,
      "magnitude_M": 0.3,
      "locality_L": 0.9
    },
    "L_d_main": 2,
    "seed": 3,
    "perk": true,
    "label": "cell_mag0.3_high_s3",
    "out_file": "/mnt/c/Users/Jason/Desktop/Eridos/Weft 2/v2/results/phase1/pilot_Ld2/_runs/cell_mag0.3_high_s3.json"
  }
}