{
  "label": "cell_mag0.3_mid_s8",
  "L_d_main": 2,
  "seed": 8,
  "wall_clock_s": 240.89,
  "steps_trained": 10000,
  "final_interval_loss": -2776.993515,
  "nan_inf": false,
  "still_descending": false,
  "stability_flag": "stable",
  "diff_mu": 0.4758397042751312,
  "diff_sigma": 3.9429664866474923e-07,
  "diff_mu_aggregate": 0.4758397042751312,
  "diff_sigma_aggregate": 3.9429664866474923e-07,
  "diff_mu_per_k": [
    0.4798657298088074,
    0.4745267629623413,
    0.4773236811161041,
    0.4787061810493469,
    0.4701755940914154,
    0.4737527072429657,
    0.4739098846912384,
    0.47298601269721985,
    0.4806027412414551,
    0.47538021206855774,
    0.47502827644348145,
    0.47371146082878113,
    0.4725305140018463,
    0.472791850566864,
    0.4815497100353241,
    0.4805937111377716
  ],
  "diff_sigma_per_k": [
    4.1650298499007476e-07,
    3.96903033106355e-07,
    5.129302849127271e-07,
    4.4307714119895536e-07,
    3.564695987279265e-07,
    3.3441534696976305e-07,
    3.3736887417035177e-07,
    3.741428713510686e-07,
    4.6424841571024444e-07,
    4.2974218672497955e-07,
    3.323986561554193e-07,
    3.5292629263494746e-07,
    3.1637750907975715e-07,
    3.378606265869166e-07,
    4.316592310260603e-07,
    4.717231263384747e-07
  ],
  "variance_collapse": false,
  "k_report_idx": {
    "k1": 0,
    "k8": 7,
    "k15": 14
  },
  "spec": {
    "kind": "cell",
    "tag": "mag0.3_mid",
    "cross": "mid",
    "magnitude": 0.3,
    "baseline_key": [
      0.5,
      39,
      256,
      16
    ],
    "params": {
      "period_P": 256,
      "manifold_dim_D": 16,
      "continuity_center": 39,
      "fidelity_F": 0.97,
      "magnitude_M": 0.3,
      "locality_L": 0.5
    },
    "L_d_main": 2,
    "seed": 8,
    "perk": true,
    "label": "cell_mag0.3_mid_s8",
    "out_file": "/mnt/c/Users/Jason/Desktop/Eridos/Weft 2/v2/results/phase1/pilot_Ld2/_runs/cell_mag0.3_mid_s8.json"
  }
}