{
  "label": "cell_mag0.1_low_s8",
  "L_d_main": 2,
  "seed": 8,
  "wall_clock_s": 233.67,
  "steps_trained": 10000,
  "final_interval_loss": -2794.070793,
  "nan_inf": false,
  "still_descending": false,
  "stability_flag": "stable",
  "diff_mu": 2.567338466644287,
  "diff_sigma": 5.877702164980292e-07,
  "diff_mu_aggregate": 2.567338466644287,
  "diff_sigma_aggregate": 5.877702164980292e-07,
  "diff_mu_per_k": [
    2.55301570892334,
    2.55290150642395,
    2.5658159255981445,
    2.564758539199829,
    2.5670833587646484,
    2.5609729290008545,
    2.5740764141082764,
    2.5741002559661865,
    2.552370309829712,
    2.558471202850342,
    2.57409930229187,
    2.5597023963928223,
    2.552311658859253,
    2.5898337364196777,
    2.579160690307617,
    2.598740816116333
  ],
  "diff_sigma_per_k": [
    5.110492224957852e-07,
    4.6481940785270126e-07,
    5.332202590579982e-07,
    5.125114626025606e-07,
    5.998869028189802e-07,
    6.131272698439716e-07,
    5.55382769107382e-07,
    5.453595690596558e-07,
    5.433446403912967e-07,
    5.308730806063977e-07,
    5.894681862628204e-07,
    5.251770289760316e-07,
    5.888999794478877e-07,
    6.651320632045099e-07,
    8.14054828879307e-07,
    8.120164238789584e-07
  ],
  "variance_collapse": false,
  "k_report_idx": {
    "k1": 0,
    "k8": 7,
    "k15": 14
  },
  "spec": {
    "kind": "cell",
    "tag": "mag0.1_low",
    "cross": "low",
    "magnitude": 0.1,
    "baseline_key": [
      0.3,
      3,
      32,
      4
    ],
    "params": {
      "period_P": 32,
      "manifold_dim_D": 4,
      "continuity_center": 3,
      "fidelity_F": 0.97,
      "magnitude_M": 0.1,
      "locality_L": 0.3
    },
    "L_d_main": 2,
    "seed": 8,
    "perk": true,
    "label": "cell_mag0.1_low_s8",
    "out_file": "/mnt/c/Users/Jason/Desktop/Eridos/Weft 2/v2/results/phase1/pilot_Ld2/_runs/cell_mag0.1_low_s8.json"
  }
}