{
  "label": "cell_mag0.1_mid_s6",
  "L_d_main": 2,
  "seed": 6,
  "wall_clock_s": 236.54,
  "steps_trained": 10000,
  "final_interval_loss": -2888.105631,
  "nan_inf": false,
  "still_descending": true,
  "stability_flag": "stable",
  "diff_mu": 0.06758332997560501,
  "diff_sigma": 3.025250094879084e-08,
  "diff_mu_aggregate": 0.06758332997560501,
  "diff_sigma_aggregate": 3.025250094879084e-08,
  "diff_mu_per_k": [
    0.06715000420808792,
    0.06824658811092377,
    0.06776198744773865,
    0.06848327070474625,
    0.06773726642131805,
    0.06663378328084946,
    0.06652914732694626,
    0.06821509450674057,
    0.068907730281353,
    0.06799299269914627,
    0.06810815632343292,
    0.06661520898342133,
    0.06669235974550247,
    0.06702239066362381,
    0.06809010356664658,
    0.06714732944965363
  ],
  "diff_sigma_per_k": [
    2.8504260285444616e-08,
    3.358502453920664e-08,
    3.1322269222755494e-08,
    3.20449444757287e-08,
    2.8683100339321754e-08,
    2.74870401995031e-08,
    2.5758886579296814e-08,
    3.19704192008885e-08,
    3.719724972484073e-08,
    3.38357217799512e-08,
    3.105932222524643e-08,
    2.6746768355678796e-08,
    2.5651992530129064e-08,
    2.8270950025444108e-08,
    3.323638608776491e-08,
    2.8685644082315775e-08
  ],
  "variance_collapse": false,
  "k_report_idx": {
    "k1": 0,
    "k8": 7,
    "k15": 14
  },
  "spec": {
    "kind": "cell",
    "tag": "mag0.1_mid",
    "cross": "mid",
    "magnitude": 0.1,
    "baseline_key": [
      0.5,
      39,
      256,
      16
    ],
    "params": {
      "period_P": 256,
      "manifold_dim_D": 16,
      "continuity_center": 39,
      "fidelity_F": 0.97,
      "magnitude_M": 0.1,
      "locality_L": 0.5
    },
    "L_d_main": 2,
    "seed": 6,
    "perk": true,
    "label": "cell_mag0.1_mid_s6",
    "out_file": "/mnt/c/Users/Jason/Desktop/Eridos/Weft 2/v2/results/phase1/pilot_Ld2/_runs/cell_mag0.1_mid_s6.json"
  }
}