{
  "label": "cell_mag0.3_low_s7",
  "L_d_main": 2,
  "seed": 7,
  "wall_clock_s": 233.74,
  "steps_trained": 10000,
  "final_interval_loss": -2797.968887,
  "nan_inf": false,
  "still_descending": false,
  "stability_flag": "stable",
  "diff_mu": 0.6377425789833069,
  "diff_sigma": 7.577131100333645e-07,
  "diff_mu_aggregate": 0.6377425789833069,
  "diff_sigma_aggregate": 7.577131100333645e-07,
  "diff_mu_per_k": [
    0.6362636685371399,
    0.6363837122917175,
    0.6419006586074829,
    0.6338109374046326,
    0.6369714140892029,
    0.6395577788352966,
    0.6377726793289185,
    0.6357276439666748,
    0.6367722153663635,
    0.6399092078208923,
    0.6364848613739014,
    0.6355843544006348,
    0.6397180557250977,
    0.6387032270431519,
    0.6406850814819336,
    0.6376355886459351
  ],
  "diff_sigma_per_k": [
    6.294296213127382e-07,
    6.082096888349042e-07,
    5.932304816269607e-07,
    6.743918561369355e-07,
    6.958773610676872e-07,
    6.603586371056736e-07,
    7.280685281330079e-07,
    8.177491395144898e-07,
    6.68109123580507e-07,
    7.224007276818156e-07,
    6.496340461126238e-07,
    8.280628662760137e-07,
    8.2921070543307e-07,
    8.738350629755587e-07,
    9.300391639044392e-07,
    1.214801955029543e-06
  ],
  "variance_collapse": false,
  "k_report_idx": {
    "k1": 0,
    "k8": 7,
    "k15": 14
  },
  "spec": {
    "kind": "cell",
    "tag": "mag0.3_low",
    "cross": "low",
    "magnitude": 0.3,
    "baseline_key": [
      0.3,
      3,
      32,
      4
    ],
    "params": {
      "period_P": 32,
      "manifold_dim_D": 4,
      "continuity_center": 3,
      "fidelity_F": 0.97,
      "magnitude_M": 0.3,
      "locality_L": 0.3
    },
    "L_d_main": 2,
    "seed": 7,
    "perk": true,
    "label": "cell_mag0.3_low_s7",
    "out_file": "/mnt/c/Users/Jason/Desktop/Eridos/Weft 2/v2/results/phase1/pilot_Ld2/_runs/cell_mag0.3_low_s7.json"
  }
}