{
  "label": "cell_mag0.7_mid_s0",
  "L_d_main": 2,
  "seed": 0,
  "wall_clock_s": 238.15,
  "steps_trained": 10000,
  "final_interval_loss": -2863.129877,
  "nan_inf": false,
  "still_descending": false,
  "stability_flag": "stable",
  "diff_mu": 0.11069013178348541,
  "diff_sigma": 4.8803912022776785e-08,
  "diff_mu_aggregate": 0.11069013178348541,
  "diff_sigma_aggregate": 4.8803912022776785e-08,
  "diff_mu_per_k": [
    0.11121482402086258,
    0.11058859527111053,
    0.11080708354711533,
    0.11079581826925278,
    0.11071164906024933,
    0.11076027154922485,
    0.11064491420984268,
    0.11055173724889755,
    0.11124392598867416,
    0.11020775884389877,
    0.11052097380161285,
    0.11117838323116302,
    0.11073701828718185,
    0.11066591739654541,
    0.1099110022187233,
    0.110502228140831
  ],
  "diff_sigma_per_k": [
    4.389780272617827e-08,
    4.750987159241049e-08,
    4.717103507800857e-08,
    5.190979024405351e-08,
    3.777534729465515e-08,
    4.7108535738971113e-08,
    4.685838206341941e-08,
    4.924634211533885e-08,
    6.104648520022238e-08,
    5.237593470042157e-08,
    4.7363819533075e-08,
    4.002506770461878e-08,
    4.4919890029859744e-08,
    5.132814351327397e-08,
    5.664137248118095e-08,
    5.568481498130495e-08
  ],
  "variance_collapse": false,
  "k_report_idx": {
    "k1": 0,
    "k8": 7,
    "k15": 14
  },
  "spec": {
    "kind": "cell",
    "tag": "mag0.7_mid",
    "cross": "mid",
    "magnitude": 0.7,
    "baseline_key": [
      0.5,
      39,
      256,
      16
    ],
    "params": {
      "period_P": 256,
      "manifold_dim_D": 16,
      "continuity_center": 39,
      "fidelity_F": 0.97,
      "magnitude_M": 0.7,
      "locality_L": 0.5
    },
    "L_d_main": 2,
    "seed": 0,
    "perk": true,
    "label": "cell_mag0.7_mid_s0",
    "out_file": "/mnt/c/Users/Jason/Desktop/Eridos/Weft 2/v2/results/phase1/pilot_Ld2/_runs/cell_mag0.7_mid_s0.json"
  }
}