{
  "label": "cell_mag0.9_high_s2",
  "L_d_main": 2,
  "seed": 2,
  "wall_clock_s": 237.54,
  "steps_trained": 10000,
  "final_interval_loss": -3003.953979,
  "nan_inf": false,
  "still_descending": false,
  "stability_flag": "stable",
  "diff_mu": 8.921367407310754e-05,
  "diff_sigma": 6.507022698443166e-10,
  "diff_mu_aggregate": 8.921367407310754e-05,
  "diff_sigma_aggregate": 6.507022698443166e-10,
  "diff_mu_per_k": [
    9.008883353089914e-05,
    9.109533129958436e-05,
    8.729613182367757e-05,
    8.82391759660095e-05,
    9.037981362780556e-05,
    9.093835251405835e-05,
    8.934623474488035e-05,
    8.822890958981588e-05,
    8.546520257368684e-05,
    8.884776616469026e-05,
    8.915694343158975e-05,
    8.7636464741081e-05,
    8.981280552688986e-05,
    8.791300933808088e-05,
    9.035992115968838e-05,
    9.261392551707104e-05
  ],
  "diff_sigma_per_k": [
    6.805238039753192e-10,
    7.28090587820418e-10,
    6.269921248858168e-10,
    6.014866382741957e-10,
    6.695975440784707e-10,
    6.69838851052873e-10,
    6.273809805001918e-10,
    6.32028207547819e-10,
    5.093986343851498e-10,
    6.290655218954555e-10,
    6.118603956828395e-10,
    6.330896362705118e-10,
    7.109038357988595e-10,
    6.361786653030777e-10,
    7.467950702277903e-10,
    6.980059308325792e-10
  ],
  "variance_collapse": true,
  "k_report_idx": {
    "k1": 0,
    "k8": 7,
    "k15": 14
  },
  "spec": {
    "kind": "cell",
    "tag": "mag0.9_high",
    "cross": "high",
    "magnitude": 0.9,
    "baseline_key": [
      0.9,
      472,
      2048,
      128
    ],
    "params": {
      "period_P": 2048,
      "manifold_dim_D": 128,
      "continuity_center": 472,
      "fidelity_F": 0.97,
      "magnitude_M": 0.9,
      "locality_L": 0.9
    },
    "L_d_main": 2,
    "seed": 2,
    "perk": true,
    "label": "cell_mag0.9_high_s2",
    "out_file": "/mnt/c/Users/Jason/Desktop/Eridos/Weft 2/v2/results/phase1/pilot_Ld2/_runs/cell_mag0.9_high_s2.json"
  }
}