{
  "label": "cell_mag0.7_mid_s7",
  "L_d_main": 2,
  "seed": 7,
  "wall_clock_s": 235.83,
  "steps_trained": 10000,
  "final_interval_loss": -2730.272683,
  "nan_inf": false,
  "still_descending": false,
  "stability_flag": "stable",
  "diff_mu": 1.3810850381851196,
  "diff_sigma": 5.349793354980648e-07,
  "diff_mu_aggregate": 1.3810850381851196,
  "diff_sigma_aggregate": 5.349793354980648e-07,
  "diff_mu_per_k": [
    1.3794499635696411,
    1.3893224000930786,
    1.3674538135528564,
    1.3911000490188599,
    1.3732287883758545,
    1.3642460107803345,
    1.3952826261520386,
    1.3733389377593994,
    1.37843656539917,
    1.3929507732391357,
    1.3818168640136719,
    1.394148349761963,
    1.387251377105713,
    1.3780827522277832,
    1.3744605779647827,
    1.3767906427383423
  ],
  "diff_sigma_per_k": [
    5.235719413576589e-07,
    5.386528414419445e-07,
    5.703428200831695e-07,
    5.237906748334353e-07,
    5.014757107346668e-07,
    4.113231852898025e-07,
    5.396076971919683e-07,
    5.6295090189451e-07,
    5.323475988916471e-07,
    5.829729730066902e-07,
    5.459040153255046e-07,
    5.268775566946715e-07,
    5.132086471348885e-07,
    5.559002715926908e-07,
    5.459899625748221e-07,
    5.847526267643843e-07
  ],
  "variance_collapse": false,
  "k_report_idx": {
    "k1": 0,
    "k8": 7,
    "k15": 14
  },
  "spec": {
    "kind": "cell",
    "tag": "mag0.7_mid",
    "cross": "mid",
    "magnitude": 0.7,
    "baseline_key": [
      0.5,
      39,
      256,
      16
    ],
    "params": {
      "period_P": 256,
      "manifold_dim_D": 16,
      "continuity_center": 39,
      "fidelity_F": 0.97,
      "magnitude_M": 0.7,
      "locality_L": 0.5
    },
    "L_d_main": 2,
    "seed": 7,
    "perk": true,
    "label": "cell_mag0.7_mid_s7",
    "out_file": "/mnt/c/Users/Jason/Desktop/Eridos/Weft 2/v2/results/phase1/pilot_Ld2/_runs/cell_mag0.7_mid_s7.json"
  }
}