{
  "label": "cell_mag0.7_mid_s5",
  "L_d_main": 2,
  "seed": 5,
  "wall_clock_s": 235.5,
  "steps_trained": 10000,
  "final_interval_loss": -2878.198259,
  "nan_inf": false,
  "still_descending": true,
  "stability_flag": "stable",
  "diff_mu": 0.12544451653957367,
  "diff_sigma": 7.116210287705371e-09,
  "diff_mu_aggregate": 0.12544451653957367,
  "diff_sigma_aggregate": 7.116210287705371e-09,
  "diff_mu_per_k": [
    0.12590308487415314,
    0.12420127540826797,
    0.1261417716741562,
    0.12591515481472015,
    0.12575474381446838,
    0.12498844414949417,
    0.1263386756181717,
    0.12489037960767746,
    0.12630772590637207,
    0.1253991276025772,
    0.12518830597400665,
    0.12536005675792694,
    0.12667231261730194,
    0.12468031793832779,
    0.12506258487701416,
    0.12430824339389801
  ],
  "diff_sigma_per_k": [
    7.401683710384077e-09,
    6.364671900627172e-09,
    8.064558798537291e-09,
    7.986098893297822e-09,
    7.2211707724534335e-09,
    5.1851518634293825e-09,
    6.761863513560229e-09,
    6.692798315555137e-09,
    8.665804074325933e-09,
    7.743875762855623e-09,
    6.587080658704281e-09,
    6.959705256548432e-09,
    7.973007143391442e-09,
    6.17008621972559e-09,
    7.360242637588499e-09,
    6.721563750033965e-09
  ],
  "variance_collapse": true,
  "k_report_idx": {
    "k1": 0,
    "k8": 7,
    "k15": 14
  },
  "spec": {
    "kind": "cell",
    "tag": "mag0.7_mid",
    "cross": "mid",
    "magnitude": 0.7,
    "baseline_key": [
      0.5,
      39,
      256,
      16
    ],
    "params": {
      "period_P": 256,
      "manifold_dim_D": 16,
      "continuity_center": 39,
      "fidelity_F": 0.97,
      "magnitude_M": 0.7,
      "locality_L": 0.5
    },
    "L_d_main": 2,
    "seed": 5,
    "perk": true,
    "label": "cell_mag0.7_mid_s5",
    "out_file": "/mnt/c/Users/Jason/Desktop/Eridos/Weft 2/v2/results/phase1/pilot_Ld2/_runs/cell_mag0.7_mid_s5.json"
  }
}