{
  "label": "cell_contLow_mid_s0",
  "L_d_main": 2,
  "seed": 0,
  "wall_clock_s": 235.18,
  "steps_trained": 10000,
  "final_interval_loss": -2971.768194,
  "nan_inf": false,
  "still_descending": false,
  "stability_flag": "stable",
  "diff_mu": 0.15305930376052856,
  "diff_sigma": 1.9238524373577093e-07,
  "diff_mu_aggregate": 0.15305930376052856,
  "diff_sigma_aggregate": 1.9238524373577093e-07,
  "diff_mu_per_k": [
    0.15253980457782745,
    0.15229417383670807,
    0.1540532261133194,
    0.15286819636821747,
    0.15299805998802185,
    0.15263384580612183,
    0.15184131264686584,
    0.1529252827167511,
    0.15287132561206818,
    0.15452927350997925,
    0.15353348851203918,
    0.15425020456314087,
    0.15468186140060425,
    0.1528545469045639,
    0.15224500000476837,
    0.15182918310165405
  ],
  "diff_sigma_per_k": [
    1.5547854559372354e-07,
    1.8080082497817784e-07,
    1.7508706662283657e-07,
    2.0518649535006261e-07,
    2.078989069786985e-07,
    2.36507560202881e-07,
    1.9692063801812765e-07,
    1.7730123147430277e-07,
    1.4992450303452642e-07,
    1.1442135416928068e-07,
    1.2438198382369592e-07,
    1.500629309703072e-07,
    1.680698176187434e-07,
    2.0549514090362209e-07,
    3.0634728886980156e-07,
    3.242795401092735e-07
  ],
  "variance_collapse": false,
  "k_report_idx": {
    "k1": 0,
    "k8": 7,
    "k15": 14
  },
  "spec": {
    "kind": "cell",
    "tag": "contLow_mid",
    "cross": "mid",
    "magnitude": 0.3,
    "baseline_key": [
      0.5,
      19,
      256,
      16
    ],
    "params": {
      "period_P": 256,
      "manifold_dim_D": 16,
      "continuity_center": 19,
      "fidelity_F": 0.97,
      "magnitude_M": 0.3,
      "locality_L": 0.5
    },
    "L_d_main": 2,
    "seed": 0,
    "perk": true,
    "label": "cell_contLow_mid_s0",
    "out_file": "/mnt/c/Users/Jason/Desktop/Eridos/Weft 2/v2/results/phase1/pilot_Ld2/_runs/cell_contLow_mid_s0.json"
  }
}