{
  "label": "cell_mag0.1_mid_s8",
  "L_d_main": 2,
  "seed": 8,
  "wall_clock_s": 239.07,
  "steps_trained": 10000,
  "final_interval_loss": -2821.479495,
  "nan_inf": false,
  "still_descending": true,
  "stability_flag": "stable",
  "diff_mu": 0.06102393567562103,
  "diff_sigma": 2.114311747902775e-08,
  "diff_mu_aggregate": 0.06102393567562103,
  "diff_sigma_aggregate": 2.114311747902775e-08,
  "diff_mu_per_k": [
    0.06053043529391289,
    0.06144477799534798,
    0.06034822389483452,
    0.061204567551612854,
    0.060934845358133316,
    0.061114825308322906,
    0.061923470348119736,
    0.06107819825410843,
    0.061123039573431015,
    0.06144149601459503,
    0.06080898642539978,
    0.06068892776966095,
    0.06072138622403145,
    0.06094954535365105,
    0.061135899275541306,
    0.060934364795684814
  ],
  "diff_sigma_per_k": [
    2.308179070098504e-08,
    2.5656396118733937e-08,
    2.633148099562277e-08,
    2.3631550050140504e-08,
    1.8381173916282023e-08,
    1.7966920395906527e-08,
    2.4210139670799435e-08,
    2.0245906284799275e-08,
    1.9803266582130163e-08,
    2.0937665823339557e-08,
    1.6482193387901134e-08,
    1.797944193526746e-08,
    1.940716387593966e-08,
    2.081571892631473e-08,
    2.249086961114699e-08,
    2.086820138913481e-08
  ],
  "variance_collapse": false,
  "k_report_idx": {
    "k1": 0,
    "k8": 7,
    "k15": 14
  },
  "spec": {
    "kind": "cell",
    "tag": "mag0.1_mid",
    "cross": "mid",
    "magnitude": 0.1,
    "baseline_key": [
      0.5,
      39,
      256,
      16
    ],
    "params": {
      "period_P": 256,
      "manifold_dim_D": 16,
      "continuity_center": 39,
      "fidelity_F": 0.97,
      "magnitude_M": 0.1,
      "locality_L": 0.5
    },
    "L_d_main": 2,
    "seed": 8,
    "perk": true,
    "label": "cell_mag0.1_mid_s8",
    "out_file": "/mnt/c/Users/Jason/Desktop/Eridos/Weft 2/v2/results/phase1/pilot_Ld2/_runs/cell_mag0.1_mid_s8.json"
  }
}