{
  "label": "cell_mag0.3_mid_s6",
  "L_d_main": 2,
  "seed": 6,
  "wall_clock_s": 238.47,
  "steps_trained": 10000,
  "final_interval_loss": -2861.516532,
  "nan_inf": false,
  "still_descending": true,
  "stability_flag": "stable",
  "diff_mu": 0.09363241493701935,
  "diff_sigma": 1.2415245720376333e-08,
  "diff_mu_aggregate": 0.09363241493701935,
  "diff_sigma_aggregate": 1.2415245720376333e-08,
  "diff_mu_per_k": [
    0.09366393089294434,
    0.09394525736570358,
    0.09336666017770767,
    0.09438115358352661,
    0.0924631804227829,
    0.09335348010063171,
    0.0927254781126976,
    0.09444884955883026,
    0.09455262124538422,
    0.09375651925802231,
    0.094808429479599,
    0.0919843539595604,
    0.09300637990236282,
    0.09458327293395996,
    0.09415853023529053,
    0.09292043000459671
  ],
  "diff_sigma_per_k": [
    1.1485169260083694e-08,
    1.2090602297121222e-08,
    1.2834972196174022e-08,
    1.2935919890821879e-08,
    1.1275075983974148e-08,
    1.1812644196140809e-08,
    1.0404636263672273e-08,
    1.3116308039684554e-08,
    1.3220470940211726e-08,
    1.3862235803685508e-08,
    1.3971694023950931e-08,
    1.1073111316761697e-08,
    1.218870426811236e-08,
    1.3418204325432725e-08,
    1.2867222842771753e-08,
    1.2086961653778872e-08
  ],
  "variance_collapse": false,
  "k_report_idx": {
    "k1": 0,
    "k8": 7,
    "k15": 14
  },
  "spec": {
    "kind": "cell",
    "tag": "mag0.3_mid",
    "cross": "mid",
    "magnitude": 0.3,
    "baseline_key": [
      0.5,
      39,
      256,
      16
    ],
    "params": {
      "period_P": 256,
      "manifold_dim_D": 16,
      "continuity_center": 39,
      "fidelity_F": 0.97,
      "magnitude_M": 0.3,
      "locality_L": 0.5
    },
    "L_d_main": 2,
    "seed": 6,
    "perk": true,
    "label": "cell_mag0.3_mid_s6",
    "out_file": "/mnt/c/Users/Jason/Desktop/Eridos/Weft 2/v2/results/phase1/pilot_Ld2/_runs/cell_mag0.3_mid_s6.json"
  }
}