{
  "label": "cell_mag0.9_high_s1",
  "L_d_main": 2,
  "seed": 1,
  "wall_clock_s": 234.54,
  "steps_trained": 10000,
  "final_interval_loss": -3000.773828,
  "nan_inf": false,
  "still_descending": false,
  "stability_flag": "stable",
  "diff_mu": 4.985773557564244e-05,
  "diff_sigma": 5.477077680282605e-10,
  "diff_mu_aggregate": 4.985773557564244e-05,
  "diff_sigma_aggregate": 5.477077680282605e-10,
  "diff_mu_per_k": [
    5.01506838190835e-05,
    4.9207930715056136e-05,
    4.9265974666923285e-05,
    4.930348586640321e-05,
    4.993021866539493e-05,
    4.9932841648114845e-05,
    5.0859398470493034e-05,
    4.995275958208367e-05,
    4.973077739123255e-05,
    5.046216392656788e-05,
    5.0099697546102107e-05,
    4.9243470130022615e-05,
    4.957504279445857e-05,
    4.992754111299291e-05,
    4.9175807362189516e-05,
    5.0905993703054264e-05
  ],
  "diff_sigma_per_k": [
    5.319313878260346e-10,
    4.92235585625167e-10,
    5.451187279348346e-10,
    5.077533948849577e-10,
    5.598738694878591e-10,
    6.763606341664286e-10,
    5.865139485194959e-10,
    5.141182479739825e-10,
    5.172757777671677e-10,
    5.485761844781223e-10,
    5.752414655724181e-10,
    5.302312477972748e-10,
    5.103517053406392e-10,
    5.455862983616555e-10,
    5.227580035516155e-10,
    5.993971430306999e-10
  ],
  "variance_collapse": true,
  "k_report_idx": {
    "k1": 0,
    "k8": 7,
    "k15": 14
  },
  "spec": {
    "kind": "cell",
    "tag": "mag0.9_high",
    "cross": "high",
    "magnitude": 0.9,
    "baseline_key": [
      0.9,
      472,
      2048,
      128
    ],
    "params": {
      "period_P": 2048,
      "manifold_dim_D": 128,
      "continuity_center": 472,
      "fidelity_F": 0.97,
      "magnitude_M": 0.9,
      "locality_L": 0.9
    },
    "L_d_main": 2,
    "seed": 1,
    "perk": true,
    "label": "cell_mag0.9_high_s1",
    "out_file": "/mnt/c/Users/Jason/Desktop/Eridos/Weft 2/v2/results/phase1/pilot_Ld2/_runs/cell_mag0.9_high_s1.json"
  }
}