{
  "label": "cell_mag0.9_low_s3",
  "L_d_main": 2,
  "seed": 3,
  "wall_clock_s": 239.15,
  "steps_trained": 10000,
  "final_interval_loss": -2780.817145,
  "nan_inf": false,
  "still_descending": false,
  "stability_flag": "stable",
  "diff_mu": 1.1233388185501099,
  "diff_sigma": 4.778322022502834e-07,
  "diff_mu_aggregate": 1.1233388185501099,
  "diff_sigma_aggregate": 4.778322022502834e-07,
  "diff_mu_per_k": [
    1.1164956092834473,
    1.1167010068893433,
    1.1145944595336914,
    1.1111810207366943,
    1.1241399049758911,
    1.1202008724212646,
    1.1221598386764526,
    1.120847225189209,
    1.1172277927398682,
    1.1253557205200195,
    1.1250712871551514,
    1.1261603832244873,
    1.1234877109527588,
    1.1294745206832886,
    1.1390533447265625,
    1.1412701606750488
  ],
  "diff_sigma_per_k": [
    4.1353908386554394e-07,
    3.8224902709771413e-07,
    3.74802851865752e-07,
    3.6793161939385755e-07,
    4.44760019036039e-07,
    4.250791505455709e-07,
    4.557456065867882e-07,
    4.980094558959536e-07,
    4.1898962876985024e-07,
    4.6956864707681234e-07,
    5.107968945594621e-07,
    4.292308233289077e-07,
    4.7649299972363224e-07,
    5.355065013645799e-07,
    7.355521915997087e-07,
    7.07060564764106e-07
  ],
  "variance_collapse": false,
  "k_report_idx": {
    "k1": 0,
    "k8": 7,
    "k15": 14
  },
  "spec": {
    "kind": "cell",
    "tag": "mag0.9_low",
    "cross": "low",
    "magnitude": 0.9,
    "baseline_key": [
      0.3,
      3,
      32,
      4
    ],
    "params": {
      "period_P": 32,
      "manifold_dim_D": 4,
      "continuity_center": 3,
      "fidelity_F": 0.97,
      "magnitude_M": 0.9,
      "locality_L": 0.3
    },
    "L_d_main": 2,
    "seed": 3,
    "perk": true,
    "label": "cell_mag0.9_low_s3",
    "out_file": "/mnt/c/Users/Jason/Desktop/Eridos/Weft 2/v2/results/phase1/pilot_Ld2/_runs/cell_mag0.9_low_s3.json"
  }
}