{
  "label": "cell_mag0.7_high_s2",
  "L_d_main": 2,
  "seed": 2,
  "wall_clock_s": 235.37,
  "steps_trained": 10000,
  "final_interval_loss": -3002.50754,
  "nan_inf": false,
  "still_descending": false,
  "stability_flag": "stable",
  "diff_mu": 0.00025980224017985165,
  "diff_sigma": 3.2089051416051007e-09,
  "diff_mu_aggregate": 0.00025980224017985165,
  "diff_sigma_aggregate": 3.2089051416051007e-09,
  "diff_mu_per_k": [
    0.00026152993086725473,
    0.0002580836589913815,
    0.0002590380026958883,
    0.00026329830870963633,
    0.0002605133631732315,
    0.0002608860086183995,
    0.0002593548269942403,
    0.0002578285348135978,
    0.00025527618709020317,
    0.00025965660461224616,
    0.00026109296595677733,
    0.00026236087433062494,
    0.0002633431286085397,
    0.0002589267969597131,
    0.00025670428294688463,
    0.0002589426003396511
  ],
  "diff_sigma_per_k": [
    3.1616904649922617e-09,
    3.1750222451165655e-09,
    3.057166964026692e-09,
    3.064731135538068e-09,
    3.2993443532802758e-09,
    3.546381188712644e-09,
    2.77658318559304e-09,
    3.279511773257582e-09,
    2.7610145281187215e-09,
    3.318008756636459e-09,
    3.616709820519759e-09,
    2.89399015862557e-09,
    3.1970668334935226e-09,
    3.328899378374217e-09,
    3.154415173511893e-09,
    3.7119431972598704e-09
  ],
  "variance_collapse": true,
  "k_report_idx": {
    "k1": 0,
    "k8": 7,
    "k15": 14
  },
  "spec": {
    "kind": "cell",
    "tag": "mag0.7_high",
    "cross": "high",
    "magnitude": 0.7,
    "baseline_key": [
      0.9,
      472,
      2048,
      128
    ],
    "params": {
      "period_P": 2048,
      "manifold_dim_D": 128,
      "continuity_center": 472,
      "fidelity_F": 0.97,
      "magnitude_M": 0.7,
      "locality_L": 0.9
    },
    "L_d_main": 2,
    "seed": 2,
    "perk": true,
    "label": "cell_mag0.7_high_s2",
    "out_file": "/mnt/c/Users/Jason/Desktop/Eridos/Weft 2/v2/results/phase1/pilot_Ld2/_runs/cell_mag0.7_high_s2.json"
  }
}