{
  "label": "cell_mag0.1_high_s7",
  "L_d_main": 2,
  "seed": 7,
  "wall_clock_s": 240.53,
  "steps_trained": 10000,
  "final_interval_loss": -3002.130936,
  "nan_inf": false,
  "still_descending": false,
  "stability_flag": "stable",
  "diff_mu": 0.000111938345071394,
  "diff_sigma": 1.095311841226021e-09,
  "diff_mu_aggregate": 0.000111938345071394,
  "diff_sigma_aggregate": 1.095311841226021e-09,
  "diff_mu_per_k": [
    0.00011640301818260923,
    0.00011303610517643392,
    0.00011029183224309236,
    0.00010844612552318722,
    0.0001114850165322423,
    0.00011473920312710106,
    0.00011071295739384368,
    0.00011405585973989218,
    0.00011110734340036288,
    0.0001114847109420225,
    0.00011030800669686869,
    0.00011143803567392752,
    0.00010942674271063879,
    0.00011407281999709085,
    0.00011174499377375469,
    0.00011226072820136324
  ],
  "diff_sigma_per_k": [
    1.0051747212358464e-09,
    1.12476261637795e-09,
    9.73709446405735e-10,
    1.015958206451728e-09,
    1.1972022262440873e-09,
    1.1722427473159769e-09,
    1.1893518392369629e-09,
    9.93804150084543e-10,
    9.93436444218787e-10,
    1.1050230730447197e-09,
    1.1519781795144013e-09,
    1.0460130539513557e-09,
    1.0942374784050912e-09,
    1.2461982556999374e-09,
    1.0920414572623827e-09,
    1.1238558972337387e-09
  ],
  "variance_collapse": true,
  "k_report_idx": {
    "k1": 0,
    "k8": 7,
    "k15": 14
  },
  "spec": {
    "kind": "cell",
    "tag": "mag0.1_high",
    "cross": "high",
    "magnitude": 0.1,
    "baseline_key": [
      0.9,
      472,
      2048,
      128
    ],
    "params": {
      "period_P": 2048,
      "manifold_dim_D": 128,
      "continuity_center": 472,
      "fidelity_F": 0.97,
      "magnitude_M": 0.1,
      "locality_L": 0.9
    },
    "L_d_main": 2,
    "seed": 7,
    "perk": true,
    "label": "cell_mag0.1_high_s7",
    "out_file": "/mnt/c/Users/Jason/Desktop/Eridos/Weft 2/v2/results/phase1/pilot_Ld2/_runs/cell_mag0.1_high_s7.json"
  }
}