{
  "label": "cell_mag0.9_high_s7",
  "L_d_main": 2,
  "seed": 7,
  "wall_clock_s": 235.78,
  "steps_trained": 10000,
  "final_interval_loss": -3002.871891,
  "nan_inf": false,
  "still_descending": false,
  "stability_flag": "stable",
  "diff_mu": 0.00041467422852292657,
  "diff_sigma": 5.560475635491002e-09,
  "diff_mu_aggregate": 0.00041467422852292657,
  "diff_sigma_aggregate": 5.560475635491002e-09,
  "diff_mu_per_k": [
    0.00041485714609734714,
    0.00041489049908705056,
    0.00041393720312044024,
    0.0004136391216889024,
    0.00041460516513325274,
    0.00041578494710847735,
    0.00041390591650269926,
    0.00041564542334526777,
    0.00041342663462273777,
    0.0004102317034266889,
    0.00041544463601894677,
    0.0004175807989668101,
    0.0004180341784376651,
    0.0004149108426645398,
    0.0004156665236223489,
    0.00041222659638151526
  ],
  "diff_sigma_per_k": [
    5.627992294421347e-09,
    5.4965290097186426e-09,
    5.612117881526046e-09,
    5.043062412113386e-09,
    5.677797343395241e-09,
    5.7947233678135035e-09,
    5.945069769808242e-09,
    5.5151412325926685e-09,
    4.809219689150268e-09,
    5.453258289378482e-09,
    5.738741482019805e-09,
    5.342533082597356e-09,
    5.843223682688858e-09,
    5.520601309427775e-09,
    5.578085104929187e-09,
    5.969513328096809e-09
  ],
  "variance_collapse": true,
  "k_report_idx": {
    "k1": 0,
    "k8": 7,
    "k15": 14
  },
  "spec": {
    "kind": "cell",
    "tag": "mag0.9_high",
    "cross": "high",
    "magnitude": 0.9,
    "baseline_key": [
      0.9,
      472,
      2048,
      128
    ],
    "params": {
      "period_P": 2048,
      "manifold_dim_D": 128,
      "continuity_center": 472,
      "fidelity_F": 0.97,
      "magnitude_M": 0.9,
      "locality_L": 0.9
    },
    "L_d_main": 2,
    "seed": 7,
    "perk": true,
    "label": "cell_mag0.9_high_s7",
    "out_file": "/mnt/c/Users/Jason/Desktop/Eridos/Weft 2/v2/results/phase1/pilot_Ld2/_runs/cell_mag0.9_high_s7.json"
  }
}