{
  "label": "cell_mag0.7_low_s2",
  "L_d_main": 2,
  "seed": 2,
  "wall_clock_s": 238.14,
  "steps_trained": 10000,
  "final_interval_loss": -2695.50405,
  "nan_inf": false,
  "still_descending": false,
  "stability_flag": "stable",
  "diff_mu": 0.20663832128047943,
  "diff_sigma": 9.113918508774077e-08,
  "diff_mu_aggregate": 0.20663832128047943,
  "diff_sigma_aggregate": 9.113918508774077e-08,
  "diff_mu_per_k": [
    0.20902183651924133,
    0.20763513445854187,
    0.20503200590610504,
    0.20664003491401672,
    0.2077360600233078,
    0.20533934235572815,
    0.20712530612945557,
    0.20789800584316254,
    0.2056480050086975,
    0.20682381093502045,
    0.2043074518442154,
    0.204928919672966,
    0.20770105719566345,
    0.20728543400764465,
    0.20503352582454681,
    0.2080569863319397
  ],
  "diff_sigma_per_k": [
    8.112087357403652e-08,
    7.234018539747922e-08,
    7.391945189283433e-08,
    7.432781501393038e-08,
    7.473423124793044e-08,
    8.473176649204106e-08,
    8.643969096056026e-08,
    9.115167642903543e-08,
    8.55438244684592e-08,
    8.216080260581293e-08,
    9.350954144338175e-08,
    7.931161150054322e-08,
    1.0745156941993628e-07,
    1.1419322731853754e-07,
    1.1149167278290406e-07,
    1.457990208564297e-07
  ],
  "variance_collapse": false,
  "k_report_idx": {
    "k1": 0,
    "k8": 7,
    "k15": 14
  },
  "spec": {
    "kind": "cell",
    "tag": "mag0.7_low",
    "cross": "low",
    "magnitude": 0.7,
    "baseline_key": [
      0.3,
      3,
      32,
      4
    ],
    "params": {
      "period_P": 32,
      "manifold_dim_D": 4,
      "continuity_center": 3,
      "fidelity_F": 0.97,
      "magnitude_M": 0.7,
      "locality_L": 0.3
    },
    "L_d_main": 2,
    "seed": 2,
    "perk": true,
    "label": "cell_mag0.7_low_s2",
    "out_file": "/mnt/c/Users/Jason/Desktop/Eridos/Weft 2/v2/results/phase1/pilot_Ld2/_runs/cell_mag0.7_low_s2.json"
  }
}