{
  "label": "cell_mag0.3_low_s9",
  "L_d_main": 2,
  "seed": 9,
  "wall_clock_s": 247.26,
  "steps_trained": 10000,
  "final_interval_loss": -2860.781024,
  "nan_inf": false,
  "still_descending": true,
  "stability_flag": "stable",
  "diff_mu": 0.13047656416893005,
  "diff_sigma": 4.38598362961784e-07,
  "diff_mu_aggregate": 0.13047656416893005,
  "diff_sigma_aggregate": 4.38598362961784e-07,
  "diff_mu_per_k": [
    0.12910856306552887,
    0.1302587389945984,
    0.12923048436641693,
    0.13113604485988617,
    0.13008755445480347,
    0.13011972606182098,
    0.1299358755350113,
    0.12885650992393494,
    0.1299411952495575,
    0.1300712525844574,
    0.12873035669326782,
    0.13264231383800507,
    0.13193918764591217,
    0.13192147016525269,
    0.13162708282470703,
    0.1320190578699112
  ],
  "diff_sigma_per_k": [
    3.6022242966282647e-07,
    3.8889277220732765e-07,
    3.5557852129386447e-07,
    3.7167325217524194e-07,
    3.7793054730173026e-07,
    5.08312325564475e-07,
    3.8911579736122803e-07,
    4.253712688750966e-07,
    3.7422068999148905e-07,
    3.9839980559008836e-07,
    4.2196595018140215e-07,
    4.1578644527362485e-07,
    3.658061302758142e-07,
    4.619348317191907e-07,
    7.080543582560495e-07,
    6.94308823767642e-07
  ],
  "variance_collapse": false,
  "k_report_idx": {
    "k1": 0,
    "k8": 7,
    "k15": 14
  },
  "spec": {
    "kind": "cell",
    "tag": "mag0.3_low",
    "cross": "low",
    "magnitude": 0.3,
    "baseline_key": [
      0.3,
      3,
      32,
      4
    ],
    "params": {
      "period_P": 32,
      "manifold_dim_D": 4,
      "continuity_center": 3,
      "fidelity_F": 0.97,
      "magnitude_M": 0.3,
      "locality_L": 0.3
    },
    "L_d_main": 2,
    "seed": 9,
    "perk": true,
    "label": "cell_mag0.3_low_s9",
    "out_file": "/mnt/c/Users/Jason/Desktop/Eridos/Weft 2/v2/results/phase1/pilot_Ld2/_runs/cell_mag0.3_low_s9.json"
  }
}