{
  "label": "cell_mag0.3_low_s4",
  "L_d_main": 2,
  "seed": 4,
  "wall_clock_s": 234.88,
  "steps_trained": 10000,
  "final_interval_loss": -2869.198626,
  "nan_inf": false,
  "still_descending": true,
  "stability_flag": "stable",
  "diff_mu": 1.2241593599319458,
  "diff_sigma": 3.098779757237935e-07,
  "diff_mu_aggregate": 1.2241593599319458,
  "diff_sigma_aggregate": 3.098779757237935e-07,
  "diff_mu_per_k": [
    1.2188690900802612,
    1.2168909311294556,
    1.2164306640625,
    1.21519935131073,
    1.2203844785690308,
    1.2228639125823975,
    1.2255724668502808,
    1.2244551181793213,
    1.2179092168807983,
    1.2135757207870483,
    1.2177350521087646,
    1.226829171180725,
    1.2229559421539307,
    1.237274408340454,
    1.2399944067001343,
    1.249610424041748
  ],
  "diff_sigma_per_k": [
    2.259776721302842e-07,
    2.5300113293269533e-07,
    2.429897563160921e-07,
    2.839230148765637e-07,
    2.563807015576458e-07,
    2.7873184649251925e-07,
    2.884311243178672e-07,
    3.0875776246830355e-07,
    2.844291486781003e-07,
    2.6745794912130805e-07,
    2.786054835723917e-07,
    3.023614283392817e-07,
    3.068156786412146e-07,
    3.889830395564786e-07,
    4.4924831854586955e-07,
    5.419533408712596e-07
  ],
  "variance_collapse": false,
  "k_report_idx": {
    "k1": 0,
    "k8": 7,
    "k15": 14
  },
  "spec": {
    "kind": "cell",
    "tag": "mag0.3_low",
    "cross": "low",
    "magnitude": 0.3,
    "baseline_key": [
      0.3,
      3,
      32,
      4
    ],
    "params": {
      "period_P": 32,
      "manifold_dim_D": 4,
      "continuity_center": 3,
      "fidelity_F": 0.97,
      "magnitude_M": 0.3,
      "locality_L": 0.3
    },
    "L_d_main": 2,
    "seed": 4,
    "perk": true,
    "label": "cell_mag0.3_low_s4",
    "out_file": "/mnt/c/Users/Jason/Desktop/Eridos/Weft 2/v2/results/phase1/pilot_Ld2/_runs/cell_mag0.3_low_s4.json"
  }
}