{
  "label": "cell_mag0.3_mid_s4",
  "L_d_main": 2,
  "seed": 4,
  "wall_clock_s": 238.6,
  "steps_trained": 10000,
  "final_interval_loss": -2797.484731,
  "nan_inf": false,
  "still_descending": false,
  "stability_flag": "stable",
  "diff_mu": 0.1513563096523285,
  "diff_sigma": 2.7462321305904425e-09,
  "diff_mu_aggregate": 0.1513563096523285,
  "diff_sigma_aggregate": 2.7462321305904425e-09,
  "diff_mu_per_k": [
    0.1509673148393631,
    0.15316526591777802,
    0.15265865623950958,
    0.15106256306171417,
    0.15223677456378937,
    0.15024949610233307,
    0.15174497663974762,
    0.15105409920215607,
    0.15114115178585052,
    0.15036256611347198,
    0.15388871729373932,
    0.15070009231567383,
    0.15004530549049377,
    0.15196694433689117,
    0.15021347999572754,
    0.15024353563785553
  ],
  "diff_sigma_per_k": [
    2.5841109252411343e-09,
    2.688818279139582e-09,
    3.342372822956463e-09,
    3.0204736489736206e-09,
    2.340880822515601e-09,
    1.880952282817816e-09,
    2.6272963804530036e-09,
    2.7147000203342486e-09,
    3.17844439656767e-09,
    3.0703684039679047e-09,
    2.7181219497407483e-09,
    2.805583099174669e-09,
    2.5897828326293393e-09,
    2.9752975638785983e-09,
    2.8029003562579646e-09,
    2.599608306397272e-09
  ],
  "variance_collapse": true,
  "k_report_idx": {
    "k1": 0,
    "k8": 7,
    "k15": 14
  },
  "spec": {
    "kind": "cell",
    "tag": "mag0.3_mid",
    "cross": "mid",
    "magnitude": 0.3,
    "baseline_key": [
      0.5,
      39,
      256,
      16
    ],
    "params": {
      "period_P": 256,
      "manifold_dim_D": 16,
      "continuity_center": 39,
      "fidelity_F": 0.97,
      "magnitude_M": 0.3,
      "locality_L": 0.5
    },
    "L_d_main": 2,
    "seed": 4,
    "perk": true,
    "label": "cell_mag0.3_mid_s4",
    "out_file": "/mnt/c/Users/Jason/Desktop/Eridos/Weft 2/v2/results/phase1/pilot_Ld2/_runs/cell_mag0.3_mid_s4.json"
  }
}