{
  "label": "cell_mag0.3_high_s9",
  "L_d_main": 2,
  "seed": 9,
  "wall_clock_s": 240.42,
  "steps_trained": 10000,
  "final_interval_loss": -3003.739261,
  "nan_inf": false,
  "still_descending": false,
  "stability_flag": "stable",
  "diff_mu": 4.313743193051778e-05,
  "diff_sigma": 4.273362566586947e-11,
  "diff_mu_aggregate": 4.313743193051778e-05,
  "diff_sigma_aggregate": 4.273362566586947e-11,
  "diff_mu_per_k": [
    4.376948709250428e-05,
    4.3341206037439406e-05,
    4.2994521209038794e-05,
    4.3941789044765756e-05,
    4.3147792894160375e-05,
    4.311621523811482e-05,
    4.333881588536315e-05,
    4.256759348209016e-05,
    4.216940578771755e-05,
    4.34284629591275e-05,
    4.298186468076892e-05,
    4.3318465031916276e-05,
    4.297407576814294e-05,
    4.3095678847748786e-05,
    4.313621684559621e-05,
    4.2877236410276964e-05
  ],
  "diff_sigma_per_k": [
    4.8110175565607705e-11,
    4.2058700272518124e-11,
    4.555023025432092e-11,
    3.488302702248092e-11,
    4.363765251924612e-11,
    4.211266058096186e-11,
    4.349632459765829e-11,
    3.3232985807707394e-11,
    3.656853639344426e-11,
    4.232630565481621e-11,
    5.6362713107827034e-11,
    4.054490770899477e-11,
    4.2307827380350105e-11,
    4.8340189490181373e-11,
    4.076579351863785e-11,
    4.343997730971161e-11
  ],
  "variance_collapse": true,
  "k_report_idx": {
    "k1": 0,
    "k8": 7,
    "k15": 14
  },
  "spec": {
    "kind": "cell",
    "tag": "mag0.3_high",
    "cross": "high",
    "magnitude": 0.3,
    "baseline_key": [
      0.9,
      472,
      2048,
      128
    ],
    "params": {
      "period_P": 2048,
      "manifold_dim_D": 128,
      "continuity_center": 472,
      "fidelity_F": 0.97,
      "magnitude_M": 0.3,
      "locality_L": 0.9
    },
    "L_d_main": 2,
    "seed": 9,
    "perk": true,
    "label": "cell_mag0.3_high_s9",
    "out_file": "/mnt/c/Users/Jason/Desktop/Eridos/Weft 2/v2/results/phase1/pilot_Ld2/_runs/cell_mag0.3_high_s9.json"
  }
}