{
  "label": "cell_mag0.1_low_s7",
  "L_d_main": 2,
  "seed": 7,
  "wall_clock_s": 238.1,
  "steps_trained": 10000,
  "final_interval_loss": -2804.844827,
  "nan_inf": false,
  "still_descending": false,
  "stability_flag": "stable",
  "diff_mu": 0.2521801292896271,
  "diff_sigma": 9.865367900374622e-08,
  "diff_mu_aggregate": 0.2521801292896271,
  "diff_sigma_aggregate": 9.865367900374622e-08,
  "diff_mu_per_k": [
    0.25211697816848755,
    0.24903516471385956,
    0.25012141466140747,
    0.24867814779281616,
    0.2531881630420685,
    0.25197073817253113,
    0.25050798058509827,
    0.25232914090156555,
    0.2508290112018585,
    0.24813294410705566,
    0.25294777750968933,
    0.25157609581947327,
    0.25374385714530945,
    0.25501707196235657,
    0.2562107443809509,
    0.2584775686264038
  ],
  "diff_sigma_per_k": [
    8.051893019001e-08,
    8.316472843716838e-08,
    7.696723969274899e-08,
    7.971047466526215e-08,
    8.081008928684241e-08,
    9.300651271360039e-08,
    9.357226815609465e-08,
    8.879441537601451e-08,
    7.793181566739804e-08,
    7.971833326791966e-08,
    8.837206166845135e-08,
    9.427368752312759e-08,
    1.1619004425256207e-07,
    1.3010718191708293e-07,
    1.5368787842362508e-07,
    1.6163318150574923e-07
  ],
  "variance_collapse": false,
  "k_report_idx": {
    "k1": 0,
    "k8": 7,
    "k15": 14
  },
  "spec": {
    "kind": "cell",
    "tag": "mag0.1_low",
    "cross": "low",
    "magnitude": 0.1,
    "baseline_key": [
      0.3,
      3,
      32,
      4
    ],
    "params": {
      "period_P": 32,
      "manifold_dim_D": 4,
      "continuity_center": 3,
      "fidelity_F": 0.97,
      "magnitude_M": 0.1,
      "locality_L": 0.3
    },
    "L_d_main": 2,
    "seed": 7,
    "perk": true,
    "label": "cell_mag0.1_low_s7",
    "out_file": "/mnt/c/Users/Jason/Desktop/Eridos/Weft 2/v2/results/phase1/pilot_Ld2/_runs/cell_mag0.1_low_s7.json"
  }
}