{
  "label": "cell_mag0.7_mid_s3",
  "L_d_main": 2,
  "seed": 3,
  "wall_clock_s": 236.91,
  "steps_trained": 10000,
  "final_interval_loss": -2869.125974,
  "nan_inf": false,
  "still_descending": false,
  "stability_flag": "stable",
  "diff_mu": 0.049122121185064316,
  "diff_sigma": 6.559709220255172e-08,
  "diff_mu_aggregate": 0.049122121185064316,
  "diff_sigma_aggregate": 6.559709220255172e-08,
  "diff_mu_per_k": [
    0.049409169703722,
    0.049456000328063965,
    0.04904017597436905,
    0.04898473992943764,
    0.04880677908658981,
    0.04884397238492966,
    0.04878673702478409,
    0.04916229099035263,
    0.04950667917728424,
    0.048964209854602814,
    0.049392811954021454,
    0.04928746819496155,
    0.04923655092716217,
    0.04899287968873978,
    0.04896596819162369,
    0.049117472022771835
  ],
  "diff_sigma_per_k": [
    6.266186147740882e-08,
    7.865957485364561e-08,
    7.267097856811233e-08,
    6.379695349778558e-08,
    5.843965666940676e-08,
    5.2817458850995536e-08,
    6.500873439563293e-08,
    6.813213104805982e-08,
    7.29588265357961e-08,
    6.123681117742308e-08,
    6.275745789707798e-08,
    5.8053085894016476e-08,
    7.048890182659306e-08,
    6.78653222507819e-08,
    7.01344546882865e-08,
    6.387121942452723e-08
  ],
  "variance_collapse": false,
  "k_report_idx": {
    "k1": 0,
    "k8": 7,
    "k15": 14
  },
  "spec": {
    "kind": "cell",
    "tag": "mag0.7_mid",
    "cross": "mid",
    "magnitude": 0.7,
    "baseline_key": [
      0.5,
      39,
      256,
      16
    ],
    "params": {
      "period_P": 256,
      "manifold_dim_D": 16,
      "continuity_center": 39,
      "fidelity_F": 0.97,
      "magnitude_M": 0.7,
      "locality_L": 0.5
    },
    "L_d_main": 2,
    "seed": 3,
    "perk": true,
    "label": "cell_mag0.7_mid_s3",
    "out_file": "/mnt/c/Users/Jason/Desktop/Eridos/Weft 2/v2/results/phase1/pilot_Ld2/_runs/cell_mag0.7_mid_s3.json"
  }
}