{
  "label": "cell_mag0.7_high_s8",
  "L_d_main": 2,
  "seed": 8,
  "wall_clock_s": 238.01,
  "steps_trained": 10000,
  "final_interval_loss": -3002.352678,
  "nan_inf": false,
  "still_descending": false,
  "stability_flag": "stable",
  "diff_mu": 5.409216464613564e-05,
  "diff_sigma": 1.1187024917536093e-10,
  "diff_mu_aggregate": 5.409216464613564e-05,
  "diff_sigma_aggregate": 1.1187024917536093e-10,
  "diff_mu_per_k": [
    5.402066744863987e-05,
    5.5030148359946907e-05,
    5.3808005759492517e-05,
    5.4382056987378746e-05,
    5.559566125157289e-05,
    5.4406689741881564e-05,
    5.4732736316509545e-05,
    5.385214535635896e-05,
    5.3810661484021693e-05,
    5.404491093941033e-05,
    5.295300798024982e-05,
    5.3743111493531615e-05,
    5.3805317293154076e-05,
    5.303796206135303e-05,
    5.352322114049457e-05,
    5.472838529385626e-05
  ],
  "diff_sigma_per_k": [
    1.0681094897435628e-10,
    1.279615857718852e-10,
    1.1277619810234896e-10,
    1.0495614793937236e-10,
    1.0722858712064465e-10,
    1.24289342706696e-10,
    1.1546620604097058e-10,
    1.1184245890527578e-10,
    1.0808813566409725e-10,
    1.1063829019608562e-10,
    1.0571551273264035e-10,
    1.2023947115746836e-10,
    1.0424523744223535e-10,
    1.0473064776528318e-10,
    1.1055884679977979e-10,
    1.1437639724221071e-10
  ],
  "variance_collapse": true,
  "k_report_idx": {
    "k1": 0,
    "k8": 7,
    "k15": 14
  },
  "spec": {
    "kind": "cell",
    "tag": "mag0.7_high",
    "cross": "high",
    "magnitude": 0.7,
    "baseline_key": [
      0.9,
      472,
      2048,
      128
    ],
    "params": {
      "period_P": 2048,
      "manifold_dim_D": 128,
      "continuity_center": 472,
      "fidelity_F": 0.97,
      "magnitude_M": 0.7,
      "locality_L": 0.9
    },
    "L_d_main": 2,
    "seed": 8,
    "perk": true,
    "label": "cell_mag0.7_high_s8",
    "out_file": "/mnt/c/Users/Jason/Desktop/Eridos/Weft 2/v2/results/phase1/pilot_Ld2/_runs/cell_mag0.7_high_s8.json"
  }
}