{
  "label": "cell_mag0.1_high_s2",
  "L_d_main": 2,
  "seed": 2,
  "wall_clock_s": 236.51,
  "steps_trained": 10000,
  "final_interval_loss": -3003.113855,
  "nan_inf": false,
  "still_descending": false,
  "stability_flag": "stable",
  "diff_mu": 0.00011778741463785991,
  "diff_sigma": 9.44042399808609e-10,
  "diff_mu_aggregate": 0.00011778741463785991,
  "diff_sigma_aggregate": 9.44042399808609e-10,
  "diff_mu_per_k": [
    0.0001159960957011208,
    0.00011650272062979639,
    0.00011643121251836419,
    0.00011778729822253808,
    0.00011627246567513794,
    0.00011865987471537665,
    0.00011668752267723903,
    0.00011762917711166665,
    0.00011743172217393294,
    0.00012039085413562134,
    0.00011683700722642243,
    0.00011924229329451919,
    0.0001185122673632577,
    0.00011923128477064893,
    0.00011842636740766466,
    0.0001185606888611801
  ],
  "diff_sigma_per_k": [
    9.424926394885347e-10,
    1.000105442905408e-09,
    9.448236637510377e-10,
    9.312656756854665e-10,
    8.900145065382503e-10,
    1.0659103599763853e-09,
    9.094491826289186e-10,
    9.375520360066503e-10,
    8.107085558428651e-10,
    9.81013381640139e-10,
    9.237890452595821e-10,
    8.481347846256426e-10,
    9.383588350786454e-10,
    9.566112346703903e-10,
    9.686479396364689e-10,
    1.0557998919580314e-09
  ],
  "variance_collapse": true,
  "k_report_idx": {
    "k1": 0,
    "k8": 7,
    "k15": 14
  },
  "spec": {
    "kind": "cell",
    "tag": "mag0.1_high",
    "cross": "high",
    "magnitude": 0.1,
    "baseline_key": [
      0.9,
      472,
      2048,
      128
    ],
    "params": {
      "period_P": 2048,
      "manifold_dim_D": 128,
      "continuity_center": 472,
      "fidelity_F": 0.97,
      "magnitude_M": 0.1,
      "locality_L": 0.9
    },
    "L_d_main": 2,
    "seed": 2,
    "perk": true,
    "label": "cell_mag0.1_high_s2",
    "out_file": "/mnt/c/Users/Jason/Desktop/Eridos/Weft 2/v2/results/phase1/pilot_Ld2/_runs/cell_mag0.1_high_s2.json"
  }
}