{
  "label": "cell_mag0.9_high_s0",
  "L_d_main": 2,
  "seed": 0,
  "wall_clock_s": 238.51,
  "steps_trained": 10000,
  "final_interval_loss": -2999.785077,
  "nan_inf": false,
  "still_descending": false,
  "stability_flag": "stable",
  "diff_mu": 5.483268978423439e-05,
  "diff_sigma": 8.387349842431391e-11,
  "diff_mu_aggregate": 5.483268978423439e-05,
  "diff_sigma_aggregate": 8.387349842431391e-11,
  "diff_mu_per_k": [
    5.52245182916522e-05,
    5.4832718888064846e-05,
    5.460116881295107e-05,
    5.450396201922558e-05,
    5.486180089064874e-05,
    5.425609924714081e-05,
    5.4667427320964634e-05,
    5.490081093739718e-05,
    5.5114334827521816e-05,
    5.551129288505763e-05,
    5.499788676388562e-05,
    5.4986019677016884e-05,
    5.351106301532127e-05,
    5.5127005907706916e-05,
    5.499744293047115e-05,
    5.522951687453315e-05
  ],
  "diff_sigma_per_k": [
    7.708921001547964e-11,
    9.599952083272356e-11,
    8.455535577267526e-11,
    7.676648206000891e-11,
    8.24696144707815e-11,
    8.461453759878168e-11,
    8.600721523865928e-11,
    7.646747124390174e-11,
    7.454623029978791e-11,
    8.476657570311019e-11,
    7.48172149234172e-11,
    9.771057574159414e-11,
    7.843611177227316e-11,
    9.170513654011003e-11,
    8.81839878896784e-11,
    8.784067917488869e-11
  ],
  "variance_collapse": true,
  "k_report_idx": {
    "k1": 0,
    "k8": 7,
    "k15": 14
  },
  "spec": {
    "kind": "cell",
    "tag": "mag0.9_high",
    "cross": "high",
    "magnitude": 0.9,
    "baseline_key": [
      0.9,
      472,
      2048,
      128
    ],
    "params": {
      "period_P": 2048,
      "manifold_dim_D": 128,
      "continuity_center": 472,
      "fidelity_F": 0.97,
      "magnitude_M": 0.9,
      "locality_L": 0.9
    },
    "L_d_main": 2,
    "seed": 0,
    "perk": true,
    "label": "cell_mag0.9_high_s0",
    "out_file": "/mnt/c/Users/Jason/Desktop/Eridos/Weft 2/v2/results/phase1/pilot_Ld2/_runs/cell_mag0.9_high_s0.json"
  }
}