{
  "label": "cell_mag0.9_mid_s5",
  "L_d_main": 2,
  "seed": 5,
  "wall_clock_s": 240.0,
  "steps_trained": 10000,
  "final_interval_loss": -2882.845117,
  "nan_inf": false,
  "still_descending": true,
  "stability_flag": "stable",
  "diff_mu": 0.21065640449523926,
  "diff_sigma": 2.4019578859224566e-07,
  "diff_mu_aggregate": 0.21065640449523926,
  "diff_sigma_aggregate": 2.4019578859224566e-07,
  "diff_mu_per_k": [
    0.21167901158332825,
    0.21127097308635712,
    0.21246057748794556,
    0.20915661752223969,
    0.20982171595096588,
    0.208460733294487,
    0.2103257179260254,
    0.20979222655296326,
    0.21195824444293976,
    0.21121153235435486,
    0.20929183065891266,
    0.21033760905265808,
    0.21025916934013367,
    0.21202507615089417,
    0.21104508638381958,
    0.21140660345554352
  ],
  "diff_sigma_per_k": [
    2.4217362692979805e-07,
    2.3638297363959282e-07,
    2.883050740365434e-07,
    2.418029225736973e-07,
    2.1765562507880531e-07,
    2.0886972151856753e-07,
    2.33937711868748e-07,
    2.436096337987692e-07,
    2.8551249897645903e-07,
    2.574954578449251e-07,
    2.0431794212072418e-07,
    2.2344788419559336e-07,
    2.233662144135451e-07,
    2.2837865287783643e-07,
    2.598557955479919e-07,
    2.480206831023679e-07
  ],
  "variance_collapse": false,
  "k_report_idx": {
    "k1": 0,
    "k8": 7,
    "k15": 14
  },
  "spec": {
    "kind": "cell",
    "tag": "mag0.9_mid",
    "cross": "mid",
    "magnitude": 0.9,
    "baseline_key": [
      0.5,
      39,
      256,
      16
    ],
    "params": {
      "period_P": 256,
      "manifold_dim_D": 16,
      "continuity_center": 39,
      "fidelity_F": 0.97,
      "magnitude_M": 0.9,
      "locality_L": 0.5
    },
    "L_d_main": 2,
    "seed": 5,
    "perk": true,
    "label": "cell_mag0.9_mid_s5",
    "out_file": "/mnt/c/Users/Jason/Desktop/Eridos/Weft 2/v2/results/phase1/pilot_Ld2/_runs/cell_mag0.9_mid_s5.json"
  }
}