{
  "label": "cell_mag0.9_low_s9",
  "L_d_main": 2,
  "seed": 9,
  "wall_clock_s": 256.37,
  "steps_trained": 10000,
  "final_interval_loss": -2865.766758,
  "nan_inf": false,
  "still_descending": false,
  "stability_flag": "stable",
  "diff_mu": 0.2615973949432373,
  "diff_sigma": 7.109652244707831e-08,
  "diff_mu_aggregate": 0.2615973949432373,
  "diff_sigma_aggregate": 7.109652244707831e-08,
  "diff_mu_per_k": [
    0.25731417536735535,
    0.2560851573944092,
    0.2571823000907898,
    0.25883054733276367,
    0.2602362334728241,
    0.2635539174079895,
    0.26151981949806213,
    0.260274738073349,
    0.25779470801353455,
    0.2610548436641693,
    0.25955966114997864,
    0.261793851852417,
    0.26352426409721375,
    0.264693021774292,
    0.26952728629112244,
    0.27261465787887573
  ],
  "diff_sigma_per_k": [
    5.4268724625217146e-08,
    5.484766774088712e-08,
    5.2120309845804513e-08,
    6.609139546753795e-08,
    6.736489410741342e-08,
    7.523380674001601e-08,
    6.750160252977366e-08,
    6.269057450936089e-08,
    6.35253130099045e-08,
    6.143864794694309e-08,
    6.109888772698469e-08,
    7.36071967821772e-08,
    7.10687046989733e-08,
    7.249150257848669e-08,
    1.140037966251839e-07,
    1.2019140172014886e-07
  ],
  "variance_collapse": false,
  "k_report_idx": {
    "k1": 0,
    "k8": 7,
    "k15": 14
  },
  "spec": {
    "kind": "cell",
    "tag": "mag0.9_low",
    "cross": "low",
    "magnitude": 0.9,
    "baseline_key": [
      0.3,
      3,
      32,
      4
    ],
    "params": {
      "period_P": 32,
      "manifold_dim_D": 4,
      "continuity_center": 3,
      "fidelity_F": 0.97,
      "magnitude_M": 0.9,
      "locality_L": 0.3
    },
    "L_d_main": 2,
    "seed": 9,
    "perk": true,
    "label": "cell_mag0.9_low_s9",
    "out_file": "/mnt/c/Users/Jason/Desktop/Eridos/Weft 2/v2/results/phase1/pilot_Ld2/_runs/cell_mag0.9_low_s9.json"
  }
}