{
  "label": "cell_mag0.9_low_s5",
  "L_d_main": 2,
  "seed": 5,
  "wall_clock_s": 241.4,
  "steps_trained": 10000,
  "final_interval_loss": -2823.538237,
  "nan_inf": false,
  "still_descending": false,
  "stability_flag": "stable",
  "diff_mu": 0.2618246376514435,
  "diff_sigma": 4.7522885893158673e-07,
  "diff_mu_aggregate": 0.2618246376514435,
  "diff_sigma_aggregate": 4.7522885893158673e-07,
  "diff_mu_per_k": [
    0.26048240065574646,
    0.26235806941986084,
    0.26180240511894226,
    0.26124322414398193,
    0.2606167197227478,
    0.26088666915893555,
    0.26112619042396545,
    0.2619662284851074,
    0.26281651854515076,
    0.2602747082710266,
    0.26102882623672485,
    0.2640534043312073,
    0.26271626353263855,
    0.2615160346031189,
    0.26435479521751404,
    0.26195183396339417
  ],
  "diff_sigma_per_k": [
    4.3098836499666504e-07,
    3.928471414837986e-07,
    4.29339735319445e-07,
    4.336619383593643e-07,
    4.866430458605464e-07,
    4.0399925183010055e-07,
    4.3257921333861304e-07,
    3.8096609955573513e-07,
    4.752101290250721e-07,
    4.050081372497516e-07,
    4.1592602428863756e-07,
    4.709767154054134e-07,
    5.085693715045636e-07,
    5.52359949779202e-07,
    6.581612979061902e-07,
    7.26425184893742e-07
  ],
  "variance_collapse": false,
  "k_report_idx": {
    "k1": 0,
    "k8": 7,
    "k15": 14
  },
  "spec": {
    "kind": "cell",
    "tag": "mag0.9_low",
    "cross": "low",
    "magnitude": 0.9,
    "baseline_key": [
      0.3,
      3,
      32,
      4
    ],
    "params": {
      "period_P": 32,
      "manifold_dim_D": 4,
      "continuity_center": 3,
      "fidelity_F": 0.97,
      "magnitude_M": 0.9,
      "locality_L": 0.3
    },
    "L_d_main": 2,
    "seed": 5,
    "perk": true,
    "label": "cell_mag0.9_low_s5",
    "out_file": "/mnt/c/Users/Jason/Desktop/Eridos/Weft 2/v2/results/phase1/pilot_Ld2/_runs/cell_mag0.9_low_s5.json"
  }
}