{
  "label": "cell_mag0.1_mid_s1",
  "L_d_main": 2,
  "seed": 1,
  "wall_clock_s": 255.26,
  "steps_trained": 10000,
  "final_interval_loss": -2856.281624,
  "nan_inf": false,
  "still_descending": false,
  "stability_flag": "stable",
  "diff_mu": 0.05542109161615372,
  "diff_sigma": 1.3196535419979227e-08,
  "diff_mu_aggregate": 0.05542109161615372,
  "diff_sigma_aggregate": 1.3196535419979227e-08,
  "diff_mu_per_k": [
    0.05546455830335617,
    0.05559331178665161,
    0.055608171969652176,
    0.055574432015419006,
    0.05485649034380913,
    0.05556821823120117,
    0.055127158761024475,
    0.055598579347133636,
    0.055360328406095505,
    0.055260904133319855,
    0.05557180196046829,
    0.05554705485701561,
    0.05535200983285904,
    0.05522315949201584,
    0.055684324353933334,
    0.055346932262182236
  ],
  "diff_sigma_per_k": [
    1.3024352263357741e-08,
    1.4119234670317837e-08,
    1.4132058190341468e-08,
    1.5735954761453286e-08,
    1.0524507487730261e-08,
    1.2240126245899319e-08,
    1.1722115722534454e-08,
    1.4187993890857342e-08,
    1.4841568862777876e-08,
    1.2147361339032159e-08,
    1.4229130762544173e-08,
    1.2476206734390871e-08,
    1.2558317052935308e-08,
    1.2937468873985836e-08,
    1.2679650218672123e-08,
    1.3588516978302323e-08
  ],
  "variance_collapse": false,
  "k_report_idx": {
    "k1": 0,
    "k8": 7,
    "k15": 14
  },
  "spec": {
    "kind": "cell",
    "tag": "mag0.1_mid",
    "cross": "mid",
    "magnitude": 0.1,
    "baseline_key": [
      0.5,
      39,
      256,
      16
    ],
    "params": {
      "period_P": 256,
      "manifold_dim_D": 16,
      "continuity_center": 39,
      "fidelity_F": 0.97,
      "magnitude_M": 0.1,
      "locality_L": 0.5
    },
    "L_d_main": 2,
    "seed": 1,
    "perk": true,
    "label": "cell_mag0.1_mid_s1",
    "out_file": "/mnt/c/Users/Jason/Desktop/Eridos/Weft 2/v2/results/phase1/pilot_Ld2/_runs/cell_mag0.1_mid_s1.json"
  }
}