{
  "label": "cell_mag0.9_high_s4",
  "L_d_main": 2,
  "seed": 4,
  "wall_clock_s": 236.0,
  "steps_trained": 10000,
  "final_interval_loss": -2998.997655,
  "nan_inf": false,
  "still_descending": false,
  "stability_flag": "stable",
  "diff_mu": 0.00010045192902907729,
  "diff_sigma": 9.825554952991311e-11,
  "diff_mu_aggregate": 0.00010045192902907729,
  "diff_sigma_aggregate": 9.825554952991311e-11,
  "diff_mu_per_k": [
    9.869800123851746e-05,
    9.92829809547402e-05,
    0.00010165625280933455,
    0.0001000350239337422,
    0.00010098992788698524,
    0.00010142016981262714,
    9.992789273383096e-05,
    0.00010044116788776591,
    9.996713197324425e-05,
    0.00010273551743011922,
    9.9832090199925e-05,
    0.00010094574827235192,
    9.901931480271742e-05,
    0.00010015695443144068,
    0.00010054338054032996,
    0.00010157934593735263
  ],
  "diff_sigma_per_k": [
    1.0224259633373478e-10,
    1.0605265970964339e-10,
    1.1515999265299115e-10,
    8.986676680589056e-11,
    9.48383246934803e-11,
    9.875700257566677e-11,
    9.849902143921341e-11,
    9.969045033919599e-11,
    8.709970245046605e-11,
    1.0416823653658369e-10,
    1.0357411456274335e-10,
    9.349941654246408e-11,
    9.696059927177814e-11,
    9.554977642434181e-11,
    9.48159467606402e-11,
    9.13141992575639e-11
  ],
  "variance_collapse": true,
  "k_report_idx": {
    "k1": 0,
    "k8": 7,
    "k15": 14
  },
  "spec": {
    "kind": "cell",
    "tag": "mag0.9_high",
    "cross": "high",
    "magnitude": 0.9,
    "baseline_key": [
      0.9,
      472,
      2048,
      128
    ],
    "params": {
      "period_P": 2048,
      "manifold_dim_D": 128,
      "continuity_center": 472,
      "fidelity_F": 0.97,
      "magnitude_M": 0.9,
      "locality_L": 0.9
    },
    "L_d_main": 2,
    "seed": 4,
    "perk": true,
    "label": "cell_mag0.9_high_s4",
    "out_file": "/mnt/c/Users/Jason/Desktop/Eridos/Weft 2/v2/results/phase1/pilot_Ld2/_runs/cell_mag0.9_high_s4.json"
  }
}