{
  "label": "cell_mag0.3_high_s7",
  "L_d_main": 2,
  "seed": 7,
  "wall_clock_s": 239.05,
  "steps_trained": 10000,
  "final_interval_loss": -3001.391894,
  "nan_inf": false,
  "still_descending": false,
  "stability_flag": "stable",
  "diff_mu": 0.000362064631190151,
  "diff_sigma": 8.1917211902649e-10,
  "diff_mu_aggregate": 0.000362064631190151,
  "diff_sigma_aggregate": 8.1917211902649e-10,
  "diff_mu_per_k": [
    0.00036449849721975625,
    0.0003640175855252892,
    0.00035991636104881763,
    0.00036116046248935163,
    0.00035817691241391003,
    0.00036099343560636044,
    0.00036543066380545497,
    0.0003657408815342933,
    0.00036462812568061054,
    0.0003591830318327993,
    0.0003609294362831861,
    0.00035795557778328657,
    0.00036481444840319455,
    0.0003620829666033387,
    0.0003630450228229165,
    0.00036046074819751084
  ],
  "diff_sigma_per_k": [
    7.201299556669483e-10,
    8.228093206774645e-10,
    8.357817216086971e-10,
    7.585529426812343e-10,
    8.730380307575558e-10,
    8.775270510241739e-10,
    8.853729971391999e-10,
    7.179400962620264e-10,
    7.466295359748187e-10,
    7.751378983122947e-10,
    8.140597085315449e-10,
    7.661812850834337e-10,
    9.286106883443779e-10,
    8.558729280849775e-10,
    8.039744425758499e-10,
    9.251351906769401e-10
  ],
  "variance_collapse": true,
  "k_report_idx": {
    "k1": 0,
    "k8": 7,
    "k15": 14
  },
  "spec": {
    "kind": "cell",
    "tag": "mag0.3_high",
    "cross": "high",
    "magnitude": 0.3,
    "baseline_key": [
      0.9,
      472,
      2048,
      128
    ],
    "params": {
      "period_P": 2048,
      "manifold_dim_D": 128,
      "continuity_center": 472,
      "fidelity_F": 0.97,
      "magnitude_M": 0.3,
      "locality_L": 0.9
    },
    "L_d_main": 2,
    "seed": 7,
    "perk": true,
    "label": "cell_mag0.3_high_s7",
    "out_file": "/mnt/c/Users/Jason/Desktop/Eridos/Weft 2/v2/results/phase1/pilot_Ld2/_runs/cell_mag0.3_high_s7.json"
  }
}