{
  "label": "cell_mag0.7_mid_s4",
  "L_d_main": 2,
  "seed": 4,
  "wall_clock_s": 237.56,
  "steps_trained": 10000,
  "final_interval_loss": -2775.260845,
  "nan_inf": false,
  "still_descending": false,
  "stability_flag": "stable",
  "diff_mu": 1.298452615737915,
  "diff_sigma": 4.5300743067855365e-07,
  "diff_mu_aggregate": 1.298452615737915,
  "diff_sigma_aggregate": 4.5300743067855365e-07,
  "diff_mu_per_k": [
    1.306378960609436,
    1.296741008758545,
    1.3036466836929321,
    1.2935675382614136,
    1.2971316576004028,
    1.2825185060501099,
    1.2933372259140015,
    1.2933106422424316,
    1.3146346807479858,
    1.3011605739593506,
    1.3262070417404175,
    1.3015987873077393,
    1.3097922801971436,
    1.2940387725830078,
    1.280167818069458,
    1.2810107469558716
  ],
  "diff_sigma_per_k": [
    4.538743212378904e-07,
    4.747767832213867e-07,
    4.740382735235471e-07,
    4.920058245261316e-07,
    4.328502711814508e-07,
    3.607803478189453e-07,
    4.25511160528913e-07,
    4.75655923537488e-07,
    5.081704443909985e-07,
    4.803686124432716e-07,
    4.7651789714109327e-07,
    4.3639985847221396e-07,
    4.578928667342552e-07,
    4.1593057176214643e-07,
    4.353237272880506e-07,
    4.4802214915762306e-07
  ],
  "variance_collapse": false,
  "k_report_idx": {
    "k1": 0,
    "k8": 7,
    "k15": 14
  },
  "spec": {
    "kind": "cell",
    "tag": "mag0.7_mid",
    "cross": "mid",
    "magnitude": 0.7,
    "baseline_key": [
      0.5,
      39,
      256,
      16
    ],
    "params": {
      "period_P": 256,
      "manifold_dim_D": 16,
      "continuity_center": 39,
      "fidelity_F": 0.97,
      "magnitude_M": 0.7,
      "locality_L": 0.5
    },
    "L_d_main": 2,
    "seed": 4,
    "perk": true,
    "label": "cell_mag0.7_mid_s4",
    "out_file": "/mnt/c/Users/Jason/Desktop/Eridos/Weft 2/v2/results/phase1/pilot_Ld2/_runs/cell_mag0.7_mid_s4.json"
  }
}