{
  "label": "cell_mag0.9_high_s3",
  "L_d_main": 2,
  "seed": 3,
  "wall_clock_s": 236.84,
  "steps_trained": 10000,
  "final_interval_loss": -3003.000015,
  "nan_inf": false,
  "still_descending": false,
  "stability_flag": "stable",
  "diff_mu": 0.00010707209730753675,
  "diff_sigma": 8.001440621185907e-10,
  "diff_mu_aggregate": 0.00010707209730753675,
  "diff_sigma_aggregate": 8.001440621185907e-10,
  "diff_mu_per_k": [
    0.00010813236440299079,
    0.00010889348777709529,
    0.00010536569607211277,
    0.00010561395174590871,
    0.00010548048157943413,
    0.00010734707757364959,
    0.00010804698831634596,
    0.00010848793317563832,
    0.00010554362233961001,
    0.00010394033597549424,
    0.00010614391067065299,
    0.00010850209946511313,
    0.0001060777940438129,
    0.00010782195022329688,
    0.0001097452623071149,
    0.00010801057942444459
  ],
  "diff_sigma_per_k": [
    8.395185657761317e-10,
    8.389929306851229e-10,
    7.239159827143737e-10,
    6.872599156437786e-10,
    7.778917510137262e-10,
    8.725185574043337e-10,
    7.879059071846939e-10,
    8.614343127710811e-10,
    6.887522219223285e-10,
    7.943716240355059e-10,
    8.417343488886786e-10,
    7.741325358523454e-10,
    7.572620863705026e-10,
    8.358885805748173e-10,
    8.836489318042595e-10,
    8.370773518784347e-10
  ],
  "variance_collapse": true,
  "k_report_idx": {
    "k1": 0,
    "k8": 7,
    "k15": 14
  },
  "spec": {
    "kind": "cell",
    "tag": "mag0.9_high",
    "cross": "high",
    "magnitude": 0.9,
    "baseline_key": [
      0.9,
      472,
      2048,
      128
    ],
    "params": {
      "period_P": 2048,
      "manifold_dim_D": 128,
      "continuity_center": 472,
      "fidelity_F": 0.97,
      "magnitude_M": 0.9,
      "locality_L": 0.9
    },
    "L_d_main": 2,
    "seed": 3,
    "perk": true,
    "label": "cell_mag0.9_high_s3",
    "out_file": "/mnt/c/Users/Jason/Desktop/Eridos/Weft 2/v2/results/phase1/pilot_Ld2/_runs/cell_mag0.9_high_s3.json"
  }
}