{
  "label": "cell_mag0.7_high_s5",
  "L_d_main": 2,
  "seed": 5,
  "wall_clock_s": 238.21,
  "steps_trained": 10000,
  "final_interval_loss": -3000.680842,
  "nan_inf": false,
  "still_descending": false,
  "stability_flag": "stable",
  "diff_mu": 6.904321344336495e-05,
  "diff_sigma": 3.9273431728936714e-11,
  "diff_mu_aggregate": 6.904321344336495e-05,
  "diff_sigma_aggregate": 3.9273431728936714e-11,
  "diff_mu_per_k": [
    6.810572813265026e-05,
    7.020980410743505e-05,
    6.954921991564333e-05,
    6.934761040611193e-05,
    6.952192779863253e-05,
    6.856895925011486e-05,
    6.891755037941039e-05,
    6.825774471508339e-05,
    6.813820073148236e-05,
    6.858225970063359e-05,
    6.958308222237974e-05,
    6.924744229763746e-05,
    6.967921217437834e-05,
    6.913090328453109e-05,
    6.876343832118437e-05,
    6.908838986419141e-05
  ],
  "diff_sigma_per_k": [
    3.972168427512912e-11,
    4.7325456054014836e-11,
    3.627614181267447e-11,
    3.984164734238682e-11,
    3.547580978979781e-11,
    4.04679796617291e-11,
    4.376418671903082e-11,
    3.5132983328134415e-11,
    3.800077266746804e-11,
    3.761184419470709e-11,
    4.419099114416625e-11,
    3.749289767540631e-11,
    4.0946961099574963e-11,
    3.117180125133956e-11,
    4.0880507312657244e-11,
    4.007320170140716e-11
  ],
  "variance_collapse": true,
  "k_report_idx": {
    "k1": 0,
    "k8": 7,
    "k15": 14
  },
  "spec": {
    "kind": "cell",
    "tag": "mag0.7_high",
    "cross": "high",
    "magnitude": 0.7,
    "baseline_key": [
      0.9,
      472,
      2048,
      128
    ],
    "params": {
      "period_P": 2048,
      "manifold_dim_D": 128,
      "continuity_center": 472,
      "fidelity_F": 0.97,
      "magnitude_M": 0.7,
      "locality_L": 0.9
    },
    "L_d_main": 2,
    "seed": 5,
    "perk": true,
    "label": "cell_mag0.7_high_s5",
    "out_file": "/mnt/c/Users/Jason/Desktop/Eridos/Weft 2/v2/results/phase1/pilot_Ld2/_runs/cell_mag0.7_high_s5.json"
  }
}