{
  "label": "cell_mag0.9_high_s9",
  "L_d_main": 2,
  "seed": 9,
  "wall_clock_s": 232.37,
  "steps_trained": 10000,
  "final_interval_loss": -3001.534627,
  "nan_inf": false,
  "still_descending": false,
  "stability_flag": "stable",
  "diff_mu": 2.468183811288327e-05,
  "diff_sigma": 1.5752557591675043e-10,
  "diff_mu_aggregate": 2.468183811288327e-05,
  "diff_sigma_aggregate": 1.5752557591675043e-10,
  "diff_mu_per_k": [
    2.4731672965572216e-05,
    2.478834539942909e-05,
    2.458790004311595e-05,
    2.437028342683334e-05,
    2.4889694032026455e-05,
    2.497336572560016e-05,
    2.4744338588789105e-05,
    2.415212475170847e-05,
    2.4978429792099632e-05,
    2.4658307665959e-05,
    2.528568438719958e-05,
    2.435370333842002e-05,
    2.458394919813145e-05,
    2.4205823137890548e-05,
    2.4677126930328086e-05,
    2.4928685888880864e-05
  ],
  "diff_sigma_per_k": [
    1.7046297706713176e-10,
    1.4584451701882273e-10,
    1.5790943552751457e-10,
    1.7133298946259146e-10,
    1.5470842662512752e-10,
    1.1397213034447518e-10,
    1.5594128766061033e-10,
    1.3092547879178795e-10,
    1.6516560341628406e-10,
    1.853363157389154e-10,
    1.608026350963243e-10,
    1.5766020433627403e-10,
    1.5371769135352764e-10,
    1.5042481149585285e-10,
    1.727086806901923e-10,
    1.7349589820359057e-10
  ],
  "variance_collapse": true,
  "k_report_idx": {
    "k1": 0,
    "k8": 7,
    "k15": 14
  },
  "spec": {
    "kind": "cell",
    "tag": "mag0.9_high",
    "cross": "high",
    "magnitude": 0.9,
    "baseline_key": [
      0.9,
      472,
      2048,
      128
    ],
    "params": {
      "period_P": 2048,
      "manifold_dim_D": 128,
      "continuity_center": 472,
      "fidelity_F": 0.97,
      "magnitude_M": 0.9,
      "locality_L": 0.9
    },
    "L_d_main": 2,
    "seed": 9,
    "perk": true,
    "label": "cell_mag0.9_high_s9",
    "out_file": "/mnt/c/Users/Jason/Desktop/Eridos/Weft 2/v2/results/phase1/pilot_Ld2/_runs/cell_mag0.9_high_s9.json"
  }
}