{
  "label": "cell_mag0.9_high_s8",
  "L_d_main": 2,
  "seed": 8,
  "wall_clock_s": 234.47,
  "steps_trained": 10000,
  "final_interval_loss": -3000.765912,
  "nan_inf": false,
  "still_descending": false,
  "stability_flag": "stable",
  "diff_mu": 2.4089900762191974e-05,
  "diff_sigma": 8.028110121127696e-11,
  "diff_mu_aggregate": 2.4089900762191974e-05,
  "diff_sigma_aggregate": 8.028110121127696e-11,
  "diff_mu_per_k": [
    2.3939737729961053e-05,
    2.4665741875651293e-05,
    2.3682245227973908e-05,
    2.4207454771385528e-05,
    2.357592347834725e-05,
    2.4052478693192825e-05,
    2.429199594189413e-05,
    2.392510577919893e-05,
    2.4530694645363837e-05,
    2.431874418107327e-05,
    2.357922676310409e-05,
    2.4151813704520464e-05,
    2.4532433599233627e-05,
    2.373947609157767e-05,
    2.381952799623832e-05,
    2.4425760784652084e-05
  ],
  "diff_sigma_per_k": [
    8.34446053921134e-11,
    8.736887602278642e-11,
    8.171190113426263e-11,
    8.07698977145499e-11,
    7.931646311964968e-11,
    7.934116558194759e-11,
    8.40778904831474e-11,
    7.773456878190643e-11,
    7.622753817049244e-11,
    8.023780251331658e-11,
    7.900141651973058e-11,
    7.799027396115932e-11,
    7.414412833695039e-11,
    8.185434968721594e-11,
    8.079792390702778e-11,
    8.047877642081147e-11
  ],
  "variance_collapse": true,
  "k_report_idx": {
    "k1": 0,
    "k8": 7,
    "k15": 14
  },
  "spec": {
    "kind": "cell",
    "tag": "mag0.9_high",
    "cross": "high",
    "magnitude": 0.9,
    "baseline_key": [
      0.9,
      472,
      2048,
      128
    ],
    "params": {
      "period_P": 2048,
      "manifold_dim_D": 128,
      "continuity_center": 472,
      "fidelity_F": 0.97,
      "magnitude_M": 0.9,
      "locality_L": 0.9
    },
    "L_d_main": 2,
    "seed": 8,
    "perk": true,
    "label": "cell_mag0.9_high_s8",
    "out_file": "/mnt/c/Users/Jason/Desktop/Eridos/Weft 2/v2/results/phase1/pilot_Ld2/_runs/cell_mag0.9_high_s8.json"
  }
}