{
  "label": "cell_D4_mid_s7",
  "L_d_main": 2,
  "seed": 7,
  "wall_clock_s": 233.82,
  "steps_trained": 10000,
  "final_interval_loss": -2813.483122,
  "nan_inf": false,
  "still_descending": true,
  "stability_flag": "stable",
  "diff_mu": 0.10834703594446182,
  "diff_sigma": 5.117004153731841e-09,
  "diff_mu_aggregate": 0.10834703594446182,
  "diff_sigma_aggregate": 5.117004153731841e-09,
  "diff_mu_per_k": [
    0.09965868294239044,
    0.12051679939031601,
    0.13647544384002686,
    0.1098821684718132,
    0.09494397044181824,
    0.10133136063814163,
    0.09136596322059631,
    0.121971495449543,
    0.14505037665367126,
    0.11111778020858765,
    0.10019310563802719,
    0.08354642242193222,
    0.07443266361951828,
    0.09840312600135803,
    0.11282254010438919,
    0.13184083998203278
  ],
  "diff_sigma_per_k": [
    3.773799051032256e-09,
    4.413210685783042e-09,
    6.9675993863427266e-09,
    6.668372076745754e-09,
    5.904662536693195e-09,
    3.867045794692103e-09,
    3.838372730768924e-09,
    4.991943303167545e-09,
    5.066082664484384e-09,
    5.5697220169292905e-09,
    4.744336035145125e-09,
    4.124362185109476e-09,
    4.481243820464442e-09,
    4.383012619513238e-09,
    5.558653093373778e-09,
    7.519650679910228e-09
  ],
  "variance_collapse": true,
  "k_report_idx": {
    "k1": 0,
    "k8": 7,
    "k15": 14
  },
  "spec": {
    "kind": "cell",
    "tag": "D4_mid",
    "cross": "mid",
    "magnitude": 0.3,
    "baseline_key": [
      0.5,
      39,
      256,
      4
    ],
    "params": {
      "period_P": 256,
      "manifold_dim_D": 4,
      "continuity_center": 39,
      "fidelity_F": 0.97,
      "magnitude_M": 0.3,
      "locality_L": 0.5
    },
    "L_d_main": 2,
    "seed": 7,
    "perk": true,
    "label": "cell_D4_mid_s7",
    "out_file": "/mnt/c/Users/Jason/Desktop/Eridos/Weft 2/v2/results/phase1/pilot_Ld2/_runs/cell_D4_mid_s7.json"
  }
}