{
  "label": "cell_mag0.7_low_s9",
  "L_d_main": 2,
  "seed": 9,
  "wall_clock_s": 251.46,
  "steps_trained": 10000,
  "final_interval_loss": -2817.26907,
  "nan_inf": false,
  "still_descending": false,
  "stability_flag": "stable",
  "diff_mu": 1.163385272026062,
  "diff_sigma": 3.160983226280223e-07,
  "diff_mu_aggregate": 1.163385272026062,
  "diff_sigma_aggregate": 3.160983226280223e-07,
  "diff_mu_per_k": [
    1.164707899093628,
    1.154833197593689,
    1.16981041431427,
    1.1625639200210571,
    1.176149845123291,
    1.1593992710113525,
    1.1656365394592285,
    1.1721913814544678,
    1.160783052444458,
    1.16403329372406,
    1.169369101524353,
    1.1581082344055176,
    1.1630659103393555,
    1.162983775138855,
    1.1564909219741821,
    1.154035210609436
  ],
  "diff_sigma_per_k": [
    3.2671314897925186e-07,
    3.126634169348108e-07,
    2.6157010779570555e-07,
    2.6556946863820485e-07,
    2.411049990769243e-07,
    3.0137115913930757e-07,
    2.7490756338011124e-07,
    2.7298494842398213e-07,
    2.8862439194199396e-07,
    3.07415433553615e-07,
    3.1945779710440547e-07,
    3.394926011424104e-07,
    3.220346798116225e-07,
    3.637748022811138e-07,
    4.1502889303046686e-07,
    4.4485989292297745e-07
  ],
  "variance_collapse": false,
  "k_report_idx": {
    "k1": 0,
    "k8": 7,
    "k15": 14
  },
  "spec": {
    "kind": "cell",
    "tag": "mag0.7_low",
    "cross": "low",
    "magnitude": 0.7,
    "baseline_key": [
      0.3,
      3,
      32,
      4
    ],
    "params": {
      "period_P": 32,
      "manifold_dim_D": 4,
      "continuity_center": 3,
      "fidelity_F": 0.97,
      "magnitude_M": 0.7,
      "locality_L": 0.3
    },
    "L_d_main": 2,
    "seed": 9,
    "perk": true,
    "label": "cell_mag0.7_low_s9",
    "out_file": "/mnt/c/Users/Jason/Desktop/Eridos/Weft 2/v2/results/phase1/pilot_Ld2/_runs/cell_mag0.7_low_s9.json"
  }
}