{
  "label": "cell_mag0.9_low_s1",
  "L_d_main": 2,
  "seed": 1,
  "wall_clock_s": 247.45,
  "steps_trained": 10000,
  "final_interval_loss": -2909.040126,
  "nan_inf": false,
  "still_descending": false,
  "stability_flag": "stable",
  "diff_mu": 0.15561263263225555,
  "diff_sigma": 4.6515189922047284e-08,
  "diff_mu_aggregate": 0.15561263263225555,
  "diff_sigma_aggregate": 4.6515189922047284e-08,
  "diff_mu_per_k": [
    0.1555703580379486,
    0.15547208487987518,
    0.15373927354812622,
    0.1538594663143158,
    0.1540594846010208,
    0.15526723861694336,
    0.15500599145889282,
    0.15442492067813873,
    0.1556633561849594,
    0.15514135360717773,
    0.15606935322284698,
    0.15811458230018616,
    0.15774178504943848,
    0.1546913981437683,
    0.1569496989250183,
    0.15803216397762299
  ],
  "diff_sigma_per_k": [
    4.8174644717846604e-08,
    4.517550422633576e-08,
    3.3571389224107406e-08,
    4.1578285703280926e-08,
    4.384261487189178e-08,
    4.667190367513285e-08,
    4.343413095853066e-08,
    3.468885267920996e-08,
    4.012472842873649e-08,
    4.416835963638732e-08,
    5.1419537072661115e-08,
    4.1704939945930164e-08,
    5.135356317964579e-08,
    5.5705214663248626e-08,
    5.9198786317438135e-08,
    6.343054792523617e-08
  ],
  "variance_collapse": false,
  "k_report_idx": {
    "k1": 0,
    "k8": 7,
    "k15": 14
  },
  "spec": {
    "kind": "cell",
    "tag": "mag0.9_low",
    "cross": "low",
    "magnitude": 0.9,
    "baseline_key": [
      0.3,
      3,
      32,
      4
    ],
    "params": {
      "period_P": 32,
      "manifold_dim_D": 4,
      "continuity_center": 3,
      "fidelity_F": 0.97,
      "magnitude_M": 0.9,
      "locality_L": 0.3
    },
    "L_d_main": 2,
    "seed": 1,
    "perk": true,
    "label": "cell_mag0.9_low_s1",
    "out_file": "/mnt/c/Users/Jason/Desktop/Eridos/Weft 2/v2/results/phase1/pilot_Ld2/_runs/cell_mag0.9_low_s1.json"
  }
}