{
  "label": "cell_mag0.3_low_s6",
  "L_d_main": 2,
  "seed": 6,
  "wall_clock_s": 235.94,
  "steps_trained": 10000,
  "final_interval_loss": -2815.595636,
  "nan_inf": false,
  "still_descending": false,
  "stability_flag": "stable",
  "diff_mu": 0.6459032297134399,
  "diff_sigma": 1.3608570270662312e-07,
  "diff_mu_aggregate": 0.6459032297134399,
  "diff_sigma_aggregate": 1.3608570270662312e-07,
  "diff_mu_per_k": [
    0.6306636929512024,
    0.6358869671821594,
    0.6380970478057861,
    0.6356318593025208,
    0.6432955861091614,
    0.6488358378410339,
    0.6314657330513,
    0.668691873550415,
    0.65448397397995,
    0.6407123804092407,
    0.6430081725120544,
    0.6327140927314758,
    0.6555531024932861,
    0.6658720970153809,
    0.6583385467529297,
    0.651201069355011
  ],
  "diff_sigma_per_k": [
    1.1351267659165387e-07,
    1.1571220426276341e-07,
    9.651500221252718e-08,
    1.0638709824206671e-07,
    1.3487890271335345e-07,
    1.3026236445057293e-07,
    1.2694719941919175e-07,
    1.6512944966962095e-07,
    1.3019210598486097e-07,
    1.233233888342511e-07,
    1.2000406002243835e-07,
    1.2921476866267767e-07,
    1.4467390485606302e-07,
    1.8417910041534924e-07,
    1.736432864163362e-07,
    1.8279573055224319e-07
  ],
  "variance_collapse": false,
  "k_report_idx": {
    "k1": 0,
    "k8": 7,
    "k15": 14
  },
  "spec": {
    "kind": "cell",
    "tag": "mag0.3_low",
    "cross": "low",
    "magnitude": 0.3,
    "baseline_key": [
      0.3,
      3,
      32,
      4
    ],
    "params": {
      "period_P": 32,
      "manifold_dim_D": 4,
      "continuity_center": 3,
      "fidelity_F": 0.97,
      "magnitude_M": 0.3,
      "locality_L": 0.3
    },
    "L_d_main": 2,
    "seed": 6,
    "perk": true,
    "label": "cell_mag0.3_low_s6",
    "out_file": "/mnt/c/Users/Jason/Desktop/Eridos/Weft 2/v2/results/phase1/pilot_Ld2/_runs/cell_mag0.3_low_s6.json"
  }
}