{
  "label": "cell_mag0.1_mid_s2",
  "L_d_main": 2,
  "seed": 2,
  "wall_clock_s": 239.91,
  "steps_trained": 10000,
  "final_interval_loss": -2856.634416,
  "nan_inf": false,
  "still_descending": true,
  "stability_flag": "stable",
  "diff_mu": 0.07291363179683685,
  "diff_sigma": 2.959011524694688e-08,
  "diff_mu_aggregate": 0.07291363179683685,
  "diff_sigma_aggregate": 2.959011524694688e-08,
  "diff_mu_per_k": [
    0.07243683934211731,
    0.0733739510178566,
    0.0730510801076889,
    0.072798952460289,
    0.07282891124486923,
    0.0728505328297615,
    0.07291746884584427,
    0.0731925368309021,
    0.07295504957437515,
    0.07320015877485275,
    0.07256775349378586,
    0.07266117632389069,
    0.07319016009569168,
    0.07279092818498611,
    0.07296326756477356,
    0.07283931970596313
  ],
  "diff_sigma_per_k": [
    2.9982093252556297e-08,
    2.9363253162273395e-08,
    3.274847060197317e-08,
    2.8582759270534552e-08,
    2.7808965796793927e-08,
    2.8368486226781897e-08,
    2.641915131107453e-08,
    3.045777674515193e-08,
    3.2655865567221554e-08,
    3.2046106213101666e-08,
    3.134324444431513e-08,
    2.435614376850026e-08,
    2.6569416888833075e-08,
    2.911743557376667e-08,
    3.3269763832777244e-08,
    3.03529077427811e-08
  ],
  "variance_collapse": false,
  "k_report_idx": {
    "k1": 0,
    "k8": 7,
    "k15": 14
  },
  "spec": {
    "kind": "cell",
    "tag": "mag0.1_mid",
    "cross": "mid",
    "magnitude": 0.1,
    "baseline_key": [
      0.5,
      39,
      256,
      16
    ],
    "params": {
      "period_P": 256,
      "manifold_dim_D": 16,
      "continuity_center": 39,
      "fidelity_F": 0.97,
      "magnitude_M": 0.1,
      "locality_L": 0.5
    },
    "L_d_main": 2,
    "seed": 2,
    "perk": true,
    "label": "cell_mag0.1_mid_s2",
    "out_file": "/mnt/c/Users/Jason/Desktop/Eridos/Weft 2/v2/results/phase1/pilot_Ld2/_runs/cell_mag0.1_mid_s2.json"
  }
}