{
  "label": "cell_D4_mid_s9",
  "L_d_main": 2,
  "seed": 9,
  "wall_clock_s": 232.55,
  "steps_trained": 10000,
  "final_interval_loss": -2879.76153,
  "nan_inf": false,
  "still_descending": true,
  "stability_flag": "stable",
  "diff_mu": 0.11667660623788834,
  "diff_sigma": 1.1014940071163437e-08,
  "diff_mu_aggregate": 0.11667660623788834,
  "diff_sigma_aggregate": 1.1014940071163437e-08,
  "diff_mu_per_k": [
    0.07849707454442978,
    0.12131495773792267,
    0.13708724081516266,
    0.07994942367076874,
    0.07607333362102509,
    0.05968897417187691,
    0.20664893090724945,
    0.21418680250644684,
    0.1443219929933548,
    0.07192669063806534,
    0.09697790443897247,
    0.056624334305524826,
    0.17467084527015686,
    0.09214991331100464,
    0.13971447944641113,
    0.1169934868812561
  ],
  "diff_sigma_per_k": [
    1.1471568583942826e-08,
    8.74616734591882e-09,
    8.110573546105115e-09,
    1.138237415432286e-08,
    1.0009544304523388e-08,
    1.139087490997781e-08,
    1.4410579396439971e-08,
    1.7213457326192838e-08,
    6.470798119551091e-09,
    1.2494976608934394e-08,
    1.0468844457989235e-08,
    1.1753473749820387e-08,
    1.2707792151900321e-08,
    1.297610729977805e-08,
    7.930534451361382e-09,
    8.701368514607566e-09
  ],
  "variance_collapse": false,
  "k_report_idx": {
    "k1": 0,
    "k8": 7,
    "k15": 14
  },
  "spec": {
    "kind": "cell",
    "tag": "D4_mid",
    "cross": "mid",
    "magnitude": 0.3,
    "baseline_key": [
      0.5,
      39,
      256,
      4
    ],
    "params": {
      "period_P": 256,
      "manifold_dim_D": 4,
      "continuity_center": 39,
      "fidelity_F": 0.97,
      "magnitude_M": 0.3,
      "locality_L": 0.5
    },
    "L_d_main": 2,
    "seed": 9,
    "perk": true,
    "label": "cell_D4_mid_s9",
    "out_file": "/mnt/c/Users/Jason/Desktop/Eridos/Weft 2/v2/results/phase1/pilot_Ld2/_runs/cell_D4_mid_s9.json"
  }
}