{
  "label": "cell_mag0.7_low_s7",
  "L_d_main": 2,
  "seed": 7,
  "wall_clock_s": 237.58,
  "steps_trained": 10000,
  "final_interval_loss": -2857.866551,
  "nan_inf": false,
  "still_descending": false,
  "stability_flag": "stable",
  "diff_mu": 0.6468961834907532,
  "diff_sigma": 4.187006652500713e-07,
  "diff_mu_aggregate": 0.6468961834907532,
  "diff_sigma_aggregate": 4.187006652500713e-07,
  "diff_mu_per_k": [
    0.6452965140342712,
    0.6431570649147034,
    0.6503456234931946,
    0.6547397375106812,
    0.6584914326667786,
    0.644372820854187,
    0.6448268294334412,
    0.6428098678588867,
    0.643705427646637,
    0.6463453769683838,
    0.6468281149864197,
    0.6521665453910828,
    0.6521486043930054,
    0.6433515548706055,
    0.6406973004341125,
    0.6410560607910156
  ],
  "diff_sigma_per_k": [
    4.0008228552324e-07,
    3.40370178264493e-07,
    3.0662903327538515e-07,
    3.068840044306853e-07,
    3.581674832275894e-07,
    3.66128830364687e-07,
    3.92602771626116e-07,
    3.8858661355334334e-07,
    3.344410117733787e-07,
    3.844974969524628e-07,
    4.0370770193476346e-07,
    3.934109145120601e-07,
    5.4361242973755e-07,
    5.281581820781867e-07,
    5.76706440824637e-07,
    6.752254648745293e-07
  ],
  "variance_collapse": false,
  "k_report_idx": {
    "k1": 0,
    "k8": 7,
    "k15": 14
  },
  "spec": {
    "kind": "cell",
    "tag": "mag0.7_low",
    "cross": "low",
    "magnitude": 0.7,
    "baseline_key": [
      0.3,
      3,
      32,
      4
    ],
    "params": {
      "period_P": 32,
      "manifold_dim_D": 4,
      "continuity_center": 3,
      "fidelity_F": 0.97,
      "magnitude_M": 0.7,
      "locality_L": 0.3
    },
    "L_d_main": 2,
    "seed": 7,
    "perk": true,
    "label": "cell_mag0.7_low_s7",
    "out_file": "/mnt/c/Users/Jason/Desktop/Eridos/Weft 2/v2/results/phase1/pilot_Ld2/_runs/cell_mag0.7_low_s7.json"
  }
}