{
  "label": "cell_mag0.3_high_s8",
  "L_d_main": 2,
  "seed": 8,
  "wall_clock_s": 239.11,
  "steps_trained": 10000,
  "final_interval_loss": -3001.808682,
  "nan_inf": false,
  "still_descending": false,
  "stability_flag": "stable",
  "diff_mu": 5.460476313601248e-05,
  "diff_sigma": 7.900230469815028e-11,
  "diff_mu_aggregate": 5.460476313601248e-05,
  "diff_sigma_aggregate": 7.900230469815028e-11,
  "diff_mu_per_k": [
    5.4334148444468156e-05,
    5.517809768207371e-05,
    5.330825297278352e-05,
    5.4975735110929236e-05,
    5.440504537546076e-05,
    5.54690086573828e-05,
    5.511703056981787e-05,
    5.4575823014602065e-05,
    5.410463927546516e-05,
    5.44937611266505e-05,
    5.443924237624742e-05,
    5.450837852549739e-05,
    5.4947751777945086e-05,
    5.4737076425226405e-05,
    5.4661573813064024e-05,
    5.442060137283988e-05
  ],
  "diff_sigma_per_k": [
    8.761281283797828e-11,
    7.716490640907736e-11,
    7.536090501636394e-11,
    6.153035719824729e-11,
    6.857678314098337e-11,
    8.46184788905191e-11,
    8.992771804994248e-11,
    7.613889380087002e-11,
    7.031775162147369e-11,
    7.956108688533803e-11,
    8.421412872605671e-11,
    7.440101312816694e-11,
    8.721536687295028e-11,
    9.09616826305637e-11,
    7.588914219258669e-11,
    8.054593103601349e-11
  ],
  "variance_collapse": true,
  "k_report_idx": {
    "k1": 0,
    "k8": 7,
    "k15": 14
  },
  "spec": {
    "kind": "cell",
    "tag": "mag0.3_high",
    "cross": "high",
    "magnitude": 0.3,
    "baseline_key": [
      0.9,
      472,
      2048,
      128
    ],
    "params": {
      "period_P": 2048,
      "manifold_dim_D": 128,
      "continuity_center": 472,
      "fidelity_F": 0.97,
      "magnitude_M": 0.3,
      "locality_L": 0.9
    },
    "L_d_main": 2,
    "seed": 8,
    "perk": true,
    "label": "cell_mag0.3_high_s8",
    "out_file": "/mnt/c/Users/Jason/Desktop/Eridos/Weft 2/v2/results/phase1/pilot_Ld2/_runs/cell_mag0.3_high_s8.json"
  }
}