{
  "label": "cell_mag0.9_low_s7",
  "L_d_main": 2,
  "seed": 7,
  "wall_clock_s": 253.86,
  "steps_trained": 10000,
  "final_interval_loss": -2880.579001,
  "nan_inf": false,
  "still_descending": false,
  "stability_flag": "stable",
  "diff_mu": 0.5147091150283813,
  "diff_sigma": 2.675304244803556e-07,
  "diff_mu_aggregate": 0.5147091150283813,
  "diff_sigma_aggregate": 2.675304244803556e-07,
  "diff_mu_per_k": [
    0.5001256465911865,
    0.5050265789031982,
    0.5023112297058105,
    0.5104995369911194,
    0.5073708891868591,
    0.5105580687522888,
    0.5157657265663147,
    0.5113248229026794,
    0.5118269324302673,
    0.5116215348243713,
    0.5123068690299988,
    0.5130330920219421,
    0.5152868032455444,
    0.523254930973053,
    0.5331748127937317,
    0.5518614053726196
  ],
  "diff_sigma_per_k": [
    2.0913553555601538e-07,
    1.9904976511497807e-07,
    1.9898918424132717e-07,
    2.159206218266263e-07,
    2.1410426143120276e-07,
    2.421938916086219e-07,
    2.812134027863067e-07,
    2.439641093587852e-07,
    2.3257895520600869e-07,
    2.4891625116651994e-07,
    2.5129375558208267e-07,
    2.4550115540478146e-07,
    2.7897834797840915e-07,
    2.9908582632742764e-07,
    3.623896986937325e-07,
    5.571717451857694e-07
  ],
  "variance_collapse": false,
  "k_report_idx": {
    "k1": 0,
    "k8": 7,
    "k15": 14
  },
  "spec": {
    "kind": "cell",
    "tag": "mag0.9_low",
    "cross": "low",
    "magnitude": 0.9,
    "baseline_key": [
      0.3,
      3,
      32,
      4
    ],
    "params": {
      "period_P": 32,
      "manifold_dim_D": 4,
      "continuity_center": 3,
      "fidelity_F": 0.97,
      "magnitude_M": 0.9,
      "locality_L": 0.3
    },
    "L_d_main": 2,
    "seed": 7,
    "perk": true,
    "label": "cell_mag0.9_low_s7",
    "out_file": "/mnt/c/Users/Jason/Desktop/Eridos/Weft 2/v2/results/phase1/pilot_Ld2/_runs/cell_mag0.9_low_s7.json"
  }
}