{
  "label": "cell_mag0.9_mid_s4",
  "L_d_main": 2,
  "seed": 4,
  "wall_clock_s": 238.58,
  "steps_trained": 10000,
  "final_interval_loss": -2882.858154,
  "nan_inf": false,
  "still_descending": false,
  "stability_flag": "stable",
  "diff_mu": 0.08214518427848816,
  "diff_sigma": 6.741468716597865e-09,
  "diff_mu_aggregate": 0.08214518427848816,
  "diff_sigma_aggregate": 6.741468716597865e-09,
  "diff_mu_per_k": [
    0.0816597044467926,
    0.08338525146245956,
    0.08211793750524521,
    0.08196688443422318,
    0.08073045313358307,
    0.08137372881174088,
    0.08085667341947556,
    0.08211683481931686,
    0.08277809619903564,
    0.0825088694691658,
    0.08261208236217499,
    0.08123931288719177,
    0.08186580240726471,
    0.08346720784902573,
    0.08289707452058792,
    0.08274703472852707
  ],
  "diff_sigma_per_k": [
    6.794100393392455e-09,
    7.219028042015907e-09,
    7.776677968251988e-09,
    8.725211664284416e-09,
    6.040858036016061e-09,
    5.5395821263459766e-09,
    4.8697939014630265e-09,
    6.4192402504659185e-09,
    7.61705809537716e-09,
    7.724166195544058e-09,
    6.334219815329334e-09,
    6.423019893730952e-09,
    6.2237743847504134e-09,
    7.137089141906472e-09,
    6.783598127668711e-09,
    6.236079208576939e-09
  ],
  "variance_collapse": true,
  "k_report_idx": {
    "k1": 0,
    "k8": 7,
    "k15": 14
  },
  "spec": {
    "kind": "cell",
    "tag": "mag0.9_mid",
    "cross": "mid",
    "magnitude": 0.9,
    "baseline_key": [
      0.5,
      39,
      256,
      16
    ],
    "params": {
      "period_P": 256,
      "manifold_dim_D": 16,
      "continuity_center": 39,
      "fidelity_F": 0.97,
      "magnitude_M": 0.9,
      "locality_L": 0.5
    },
    "L_d_main": 2,
    "seed": 4,
    "perk": true,
    "label": "cell_mag0.9_mid_s4",
    "out_file": "/mnt/c/Users/Jason/Desktop/Eridos/Weft 2/v2/results/phase1/pilot_Ld2/_runs/cell_mag0.9_mid_s4.json"
  }
}