{
  "label": "cell_mag0.9_low_s0",
  "L_d_main": 2,
  "seed": 0,
  "wall_clock_s": 246.83,
  "steps_trained": 10000,
  "final_interval_loss": -2880.907275,
  "nan_inf": false,
  "still_descending": false,
  "stability_flag": "stable",
  "diff_mu": 0.23118828237056732,
  "diff_sigma": 9.532958245017653e-08,
  "diff_mu_aggregate": 0.23118828237056732,
  "diff_sigma_aggregate": 9.532958245017653e-08,
  "diff_mu_per_k": [
    0.22835275530815125,
    0.22840175032615662,
    0.22830668091773987,
    0.2281097024679184,
    0.23083506524562836,
    0.23163655400276184,
    0.23192042112350464,
    0.23011338710784912,
    0.2290196567773819,
    0.2319016307592392,
    0.2293066382408142,
    0.2313278764486313,
    0.23348601162433624,
    0.23288141191005707,
    0.23604163527488708,
    0.23737113177776337
  ],
  "diff_sigma_per_k": [
    7.869407880889412e-08,
    7.64193188729223e-08,
    6.89835815137485e-08,
    7.824968406566768e-08,
    7.937784118894342e-08,
    9.860304572839595e-08,
    1.0116243487345855e-07,
    8.891792191434433e-08,
    9.045445636957083e-08,
    8.148160191012721e-08,
    8.310850319048768e-08,
    9.16372755455086e-08,
    1.0518176196683271e-07,
    1.1122097021143418e-07,
    1.3704733703434613e-07,
    1.5473354153527907e-07
  ],
  "variance_collapse": false,
  "k_report_idx": {
    "k1": 0,
    "k8": 7,
    "k15": 14
  },
  "spec": {
    "kind": "cell",
    "tag": "mag0.9_low",
    "cross": "low",
    "magnitude": 0.9,
    "baseline_key": [
      0.3,
      3,
      32,
      4
    ],
    "params": {
      "period_P": 32,
      "manifold_dim_D": 4,
      "continuity_center": 3,
      "fidelity_F": 0.97,
      "magnitude_M": 0.9,
      "locality_L": 0.3
    },
    "L_d_main": 2,
    "seed": 0,
    "perk": true,
    "label": "cell_mag0.9_low_s0",
    "out_file": "/mnt/c/Users/Jason/Desktop/Eridos/Weft 2/v2/results/phase1/pilot_Ld2/_runs/cell_mag0.9_low_s0.json"
  }
}