{
  "label": "cell_mag0.1_low_s9",
  "L_d_main": 2,
  "seed": 9,
  "wall_clock_s": 234.18,
  "steps_trained": 10000,
  "final_interval_loss": -2814.839483,
  "nan_inf": false,
  "still_descending": false,
  "stability_flag": "stable",
  "diff_mu": 1.2029377222061157,
  "diff_sigma": 8.803191064998828e-08,
  "diff_mu_aggregate": 1.2029377222061157,
  "diff_sigma_aggregate": 8.803191064998828e-08,
  "diff_mu_per_k": [
    1.1948622465133667,
    1.1945151090621948,
    1.1895619630813599,
    1.2031776905059814,
    1.1987240314483643,
    1.203014850616455,
    1.197499394416809,
    1.1968553066253662,
    1.1915968656539917,
    1.1964517831802368,
    1.2062735557556152,
    1.2113410234451294,
    1.2091870307922363,
    1.2118332386016846,
    1.2161885499954224,
    1.225921630859375
  ],
  "diff_sigma_per_k": [
    7.587692607557983e-08,
    6.850730471796851e-08,
    6.009913988691551e-08,
    8.964187969695558e-08,
    7.983808814060467e-08,
    9.157321301245247e-08,
    7.562297099639181e-08,
    7.997387996283578e-08,
    6.823857034987668e-08,
    7.923114964114575e-08,
    9.535496303669788e-08,
    8.78988117847257e-08,
    9.690468516510009e-08,
    1.1069204219893436e-07,
    1.1013851519692253e-07,
    1.3891842343127792e-07
  ],
  "variance_collapse": false,
  "k_report_idx": {
    "k1": 0,
    "k8": 7,
    "k15": 14
  },
  "spec": {
    "kind": "cell",
    "tag": "mag0.1_low",
    "cross": "low",
    "magnitude": 0.1,
    "baseline_key": [
      0.3,
      3,
      32,
      4
    ],
    "params": {
      "period_P": 32,
      "manifold_dim_D": 4,
      "continuity_center": 3,
      "fidelity_F": 0.97,
      "magnitude_M": 0.1,
      "locality_L": 0.3
    },
    "L_d_main": 2,
    "seed": 9,
    "perk": true,
    "label": "cell_mag0.1_low_s9",
    "out_file": "/mnt/c/Users/Jason/Desktop/Eridos/Weft 2/v2/results/phase1/pilot_Ld2/_runs/cell_mag0.1_low_s9.json"
  }
}