{
  "label": "cell_mag0.3_high_s2",
  "L_d_main": 2,
  "seed": 2,
  "wall_clock_s": 239.95,
  "steps_trained": 10000,
  "final_interval_loss": -3003.664992,
  "nan_inf": false,
  "still_descending": false,
  "stability_flag": "stable",
  "diff_mu": 3.302569894003682e-05,
  "diff_sigma": 1.1878406244725248e-11,
  "diff_mu_aggregate": 3.302569894003682e-05,
  "diff_sigma_aggregate": 1.1878406244725248e-11,
  "diff_mu_per_k": [
    3.3167405490530655e-05,
    3.368641046108678e-05,
    3.2750253012636676e-05,
    3.320593896205537e-05,
    3.296812064945698e-05,
    3.324933277326636e-05,
    3.285159982624464e-05,
    3.297468720120378e-05,
    3.259425284340978e-05,
    3.2602696592221037e-05,
    3.3252941648242995e-05,
    3.3284901292063296e-05,
    3.3416636142646894e-05,
    3.256174750276841e-05,
    3.278113581473008e-05,
    3.30631373799406e-05
  ],
  "diff_sigma_per_k": [
    1.2159843444659035e-11,
    1.280797082975349e-11,
    1.0399370600766566e-11,
    1.0961506008433375e-11,
    1.3052970163074384e-11,
    1.2180046034260261e-11,
    1.2092143258923826e-11,
    1.0050319083909631e-11,
    9.683038225405394e-12,
    1.112072586795243e-11,
    1.2531349222189014e-11,
    1.220152798242502e-11,
    1.0821416679407392e-11,
    1.1857150677974104e-11,
    1.4078011326135176e-11,
    1.4057114847143559e-11
  ],
  "variance_collapse": true,
  "k_report_idx": {
    "k1": 0,
    "k8": 7,
    "k15": 14
  },
  "spec": {
    "kind": "cell",
    "tag": "mag0.3_high",
    "cross": "high",
    "magnitude": 0.3,
    "baseline_key": [
      0.9,
      472,
      2048,
      128
    ],
    "params": {
      "period_P": 2048,
      "manifold_dim_D": 128,
      "continuity_center": 472,
      "fidelity_F": 0.97,
      "magnitude_M": 0.3,
      "locality_L": 0.9
    },
    "L_d_main": 2,
    "seed": 2,
    "perk": true,
    "label": "cell_mag0.3_high_s2",
    "out_file": "/mnt/c/Users/Jason/Desktop/Eridos/Weft 2/v2/results/phase1/pilot_Ld2/_runs/cell_mag0.3_high_s2.json"
  }
}