{
  "label": "cell_mag0.3_low_s0",
  "L_d_main": 2,
  "seed": 0,
  "wall_clock_s": 236.7,
  "steps_trained": 10000,
  "final_interval_loss": -2838.410989,
  "nan_inf": false,
  "still_descending": false,
  "stability_flag": "stable",
  "diff_mu": 0.189083069562912,
  "diff_sigma": 8.147075902797951e-08,
  "diff_mu_aggregate": 0.189083069562912,
  "diff_sigma_aggregate": 8.147075902797951e-08,
  "diff_mu_per_k": [
    0.18881775438785553,
    0.19121994078159332,
    0.1896103471517563,
    0.18844284117221832,
    0.18944846093654633,
    0.19123637676239014,
    0.18982547521591187,
    0.1889471411705017,
    0.18610705435276031,
    0.18986967206001282,
    0.19013401865959167,
    0.18906080722808838,
    0.18838682770729065,
    0.1895788311958313,
    0.18749624490737915,
    0.18714725971221924
  ],
  "diff_sigma_per_k": [
    6.953555953259638e-08,
    6.47718252366758e-08,
    7.635866694499782e-08,
    7.224090836643882e-08,
    7.887373953963106e-08,
    7.812466407131069e-08,
    8.255683070501618e-08,
    7.521939693333479e-08,
    7.074398666873094e-08,
    7.845911653703297e-08,
    8.234118098471299e-08,
    9.14084878900212e-08,
    7.866362494723944e-08,
    8.985514199366662e-08,
    1.0340568934452676e-07,
    1.1097329633003028e-07
  ],
  "variance_collapse": false,
  "k_report_idx": {
    "k1": 0,
    "k8": 7,
    "k15": 14
  },
  "spec": {
    "kind": "cell",
    "tag": "mag0.3_low",
    "cross": "low",
    "magnitude": 0.3,
    "baseline_key": [
      0.3,
      3,
      32,
      4
    ],
    "params": {
      "period_P": 32,
      "manifold_dim_D": 4,
      "continuity_center": 3,
      "fidelity_F": 0.97,
      "magnitude_M": 0.3,
      "locality_L": 0.3
    },
    "L_d_main": 2,
    "seed": 0,
    "perk": true,
    "label": "cell_mag0.3_low_s0",
    "out_file": "/mnt/c/Users/Jason/Desktop/Eridos/Weft 2/v2/results/phase1/pilot_Ld2/_runs/cell_mag0.3_low_s0.json"
  }
}