{
  "label": "cell_mag0.9_high_s5",
  "L_d_main": 2,
  "seed": 5,
  "wall_clock_s": 235.97,
  "steps_trained": 10000,
  "final_interval_loss": -3002.590322,
  "nan_inf": false,
  "still_descending": false,
  "stability_flag": "stable",
  "diff_mu": 4.1462128137936816e-05,
  "diff_sigma": 2.424265649336732e-11,
  "diff_mu_aggregate": 4.1462128137936816e-05,
  "diff_sigma_aggregate": 2.424265649336732e-11,
  "diff_mu_per_k": [
    4.1435810999246314e-05,
    4.1689603676786646e-05,
    4.124073529965244e-05,
    4.110057489015162e-05,
    4.0897422877606004e-05,
    4.168144732830115e-05,
    4.189034370938316e-05,
    4.128814543946646e-05,
    4.1617640818003565e-05,
    4.112675378564745e-05,
    4.176395304966718e-05,
    4.1421961213927716e-05,
    4.144648846704513e-05,
    4.2283958464395255e-05,
    4.112501483177766e-05,
    4.1384220821782947e-05
  ],
  "diff_sigma_per_k": [
    2.865288215025963e-11,
    2.6315996257131324e-11,
    1.9783716331822632e-11,
    2.18247590139109e-11,
    2.2802428348289716e-11,
    2.4931022524210533e-11,
    2.786329847404012e-11,
    2.264091865378237e-11,
    2.2655261347481748e-11,
    2.1559780002955442e-11,
    2.7958031723063215e-11,
    2.4914688367960736e-11,
    2.0325921501473942e-11,
    2.1850177917004387e-11,
    2.708662634465231e-11,
    2.6716989731667695e-11
  ],
  "variance_collapse": true,
  "k_report_idx": {
    "k1": 0,
    "k8": 7,
    "k15": 14
  },
  "spec": {
    "kind": "cell",
    "tag": "mag0.9_high",
    "cross": "high",
    "magnitude": 0.9,
    "baseline_key": [
      0.9,
      472,
      2048,
      128
    ],
    "params": {
      "period_P": 2048,
      "manifold_dim_D": 128,
      "continuity_center": 472,
      "fidelity_F": 0.97,
      "magnitude_M": 0.9,
      "locality_L": 0.9
    },
    "L_d_main": 2,
    "seed": 5,
    "perk": true,
    "label": "cell_mag0.9_high_s5",
    "out_file": "/mnt/c/Users/Jason/Desktop/Eridos/Weft 2/v2/results/phase1/pilot_Ld2/_runs/cell_mag0.9_high_s5.json"
  }
}