{
  "label": "cell_mag0.3_low_s8",
  "L_d_main": 2,
  "seed": 8,
  "wall_clock_s": 248.54,
  "steps_trained": 10000,
  "final_interval_loss": -2867.815064,
  "nan_inf": false,
  "still_descending": false,
  "stability_flag": "stable",
  "diff_mu": 0.19953826069831848,
  "diff_sigma": 6.649758006460615e-07,
  "diff_mu_aggregate": 0.19953826069831848,
  "diff_sigma_aggregate": 6.649758006460615e-07,
  "diff_mu_per_k": [
    0.19825074076652527,
    0.1989208161830902,
    0.1983082890510559,
    0.19811463356018066,
    0.19850677251815796,
    0.19908027350902557,
    0.19918212294578552,
    0.19840669631958008,
    0.1993122398853302,
    0.2003449946641922,
    0.19938215613365173,
    0.19967928528785706,
    0.20025034248828888,
    0.20066678524017334,
    0.2017664909362793,
    0.20243963599205017
  ],
  "diff_sigma_per_k": [
    5.090399213258934e-07,
    5.302737804413482e-07,
    5.203348223403736e-07,
    5.775855242973194e-07,
    5.472807060868945e-07,
    6.193951662680774e-07,
    6.946190751477843e-07,
    5.961609872429108e-07,
    6.466983109021385e-07,
    6.390225166796881e-07,
    6.166343951008457e-07,
    6.499280402749719e-07,
    7.270512583090749e-07,
    8.282644330392941e-07,
    9.180843107969849e-07,
    1.0192392210228718e-06
  ],
  "variance_collapse": false,
  "k_report_idx": {
    "k1": 0,
    "k8": 7,
    "k15": 14
  },
  "spec": {
    "kind": "cell",
    "tag": "mag0.3_low",
    "cross": "low",
    "magnitude": 0.3,
    "baseline_key": [
      0.3,
      3,
      32,
      4
    ],
    "params": {
      "period_P": 32,
      "manifold_dim_D": 4,
      "continuity_center": 3,
      "fidelity_F": 0.97,
      "magnitude_M": 0.3,
      "locality_L": 0.3
    },
    "L_d_main": 2,
    "seed": 8,
    "perk": true,
    "label": "cell_mag0.3_low_s8",
    "out_file": "/mnt/c/Users/Jason/Desktop/Eridos/Weft 2/v2/results/phase1/pilot_Ld2/_runs/cell_mag0.3_low_s8.json"
  }
}