{
  "label": "cell_mag0.3_mid_s2",
  "L_d_main": 2,
  "seed": 2,
  "wall_clock_s": 238.33,
  "steps_trained": 10000,
  "final_interval_loss": -2873.360338,
  "nan_inf": false,
  "still_descending": true,
  "stability_flag": "stable",
  "diff_mu": 0.5342617034912109,
  "diff_sigma": 2.405892018941813e-07,
  "diff_mu_aggregate": 0.5342617034912109,
  "diff_sigma_aggregate": 2.405892018941813e-07,
  "diff_mu_per_k": [
    0.5322071313858032,
    0.5340626239776611,
    0.5484306216239929,
    0.5478489398956299,
    0.5338574647903442,
    0.5281648635864258,
    0.5275575518608093,
    0.5295934677124023,
    0.5496877431869507,
    0.547424852848053,
    0.5267826318740845,
    0.5097219347953796,
    0.5265628099441528,
    0.5349555611610413,
    0.5384318828582764,
    0.5328978300094604
  ],
  "diff_sigma_per_k": [
    2.4920052510424284e-07,
    2.3649305092021677e-07,
    2.7674789748743933e-07,
    2.600585560230684e-07,
    2.3490262890391023e-07,
    2.356351984644789e-07,
    2.069962476980436e-07,
    2.3134728621698741e-07,
    2.51959278330105e-07,
    2.719846747822885e-07,
    2.327865900042525e-07,
    1.936427054261003e-07,
    2.358490860387974e-07,
    2.411228479104466e-07,
    2.435804731248936e-07,
    2.4711985702197126e-07
  ],
  "variance_collapse": false,
  "k_report_idx": {
    "k1": 0,
    "k8": 7,
    "k15": 14
  },
  "spec": {
    "kind": "cell",
    "tag": "mag0.3_mid",
    "cross": "mid",
    "magnitude": 0.3,
    "baseline_key": [
      0.5,
      39,
      256,
      16
    ],
    "params": {
      "period_P": 256,
      "manifold_dim_D": 16,
      "continuity_center": 39,
      "fidelity_F": 0.97,
      "magnitude_M": 0.3,
      "locality_L": 0.5
    },
    "L_d_main": 2,
    "seed": 2,
    "perk": true,
    "label": "cell_mag0.3_mid_s2",
    "out_file": "/mnt/c/Users/Jason/Desktop/Eridos/Weft 2/v2/results/phase1/pilot_Ld2/_runs/cell_mag0.3_mid_s2.json"
  }
}