{
  "label": "cell_mag0.1_high_s0",
  "L_d_main": 2,
  "seed": 0,
  "wall_clock_s": 239.84,
  "steps_trained": 10000,
  "final_interval_loss": -3002.646955,
  "nan_inf": false,
  "still_descending": false,
  "stability_flag": "stable",
  "diff_mu": 0.0001917485351441428,
  "diff_sigma": 2.564399248505822e-10,
  "diff_mu_aggregate": 0.0001917485351441428,
  "diff_sigma_aggregate": 2.564399248505822e-10,
  "diff_mu_per_k": [
    0.00019133996102027595,
    0.00019459043687675148,
    0.00019101539510302246,
    0.0001912971492856741,
    0.00019221096590626985,
    0.00019124335085507482,
    0.00019017957674805075,
    0.0001929100981215015,
    0.00019005003559868783,
    0.00019090987916570157,
    0.0001919528585858643,
    0.00019302638247609138,
    0.0001933769672177732,
    0.00019375223200768232,
    0.00019167372374795377,
    0.00018844717124011368
  ],
  "diff_sigma_per_k": [
    2.542418775508537e-10,
    2.740491999997374e-10,
    2.464834447657438e-10,
    2.4380525376344053e-10,
    2.2887747253008683e-10,
    2.6021829135913777e-10,
    2.6878896330906343e-10,
    2.525260001107199e-10,
    2.619655048441416e-10,
    2.6628141358564505e-10,
    2.4597526793179725e-10,
    2.9093316644690503e-10,
    2.3580654096022613e-10,
    2.606250215642092e-10,
    2.579128299817768e-10,
    2.5454868768370886e-10
  ],
  "variance_collapse": true,
  "k_report_idx": {
    "k1": 0,
    "k8": 7,
    "k15": 14
  },
  "spec": {
    "kind": "cell",
    "tag": "mag0.1_high",
    "cross": "high",
    "magnitude": 0.1,
    "baseline_key": [
      0.9,
      472,
      2048,
      128
    ],
    "params": {
      "period_P": 2048,
      "manifold_dim_D": 128,
      "continuity_center": 472,
      "fidelity_F": 0.97,
      "magnitude_M": 0.1,
      "locality_L": 0.9
    },
    "L_d_main": 2,
    "seed": 0,
    "perk": true,
    "label": "cell_mag0.1_high_s0",
    "out_file": "/mnt/c/Users/Jason/Desktop/Eridos/Weft 2/v2/results/phase1/pilot_Ld2/_runs/cell_mag0.1_high_s0.json"
  }
}