{
  "label": "cell_mag0.1_low_s1",
  "L_d_main": 2,
  "seed": 1,
  "wall_clock_s": 241.72,
  "steps_trained": 10000,
  "final_interval_loss": -2796.82434,
  "nan_inf": false,
  "still_descending": false,
  "stability_flag": "stable",
  "diff_mu": 0.22210516035556793,
  "diff_sigma": 9.875361683953088e-08,
  "diff_mu_aggregate": 0.22210516035556793,
  "diff_sigma_aggregate": 9.875361683953088e-08,
  "diff_mu_per_k": [
    0.22240012884140015,
    0.22156429290771484,
    0.2201113998889923,
    0.22265763580799103,
    0.22116510570049286,
    0.22110669314861298,
    0.22335751354694366,
    0.2209353893995285,
    0.2218063920736313,
    0.2211512327194214,
    0.2227122187614441,
    0.22289694845676422,
    0.22314301133155823,
    0.22167280316352844,
    0.22337797284126282,
    0.2236243486404419
  ],
  "diff_sigma_per_k": [
    8.286222197284587e-08,
    8.562457765037834e-08,
    7.875203067442271e-08,
    8.654649263917236e-08,
    9.102172526809227e-08,
    9.077161422510471e-08,
    9.601222217270333e-08,
    9.526988975494532e-08,
    9.170801718028088e-08,
    7.788749911696868e-08,
    1.0133642547316413e-07,
    8.41252543182236e-08,
    9.697464520286303e-08,
    1.1991056680926704e-07,
    1.3992280400998425e-07,
    1.613318687532228e-07
  ],
  "variance_collapse": false,
  "k_report_idx": {
    "k1": 0,
    "k8": 7,
    "k15": 14
  },
  "spec": {
    "kind": "cell",
    "tag": "mag0.1_low",
    "cross": "low",
    "magnitude": 0.1,
    "baseline_key": [
      0.3,
      3,
      32,
      4
    ],
    "params": {
      "period_P": 32,
      "manifold_dim_D": 4,
      "continuity_center": 3,
      "fidelity_F": 0.97,
      "magnitude_M": 0.1,
      "locality_L": 0.3
    },
    "L_d_main": 2,
    "seed": 1,
    "perk": true,
    "label": "cell_mag0.1_low_s1",
    "out_file": "/mnt/c/Users/Jason/Desktop/Eridos/Weft 2/v2/results/phase1/pilot_Ld2/_runs/cell_mag0.1_low_s1.json"
  }
}