{
  "label": "cell_mag0.7_low_s8",
  "L_d_main": 2,
  "seed": 8,
  "wall_clock_s": 243.37,
  "steps_trained": 10000,
  "final_interval_loss": -2802.560476,
  "nan_inf": false,
  "still_descending": false,
  "stability_flag": "stable",
  "diff_mu": 0.5756214261054993,
  "diff_sigma": 3.341136221024499e-07,
  "diff_mu_aggregate": 0.5756214261054993,
  "diff_sigma_aggregate": 3.341136221024499e-07,
  "diff_mu_per_k": [
    0.578555703163147,
    0.580141544342041,
    0.5727434158325195,
    0.5765329003334045,
    0.5757870078086853,
    0.5774882435798645,
    0.5739578604698181,
    0.5760806798934937,
    0.5788542032241821,
    0.5773048996925354,
    0.5746256709098816,
    0.5785210132598877,
    0.5746414065361023,
    0.5698041319847107,
    0.5718769431114197,
    0.573027491569519
  ],
  "diff_sigma_per_k": [
    2.805252279358683e-07,
    2.687943094770162e-07,
    3.5068521242465067e-07,
    3.1584821158503473e-07,
    3.150607881252654e-07,
    2.9319789973669685e-07,
    3.2306010666616203e-07,
    2.980023623422312e-07,
    3.1183370197140903e-07,
    2.9711799243159476e-07,
    3.414536990931083e-07,
    2.9985807259436115e-07,
    3.30375456769616e-07,
    4.486509510570613e-07,
    4.0476552953805367e-07,
    4.6658843189106847e-07
  ],
  "variance_collapse": false,
  "k_report_idx": {
    "k1": 0,
    "k8": 7,
    "k15": 14
  },
  "spec": {
    "kind": "cell",
    "tag": "mag0.7_low",
    "cross": "low",
    "magnitude": 0.7,
    "baseline_key": [
      0.3,
      3,
      32,
      4
    ],
    "params": {
      "period_P": 32,
      "manifold_dim_D": 4,
      "continuity_center": 3,
      "fidelity_F": 0.97,
      "magnitude_M": 0.7,
      "locality_L": 0.3
    },
    "L_d_main": 2,
    "seed": 8,
    "perk": true,
    "label": "cell_mag0.7_low_s8",
    "out_file": "/mnt/c/Users/Jason/Desktop/Eridos/Weft 2/v2/results/phase1/pilot_Ld2/_runs/cell_mag0.7_low_s8.json"
  }
}