{
  "label": "cell_mag0.7_low_s4",
  "L_d_main": 2,
  "seed": 4,
  "wall_clock_s": 236.08,
  "steps_trained": 10000,
  "final_interval_loss": -2829.262271,
  "nan_inf": false,
  "still_descending": false,
  "stability_flag": "stable",
  "diff_mu": 0.3128799796104431,
  "diff_sigma": 1.9210533537261654e-06,
  "diff_mu_aggregate": 0.3128799796104431,
  "diff_sigma_aggregate": 1.9210533537261654e-06,
  "diff_mu_per_k": [
    0.3108164370059967,
    0.31154119968414307,
    0.31029069423675537,
    0.31287819147109985,
    0.31110680103302,
    0.31439080834388733,
    0.3112943768501282,
    0.31045112013816833,
    0.30896279215812683,
    0.31191563606262207,
    0.3120339810848236,
    0.31329473853111267,
    0.3160817623138428,
    0.31656983494758606,
    0.31399092078208923,
    0.32046040892601013
  ],
  "diff_sigma_per_k": [
    1.718384396554029e-06,
    1.74962849541771e-06,
    1.6702515495126136e-06,
    1.733612180032651e-06,
    1.715722191875102e-06,
    1.9150509160681395e-06,
    1.993531441257801e-06,
    1.764287731020886e-06,
    1.6348319604730932e-06,
    1.775511691448628e-06,
    1.6661101653880905e-06,
    1.8229665101898718e-06,
    2.220375790784601e-06,
    2.2941228507988853e-06,
    2.301705080753891e-06,
    2.7607609354163287e-06
  ],
  "variance_collapse": false,
  "k_report_idx": {
    "k1": 0,
    "k8": 7,
    "k15": 14
  },
  "spec": {
    "kind": "cell",
    "tag": "mag0.7_low",
    "cross": "low",
    "magnitude": 0.7,
    "baseline_key": [
      0.3,
      3,
      32,
      4
    ],
    "params": {
      "period_P": 32,
      "manifold_dim_D": 4,
      "continuity_center": 3,
      "fidelity_F": 0.97,
      "magnitude_M": 0.7,
      "locality_L": 0.3
    },
    "L_d_main": 2,
    "seed": 4,
    "perk": true,
    "label": "cell_mag0.7_low_s4",
    "out_file": "/mnt/c/Users/Jason/Desktop/Eridos/Weft 2/v2/results/phase1/pilot_Ld2/_runs/cell_mag0.7_low_s4.json"
  }
}