{
  "label": "cell_mag0.1_high_s1",
  "L_d_main": 2,
  "seed": 1,
  "wall_clock_s": 240.64,
  "steps_trained": 10000,
  "final_interval_loss": -3001.954577,
  "nan_inf": false,
  "still_descending": false,
  "stability_flag": "stable",
  "diff_mu": 0.00018185106455348432,
  "diff_sigma": 3.9396452766737866e-10,
  "diff_mu_aggregate": 0.00018185106455348432,
  "diff_sigma_aggregate": 3.9396452766737866e-10,
  "diff_mu_per_k": [
    0.00018373664352111518,
    0.00018392298079561442,
    0.00018403201829642057,
    0.0001829187385737896,
    0.00018258416093885899,
    0.00018329171871300787,
    0.00017857954662758857,
    0.00018223443476017565,
    0.0001782795588951558,
    0.00018412870122119784,
    0.00018163824279326946,
    0.00017986093007493764,
    0.00018220923084300011,
    0.00018038315465673804,
    0.0001829878456192091,
    0.0001788290246622637
  ],
  "diff_sigma_per_k": [
    4.135825848461394e-10,
    4.0651343402586804e-10,
    4.237148965025028e-10,
    3.789643321372438e-10,
    3.8540676206011426e-10,
    3.965469064226568e-10,
    3.5340938508987563e-10,
    3.9686917641112984e-10,
    3.7484254589159605e-10,
    4.2516590248453667e-10,
    4.436922496076079e-10,
    3.9267697427014525e-10,
    3.3842964541896947e-10,
    3.9343797664237457e-10,
    4.066799119684106e-10,
    3.735000364546437e-10
  ],
  "variance_collapse": true,
  "k_report_idx": {
    "k1": 0,
    "k8": 7,
    "k15": 14
  },
  "spec": {
    "kind": "cell",
    "tag": "mag0.1_high",
    "cross": "high",
    "magnitude": 0.1,
    "baseline_key": [
      0.9,
      472,
      2048,
      128
    ],
    "params": {
      "period_P": 2048,
      "manifold_dim_D": 128,
      "continuity_center": 472,
      "fidelity_F": 0.97,
      "magnitude_M": 0.1,
      "locality_L": 0.9
    },
    "L_d_main": 2,
    "seed": 1,
    "perk": true,
    "label": "cell_mag0.1_high_s1",
    "out_file": "/mnt/c/Users/Jason/Desktop/Eridos/Weft 2/v2/results/phase1/pilot_Ld2/_runs/cell_mag0.1_high_s1.json"
  }
}