{
  "label": "cell_mag0.9_mid_s8",
  "L_d_main": 2,
  "seed": 8,
  "wall_clock_s": 240.49,
  "steps_trained": 10000,
  "final_interval_loss": -2788.931283,
  "nan_inf": false,
  "still_descending": false,
  "stability_flag": "stable",
  "diff_mu": 0.28638356924057007,
  "diff_sigma": 1.8070190321850532e-07,
  "diff_mu_aggregate": 0.28638356924057007,
  "diff_sigma_aggregate": 1.8070190321850532e-07,
  "diff_mu_per_k": [
    0.2843204438686371,
    0.2888187766075134,
    0.2871531844139099,
    0.28735291957855225,
    0.2828538417816162,
    0.28287410736083984,
    0.2860148251056671,
    0.28483477234840393,
    0.28786107897758484,
    0.28762972354888916,
    0.28842398524284363,
    0.2860361933708191,
    0.28579407930374146,
    0.2880628705024719,
    0.28742244839668274,
    0.2866840362548828
  ],
  "diff_sigma_per_k": [
    1.764040433727132e-07,
    1.972706655806178e-07,
    1.9572081555452314e-07,
    1.9142959217788302e-07,
    1.6670354341385973e-07,
    1.6852334283612436e-07,
    1.6956197157469433e-07,
    1.7474511082582467e-07,
    1.9488800262479344e-07,
    1.9724110700281017e-07,
    1.852958746439981e-07,
    1.509421139189726e-07,
    1.5124187768833508e-07,
    1.8192336881384108e-07,
    1.9619052693542471e-07,
    1.93148480320815e-07
  ],
  "variance_collapse": false,
  "k_report_idx": {
    "k1": 0,
    "k8": 7,
    "k15": 14
  },
  "spec": {
    "kind": "cell",
    "tag": "mag0.9_mid",
    "cross": "mid",
    "magnitude": 0.9,
    "baseline_key": [
      0.5,
      39,
      256,
      16
    ],
    "params": {
      "period_P": 256,
      "manifold_dim_D": 16,
      "continuity_center": 39,
      "fidelity_F": 0.97,
      "magnitude_M": 0.9,
      "locality_L": 0.5
    },
    "L_d_main": 2,
    "seed": 8,
    "perk": true,
    "label": "cell_mag0.9_mid_s8",
    "out_file": "/mnt/c/Users/Jason/Desktop/Eridos/Weft 2/v2/results/phase1/pilot_Ld2/_runs/cell_mag0.9_mid_s8.json"
  }
}