{
  "label": "cell_mag0.9_low_s4",
  "L_d_main": 2,
  "seed": 4,
  "wall_clock_s": 241.72,
  "steps_trained": 10000,
  "final_interval_loss": -2607.472044,
  "nan_inf": false,
  "still_descending": false,
  "stability_flag": "stable",
  "diff_mu": 0.6591497659683228,
  "diff_sigma": 7.992908876985894e-07,
  "diff_mu_aggregate": 0.6591497659683228,
  "diff_sigma_aggregate": 7.992908876985894e-07,
  "diff_mu_per_k": [
    0.6652047038078308,
    0.669219434261322,
    0.6148164868354797,
    0.649192750453949,
    0.6774155497550964,
    0.6770877242088318,
    0.5905922055244446,
    0.6489129066467285,
    0.7307780385017395,
    0.7082369327545166,
    0.6481080055236816,
    0.6480432748794556,
    0.6843017339706421,
    0.6813338994979858,
    0.6056650280952454,
    0.6474832892417908
  ],
  "diff_sigma_per_k": [
    4.977500793756917e-07,
    6.198196160767111e-07,
    7.023367629699351e-07,
    7.435912721120985e-07,
    8.483164606332139e-07,
    7.070257197483443e-07,
    6.561671170857153e-07,
    6.343959739751881e-07,
    5.715562565455912e-07,
    6.972286428208463e-07,
    9.070263331523165e-07,
    1.0048829608422238e-06,
    1.04257162547583e-06,
    9.92311242953292e-07,
    1.038581331158639e-06,
    1.1250937177464948e-06
  ],
  "variance_collapse": false,
  "k_report_idx": {
    "k1": 0,
    "k8": 7,
    "k15": 14
  },
  "spec": {
    "kind": "cell",
    "tag": "mag0.9_low",
    "cross": "low",
    "magnitude": 0.9,
    "baseline_key": [
      0.3,
      3,
      32,
      4
    ],
    "params": {
      "period_P": 32,
      "manifold_dim_D": 4,
      "continuity_center": 3,
      "fidelity_F": 0.97,
      "magnitude_M": 0.9,
      "locality_L": 0.3
    },
    "L_d_main": 2,
    "seed": 4,
    "perk": true,
    "label": "cell_mag0.9_low_s4",
    "out_file": "/mnt/c/Users/Jason/Desktop/Eridos/Weft 2/v2/results/phase1/pilot_Ld2/_runs/cell_mag0.9_low_s4.json"
  }
}