{
  "label": "cell_mag0.7_mid_s9",
  "L_d_main": 2,
  "seed": 9,
  "wall_clock_s": 238.25,
  "steps_trained": 10000,
  "final_interval_loss": -2866.3537,
  "nan_inf": false,
  "still_descending": true,
  "stability_flag": "stable",
  "diff_mu": 0.042799949645996094,
  "diff_sigma": 2.9617206109833205e-07,
  "diff_mu_aggregate": 0.042799949645996094,
  "diff_sigma_aggregate": 2.9617206109833205e-07,
  "diff_mu_per_k": [
    0.042858753353357315,
    0.0423513799905777,
    0.04246894270181656,
    0.04378296434879303,
    0.04215824976563454,
    0.04281181842088699,
    0.04307452216744423,
    0.042877860367298126,
    0.04248465225100517,
    0.04356515780091286,
    0.0420551635324955,
    0.0438988022506237,
    0.04225228726863861,
    0.04282231628894806,
    0.042597610503435135,
    0.04273875430226326
  ],
  "diff_sigma_per_k": [
    2.7521829792931385e-07,
    3.050324437481322e-07,
    3.1088498531062214e-07,
    3.131021060198691e-07,
    2.969967738408741e-07,
    2.699549668250256e-07,
    2.7324500706527033e-07,
    3.1735297056911804e-07,
    2.9812102297910315e-07,
    3.270054094173247e-07,
    2.882794092329277e-07,
    2.7030583282794396e-07,
    2.7044697503697535e-07,
    3.0033351094971295e-07,
    2.818998154907604e-07,
    3.405731945349544e-07
  ],
  "variance_collapse": false,
  "k_report_idx": {
    "k1": 0,
    "k8": 7,
    "k15": 14
  },
  "spec": {
    "kind": "cell",
    "tag": "mag0.7_mid",
    "cross": "mid",
    "magnitude": 0.7,
    "baseline_key": [
      0.5,
      39,
      256,
      16
    ],
    "params": {
      "period_P": 256,
      "manifold_dim_D": 16,
      "continuity_center": 39,
      "fidelity_F": 0.97,
      "magnitude_M": 0.7,
      "locality_L": 0.5
    },
    "L_d_main": 2,
    "seed": 9,
    "perk": true,
    "label": "cell_mag0.7_mid_s9",
    "out_file": "/mnt/c/Users/Jason/Desktop/Eridos/Weft 2/v2/results/phase1/pilot_Ld2/_runs/cell_mag0.7_mid_s9.json"
  }
}