{
  "label": "cell_mag0.3_mid_s5",
  "L_d_main": 2,
  "seed": 5,
  "wall_clock_s": 239.42,
  "steps_trained": 10000,
  "final_interval_loss": -2863.220518,
  "nan_inf": false,
  "still_descending": false,
  "stability_flag": "stable",
  "diff_mu": 0.09398391842842102,
  "diff_sigma": 1.4030160855327267e-07,
  "diff_mu_aggregate": 0.09398391842842102,
  "diff_sigma_aggregate": 1.4030160855327267e-07,
  "diff_mu_per_k": [
    0.09602108597755432,
    0.09339258819818497,
    0.09476268291473389,
    0.09339279681444168,
    0.0936155766248703,
    0.09139212965965271,
    0.09343935549259186,
    0.09444327652454376,
    0.09242000430822372,
    0.09557561576366425,
    0.09292161464691162,
    0.0937420129776001,
    0.09366940706968307,
    0.09433871507644653,
    0.09401755034923553,
    0.09659828990697861
  ],
  "diff_sigma_per_k": [
    1.369680404650353e-07,
    1.3003493393171084e-07,
    1.713128199298808e-07,
    1.4051985885998874e-07,
    1.160170413072592e-07,
    1.2792695258667663e-07,
    1.400775744286875e-07,
    1.6249417456037918e-07,
    1.8676010427043366e-07,
    1.4048293905943865e-07,
    1.3238225449185848e-07,
    1.2133658344737341e-07,
    1.359341439410855e-07,
    1.297137970368567e-07,
    1.3302141610438412e-07,
    1.3984298163904896e-07
  ],
  "variance_collapse": false,
  "k_report_idx": {
    "k1": 0,
    "k8": 7,
    "k15": 14
  },
  "spec": {
    "kind": "cell",
    "tag": "mag0.3_mid",
    "cross": "mid",
    "magnitude": 0.3,
    "baseline_key": [
      0.5,
      39,
      256,
      16
    ],
    "params": {
      "period_P": 256,
      "manifold_dim_D": 16,
      "continuity_center": 39,
      "fidelity_F": 0.97,
      "magnitude_M": 0.3,
      "locality_L": 0.5
    },
    "L_d_main": 2,
    "seed": 5,
    "perk": true,
    "label": "cell_mag0.3_mid_s5",
    "out_file": "/mnt/c/Users/Jason/Desktop/Eridos/Weft 2/v2/results/phase1/pilot_Ld2/_runs/cell_mag0.3_mid_s5.json"
  }
}