{
  "label": "cell_mag0.7_low_s1",
  "L_d_main": 2,
  "seed": 1,
  "wall_clock_s": 249.05,
  "steps_trained": 10000,
  "final_interval_loss": -2802.909406,
  "nan_inf": false,
  "still_descending": false,
  "stability_flag": "stable",
  "diff_mu": 0.18093568086624146,
  "diff_sigma": 9.666712230682606e-08,
  "diff_mu_aggregate": 0.18093568086624146,
  "diff_sigma_aggregate": 9.666712230682606e-08,
  "diff_mu_per_k": [
    0.1807289868593216,
    0.17965969443321228,
    0.18152834475040436,
    0.18205955624580383,
    0.181086003780365,
    0.182199627161026,
    0.18024712800979614,
    0.1788264811038971,
    0.1807500571012497,
    0.18199418485164642,
    0.18073968589305878,
    0.18124572932720184,
    0.18260504305362701,
    0.1815209686756134,
    0.17962338030338287,
    0.18015560507774353
  ],
  "diff_sigma_per_k": [
    8.471023704714753e-08,
    7.970248816491221e-08,
    8.641151083566001e-08,
    8.980963883686854e-08,
    8.792932248979923e-08,
    8.966159725787293e-08,
    9.925672372901317e-08,
    9.033836079197499e-08,
    8.866135914331608e-08,
    8.248542826549965e-08,
    8.85518716131628e-08,
    8.396513351272006e-08,
    1.0812956219297121e-07,
    1.1892134210711447e-07,
    1.1884791462080102e-07,
    1.4929148051123775e-07
  ],
  "variance_collapse": false,
  "k_report_idx": {
    "k1": 0,
    "k8": 7,
    "k15": 14
  },
  "spec": {
    "kind": "cell",
    "tag": "mag0.7_low",
    "cross": "low",
    "magnitude": 0.7,
    "baseline_key": [
      0.3,
      3,
      32,
      4
    ],
    "params": {
      "period_P": 32,
      "manifold_dim_D": 4,
      "continuity_center": 3,
      "fidelity_F": 0.97,
      "magnitude_M": 0.7,
      "locality_L": 0.3
    },
    "L_d_main": 2,
    "seed": 1,
    "perk": true,
    "label": "cell_mag0.7_low_s1",
    "out_file": "/mnt/c/Users/Jason/Desktop/Eridos/Weft 2/v2/results/phase1/pilot_Ld2/_runs/cell_mag0.7_low_s1.json"
  }
}