{
  "label": "cell_mag0.1_high_s6",
  "L_d_main": 2,
  "seed": 6,
  "wall_clock_s": 239.06,
  "steps_trained": 10000,
  "final_interval_loss": -3002.054894,
  "nan_inf": false,
  "still_descending": false,
  "stability_flag": "stable",
  "diff_mu": 0.0002576372353360057,
  "diff_sigma": 8.587195954312676e-10,
  "diff_mu_aggregate": 0.0002576372353360057,
  "diff_sigma_aggregate": 8.587195954312676e-10,
  "diff_mu_per_k": [
    0.0002575634280219674,
    0.0002567264309618622,
    0.0002573149395175278,
    0.00025894292048178613,
    0.0002547785406932235,
    0.0002564136520959437,
    0.0002605128102004528,
    0.0002544754825066775,
    0.00025197319337166846,
    0.000256852013990283,
    0.00025989883579313755,
    0.00025829277001321316,
    0.0002605689805932343,
    0.00025965075474232435,
    0.00025765574537217617,
    0.0002605746849440038
  ],
  "diff_sigma_per_k": [
    8.888428881803634e-10,
    9.239926601622983e-10,
    8.068536949679128e-10,
    8.808139773108792e-10,
    7.722807948695731e-10,
    8.289390840410249e-10,
    8.114789951108037e-10,
    8.912299787056099e-10,
    8.31401447687341e-10,
    8.685400731955895e-10,
    8.346912050427591e-10,
    9.007933288174286e-10,
    8.465480538788483e-10,
    8.858800359945462e-10,
    8.771886550462682e-10,
    8.90038431844431e-10
  ],
  "variance_collapse": true,
  "k_report_idx": {
    "k1": 0,
    "k8": 7,
    "k15": 14
  },
  "spec": {
    "kind": "cell",
    "tag": "mag0.1_high",
    "cross": "high",
    "magnitude": 0.1,
    "baseline_key": [
      0.9,
      472,
      2048,
      128
    ],
    "params": {
      "period_P": 2048,
      "manifold_dim_D": 128,
      "continuity_center": 472,
      "fidelity_F": 0.97,
      "magnitude_M": 0.1,
      "locality_L": 0.9
    },
    "L_d_main": 2,
    "seed": 6,
    "perk": true,
    "label": "cell_mag0.1_high_s6",
    "out_file": "/mnt/c/Users/Jason/Desktop/Eridos/Weft 2/v2/results/phase1/pilot_Ld2/_runs/cell_mag0.1_high_s6.json"
  }
}