{
  "label": "cell_mag0.7_high_s1",
  "L_d_main": 2,
  "seed": 1,
  "wall_clock_s": 236.65,
  "steps_trained": 10000,
  "final_interval_loss": -3002.112489,
  "nan_inf": false,
  "still_descending": false,
  "stability_flag": "stable",
  "diff_mu": 8.100634295260534e-05,
  "diff_sigma": 9.048171933923044e-11,
  "diff_mu_aggregate": 8.100634295260534e-05,
  "diff_sigma_aggregate": 9.048171933923044e-11,
  "diff_mu_per_k": [
    8.243446063715965e-05,
    7.930577703518793e-05,
    8.051803160924464e-05,
    7.948292477522045e-05,
    8.283649367513135e-05,
    8.058304229052737e-05,
    8.046612492762506e-05,
    8.114119555102661e-05,
    8.137350960168988e-05,
    8.343833906110376e-05,
    7.982334500411525e-05,
    8.040121610974893e-05,
    7.982907118275762e-05,
    8.170235378202051e-05,
    8.199373405659571e-05,
    8.077175152720883e-05
  ],
  "diff_sigma_per_k": [
    8.85125236993467e-11,
    8.637315862536354e-11,
    9.315383880936778e-11,
    8.125299044703382e-11,
    1.1195924048967854e-10,
    9.735722644732547e-11,
    8.249567001739067e-11,
    9.008832568824232e-11,
    8.25404952720099e-11,
    8.955060304405293e-11,
    1.0438574310489557e-10,
    8.397869205589714e-11,
    8.19466161594562e-11,
    8.101006671035194e-11,
    9.902766801017648e-11,
    9.407453982479552e-11
  ],
  "variance_collapse": true,
  "k_report_idx": {
    "k1": 0,
    "k8": 7,
    "k15": 14
  },
  "spec": {
    "kind": "cell",
    "tag": "mag0.7_high",
    "cross": "high",
    "magnitude": 0.7,
    "baseline_key": [
      0.9,
      472,
      2048,
      128
    ],
    "params": {
      "period_P": 2048,
      "manifold_dim_D": 128,
      "continuity_center": 472,
      "fidelity_F": 0.97,
      "magnitude_M": 0.7,
      "locality_L": 0.9
    },
    "L_d_main": 2,
    "seed": 1,
    "perk": true,
    "label": "cell_mag0.7_high_s1",
    "out_file": "/mnt/c/Users/Jason/Desktop/Eridos/Weft 2/v2/results/phase1/pilot_Ld2/_runs/cell_mag0.7_high_s1.json"
  }
}