{
  "label": "cell_contLow_mid_s3",
  "L_d_main": 2,
  "seed": 3,
  "wall_clock_s": 234.43,
  "steps_trained": 10000,
  "final_interval_loss": -2977.512175,
  "nan_inf": false,
  "still_descending": false,
  "stability_flag": "stable",
  "diff_mu": 0.3184078633785248,
  "diff_sigma": 1.2289874007365142e-07,
  "diff_mu_aggregate": 0.3184078633785248,
  "diff_sigma_aggregate": 1.2289874007365142e-07,
  "diff_mu_per_k": [
    0.31744784116744995,
    0.31712716817855835,
    0.3188956379890442,
    0.31933271884918213,
    0.319332093000412,
    0.32029688358306885,
    0.31928375363349915,
    0.31636714935302734,
    0.3158935308456421,
    0.31691306829452515,
    0.3169275224208832,
    0.3177444040775299,
    0.32153433561325073,
    0.31932732462882996,
    0.31969425082206726,
    0.31840813159942627
  ],
  "diff_sigma_per_k": [
    9.697940583919262e-08,
    1.0516892245959752e-07,
    1.065451655790639e-07,
    1.1056673798748307e-07,
    1.3708408630463964e-07,
    1.5034066791486111e-07,
    1.5376373596609483e-07,
    1.2218301037592028e-07,
    1.0437411646080363e-07,
    8.464913037187216e-08,
    8.663796080554675e-08,
    8.443563359605832e-08,
    1.101438158457313e-07,
    1.4914277812749788e-07,
    1.8203030549557297e-07,
    1.8233446041904244e-07
  ],
  "variance_collapse": false,
  "k_report_idx": {
    "k1": 0,
    "k8": 7,
    "k15": 14
  },
  "spec": {
    "kind": "cell",
    "tag": "contLow_mid",
    "cross": "mid",
    "magnitude": 0.3,
    "baseline_key": [
      0.5,
      19,
      256,
      16
    ],
    "params": {
      "period_P": 256,
      "manifold_dim_D": 16,
      "continuity_center": 19,
      "fidelity_F": 0.97,
      "magnitude_M": 0.3,
      "locality_L": 0.5
    },
    "L_d_main": 2,
    "seed": 3,
    "perk": true,
    "label": "cell_contLow_mid_s3",
    "out_file": "/mnt/c/Users/Jason/Desktop/Eridos/Weft 2/v2/results/phase1/pilot_Ld2/_runs/cell_contLow_mid_s3.json"
  }
}