{
  "label": "cell_contLow_mid_s4",
  "L_d_main": 2,
  "seed": 4,
  "wall_clock_s": 232.8,
  "steps_trained": 10000,
  "final_interval_loss": -2978.948576,
  "nan_inf": false,
  "still_descending": false,
  "stability_flag": "stable",
  "diff_mu": 0.22630828619003296,
  "diff_sigma": 1.1266146771049534e-07,
  "diff_mu_aggregate": 0.22630828619003296,
  "diff_sigma_aggregate": 1.1266146771049534e-07,
  "diff_mu_per_k": [
    0.22291138768196106,
    0.22675569355487823,
    0.2280554175376892,
    0.2267242819070816,
    0.2290596067905426,
    0.2260637730360031,
    0.22691196203231812,
    0.22488278150558472,
    0.22485120594501495,
    0.22420845925807953,
    0.22432512044906616,
    0.22327500581741333,
    0.2270258665084839,
    0.2281510978937149,
    0.22838513553142548,
    0.22934548556804657
  ],
  "diff_sigma_per_k": [
    8.343118906850577e-08,
    1.0869634792243232e-07,
    1.0297195274233673e-07,
    1.1957116896610387e-07,
    1.4229637201879086e-07,
    1.207992426088822e-07,
    1.3716227442728268e-07,
    1.0331672228858224e-07,
    9.518603860669828e-08,
    7.745337171627398e-08,
    7.833690318648223e-08,
    6.910654803959915e-08,
    1.0056587029794173e-07,
    1.2354227862942935e-07,
    1.51603842368786e-07,
    1.8854335337437078e-07
  ],
  "variance_collapse": false,
  "k_report_idx": {
    "k1": 0,
    "k8": 7,
    "k15": 14
  },
  "spec": {
    "kind": "cell",
    "tag": "contLow_mid",
    "cross": "mid",
    "magnitude": 0.3,
    "baseline_key": [
      0.5,
      19,
      256,
      16
    ],
    "params": {
      "period_P": 256,
      "manifold_dim_D": 16,
      "continuity_center": 19,
      "fidelity_F": 0.97,
      "magnitude_M": 0.3,
      "locality_L": 0.5
    },
    "L_d_main": 2,
    "seed": 4,
    "perk": true,
    "label": "cell_contLow_mid_s4",
    "out_file": "/mnt/c/Users/Jason/Desktop/Eridos/Weft 2/v2/results/phase1/pilot_Ld2/_runs/cell_contLow_mid_s4.json"
  }
}