{
  "label": "cell_mag0.7_high_s6",
  "L_d_main": 2,
  "seed": 6,
  "wall_clock_s": 238.83,
  "steps_trained": 10000,
  "final_interval_loss": -3003.057867,
  "nan_inf": false,
  "still_descending": false,
  "stability_flag": "stable",
  "diff_mu": 7.16339927748777e-05,
  "diff_sigma": 2.502948959204332e-10,
  "diff_mu_aggregate": 7.16339927748777e-05,
  "diff_sigma_aggregate": 2.502948959204332e-10,
  "diff_mu_per_k": [
    7.320180884562433e-05,
    7.341958553297445e-05,
    7.090126018738374e-05,
    7.092602754710242e-05,
    7.056836329866201e-05,
    7.26386351743713e-05,
    7.016945164650679e-05,
    7.077388727338985e-05,
    7.158124208217487e-05,
    7.11303946445696e-05,
    7.379335875157267e-05,
    7.194516365416348e-05,
    6.990897963987663e-05,
    7.113363972166553e-05,
    7.134104089345783e-05,
    7.271097274497151e-05
  ],
  "diff_sigma_per_k": [
    2.652001118708114e-10,
    2.8881913527456504e-10,
    2.3050110431466209e-10,
    2.2728731396970403e-10,
    2.335137916364971e-10,
    2.6612248515966996e-10,
    2.465548598618028e-10,
    2.4448476576566236e-10,
    2.5031060557623164e-10,
    2.515318231477437e-10,
    2.805470300515367e-10,
    2.2951944511628852e-10,
    2.2846759206718303e-10,
    2.330239889936081e-10,
    2.5213534038392993e-10,
    2.766988305147322e-10
  ],
  "variance_collapse": true,
  "k_report_idx": {
    "k1": 0,
    "k8": 7,
    "k15": 14
  },
  "spec": {
    "kind": "cell",
    "tag": "mag0.7_high",
    "cross": "high",
    "magnitude": 0.7,
    "baseline_key": [
      0.9,
      472,
      2048,
      128
    ],
    "params": {
      "period_P": 2048,
      "manifold_dim_D": 128,
      "continuity_center": 472,
      "fidelity_F": 0.97,
      "magnitude_M": 0.7,
      "locality_L": 0.9
    },
    "L_d_main": 2,
    "seed": 6,
    "perk": true,
    "label": "cell_mag0.7_high_s6",
    "out_file": "/mnt/c/Users/Jason/Desktop/Eridos/Weft 2/v2/results/phase1/pilot_Ld2/_runs/cell_mag0.7_high_s6.json"
  }
}