{
  "label": "cell_mag0.7_mid_s2",
  "L_d_main": 2,
  "seed": 2,
  "wall_clock_s": 237.9,
  "steps_trained": 10000,
  "final_interval_loss": -2848.46503,
  "nan_inf": false,
  "still_descending": true,
  "stability_flag": "stable",
  "diff_mu": 0.08612532913684845,
  "diff_sigma": 4.6047713908592414e-07,
  "diff_mu_aggregate": 0.08612532913684845,
  "diff_sigma_aggregate": 4.6047713908592414e-07,
  "diff_mu_per_k": [
    0.08661314845085144,
    0.08639299869537354,
    0.08712635934352875,
    0.08619808405637741,
    0.08512747287750244,
    0.08619750291109085,
    0.08563044667243958,
    0.08562414348125458,
    0.0854458436369896,
    0.0872555673122406,
    0.08635320514440536,
    0.08516526222229004,
    0.0861048698425293,
    0.08613786101341248,
    0.08566653728485107,
    0.08696593344211578
  ],
  "diff_sigma_per_k": [
    4.136768154694437e-07,
    4.745870114675199e-07,
    4.867831648880383e-07,
    4.4860593106932356e-07,
    4.566927600535564e-07,
    4.324523104060063e-07,
    4.4293400947026385e-07,
    5.239409119894844e-07,
    4.451705706287612e-07,
    4.91083142151183e-07,
    4.982172185918898e-07,
    4.124336498989578e-07,
    4.675565321576869e-07,
    4.461237210762192e-07,
    4.390937817788654e-07,
    4.88282864807843e-07
  ],
  "variance_collapse": false,
  "k_report_idx": {
    "k1": 0,
    "k8": 7,
    "k15": 14
  },
  "spec": {
    "kind": "cell",
    "tag": "mag0.7_mid",
    "cross": "mid",
    "magnitude": 0.7,
    "baseline_key": [
      0.5,
      39,
      256,
      16
    ],
    "params": {
      "period_P": 256,
      "manifold_dim_D": 16,
      "continuity_center": 39,
      "fidelity_F": 0.97,
      "magnitude_M": 0.7,
      "locality_L": 0.5
    },
    "L_d_main": 2,
    "seed": 2,
    "perk": true,
    "label": "cell_mag0.7_mid_s2",
    "out_file": "/mnt/c/Users/Jason/Desktop/Eridos/Weft 2/v2/results/phase1/pilot_Ld2/_runs/cell_mag0.7_mid_s2.json"
  }
}