{
  "label": "cell_mag0.9_mid_s0",
  "L_d_main": 2,
  "seed": 0,
  "wall_clock_s": 240.59,
  "steps_trained": 10000,
  "final_interval_loss": -2865.074719,
  "nan_inf": false,
  "still_descending": false,
  "stability_flag": "stable",
  "diff_mu": 0.022913791239261627,
  "diff_sigma": 1.0647563719601294e-08,
  "diff_mu_aggregate": 0.022913791239261627,
  "diff_sigma_aggregate": 1.0647563719601294e-08,
  "diff_mu_per_k": [
    0.022788669914007187,
    0.02317638508975506,
    0.023240502923727036,
    0.023057857528328896,
    0.022903310135006905,
    0.022774556651711464,
    0.02279636822640896,
    0.02294987626373768,
    0.022908715531229973,
    0.022885968908667564,
    0.02277701534330845,
    0.02290237508714199,
    0.02277795411646366,
    0.022912248969078064,
    0.022810494527220726,
    0.022958338260650635
  ],
  "diff_sigma_per_k": [
    9.871259365468177e-09,
    1.1725862947287169e-08,
    1.2221026857162087e-08,
    9.557022728756692e-09,
    8.62864446560252e-09,
    1.0483383938719726e-08,
    9.247857590821695e-09,
    1.0967905694769797e-08,
    1.2114236724869443e-08,
    1.1631224872132861e-08,
    1.0787245763310693e-08,
    1.0175640774434669e-08,
    9.350992868917274e-09,
    1.0536769678992641e-08,
    1.2433673646228272e-08,
    1.0628269819790148e-08
  ],
  "variance_collapse": false,
  "k_report_idx": {
    "k1": 0,
    "k8": 7,
    "k15": 14
  },
  "spec": {
    "kind": "cell",
    "tag": "mag0.9_mid",
    "cross": "mid",
    "magnitude": 0.9,
    "baseline_key": [
      0.5,
      39,
      256,
      16
    ],
    "params": {
      "period_P": 256,
      "manifold_dim_D": 16,
      "continuity_center": 39,
      "fidelity_F": 0.97,
      "magnitude_M": 0.9,
      "locality_L": 0.5
    },
    "L_d_main": 2,
    "seed": 0,
    "perk": true,
    "label": "cell_mag0.9_mid_s0",
    "out_file": "/mnt/c/Users/Jason/Desktop/Eridos/Weft 2/v2/results/phase1/pilot_Ld2/_runs/cell_mag0.9_mid_s0.json"
  }
}