{
  "label": "cell_mag0.9_high_s6",
  "L_d_main": 2,
  "seed": 6,
  "wall_clock_s": 234.52,
  "steps_trained": 10000,
  "final_interval_loss": -3001.397976,
  "nan_inf": false,
  "still_descending": false,
  "stability_flag": "stable",
  "diff_mu": 8.521821291651577e-05,
  "diff_sigma": 2.060068643450208e-10,
  "diff_mu_aggregate": 8.521821291651577e-05,
  "diff_sigma_aggregate": 2.060068643450208e-10,
  "diff_mu_per_k": [
    8.520727715222165e-05,
    8.721421909285709e-05,
    8.378997154068202e-05,
    8.385862747672945e-05,
    8.352159784408286e-05,
    8.501121919834986e-05,
    8.580954454373568e-05,
    8.503923891112208e-05,
    8.554022497264668e-05,
    8.449339657090604e-05,
    8.474085916532204e-05,
    8.676009019836783e-05,
    8.387472189497203e-05,
    8.47925475682132e-05,
    8.733499998925254e-05,
    8.650268136989325e-05
  ],
  "diff_sigma_per_k": [
    2.1812841810575634e-10,
    2.214862321325839e-10,
    1.966891788329761e-10,
    2.3094845480464699e-10,
    1.8996158812623065e-10,
    2.1875758149381141e-10,
    1.9864276890046995e-10,
    1.9880203039335242e-10,
    1.6722670470592504e-10,
    2.020286576920327e-10,
    2.2321042236761457e-10,
    2.2078097683397857e-10,
    1.9288380614934653e-10,
    2.0198526184955767e-10,
    2.1609966593949537e-10,
    1.984780811925546e-10
  ],
  "variance_collapse": true,
  "k_report_idx": {
    "k1": 0,
    "k8": 7,
    "k15": 14
  },
  "spec": {
    "kind": "cell",
    "tag": "mag0.9_high",
    "cross": "high",
    "magnitude": 0.9,
    "baseline_key": [
      0.9,
      472,
      2048,
      128
    ],
    "params": {
      "period_P": 2048,
      "manifold_dim_D": 128,
      "continuity_center": 472,
      "fidelity_F": 0.97,
      "magnitude_M": 0.9,
      "locality_L": 0.9
    },
    "L_d_main": 2,
    "seed": 6,
    "perk": true,
    "label": "cell_mag0.9_high_s6",
    "out_file": "/mnt/c/Users/Jason/Desktop/Eridos/Weft 2/v2/results/phase1/pilot_Ld2/_runs/cell_mag0.9_high_s6.json"
  }
}