{
  "label": "cell_mag0.9_low_s8",
  "L_d_main": 2,
  "seed": 8,
  "wall_clock_s": 256.57,
  "steps_trained": 10000,
  "final_interval_loss": -2848.17508,
  "nan_inf": false,
  "still_descending": false,
  "stability_flag": "stable",
  "diff_mu": 0.2529120445251465,
  "diff_sigma": 1.6199087440327276e-06,
  "diff_mu_aggregate": 0.2529120445251465,
  "diff_sigma_aggregate": 1.6199087440327276e-06,
  "diff_mu_per_k": [
    0.2522836923599243,
    0.24999494850635529,
    0.2531489133834839,
    0.2517410218715668,
    0.2540382146835327,
    0.2522108852863312,
    0.252343088388443,
    0.25124478340148926,
    0.25218355655670166,
    0.25572043657302856,
    0.25421425700187683,
    0.25301697850227356,
    0.2547987997531891,
    0.2514090836048126,
    0.2535313665866852,
    0.25471290946006775
  ],
  "diff_sigma_per_k": [
    1.3301463468451402e-06,
    1.1952955674132681e-06,
    1.3751775895798346e-06,
    1.4060440207686042e-06,
    1.368148332403507e-06,
    1.7184129319502972e-06,
    1.5359258895841776e-06,
    1.7564013887749752e-06,
    1.5473773373742006e-06,
    1.518442900305672e-06,
    1.589286057424033e-06,
    1.502470354353136e-06,
    1.5723891237939824e-06,
    1.9351191440364346e-06,
    1.982058392968611e-06,
    2.5858430490188766e-06
  ],
  "variance_collapse": false,
  "k_report_idx": {
    "k1": 0,
    "k8": 7,
    "k15": 14
  },
  "spec": {
    "kind": "cell",
    "tag": "mag0.9_low",
    "cross": "low",
    "magnitude": 0.9,
    "baseline_key": [
      0.3,
      3,
      32,
      4
    ],
    "params": {
      "period_P": 32,
      "manifold_dim_D": 4,
      "continuity_center": 3,
      "fidelity_F": 0.97,
      "magnitude_M": 0.9,
      "locality_L": 0.3
    },
    "L_d_main": 2,
    "seed": 8,
    "perk": true,
    "label": "cell_mag0.9_low_s8",
    "out_file": "/mnt/c/Users/Jason/Desktop/Eridos/Weft 2/v2/results/phase1/pilot_Ld2/_runs/cell_mag0.9_low_s8.json"
  }
}