{
  "label": "cell_mag0.1_high_s4",
  "L_d_main": 2,
  "seed": 4,
  "wall_clock_s": 237.16,
  "steps_trained": 10000,
  "final_interval_loss": -3003.388746,
  "nan_inf": false,
  "still_descending": false,
  "stability_flag": "stable",
  "diff_mu": 5.396147389546968e-05,
  "diff_sigma": 1.3376841301315778e-10,
  "diff_mu_aggregate": 5.396147389546968e-05,
  "diff_sigma_aggregate": 1.3376841301315778e-10,
  "diff_mu_per_k": [
    5.409159348346293e-05,
    5.366930417949334e-05,
    5.362767115002498e-05,
    5.327745384420268e-05,
    5.421629248303361e-05,
    5.411603342508897e-05,
    5.39173161087092e-05,
    5.419553053798154e-05,
    5.4580450523644686e-05,
    5.409992081695236e-05,
    5.3921427024761215e-05,
    5.440579843707383e-05,
    5.375412729335949e-05,
    5.360579598345794e-05,
    5.386561679188162e-05,
    5.403924660640769e-05
  ],
  "diff_sigma_per_k": [
    1.3968796952479323e-10,
    1.4658511904297455e-10,
    1.2959119888300563e-10,
    1.2441077335001438e-10,
    1.2437544050225569e-10,
    1.422116452376443e-10,
    1.3737908033384372e-10,
    1.2188677844804374e-10,
    1.1577858810563058e-10,
    1.4477544163504774e-10,
    1.5755206861367554e-10,
    1.384611036936434e-10,
    1.2248245473411856e-10,
    1.3265959164510122e-10,
    1.2765515033930086e-10,
    1.348023637159912e-10
  ],
  "variance_collapse": true,
  "k_report_idx": {
    "k1": 0,
    "k8": 7,
    "k15": 14
  },
  "spec": {
    "kind": "cell",
    "tag": "mag0.1_high",
    "cross": "high",
    "magnitude": 0.1,
    "baseline_key": [
      0.9,
      472,
      2048,
      128
    ],
    "params": {
      "period_P": 2048,
      "manifold_dim_D": 128,
      "continuity_center": 472,
      "fidelity_F": 0.97,
      "magnitude_M": 0.1,
      "locality_L": 0.9
    },
    "L_d_main": 2,
    "seed": 4,
    "perk": true,
    "label": "cell_mag0.1_high_s4",
    "out_file": "/mnt/c/Users/Jason/Desktop/Eridos/Weft 2/v2/results/phase1/pilot_Ld2/_runs/cell_mag0.1_high_s4.json"
  }
}