{
  "label": "cell_mag0.7_high_s9",
  "L_d_main": 2,
  "seed": 9,
  "wall_clock_s": 238.27,
  "steps_trained": 10000,
  "final_interval_loss": -3004.165893,
  "nan_inf": false,
  "still_descending": false,
  "stability_flag": "stable",
  "diff_mu": 6.552762351930141e-05,
  "diff_sigma": 2.4556273681142216e-10,
  "diff_mu_aggregate": 6.552762351930141e-05,
  "diff_sigma_aggregate": 2.4556273681142216e-10,
  "diff_mu_per_k": [
    6.648556154686958e-05,
    6.68600041535683e-05,
    6.438709533540532e-05,
    6.555113941431046e-05,
    6.618941552005708e-05,
    6.643861706834286e-05,
    6.555430445587263e-05,
    6.577547901542857e-05,
    6.497233698610216e-05,
    6.455536640714854e-05,
    6.522142211906612e-05,
    6.541386392200366e-05,
    6.493458204204217e-05,
    6.476117414422333e-05,
    6.510338425869122e-05,
    6.623827357543632e-05
  ],
  "diff_sigma_per_k": [
    2.5755017563078297e-10,
    2.645980934357084e-10,
    2.572767276998178e-10,
    2.5731070052437133e-10,
    2.4086974081960477e-10,
    2.504227381017188e-10,
    2.563150802714631e-10,
    1.949358174879734e-10,
    2.0628973529390748e-10,
    2.606941607030677e-10,
    2.529765286141128e-10,
    2.4075408333601445e-10,
    2.410439903233197e-10,
    2.3523580305884195e-10,
    2.653542663377806e-10,
    2.4737592529966435e-10
  ],
  "variance_collapse": true,
  "k_report_idx": {
    "k1": 0,
    "k8": 7,
    "k15": 14
  },
  "spec": {
    "kind": "cell",
    "tag": "mag0.7_high",
    "cross": "high",
    "magnitude": 0.7,
    "baseline_key": [
      0.9,
      472,
      2048,
      128
    ],
    "params": {
      "period_P": 2048,
      "manifold_dim_D": 128,
      "continuity_center": 472,
      "fidelity_F": 0.97,
      "magnitude_M": 0.7,
      "locality_L": 0.9
    },
    "L_d_main": 2,
    "seed": 9,
    "perk": true,
    "label": "cell_mag0.7_high_s9",
    "out_file": "/mnt/c/Users/Jason/Desktop/Eridos/Weft 2/v2/results/phase1/pilot_Ld2/_runs/cell_mag0.7_high_s9.json"
  }
}