{
  "label": "cell_D4_mid_s4",
  "L_d_main": 2,
  "seed": 4,
  "wall_clock_s": 231.63,
  "steps_trained": 10000,
  "final_interval_loss": -2757.130311,
  "nan_inf": false,
  "still_descending": true,
  "stability_flag": "stable",
  "diff_mu": 0.48757919669151306,
  "diff_sigma": 3.3174057989526773e-07,
  "diff_mu_aggregate": 0.48757919669151306,
  "diff_sigma_aggregate": 3.3174057989526773e-07,
  "diff_mu_per_k": [
    0.46953025460243225,
    0.4707166850566864,
    0.522153377532959,
    0.4640706479549408,
    0.47056329250335693,
    0.43646085262298584,
    0.5178976058959961,
    0.4587431252002716,
    0.5317932963371277,
    0.5784983038902283,
    0.4792803227901459,
    0.4558001458644867,
    0.48224228620529175,
    0.4818577170372009,
    0.4471459686756134,
    0.5345128774642944
  ],
  "diff_sigma_per_k": [
    2.753075136752159e-07,
    3.7656658946616517e-07,
    4.4467236648415565e-07,
    3.631321305874735e-07,
    2.9850326654923265e-07,
    2.4287379574161605e-07,
    1.9212373558730178e-07,
    2.414820130525186e-07,
    3.86288377285382e-07,
    4.7495225885541004e-07,
    4.4088034201195114e-07,
    2.9086882591400354e-07,
    2.4134322984536993e-07,
    2.602344295610237e-07,
    2.891337089749868e-07,
    4.894865242022206e-07
  ],
  "variance_collapse": false,
  "k_report_idx": {
    "k1": 0,
    "k8": 7,
    "k15": 14
  },
  "spec": {
    "kind": "cell",
    "tag": "D4_mid",
    "cross": "mid",
    "magnitude": 0.3,
    "baseline_key": [
      0.5,
      39,
      256,
      4
    ],
    "params": {
      "period_P": 256,
      "manifold_dim_D": 4,
      "continuity_center": 39,
      "fidelity_F": 0.97,
      "magnitude_M": 0.3,
      "locality_L": 0.5
    },
    "L_d_main": 2,
    "seed": 4,
    "perk": true,
    "label": "cell_D4_mid_s4",
    "out_file": "/mnt/c/Users/Jason/Desktop/Eridos/Weft 2/v2/results/phase1/pilot_Ld2/_runs/cell_D4_mid_s4.json"
  }
}