{
  "label": "cell_mag0.1_low_s3",
  "L_d_main": 2,
  "seed": 3,
  "wall_clock_s": 239.17,
  "steps_trained": 10000,
  "final_interval_loss": -2833.996271,
  "nan_inf": false,
  "still_descending": false,
  "stability_flag": "stable",
  "diff_mu": 0.1664675623178482,
  "diff_sigma": 7.050213639558933e-07,
  "diff_mu_aggregate": 0.1664675623178482,
  "diff_sigma_aggregate": 7.050213639558933e-07,
  "diff_mu_per_k": [
    0.16504645347595215,
    0.1644095629453659,
    0.1652999222278595,
    0.16609567403793335,
    0.16489934921264648,
    0.16692115366458893,
    0.1664983034133911,
    0.1665937751531601,
    0.16674062609672546,
    0.165691077709198,
    0.16621029376983643,
    0.16497187316417694,
    0.16576527059078217,
    0.16643354296684265,
    0.17047764360904694,
    0.17142629623413086
  ],
  "diff_sigma_per_k": [
    5.389115926845989e-07,
    5.089452201900713e-07,
    4.707758307631593e-07,
    5.333698709364398e-07,
    5.728774112867541e-07,
    7.065032150421757e-07,
    7.304459472834424e-07,
    7.139017270674231e-07,
    6.035584192431998e-07,
    5.398649705057323e-07,
    6.248894806049066e-07,
    5.629282213703846e-07,
    7.251679789987975e-07,
    9.149489983428793e-07,
    1.2758584944094764e-06,
    1.2573941603477579e-06
  ],
  "variance_collapse": false,
  "k_report_idx": {
    "k1": 0,
    "k8": 7,
    "k15": 14
  },
  "spec": {
    "kind": "cell",
    "tag": "mag0.1_low",
    "cross": "low",
    "magnitude": 0.1,
    "baseline_key": [
      0.3,
      3,
      32,
      4
    ],
    "params": {
      "period_P": 32,
      "manifold_dim_D": 4,
      "continuity_center": 3,
      "fidelity_F": 0.97,
      "magnitude_M": 0.1,
      "locality_L": 0.3
    },
    "L_d_main": 2,
    "seed": 3,
    "perk": true,
    "label": "cell_mag0.1_low_s3",
    "out_file": "/mnt/c/Users/Jason/Desktop/Eridos/Weft 2/v2/results/phase1/pilot_Ld2/_runs/cell_mag0.1_low_s3.json"
  }
}