{
  "label": "cell_mag0.9_low_s2",
  "L_d_main": 2,
  "seed": 2,
  "wall_clock_s": 238.73,
  "steps_trained": 10000,
  "final_interval_loss": -2772.457289,
  "nan_inf": false,
  "still_descending": false,
  "stability_flag": "stable",
  "diff_mu": 0.7036375403404236,
  "diff_sigma": 2.2642923624971445e-07,
  "diff_mu_aggregate": 0.7036375403404236,
  "diff_sigma_aggregate": 2.2642923624971445e-07,
  "diff_mu_per_k": [
    0.704497754573822,
    0.70332932472229,
    0.7017608284950256,
    0.6979858875274658,
    0.6985127329826355,
    0.6950574517250061,
    0.6981380581855774,
    0.7046753168106079,
    0.6996690034866333,
    0.7089325189590454,
    0.7087961435317993,
    0.707180380821228,
    0.7017764449119568,
    0.7063981294631958,
    0.7116667032241821,
    0.7098248600959778
  ],
  "diff_sigma_per_k": [
    2.25777441187347e-07,
    1.9373025850200065e-07,
    1.9424096819875558e-07,
    1.8893321396262763e-07,
    2.0547471990539634e-07,
    2.0679374301835196e-07,
    1.9743696100249508e-07,
    2.1889950119202695e-07,
    2.0216057805555465e-07,
    2.3354344591552945e-07,
    2.3369955215457594e-07,
    2.3183325481568318e-07,
    2.2402484489703056e-07,
    2.848354938578268e-07,
    2.8400719997989654e-07,
    2.9747667440460646e-07
  ],
  "variance_collapse": false,
  "k_report_idx": {
    "k1": 0,
    "k8": 7,
    "k15": 14
  },
  "spec": {
    "kind": "cell",
    "tag": "mag0.9_low",
    "cross": "low",
    "magnitude": 0.9,
    "baseline_key": [
      0.3,
      3,
      32,
      4
    ],
    "params": {
      "period_P": 32,
      "manifold_dim_D": 4,
      "continuity_center": 3,
      "fidelity_F": 0.97,
      "magnitude_M": 0.9,
      "locality_L": 0.3
    },
    "L_d_main": 2,
    "seed": 2,
    "perk": true,
    "label": "cell_mag0.9_low_s2",
    "out_file": "/mnt/c/Users/Jason/Desktop/Eridos/Weft 2/v2/results/phase1/pilot_Ld2/_runs/cell_mag0.9_low_s2.json"
  }
}