{
  "label": "cell_D4_mid_s5",
  "L_d_main": 2,
  "seed": 5,
  "wall_clock_s": 232.29,
  "steps_trained": 10000,
  "final_interval_loss": -2850.953305,
  "nan_inf": false,
  "still_descending": false,
  "stability_flag": "stable",
  "diff_mu": 0.013700472190976143,
  "diff_sigma": 4.29583879579809e-09,
  "diff_mu_aggregate": 0.013700472190976143,
  "diff_sigma_aggregate": 4.29583879579809e-09,
  "diff_mu_per_k": [
    0.013484299182891846,
    0.013625262305140495,
    0.013731809332966805,
    0.013830131851136684,
    0.013862824998795986,
    0.013917126692831516,
    0.013572384603321552,
    0.013673758134245872,
    0.013688892126083374,
    0.013563644140958786,
    0.013858122751116753,
    0.01389281451702118,
    0.013726669363677502,
    0.01346680149435997,
    0.013678333722054958,
    0.013634664937853813
  ],
  "diff_sigma_per_k": [
    3.81152087669534e-09,
    3.274819526666306e-09,
    4.576194978511694e-09,
    4.706196321535572e-09,
    4.98997465570028e-09,
    5.41884670468562e-09,
    4.16252809998241e-09,
    4.173865253420672e-09,
    3.8533940482921025e-09,
    4.319035795674608e-09,
    4.5537840165366106e-09,
    5.330357932820107e-09,
    4.4960550837913615e-09,
    3.753400257267003e-09,
    3.476052778950134e-09,
    3.837395734507254e-09
  ],
  "variance_collapse": true,
  "k_report_idx": {
    "k1": 0,
    "k8": 7,
    "k15": 14
  },
  "spec": {
    "kind": "cell",
    "tag": "D4_mid",
    "cross": "mid",
    "magnitude": 0.3,
    "baseline_key": [
      0.5,
      39,
      256,
      4
    ],
    "params": {
      "period_P": 256,
      "manifold_dim_D": 4,
      "continuity_center": 39,
      "fidelity_F": 0.97,
      "magnitude_M": 0.3,
      "locality_L": 0.5
    },
    "L_d_main": 2,
    "seed": 5,
    "perk": true,
    "label": "cell_D4_mid_s5",
    "out_file": "/mnt/c/Users/Jason/Desktop/Eridos/Weft 2/v2/results/phase1/pilot_Ld2/_runs/cell_D4_mid_s5.json"
  }
}