{
  "label": "cell_mag0.9_mid_s1",
  "L_d_main": 2,
  "seed": 1,
  "wall_clock_s": 237.4,
  "steps_trained": 10000,
  "final_interval_loss": -2876.70126,
  "nan_inf": false,
  "still_descending": false,
  "stability_flag": "stable",
  "diff_mu": 0.28029555082321167,
  "diff_sigma": 9.766725383997255e-08,
  "diff_mu_aggregate": 0.28029555082321167,
  "diff_sigma_aggregate": 9.766725383997255e-08,
  "diff_mu_per_k": [
    0.28055107593536377,
    0.2810940146446228,
    0.2795867323875427,
    0.28394651412963867,
    0.2802192270755768,
    0.281106173992157,
    0.2793200612068176,
    0.28216925263404846,
    0.28032103180885315,
    0.2791719436645508,
    0.28394100069999695,
    0.2788543105125427,
    0.27682843804359436,
    0.2766864597797394,
    0.2817970812320709,
    0.2791350781917572
  ],
  "diff_sigma_per_k": [
    8.619601032933133e-08,
    1.0080787404831426e-07,
    1.150373591940479e-07,
    1.1374478248171727e-07,
    8.397977069307672e-08,
    9.247420962310571e-08,
    9.366576136926597e-08,
    9.451810001337435e-08,
    1.0304231778945905e-07,
    9.687130386737408e-08,
    1.0443343256838489e-07,
    8.08591096301825e-08,
    8.065507728360899e-08,
    9.574038983828359e-08,
    1.137278005103326e-07,
    1.0692276219970154e-07
  ],
  "variance_collapse": false,
  "k_report_idx": {
    "k1": 0,
    "k8": 7,
    "k15": 14
  },
  "spec": {
    "kind": "cell",
    "tag": "mag0.9_mid",
    "cross": "mid",
    "magnitude": 0.9,
    "baseline_key": [
      0.5,
      39,
      256,
      16
    ],
    "params": {
      "period_P": 256,
      "manifold_dim_D": 16,
      "continuity_center": 39,
      "fidelity_F": 0.97,
      "magnitude_M": 0.9,
      "locality_L": 0.5
    },
    "L_d_main": 2,
    "seed": 1,
    "perk": true,
    "label": "cell_mag0.9_mid_s1",
    "out_file": "/mnt/c/Users/Jason/Desktop/Eridos/Weft 2/v2/results/phase1/pilot_Ld2/_runs/cell_mag0.9_mid_s1.json"
  }
}