{
  "label": "cell_mag0.3_low_s1",
  "L_d_main": 2,
  "seed": 1,
  "wall_clock_s": 234.05,
  "steps_trained": 10000,
  "final_interval_loss": -2804.546308,
  "nan_inf": false,
  "still_descending": false,
  "stability_flag": "stable",
  "diff_mu": 0.5336560010910034,
  "diff_sigma": 2.2183684222909505e-07,
  "diff_mu_aggregate": 0.5336560010910034,
  "diff_sigma_aggregate": 2.2183684222909505e-07,
  "diff_mu_per_k": [
    0.5270495414733887,
    0.5214629173278809,
    0.5263857245445251,
    0.5259982347488403,
    0.5271127223968506,
    0.5301647186279297,
    0.5365407466888428,
    0.5305507183074951,
    0.5286908745765686,
    0.5285532474517822,
    0.5354297757148743,
    0.5344178080558777,
    0.5419417023658752,
    0.5419630408287048,
    0.5474768280982971,
    0.5547601580619812
  ],
  "diff_sigma_per_k": [
    1.7938236851477996e-07,
    1.4353869914884854e-07,
    1.4540185588884924e-07,
    1.7526338069728808e-07,
    1.687450321696815e-07,
    2.1805098526783695e-07,
    2.175439135498891e-07,
    2.2472998750799889e-07,
    1.804526732485101e-07,
    1.6650788836614083e-07,
    2.3410872529439075e-07,
    2.2266486610078573e-07,
    2.6014885179392877e-07,
    3.1354366569757985e-07,
    3.213487502762291e-07,
    3.77957803721074e-07
  ],
  "variance_collapse": false,
  "k_report_idx": {
    "k1": 0,
    "k8": 7,
    "k15": 14
  },
  "spec": {
    "kind": "cell",
    "tag": "mag0.3_low",
    "cross": "low",
    "magnitude": 0.3,
    "baseline_key": [
      0.3,
      3,
      32,
      4
    ],
    "params": {
      "period_P": 32,
      "manifold_dim_D": 4,
      "continuity_center": 3,
      "fidelity_F": 0.97,
      "magnitude_M": 0.3,
      "locality_L": 0.3
    },
    "L_d_main": 2,
    "seed": 1,
    "perk": true,
    "label": "cell_mag0.3_low_s1",
    "out_file": "/mnt/c/Users/Jason/Desktop/Eridos/Weft 2/v2/results/phase1/pilot_Ld2/_runs/cell_mag0.3_low_s1.json"
  }
}