{
  "label": "cell_mag0.9_low_s6",
  "L_d_main": 2,
  "seed": 6,
  "wall_clock_s": 250.17,
  "steps_trained": 10000,
  "final_interval_loss": -2810.865783,
  "nan_inf": false,
  "still_descending": false,
  "stability_flag": "stable",
  "diff_mu": 0.2955106496810913,
  "diff_sigma": 4.264860251623759e-07,
  "diff_mu_aggregate": 0.2955106496810913,
  "diff_sigma_aggregate": 4.264860251623759e-07,
  "diff_mu_per_k": [
    0.29396241903305054,
    0.29676660895347595,
    0.2932884395122528,
    0.2950361967086792,
    0.2957407534122467,
    0.29618316888809204,
    0.2966771721839905,
    0.29327189922332764,
    0.29538172483444214,
    0.2940182089805603,
    0.2960065007209778,
    0.2944920063018799,
    0.29573875665664673,
    0.2977350950241089,
    0.29623621702194214,
    0.297635555267334
  ],
  "diff_sigma_per_k": [
    3.984865202255605e-07,
    3.6482612131294445e-07,
    3.808565338658809e-07,
    3.468626346148085e-07,
    3.726991621988418e-07,
    3.157474282033945e-07,
    3.0803974482296326e-07,
    3.3518944064780953e-07,
    3.3511801689201093e-07,
    3.3719112479957403e-07,
    4.1570220332687313e-07,
    4.6730016833862464e-07,
    5.83004464260739e-07,
    6.480474326053809e-07,
    5.888070973014692e-07,
    6.258985081331048e-07
  ],
  "variance_collapse": false,
  "k_report_idx": {
    "k1": 0,
    "k8": 7,
    "k15": 14
  },
  "spec": {
    "kind": "cell",
    "tag": "mag0.9_low",
    "cross": "low",
    "magnitude": 0.9,
    "baseline_key": [
      0.3,
      3,
      32,
      4
    ],
    "params": {
      "period_P": 32,
      "manifold_dim_D": 4,
      "continuity_center": 3,
      "fidelity_F": 0.97,
      "magnitude_M": 0.9,
      "locality_L": 0.3
    },
    "L_d_main": 2,
    "seed": 6,
    "perk": true,
    "label": "cell_mag0.9_low_s6",
    "out_file": "/mnt/c/Users/Jason/Desktop/Eridos/Weft 2/v2/results/phase1/pilot_Ld2/_runs/cell_mag0.9_low_s6.json"
  }
}