{
  "label": "cell_mag0.3_mid_s0",
  "L_d_main": 2,
  "seed": 0,
  "wall_clock_s": 240.17,
  "steps_trained": 10000,
  "final_interval_loss": -2902.126121,
  "nan_inf": false,
  "still_descending": true,
  "stability_flag": "stable",
  "diff_mu": 0.047491949051618576,
  "diff_sigma": 7.546240681222116e-07,
  "diff_mu_aggregate": 0.047491949051618576,
  "diff_sigma_aggregate": 7.546240681222116e-07,
  "diff_mu_per_k": [
    0.046853043138980865,
    0.048348378390073776,
    0.04822412505745888,
    0.04740356653928757,
    0.04632015898823738,
    0.04598921164870262,
    0.046830013394355774,
    0.0481264665722847,
    0.048043668270111084,
    0.04752705618739128,
    0.04822947084903717,
    0.047549813985824585,
    0.0469464510679245,
    0.04689076915383339,
    0.04821498319506645,
    0.04837389290332794
  ],
  "diff_sigma_per_k": [
    6.496530886579421e-07,
    7.628215143995476e-07,
    8.536821951565798e-07,
    8.195804639399284e-07,
    5.913011023039871e-07,
    6.38586413970188e-07,
    6.313335347840621e-07,
    8.236599455813121e-07,
    8.180556960724061e-07,
    8.09583070804365e-07,
    8.148968504428922e-07,
    7.471436447303859e-07,
    6.896791546751047e-07,
    7.16098440989299e-07,
    8.504690072186349e-07,
    8.574410230721696e-07
  ],
  "variance_collapse": false,
  "k_report_idx": {
    "k1": 0,
    "k8": 7,
    "k15": 14
  },
  "spec": {
    "kind": "cell",
    "tag": "mag0.3_mid",
    "cross": "mid",
    "magnitude": 0.3,
    "baseline_key": [
      0.5,
      39,
      256,
      16
    ],
    "params": {
      "period_P": 256,
      "manifold_dim_D": 16,
      "continuity_center": 39,
      "fidelity_F": 0.97,
      "magnitude_M": 0.3,
      "locality_L": 0.5
    },
    "L_d_main": 2,
    "seed": 0,
    "perk": true,
    "label": "cell_mag0.3_mid_s0",
    "out_file": "/mnt/c/Users/Jason/Desktop/Eridos/Weft 2/v2/results/phase1/pilot_Ld2/_runs/cell_mag0.3_mid_s0.json"
  }
}