{
  "label": "cell_contLow_mid_s2",
  "L_d_main": 2,
  "seed": 2,
  "wall_clock_s": 233.44,
  "steps_trained": 10000,
  "final_interval_loss": -2947.010863,
  "nan_inf": false,
  "still_descending": false,
  "stability_flag": "stable",
  "diff_mu": 0.11032381653785706,
  "diff_sigma": 8.737168144534735e-08,
  "diff_mu_aggregate": 0.11032381653785706,
  "diff_sigma_aggregate": 8.737168144534735e-08,
  "diff_mu_per_k": [
    0.10963606834411621,
    0.1107621118426323,
    0.11037197709083557,
    0.1101323664188385,
    0.1101277619600296,
    0.11154099553823471,
    0.11027994006872177,
    0.10937052965164185,
    0.1099695935845375,
    0.1102605015039444,
    0.11040806770324707,
    0.1105346605181694,
    0.10957597196102142,
    0.11069537699222565,
    0.11112052947282791,
    0.11039461195468903
  ],
  "diff_sigma_per_k": [
    7.82266553756017e-08,
    6.598921942213565e-08,
    7.281043679085997e-08,
    8.53658335131513e-08,
    9.922240451487596e-08,
    1.235500945995227e-07,
    9.491687080753763e-08,
    8.949302099381384e-08,
    6.43986624027093e-08,
    5.98330842649375e-08,
    5.359223465006835e-08,
    5.696712790381753e-08,
    8.141798701899461e-08,
    1.0069088318687136e-07,
    1.2486820821777656e-07,
    1.466041652520289e-07
  ],
  "variance_collapse": false,
  "k_report_idx": {
    "k1": 0,
    "k8": 7,
    "k15": 14
  },
  "spec": {
    "kind": "cell",
    "tag": "contLow_mid",
    "cross": "mid",
    "magnitude": 0.3,
    "baseline_key": [
      0.5,
      19,
      256,
      16
    ],
    "params": {
      "period_P": 256,
      "manifold_dim_D": 16,
      "continuity_center": 19,
      "fidelity_F": 0.97,
      "magnitude_M": 0.3,
      "locality_L": 0.5
    },
    "L_d_main": 2,
    "seed": 2,
    "perk": true,
    "label": "cell_contLow_mid_s2",
    "out_file": "/mnt/c/Users/Jason/Desktop/Eridos/Weft 2/v2/results/phase1/pilot_Ld2/_runs/cell_contLow_mid_s2.json"
  }
}