{
  "label": "cell_mag0.3_low_s3",
  "L_d_main": 2,
  "seed": 3,
  "wall_clock_s": 236.43,
  "steps_trained": 10000,
  "final_interval_loss": -2779.007165,
  "nan_inf": false,
  "still_descending": false,
  "stability_flag": "stable",
  "diff_mu": 0.34913647174835205,
  "diff_sigma": 9.84499365586089e-07,
  "diff_mu_aggregate": 0.34913647174835205,
  "diff_sigma_aggregate": 9.84499365586089e-07,
  "diff_mu_per_k": [
    0.3468932807445526,
    0.3495728075504303,
    0.3478701114654541,
    0.3509897291660309,
    0.3495238125324249,
    0.346255362033844,
    0.34804460406303406,
    0.3464704751968384,
    0.3484773635864258,
    0.355279803276062,
    0.34817245602607727,
    0.34816303849220276,
    0.350256085395813,
    0.3515174388885498,
    0.35048338770866394,
    0.3482140004634857
  ],
  "diff_sigma_per_k": [
    8.199959324883821e-07,
    8.671516980029992e-07,
    7.608817327309225e-07,
    6.36376682905393e-07,
    7.656317961846071e-07,
    7.516208597735385e-07,
    8.794894483798998e-07,
    1.0319522516510915e-06,
    8.766828045736474e-07,
    8.963443747234123e-07,
    1.0076722674057237e-06,
    1.039545509229356e-06,
    1.2142346577093122e-06,
    1.1559293398022419e-06,
    1.4845418263575993e-06,
    1.5639373032172443e-06
  ],
  "variance_collapse": false,
  "k_report_idx": {
    "k1": 0,
    "k8": 7,
    "k15": 14
  },
  "spec": {
    "kind": "cell",
    "tag": "mag0.3_low",
    "cross": "low",
    "magnitude": 0.3,
    "baseline_key": [
      0.3,
      3,
      32,
      4
    ],
    "params": {
      "period_P": 32,
      "manifold_dim_D": 4,
      "continuity_center": 3,
      "fidelity_F": 0.97,
      "magnitude_M": 0.3,
      "locality_L": 0.3
    },
    "L_d_main": 2,
    "seed": 3,
    "perk": true,
    "label": "cell_mag0.3_low_s3",
    "out_file": "/mnt/c/Users/Jason/Desktop/Eridos/Weft 2/v2/results/phase1/pilot_Ld2/_runs/cell_mag0.3_low_s3.json"
  }
}