{
  "label": "cell_mag0.3_mid_s3",
  "L_d_main": 2,
  "seed": 3,
  "wall_clock_s": 236.7,
  "steps_trained": 10000,
  "final_interval_loss": -2855.089915,
  "nan_inf": false,
  "still_descending": true,
  "stability_flag": "stable",
  "diff_mu": 0.08190557360649109,
  "diff_sigma": 8.46497094642018e-09,
  "diff_mu_aggregate": 0.08190557360649109,
  "diff_sigma_aggregate": 8.46497094642018e-09,
  "diff_mu_per_k": [
    0.07998021692037582,
    0.08330051600933075,
    0.0826721265912056,
    0.08359681814908981,
    0.08342280238866806,
    0.08038391917943954,
    0.08057093620300293,
    0.08104881644248962,
    0.08182120323181152,
    0.08230819553136826,
    0.08195074647665024,
    0.08130773901939392,
    0.08113756775856018,
    0.07999788969755173,
    0.08375498652458191,
    0.08323454856872559
  ],
  "diff_sigma_per_k": [
    7.692069203812935e-09,
    1.1087148976685057e-08,
    9.948353252298148e-09,
    1.0454550114502581e-08,
    8.39347435999116e-09,
    8.200929713098049e-09,
    6.132818253234973e-09,
    6.723625212146089e-09,
    8.048014699113537e-09,
    1.021769779896431e-08,
    9.040068249532851e-09,
    6.897974191844014e-09,
    7.688866432431496e-09,
    5.982141448868106e-09,
    9.471714079722915e-09,
    9.460086047852201e-09
  ],
  "variance_collapse": true,
  "k_report_idx": {
    "k1": 0,
    "k8": 7,
    "k15": 14
  },
  "spec": {
    "kind": "cell",
    "tag": "mag0.3_mid",
    "cross": "mid",
    "magnitude": 0.3,
    "baseline_key": [
      0.5,
      39,
      256,
      16
    ],
    "params": {
      "period_P": 256,
      "manifold_dim_D": 16,
      "continuity_center": 39,
      "fidelity_F": 0.97,
      "magnitude_M": 0.3,
      "locality_L": 0.5
    },
    "L_d_main": 2,
    "seed": 3,
    "perk": true,
    "label": "cell_mag0.3_mid_s3",
    "out_file": "/mnt/c/Users/Jason/Desktop/Eridos/Weft 2/v2/results/phase1/pilot_Ld2/_runs/cell_mag0.3_mid_s3.json"
  }
}