{
  "label": "cell_mag0.3_low_s2",
  "L_d_main": 2,
  "seed": 2,
  "wall_clock_s": 234.01,
  "steps_trained": 10000,
  "final_interval_loss": -2756.506021,
  "nan_inf": false,
  "still_descending": false,
  "stability_flag": "stable",
  "diff_mu": 1.0618191957473755,
  "diff_sigma": 9.588988092446016e-08,
  "diff_mu_aggregate": 1.0618191957473755,
  "diff_sigma_aggregate": 9.588988092446016e-08,
  "diff_mu_per_k": [
    1.0567837953567505,
    1.0623459815979004,
    1.0620876550674438,
    1.0647413730621338,
    1.066792368888855,
    1.0542867183685303,
    1.0683889389038086,
    1.066964864730835,
    1.0520206689834595,
    1.0552372932434082,
    1.059153437614441,
    1.058699607849121,
    1.0680334568023682,
    1.0643856525421143,
    1.0651289224624634,
    1.064058542251587
  ],
  "diff_sigma_per_k": [
    9.81890693196874e-08,
    8.422151864806438e-08,
    8.267014095508785e-08,
    8.125618222720732e-08,
    9.661077626788028e-08,
    8.49778416522895e-08,
    9.172356385533931e-08,
    8.63893916402958e-08,
    8.001655515954553e-08,
    8.162197673300398e-08,
    8.588146016563769e-08,
    8.595591083349063e-08,
    1.1180493686424597e-07,
    1.1309420955285532e-07,
    1.2325614306973876e-07,
    1.4656846758498432e-07
  ],
  "variance_collapse": false,
  "k_report_idx": {
    "k1": 0,
    "k8": 7,
    "k15": 14
  },
  "spec": {
    "kind": "cell",
    "tag": "mag0.3_low",
    "cross": "low",
    "magnitude": 0.3,
    "baseline_key": [
      0.3,
      3,
      32,
      4
    ],
    "params": {
      "period_P": 32,
      "manifold_dim_D": 4,
      "continuity_center": 3,
      "fidelity_F": 0.97,
      "magnitude_M": 0.3,
      "locality_L": 0.3
    },
    "L_d_main": 2,
    "seed": 2,
    "perk": true,
    "label": "cell_mag0.3_low_s2",
    "out_file": "/mnt/c/Users/Jason/Desktop/Eridos/Weft 2/v2/results/phase1/pilot_Ld2/_runs/cell_mag0.3_low_s2.json"
  }
}