{
  "label": "cell_mag0.1_low_s6",
  "L_d_main": 2,
  "seed": 6,
  "wall_clock_s": 236.04,
  "steps_trained": 10000,
  "final_interval_loss": -2826.861258,
  "nan_inf": false,
  "still_descending": false,
  "stability_flag": "stable",
  "diff_mu": 0.2430453896522522,
  "diff_sigma": 8.863837308581424e-08,
  "diff_mu_aggregate": 0.2430453896522522,
  "diff_sigma_aggregate": 8.863837308581424e-08,
  "diff_mu_per_k": [
    0.23596133291721344,
    0.2388947606086731,
    0.23747962713241577,
    0.23932597041130066,
    0.2401953488588333,
    0.2410006821155548,
    0.23877057433128357,
    0.24384333193302155,
    0.2416006624698639,
    0.23674795031547546,
    0.24557892978191376,
    0.24007876217365265,
    0.24733273684978485,
    0.25330016016960144,
    0.2560006380081177,
    0.2526143491268158
  ],
  "diff_sigma_per_k": [
    6.321059231595427e-08,
    7.241009569725065e-08,
    6.444034994501635e-08,
    6.943781016843786e-08,
    8.634943071683665e-08,
    8.788654781710648e-08,
    7.961691750324462e-08,
    9.127158762112231e-08,
    8.11457141480787e-08,
    6.573557698175136e-08,
    8.725698563694095e-08,
    7.650482558574367e-08,
    1.0250684567836288e-07,
    1.2969746876478894e-07,
    1.347985545407937e-07,
    1.2594453835390595e-07
  ],
  "variance_collapse": false,
  "k_report_idx": {
    "k1": 0,
    "k8": 7,
    "k15": 14
  },
  "spec": {
    "kind": "cell",
    "tag": "mag0.1_low",
    "cross": "low",
    "magnitude": 0.1,
    "baseline_key": [
      0.3,
      3,
      32,
      4
    ],
    "params": {
      "period_P": 32,
      "manifold_dim_D": 4,
      "continuity_center": 3,
      "fidelity_F": 0.97,
      "magnitude_M": 0.1,
      "locality_L": 0.3
    },
    "L_d_main": 2,
    "seed": 6,
    "perk": true,
    "label": "cell_mag0.1_low_s6",
    "out_file": "/mnt/c/Users/Jason/Desktop/Eridos/Weft 2/v2/results/phase1/pilot_Ld2/_runs/cell_mag0.1_low_s6.json"
  }
}