{
  "label": "cell_mag0.1_high_s9",
  "L_d_main": 2,
  "seed": 9,
  "wall_clock_s": 237.17,
  "steps_trained": 10000,
  "final_interval_loss": -3003.765176,
  "nan_inf": false,
  "still_descending": false,
  "stability_flag": "stable",
  "diff_mu": 7.408886449411511e-05,
  "diff_sigma": 1.653189252159848e-10,
  "diff_mu_aggregate": 7.408886449411511e-05,
  "diff_sigma_aggregate": 1.653189252159848e-10,
  "diff_mu_per_k": [
    7.56808731239289e-05,
    7.437775639118627e-05,
    7.457803440047428e-05,
    7.379894668702036e-05,
    7.337039278354496e-05,
    7.429271499859169e-05,
    7.441287016263232e-05,
    7.332810491789132e-05,
    7.325825572479516e-05,
    7.356995047302917e-05,
    7.411022670567036e-05,
    7.49625833122991e-05,
    7.43596101528965e-05,
    7.327906496357173e-05,
    7.477114559151232e-05,
    7.327137427637354e-05
  ],
  "diff_sigma_per_k": [
    1.873118465889334e-10,
    1.8693377401568512e-10,
    1.8144823143995126e-10,
    1.5652289186984802e-10,
    1.6201084918066044e-10,
    1.609874872299244e-10,
    1.8239693089228126e-10,
    1.440614433301235e-10,
    1.5486872895209558e-10,
    1.8269173673868266e-10,
    1.6708036343349164e-10,
    1.5824998256253053e-10,
    1.4722317809301444e-10,
    1.5258413976759755e-10,
    1.633636836917418e-10,
    1.5736768832486092e-10
  ],
  "variance_collapse": true,
  "k_report_idx": {
    "k1": 0,
    "k8": 7,
    "k15": 14
  },
  "spec": {
    "kind": "cell",
    "tag": "mag0.1_high",
    "cross": "high",
    "magnitude": 0.1,
    "baseline_key": [
      0.9,
      472,
      2048,
      128
    ],
    "params": {
      "period_P": 2048,
      "manifold_dim_D": 128,
      "continuity_center": 472,
      "fidelity_F": 0.97,
      "magnitude_M": 0.1,
      "locality_L": 0.9
    },
    "L_d_main": 2,
    "seed": 9,
    "perk": true,
    "label": "cell_mag0.1_high_s9",
    "out_file": "/mnt/c/Users/Jason/Desktop/Eridos/Weft 2/v2/results/phase1/pilot_Ld2/_runs/cell_mag0.1_high_s9.json"
  }
}