{
  "label": "cell_mag0.7_mid_s8",
  "L_d_main": 2,
  "seed": 8,
  "wall_clock_s": 240.69,
  "steps_trained": 10000,
  "final_interval_loss": -2846.563101,
  "nan_inf": false,
  "still_descending": true,
  "stability_flag": "stable",
  "diff_mu": 0.20303280651569366,
  "diff_sigma": 2.657297386576829e-07,
  "diff_mu_aggregate": 0.20303280651569366,
  "diff_sigma_aggregate": 2.657297386576829e-07,
  "diff_mu_per_k": [
    0.20204566419124603,
    0.20638488233089447,
    0.2023429274559021,
    0.20559601485729218,
    0.20106950402259827,
    0.20319339632987976,
    0.20224565267562866,
    0.20039235055446625,
    0.2030278444290161,
    0.2050933837890625,
    0.20101267099380493,
    0.2015484869480133,
    0.20273371040821075,
    0.20355714857578278,
    0.20561747252941132,
    0.20266376435756683
  ],
  "diff_sigma_per_k": [
    2.3616745181698207e-07,
    3.118923928013828e-07,
    3.1665214805798314e-07,
    3.128829746401607e-07,
    2.764010673672601e-07,
    2.2811876476680482e-07,
    2.4146774535438453e-07,
    2.6711535383583396e-07,
    2.6468376290722517e-07,
    2.741741695899691e-07,
    2.334179640683942e-07,
    2.218273493781453e-07,
    2.549739122059691e-07,
    2.584409060091275e-07,
    2.8393532147674705e-07,
    2.6952432108373614e-07
  ],
  "variance_collapse": false,
  "k_report_idx": {
    "k1": 0,
    "k8": 7,
    "k15": 14
  },
  "spec": {
    "kind": "cell",
    "tag": "mag0.7_mid",
    "cross": "mid",
    "magnitude": 0.7,
    "baseline_key": [
      0.5,
      39,
      256,
      16
    ],
    "params": {
      "period_P": 256,
      "manifold_dim_D": 16,
      "continuity_center": 39,
      "fidelity_F": 0.97,
      "magnitude_M": 0.7,
      "locality_L": 0.5
    },
    "L_d_main": 2,
    "seed": 8,
    "perk": true,
    "label": "cell_mag0.7_mid_s8",
    "out_file": "/mnt/c/Users/Jason/Desktop/Eridos/Weft 2/v2/results/phase1/pilot_Ld2/_runs/cell_mag0.7_mid_s8.json"
  }
}