{
  "label": "cell_mag0.3_mid_s1",
  "L_d_main": 2,
  "seed": 1,
  "wall_clock_s": 238.2,
  "steps_trained": 10000,
  "final_interval_loss": -2835.345623,
  "nan_inf": false,
  "still_descending": true,
  "stability_flag": "stable",
  "diff_mu": 0.06610164046287537,
  "diff_sigma": 3.6837022321378754e-09,
  "diff_mu_aggregate": 0.06610164046287537,
  "diff_sigma_aggregate": 3.6837022321378754e-09,
  "diff_mu_per_k": [
    0.06623253971338272,
    0.06628178060054779,
    0.06590761989355087,
    0.06609310209751129,
    0.06646175682544708,
    0.06607624888420105,
    0.06653860211372375,
    0.06610491126775742,
    0.0654924139380455,
    0.0654156506061554,
    0.06648480147123337,
    0.0666414350271225,
    0.06566087156534195,
    0.06611645221710205,
    0.06592942029237747,
    0.06618862599134445
  ],
  "diff_sigma_per_k": [
    3.5221405791929783e-09,
    3.796235770181511e-09,
    4.779336926219457e-09,
    3.460399522481339e-09,
    2.502632323597709e-09,
    2.5696393901597503e-09,
    4.027835398545676e-09,
    4.4508605689941305e-09,
    4.063354097638694e-09,
    3.395365988367871e-09,
    5.272100533915136e-09,
    2.8306628152563462e-09,
    2.0561188307510747e-09,
    4.124364405555525e-09,
    3.4339839860564325e-09,
    4.654205465470795e-09
  ],
  "variance_collapse": true,
  "k_report_idx": {
    "k1": 0,
    "k8": 7,
    "k15": 14
  },
  "spec": {
    "kind": "cell",
    "tag": "mag0.3_mid",
    "cross": "mid",
    "magnitude": 0.3,
    "baseline_key": [
      0.5,
      39,
      256,
      16
    ],
    "params": {
      "period_P": 256,
      "manifold_dim_D": 16,
      "continuity_center": 39,
      "fidelity_F": 0.97,
      "magnitude_M": 0.3,
      "locality_L": 0.5
    },
    "L_d_main": 2,
    "seed": 1,
    "perk": true,
    "label": "cell_mag0.3_mid_s1",
    "out_file": "/mnt/c/Users/Jason/Desktop/Eridos/Weft 2/v2/results/phase1/pilot_Ld2/_runs/cell_mag0.3_mid_s1.json"
  }
}