{
  "label": "cell_mag0.3_high_s6",
  "L_d_main": 2,
  "seed": 6,
  "wall_clock_s": 238.21,
  "steps_trained": 10000,
  "final_interval_loss": -3003.161059,
  "nan_inf": false,
  "still_descending": false,
  "stability_flag": "stable",
  "diff_mu": 3.201661093044095e-05,
  "diff_sigma": 1.0537363516471832e-11,
  "diff_mu_aggregate": 3.201661093044095e-05,
  "diff_sigma_aggregate": 1.0537363516471832e-11,
  "diff_mu_per_k": [
    3.247416316298768e-05,
    3.181657666573301e-05,
    3.17256199195981e-05,
    3.137735620839521e-05,
    3.196786201442592e-05,
    3.244505205657333e-05,
    3.249856672482565e-05,
    3.2477269996888936e-05,
    3.2271746022161096e-05,
    3.2372932764701545e-05,
    3.187439506291412e-05,
    3.193553857272491e-05,
    3.180414569214918e-05,
    3.1867657526163384e-05,
    3.19803693855647e-05,
    3.137653766316362e-05
  ],
  "diff_sigma_per_k": [
    1.3545216163979301e-11,
    1.2726178617861184e-11,
    8.78190228870146e-12,
    1.0278155063159211e-11,
    9.587881703854162e-12,
    1.280257670710494e-11,
    8.973742755824521e-12,
    1.0198355181179064e-11,
    1.017443941597751e-11,
    1.1221192378063627e-11,
    1.1068090888244342e-11,
    1.0041134590466072e-11,
    8.015244717940462e-12,
    9.745236735636542e-12,
    1.0813800375986116e-11,
    1.0624657403868198e-11
  ],
  "variance_collapse": true,
  "k_report_idx": {
    "k1": 0,
    "k8": 7,
    "k15": 14
  },
  "spec": {
    "kind": "cell",
    "tag": "mag0.3_high",
    "cross": "high",
    "magnitude": 0.3,
    "baseline_key": [
      0.9,
      472,
      2048,
      128
    ],
    "params": {
      "period_P": 2048,
      "manifold_dim_D": 128,
      "continuity_center": 472,
      "fidelity_F": 0.97,
      "magnitude_M": 0.3,
      "locality_L": 0.9
    },
    "L_d_main": 2,
    "seed": 6,
    "perk": true,
    "label": "cell_mag0.3_high_s6",
    "out_file": "/mnt/c/Users/Jason/Desktop/Eridos/Weft 2/v2/results/phase1/pilot_Ld2/_runs/cell_mag0.3_high_s6.json"
  }
}