{
  "label": "cell_mag0.7_low_s5",
  "L_d_main": 2,
  "seed": 5,
  "wall_clock_s": 238.74,
  "steps_trained": 10000,
  "final_interval_loss": -2801.250663,
  "nan_inf": false,
  "still_descending": false,
  "stability_flag": "stable",
  "diff_mu": 1.061880350112915,
  "diff_sigma": 1.875214366009459e-06,
  "diff_mu_aggregate": 1.061880350112915,
  "diff_sigma_aggregate": 1.875214366009459e-06,
  "diff_mu_per_k": [
    1.0583597421646118,
    1.0635042190551758,
    1.0598050355911255,
    1.0668723583221436,
    1.0502468347549438,
    1.0572772026062012,
    1.0574301481246948,
    1.0593448877334595,
    1.0625197887420654,
    1.059435248374939,
    1.0612891912460327,
    1.0673794746398926,
    1.0649175643920898,
    1.0723414421081543,
    1.06474769115448,
    1.064616322517395
  ],
  "diff_sigma_per_k": [
    1.705653176031774e-06,
    1.5248274394252803e-06,
    1.4530129419654259e-06,
    1.534253442514455e-06,
    1.4893895468048868e-06,
    1.5742155028419802e-06,
    1.9024473658646457e-06,
    1.7078240261980682e-06,
    1.76556841324782e-06,
    1.5514564211116522e-06,
    1.668802838139527e-06,
    1.6094741113192867e-06,
    2.2623046334047103e-06,
    2.374182031417149e-06,
    2.9017012366239214e-06,
    2.9783168429275975e-06
  ],
  "variance_collapse": false,
  "k_report_idx": {
    "k1": 0,
    "k8": 7,
    "k15": 14
  },
  "spec": {
    "kind": "cell",
    "tag": "mag0.7_low",
    "cross": "low",
    "magnitude": 0.7,
    "baseline_key": [
      0.3,
      3,
      32,
      4
    ],
    "params": {
      "period_P": 32,
      "manifold_dim_D": 4,
      "continuity_center": 3,
      "fidelity_F": 0.97,
      "magnitude_M": 0.7,
      "locality_L": 0.3
    },
    "L_d_main": 2,
    "seed": 5,
    "perk": true,
    "label": "cell_mag0.7_low_s5",
    "out_file": "/mnt/c/Users/Jason/Desktop/Eridos/Weft 2/v2/results/phase1/pilot_Ld2/_runs/cell_mag0.7_low_s5.json"
  }
}