{
  "label": "cell_mag0.1_low_s5",
  "L_d_main": 2,
  "seed": 5,
  "wall_clock_s": 237.78,
  "steps_trained": 10000,
  "final_interval_loss": -2684.676266,
  "nan_inf": false,
  "still_descending": false,
  "stability_flag": "stable",
  "diff_mu": 0.9784612059593201,
  "diff_sigma": 6.452115997035435e-08,
  "diff_mu_aggregate": 0.9784612059593201,
  "diff_sigma_aggregate": 6.452115997035435e-08,
  "diff_mu_per_k": [
    0.962788462638855,
    0.9599965810775757,
    0.9708074331283569,
    0.9616910815238953,
    0.9632348418235779,
    0.9462369084358215,
    0.9538692831993103,
    0.9588236212730408,
    0.9622840285301208,
    0.9579833745956421,
    0.9551254510879517,
    1.0015110969543457,
    1.0246565341949463,
    1.021925687789917,
    1.0296076536178589,
    1.0248409509658813
  ],
  "diff_sigma_per_k": [
    5.1821341884306094e-08,
    5.1147608814972045e-08,
    5.9426252363437015e-08,
    5.195898822307754e-08,
    4.9327383067065966e-08,
    4.512115125976379e-08,
    4.833600897313772e-08,
    4.702957667745977e-08,
    5.1451408467073634e-08,
    4.6169063239176467e-08,
    4.8151861165024457e-08,
    8.00309720716541e-08,
    9.610145212946009e-08,
    9.813717127826749e-08,
    1.0745083045549109e-07,
    1.0067752498343907e-07
  ],
  "variance_collapse": false,
  "k_report_idx": {
    "k1": 0,
    "k8": 7,
    "k15": 14
  },
  "spec": {
    "kind": "cell",
    "tag": "mag0.1_low",
    "cross": "low",
    "magnitude": 0.1,
    "baseline_key": [
      0.3,
      3,
      32,
      4
    ],
    "params": {
      "period_P": 32,
      "manifold_dim_D": 4,
      "continuity_center": 3,
      "fidelity_F": 0.97,
      "magnitude_M": 0.1,
      "locality_L": 0.3
    },
    "L_d_main": 2,
    "seed": 5,
    "perk": true,
    "label": "cell_mag0.1_low_s5",
    "out_file": "/mnt/c/Users/Jason/Desktop/Eridos/Weft 2/v2/results/phase1/pilot_Ld2/_runs/cell_mag0.1_low_s5.json"
  }
}