{
  "label": "cell_mag0.9_mid_s2",
  "L_d_main": 2,
  "seed": 2,
  "wall_clock_s": 240.46,
  "steps_trained": 10000,
  "final_interval_loss": -2812.730734,
  "nan_inf": false,
  "still_descending": false,
  "stability_flag": "stable",
  "diff_mu": 0.09117276966571808,
  "diff_sigma": 5.108233835926512e-07,
  "diff_mu_aggregate": 0.09117276966571808,
  "diff_sigma_aggregate": 5.108233835926512e-07,
  "diff_mu_per_k": [
    0.09056209027767181,
    0.09192460775375366,
    0.09412336349487305,
    0.09204846620559692,
    0.08934499323368073,
    0.08928611129522324,
    0.08964609354734421,
    0.09371108561754227,
    0.09360355138778687,
    0.09510952979326248,
    0.09158915281295776,
    0.08747997879981995,
    0.08723471313714981,
    0.08999982476234436,
    0.09204928576946259,
    0.09105163812637329
  ],
  "diff_sigma_per_k": [
    4.820900016966334e-07,
    5.91720549891761e-07,
    6.035800197423669e-07,
    5.208444804338797e-07,
    4.4405175003703334e-07,
    4.5263303150022693e-07,
    4.58288269555851e-07,
    6.169123025756562e-07,
    5.939738230154035e-07,
    6.365079343595426e-07,
    5.109385483592632e-07,
    3.795857708155381e-07,
    3.909909764843178e-07,
    4.842083853873191e-07,
    4.891113007943204e-07,
    5.177367370379216e-07
  ],
  "variance_collapse": false,
  "k_report_idx": {
    "k1": 0,
    "k8": 7,
    "k15": 14
  },
  "spec": {
    "kind": "cell",
    "tag": "mag0.9_mid",
    "cross": "mid",
    "magnitude": 0.9,
    "baseline_key": [
      0.5,
      39,
      256,
      16
    ],
    "params": {
      "period_P": 256,
      "manifold_dim_D": 16,
      "continuity_center": 39,
      "fidelity_F": 0.97,
      "magnitude_M": 0.9,
      "locality_L": 0.5
    },
    "L_d_main": 2,
    "seed": 2,
    "perk": true,
    "label": "cell_mag0.9_mid_s2",
    "out_file": "/mnt/c/Users/Jason/Desktop/Eridos/Weft 2/v2/results/phase1/pilot_Ld2/_runs/cell_mag0.9_mid_s2.json"
  }
}