{
  "label": "cell_mag0.1_low_s0",
  "L_d_main": 2,
  "seed": 0,
  "wall_clock_s": 241.05,
  "steps_trained": 10000,
  "final_interval_loss": -2795.214003,
  "nan_inf": false,
  "still_descending": false,
  "stability_flag": "stable",
  "diff_mu": 0.46514636278152466,
  "diff_sigma": 2.0754046659021697e-07,
  "diff_mu_aggregate": 0.46514636278152466,
  "diff_sigma_aggregate": 2.0754046659021697e-07,
  "diff_mu_per_k": [
    0.466036856174469,
    0.46053043007850647,
    0.46064770221710205,
    0.45875421166419983,
    0.4655909836292267,
    0.46828532218933105,
    0.4666895270347595,
    0.46811243891716003,
    0.4616144001483917,
    0.46930935978889465,
    0.4616784155368805,
    0.4640938341617584,
    0.46350178122520447,
    0.4672606587409973,
    0.4728206396102905,
    0.46741536259651184
  ],
  "diff_sigma_per_k": [
    1.9656737038076244e-07,
    1.6681454440004018e-07,
    1.6627208765385149e-07,
    1.930803392724556e-07,
    1.9480687285522436e-07,
    2.3109238611596084e-07,
    2.192164458847401e-07,
    1.9634292414139054e-07,
    2.0150125124018814e-07,
    1.966037928013975e-07,
    1.6855173612384533e-07,
    2.3434327545146516e-07,
    2.1559593221809337e-07,
    2.13421145645043e-07,
    2.5483720378360886e-07,
    2.7160012905369513e-07
  ],
  "variance_collapse": false,
  "k_report_idx": {
    "k1": 0,
    "k8": 7,
    "k15": 14
  },
  "spec": {
    "kind": "cell",
    "tag": "mag0.1_low",
    "cross": "low",
    "magnitude": 0.1,
    "baseline_key": [
      0.3,
      3,
      32,
      4
    ],
    "params": {
      "period_P": 32,
      "manifold_dim_D": 4,
      "continuity_center": 3,
      "fidelity_F": 0.97,
      "magnitude_M": 0.1,
      "locality_L": 0.3
    },
    "L_d_main": 2,
    "seed": 0,
    "perk": true,
    "label": "cell_mag0.1_low_s0",
    "out_file": "/mnt/c/Users/Jason/Desktop/Eridos/Weft 2/v2/results/phase1/pilot_Ld2/_runs/cell_mag0.1_low_s0.json"
  }
}