{
  "label": "cell_mag0.1_high_s3",
  "L_d_main": 2,
  "seed": 3,
  "wall_clock_s": 242.47,
  "steps_trained": 10000,
  "final_interval_loss": -3000.114232,
  "nan_inf": false,
  "still_descending": false,
  "stability_flag": "stable",
  "diff_mu": 8.787407568888739e-05,
  "diff_sigma": 4.85410045492074e-11,
  "diff_mu_aggregate": 8.787407568888739e-05,
  "diff_sigma_aggregate": 4.85410045492074e-11,
  "diff_mu_per_k": [
    8.801411604508758e-05,
    8.759243064559996e-05,
    8.822840027278289e-05,
    8.672071271575987e-05,
    8.869385783327743e-05,
    8.87163623701781e-05,
    9.036107803694904e-05,
    8.727441309019923e-05,
    8.750681445235386e-05,
    8.777927723713219e-05,
    8.847881690599024e-05,
    8.646206697449088e-05,
    8.71355296112597e-05,
    8.868516306392848e-05,
    8.776049799052998e-05,
    8.65755500853993e-05
  ],
  "diff_sigma_per_k": [
    5.7737856162809464e-11,
    4.8921113687816487e-11,
    4.608804310413106e-11,
    3.883928595405095e-11,
    4.026189798223001e-11,
    5.974670758135403e-11,
    5.2427152896772355e-11,
    4.26534120523403e-11,
    4.4311374014505134e-11,
    4.7731072566614685e-11,
    4.932721592298961e-11,
    5.069159675352708e-11,
    4.429136918338017e-11,
    5.045170878292815e-11,
    5.658807103459118e-11,
    4.658819510727774e-11
  ],
  "variance_collapse": true,
  "k_report_idx": {
    "k1": 0,
    "k8": 7,
    "k15": 14
  },
  "spec": {
    "kind": "cell",
    "tag": "mag0.1_high",
    "cross": "high",
    "magnitude": 0.1,
    "baseline_key": [
      0.9,
      472,
      2048,
      128
    ],
    "params": {
      "period_P": 2048,
      "manifold_dim_D": 128,
      "continuity_center": 472,
      "fidelity_F": 0.97,
      "magnitude_M": 0.1,
      "locality_L": 0.9
    },
    "L_d_main": 2,
    "seed": 3,
    "perk": true,
    "label": "cell_mag0.1_high_s3",
    "out_file": "/mnt/c/Users/Jason/Desktop/Eridos/Weft 2/v2/results/phase1/pilot_Ld2/_runs/cell_mag0.1_high_s3.json"
  }
}