{
  "label": "cell_mag0.9_mid_s6",
  "L_d_main": 2,
  "seed": 6,
  "wall_clock_s": 239.12,
  "steps_trained": 10000,
  "final_interval_loss": -2796.030605,
  "nan_inf": false,
  "still_descending": false,
  "stability_flag": "stable",
  "diff_mu": 0.05323608219623566,
  "diff_sigma": 1.1449901649029925e-07,
  "diff_mu_aggregate": 0.05323608219623566,
  "diff_sigma_aggregate": 1.1449901649029925e-07,
  "diff_mu_per_k": [
    0.04959984868764877,
    0.054606202989816666,
    0.05410178378224373,
    0.05365303158760071,
    0.052925191819667816,
    0.052432164549827576,
    0.051130104809999466,
    0.054021548479795456,
    0.05429941415786743,
    0.05374537780880928,
    0.05390225723385811,
    0.05234133452177048,
    0.05193621292710304,
    0.054140347987413406,
    0.054537031799554825,
    0.05440550670027733
  ],
  "diff_sigma_per_k": [
    9.45247791150905e-08,
    1.2287729589388618e-07,
    1.3999920156493317e-07,
    1.4303212481081573e-07,
    1.0653128867943451e-07,
    9.106267384595412e-08,
    7.581525807154321e-08,
    1.2853128339429531e-07,
    1.2990021502901072e-07,
    1.2484321132433251e-07,
    1.2635612733902235e-07,
    8.92262832508095e-08,
    1.0440827935553898e-07,
    1.1935416921460273e-07,
    1.269327469799464e-07,
    1.0858943966240986e-07
  ],
  "variance_collapse": false,
  "k_report_idx": {
    "k1": 0,
    "k8": 7,
    "k15": 14
  },
  "spec": {
    "kind": "cell",
    "tag": "mag0.9_mid",
    "cross": "mid",
    "magnitude": 0.9,
    "baseline_key": [
      0.5,
      39,
      256,
      16
    ],
    "params": {
      "period_P": 256,
      "manifold_dim_D": 16,
      "continuity_center": 39,
      "fidelity_F": 0.97,
      "magnitude_M": 0.9,
      "locality_L": 0.5
    },
    "L_d_main": 2,
    "seed": 6,
    "perk": true,
    "label": "cell_mag0.9_mid_s6",
    "out_file": "/mnt/c/Users/Jason/Desktop/Eridos/Weft 2/v2/results/phase1/pilot_Ld2/_runs/cell_mag0.9_mid_s6.json"
  }
}