{
  "label": "cell_mag0.7_high_s7",
  "L_d_main": 2,
  "seed": 7,
  "wall_clock_s": 242.01,
  "steps_trained": 10000,
  "final_interval_loss": -3001.429923,
  "nan_inf": false,
  "still_descending": false,
  "stability_flag": "stable",
  "diff_mu": 5.846565545652993e-05,
  "diff_sigma": 1.6258269036617534e-11,
  "diff_mu_aggregate": 5.846565545652993e-05,
  "diff_sigma_aggregate": 1.6258269036617534e-11,
  "diff_mu_per_k": [
    5.84516346862074e-05,
    5.8494159020483494e-05,
    5.823934407089837e-05,
    5.906457226956263e-05,
    5.839010555064306e-05,
    5.93534714425914e-05,
    5.769242488895543e-05,
    5.869778760825284e-05,
    5.8371468185214326e-05,
    5.687486191163771e-05,
    5.976854663458653e-05,
    5.9057761973235756e-05,
    5.8579993492458016e-05,
    5.762957880506292e-05,
    5.826631604577415e-05,
    5.8518460718914866e-05
  ],
  "diff_sigma_per_k": [
    1.4475446882822318e-11,
    1.504742511149182e-11,
    1.775497630862599e-11,
    1.5134128325544616e-11,
    1.7151734893472437e-11,
    1.609812630420926e-11,
    1.7993837322927142e-11,
    1.4323445207686802e-11,
    1.5129510491651565e-11,
    1.7361506329804932e-11,
    1.8544140181764313e-11,
    1.4566547620886716e-11,
    1.7273061453382255e-11,
    1.6124580837217906e-11,
    1.718457667831963e-11,
    1.596928492220151e-11
  ],
  "variance_collapse": true,
  "k_report_idx": {
    "k1": 0,
    "k8": 7,
    "k15": 14
  },
  "spec": {
    "kind": "cell",
    "tag": "mag0.7_high",
    "cross": "high",
    "magnitude": 0.7,
    "baseline_key": [
      0.9,
      472,
      2048,
      128
    ],
    "params": {
      "period_P": 2048,
      "manifold_dim_D": 128,
      "continuity_center": 472,
      "fidelity_F": 0.97,
      "magnitude_M": 0.7,
      "locality_L": 0.9
    },
    "L_d_main": 2,
    "seed": 7,
    "perk": true,
    "label": "cell_mag0.7_high_s7",
    "out_file": "/mnt/c/Users/Jason/Desktop/Eridos/Weft 2/v2/results/phase1/pilot_Ld2/_runs/cell_mag0.7_high_s7.json"
  }
}