{
  "label": "cell_mag0.3_high_s4",
  "L_d_main": 2,
  "seed": 4,
  "wall_clock_s": 236.14,
  "steps_trained": 10000,
  "final_interval_loss": -3003.456861,
  "nan_inf": false,
  "still_descending": false,
  "stability_flag": "stable",
  "diff_mu": 3.329242463223636e-05,
  "diff_sigma": 2.6109059358958575e-11,
  "diff_mu_aggregate": 3.329242463223636e-05,
  "diff_sigma_aggregate": 2.6109059358958575e-11,
  "diff_mu_per_k": [
    3.255671981605701e-05,
    3.331660991534591e-05,
    3.351173290866427e-05,
    3.309163002995774e-05,
    3.327931699459441e-05,
    3.364141593920067e-05,
    3.340753755765036e-05,
    3.3671669370960444e-05,
    3.2737196306698024e-05,
    3.328388629597612e-05,
    3.303517587482929e-05,
    3.2982188713504e-05,
    3.379432382644154e-05,
    3.346769153722562e-05,
    3.3340053050778806e-05,
    3.3561638701939955e-05
  ],
  "diff_sigma_per_k": [
    2.5121033725428177e-11,
    3.058362244012791e-11,
    2.5045668664014364e-11,
    2.840710826290671e-11,
    2.5700870251443853e-11,
    3.070713822106441e-11,
    2.7642433481078754e-11,
    2.463936520091803e-11,
    2.4779499632754387e-11,
    2.4841564569277885e-11,
    3.0016329699567024e-11,
    2.2624393677950216e-11,
    2.414792671379118e-11,
    2.587099805217985e-11,
    2.3961631290259078e-11,
    2.3655372799469276e-11
  ],
  "variance_collapse": true,
  "k_report_idx": {
    "k1": 0,
    "k8": 7,
    "k15": 14
  },
  "spec": {
    "kind": "cell",
    "tag": "mag0.3_high",
    "cross": "high",
    "magnitude": 0.3,
    "baseline_key": [
      0.9,
      472,
      2048,
      128
    ],
    "params": {
      "period_P": 2048,
      "manifold_dim_D": 128,
      "continuity_center": 472,
      "fidelity_F": 0.97,
      "magnitude_M": 0.3,
      "locality_L": 0.9
    },
    "L_d_main": 2,
    "seed": 4,
    "perk": true,
    "label": "cell_mag0.3_high_s4",
    "out_file": "/mnt/c/Users/Jason/Desktop/Eridos/Weft 2/v2/results/phase1/pilot_Ld2/_runs/cell_mag0.3_high_s4.json"
  }
}