{
  "label": "cell_mag0.9_mid_s7",
  "L_d_main": 2,
  "seed": 7,
  "wall_clock_s": 234.47,
  "steps_trained": 10000,
  "final_interval_loss": -2403.678883,
  "nan_inf": false,
  "still_descending": false,
  "stability_flag": "stable",
  "diff_mu": 0.018422618508338928,
  "diff_sigma": 5.3867408311703e-09,
  "diff_mu_aggregate": 0.018422618508338928,
  "diff_sigma_aggregate": 5.3867408311703e-09,
  "diff_mu_per_k": [
    0.018424127250909805,
    0.018351970240473747,
    0.018202107399702072,
    0.01846853643655777,
    0.01874258741736412,
    0.017890501767396927,
    0.01857706345617771,
    0.01869269460439682,
    0.018500469624996185,
    0.018860777840018272,
    0.018342532217502594,
    0.018040435388684273,
    0.01786179468035698,
    0.018450116738677025,
    0.01863575167953968,
    0.018720418214797974
  ],
  "diff_sigma_per_k": [
    5.053894192030839e-09,
    5.745877995622095e-09,
    5.702900374160436e-09,
    6.127621077212098e-09,
    5.3193227600445425e-09,
    4.566707456632457e-09,
    5.1510258280984544e-09,
    5.571556105365971e-09,
    5.676168868262721e-09,
    5.830244287352571e-09,
    4.869507463922673e-09,
    4.46732961734142e-09,
    5.37673106038028e-09,
    5.209589204469012e-09,
    5.701283889436581e-09,
    5.818094450660283e-09
  ],
  "variance_collapse": true,
  "k_report_idx": {
    "k1": 0,
    "k8": 7,
    "k15": 14
  },
  "spec": {
    "kind": "cell",
    "tag": "mag0.9_mid",
    "cross": "mid",
    "magnitude": 0.9,
    "baseline_key": [
      0.5,
      39,
      256,
      16
    ],
    "params": {
      "period_P": 256,
      "manifold_dim_D": 16,
      "continuity_center": 39,
      "fidelity_F": 0.97,
      "magnitude_M": 0.9,
      "locality_L": 0.5
    },
    "L_d_main": 2,
    "seed": 7,
    "perk": true,
    "label": "cell_mag0.9_mid_s7",
    "out_file": "/mnt/c/Users/Jason/Desktop/Eridos/Weft 2/v2/results/phase1/pilot_Ld2/_runs/cell_mag0.9_mid_s7.json"
  }
}