{
  "label": "cell_mag0.1_mid_s0",
  "L_d_main": 2,
  "seed": 0,
  "wall_clock_s": 250.75,
  "steps_trained": 10000,
  "final_interval_loss": -2866.395596,
  "nan_inf": false,
  "still_descending": true,
  "stability_flag": "stable",
  "diff_mu": 0.028245579451322556,
  "diff_sigma": 1.6587347317909007e-07,
  "diff_mu_aggregate": 0.028245579451322556,
  "diff_sigma_aggregate": 1.6587347317909007e-07,
  "diff_mu_per_k": [
    0.02798430062830448,
    0.028227612376213074,
    0.02797676809132099,
    0.02817194163799286,
    0.02840776927769184,
    0.028436584398150444,
    0.028567124158143997,
    0.028323139995336533,
    0.028114471584558487,
    0.028116488829255104,
    0.028124315664172173,
    0.028480440378189087,
    0.02817888744175434,
    0.02822963334619999,
    0.02821073867380619,
    0.028379037976264954
  ],
  "diff_sigma_per_k": [
    1.3852189795215963e-07,
    1.678781842429089e-07,
    1.743383108987473e-07,
    1.762022066031932e-07,
    1.436094265727661e-07,
    1.4958871474846092e-07,
    1.442008823460128e-07,
    1.53314545059402e-07,
    1.8768383824863122e-07,
    1.8165175674766942e-07,
    1.6621942222627695e-07,
    1.610359987580523e-07,
    1.515156924369876e-07,
    1.6965321947282064e-07,
    1.9355196911874373e-07,
    1.9500936332406127e-07
  ],
  "variance_collapse": false,
  "k_report_idx": {
    "k1": 0,
    "k8": 7,
    "k15": 14
  },
  "spec": {
    "kind": "cell",
    "tag": "mag0.1_mid",
    "cross": "mid",
    "magnitude": 0.1,
    "baseline_key": [
      0.5,
      39,
      256,
      16
    ],
    "params": {
      "period_P": 256,
      "manifold_dim_D": 16,
      "continuity_center": 39,
      "fidelity_F": 0.97,
      "magnitude_M": 0.1,
      "locality_L": 0.5
    },
    "L_d_main": 2,
    "seed": 0,
    "perk": true,
    "label": "cell_mag0.1_mid_s0",
    "out_file": "/mnt/c/Users/Jason/Desktop/Eridos/Weft 2/v2/results/phase1/pilot_Ld2/_runs/cell_mag0.1_mid_s0.json"
  }
}