{
  "label": "cell_mag0.7_high_s3",
  "L_d_main": 2,
  "seed": 3,
  "wall_clock_s": 240.09,
  "steps_trained": 10000,
  "final_interval_loss": -3002.006949,
  "nan_inf": false,
  "still_descending": false,
  "stability_flag": "stable",
  "diff_mu": 6.111124821472913e-05,
  "diff_sigma": 1.3983916455351242e-11,
  "diff_mu_aggregate": 6.111124821472913e-05,
  "diff_sigma_aggregate": 1.3983916455351242e-11,
  "diff_mu_per_k": [
    6.16938850726001e-05,
    6.033139652572572e-05,
    6.123471393948421e-05,
    6.241765368031338e-05,
    6.081029277993366e-05,
    6.0660393501166254e-05,
    5.969559424556792e-05,
    6.20593928033486e-05,
    6.215865141712129e-05,
    6.105703505454585e-05,
    6.016793486196548e-05,
    6.137138552730903e-05,
    6.009388744132593e-05,
    6.12433286732994e-05,
    6.153452704893425e-05,
    6.12498915870674e-05
  ],
  "diff_sigma_per_k": [
    1.6243418068939697e-11,
    1.5763742741703446e-11,
    1.3287967948194535e-11,
    1.0340261633046133e-11,
    1.5616284307351513e-11,
    1.6059870447393543e-11,
    1.2460301887506908e-11,
    1.4359361789895164e-11,
    1.1044249716152255e-11,
    1.2954698078160298e-11,
    1.4334076460509326e-11,
    1.2663149175085042e-11,
    1.3378389542018088e-11,
    1.6570668448512293e-11,
    1.6485021681056367e-11,
    1.218119355383962e-11
  ],
  "variance_collapse": true,
  "k_report_idx": {
    "k1": 0,
    "k8": 7,
    "k15": 14
  },
  "spec": {
    "kind": "cell",
    "tag": "mag0.7_high",
    "cross": "high",
    "magnitude": 0.7,
    "baseline_key": [
      0.9,
      472,
      2048,
      128
    ],
    "params": {
      "period_P": 2048,
      "manifold_dim_D": 128,
      "continuity_center": 472,
      "fidelity_F": 0.97,
      "magnitude_M": 0.7,
      "locality_L": 0.9
    },
    "L_d_main": 2,
    "seed": 3,
    "perk": true,
    "label": "cell_mag0.7_high_s3",
    "out_file": "/mnt/c/Users/Jason/Desktop/Eridos/Weft 2/v2/results/phase1/pilot_Ld2/_runs/cell_mag0.7_high_s3.json"
  }
}