{
  "label": "cell_mag0.7_mid_s6",
  "L_d_main": 2,
  "seed": 6,
  "wall_clock_s": 241.87,
  "steps_trained": 10000,
  "final_interval_loss": -2880.451889,
  "nan_inf": false,
  "still_descending": false,
  "stability_flag": "stable",
  "diff_mu": 0.03803630173206329,
  "diff_sigma": 1.3581191282696636e-08,
  "diff_mu_aggregate": 0.03803630173206329,
  "diff_sigma_aggregate": 1.3581191282696636e-08,
  "diff_mu_per_k": [
    0.0372411385178566,
    0.03933887928724289,
    0.03605614975094795,
    0.04730014503002167,
    0.0380905382335186,
    0.03289978578686714,
    0.03389105945825577,
    0.037482306361198425,
    0.033149104565382004,
    0.044584911316633224,
    0.0393763892352581,
    0.03770393878221512,
    0.04010337218642235,
    0.038154345005750656,
    0.03591780737042427,
    0.037290945649147034
  ],
  "diff_sigma_per_k": [
    1.2353882361537671e-08,
    1.385796366548675e-08,
    1.4040064222342608e-08,
    2.1773612246533958e-08,
    1.2579768338127906e-08,
    1.0990982346470446e-08,
    1.0991394461257187e-08,
    1.2433551077606353e-08,
    1.4153995309129641e-08,
    1.8130659640291924e-08,
    1.3757051497975681e-08,
    1.1873630079151098e-08,
    1.1602983462921657e-08,
    1.2628145640292132e-08,
    1.4044275076230406e-08,
    1.2087101097790764e-08
  ],
  "variance_collapse": false,
  "k_report_idx": {
    "k1": 0,
    "k8": 7,
    "k15": 14
  },
  "spec": {
    "kind": "cell",
    "tag": "mag0.7_mid",
    "cross": "mid",
    "magnitude": 0.7,
    "baseline_key": [
      0.5,
      39,
      256,
      16
    ],
    "params": {
      "period_P": 256,
      "manifold_dim_D": 16,
      "continuity_center": 39,
      "fidelity_F": 0.97,
      "magnitude_M": 0.7,
      "locality_L": 0.5
    },
    "L_d_main": 2,
    "seed": 6,
    "perk": true,
    "label": "cell_mag0.7_mid_s6",
    "out_file": "/mnt/c/Users/Jason/Desktop/Eridos/Weft 2/v2/results/phase1/pilot_Ld2/_runs/cell_mag0.7_mid_s6.json"
  }
}