{
  "label": "cell_mag0.3_high_s1",
  "L_d_main": 2,
  "seed": 1,
  "wall_clock_s": 237.76,
  "steps_trained": 10000,
  "final_interval_loss": -3002.181612,
  "nan_inf": false,
  "still_descending": false,
  "stability_flag": "stable",
  "diff_mu": 9.053055691765621e-05,
  "diff_sigma": 4.25181764796001e-11,
  "diff_mu_aggregate": 9.053055691765621e-05,
  "diff_sigma_aggregate": 4.25181764796001e-11,
  "diff_mu_per_k": [
    9.062622848432511e-05,
    9.055628470377997e-05,
    9.041673183673993e-05,
    9.077053982764482e-05,
    9.118721209233627e-05,
    9.004139428725466e-05,
    9.041567682288587e-05,
    9.031461377162486e-05,
    8.943209104472771e-05,
    9.136348671745509e-05,
    9.173722355626523e-05,
    9.057001443579793e-05,
    8.939980034483597e-05,
    9.055344708031043e-05,
    9.13997573661618e-05,
    8.970441558631137e-05
  ],
  "diff_sigma_per_k": [
    4.289956584413446e-11,
    4.740019488025382e-11,
    4.344349532892089e-11,
    3.482570481994074e-11,
    4.6796660296832826e-11,
    4.468240707988791e-11,
    3.743797979960384e-11,
    4.265539657599682e-11,
    4.057342309349288e-11,
    4.068408110402544e-11,
    4.8766716359560647e-11,
    4.60604124286057e-11,
    3.6084021187710036e-11,
    3.476774076971445e-11,
    4.8931910606730966e-11,
    4.4281078803720675e-11
  ],
  "variance_collapse": true,
  "k_report_idx": {
    "k1": 0,
    "k8": 7,
    "k15": 14
  },
  "spec": {
    "kind": "cell",
    "tag": "mag0.3_high",
    "cross": "high",
    "magnitude": 0.3,
    "baseline_key": [
      0.9,
      472,
      2048,
      128
    ],
    "params": {
      "period_P": 2048,
      "manifold_dim_D": 128,
      "continuity_center": 472,
      "fidelity_F": 0.97,
      "magnitude_M": 0.3,
      "locality_L": 0.9
    },
    "L_d_main": 2,
    "seed": 1,
    "perk": true,
    "label": "cell_mag0.3_high_s1",
    "out_file": "/mnt/c/Users/Jason/Desktop/Eridos/Weft 2/v2/results/phase1/pilot_Ld2/_runs/cell_mag0.3_high_s1.json"
  }
}