{
  "label": "cell_D4_mid_s1",
  "L_d_main": 2,
  "seed": 1,
  "wall_clock_s": 235.25,
  "steps_trained": 10000,
  "final_interval_loss": -2842.555816,
  "nan_inf": false,
  "still_descending": false,
  "stability_flag": "stable",
  "diff_mu": 0.012715429067611694,
  "diff_sigma": 3.912496548963418e-09,
  "diff_mu_aggregate": 0.012715429067611694,
  "diff_sigma_aggregate": 3.912496548963418e-09,
  "diff_mu_per_k": [
    0.012878323905169964,
    0.012579320929944515,
    0.012487491592764854,
    0.012580555863678455,
    0.012789793312549591,
    0.012795508839190006,
    0.012964745052158833,
    0.01288260892033577,
    0.012589187361299992,
    0.012599004432559013,
    0.012471341527998447,
    0.012684651650488377,
    0.01255132257938385,
    0.012963668443262577,
    0.012896537780761719,
    0.01273280382156372
  ],
  "diff_sigma_per_k": [
    3.2954450279731873e-09,
    3.854840446848584e-09,
    3.721247976429254e-09,
    4.7105777056799525e-09,
    4.3541450445161445e-09,
    4.301709655152308e-09,
    3.673195081432823e-09,
    3.3947908928411152e-09,
    3.555154393097837e-09,
    3.994109487592823e-09,
    4.980469814341859e-09,
    3.797272274397301e-09,
    3.3072997673855298e-09,
    3.400862924607395e-09,
    3.5191152214508747e-09,
    4.739707737400067e-09
  ],
  "variance_collapse": true,
  "k_report_idx": {
    "k1": 0,
    "k8": 7,
    "k15": 14
  },
  "spec": {
    "kind": "cell",
    "tag": "D4_mid",
    "cross": "mid",
    "magnitude": 0.3,
    "baseline_key": [
      0.5,
      39,
      256,
      4
    ],
    "params": {
      "period_P": 256,
      "manifold_dim_D": 4,
      "continuity_center": 39,
      "fidelity_F": 0.97,
      "magnitude_M": 0.3,
      "locality_L": 0.5
    },
    "L_d_main": 2,
    "seed": 1,
    "perk": true,
    "label": "cell_D4_mid_s1",
    "out_file": "/mnt/c/Users/Jason/Desktop/Eridos/Weft 2/v2/results/phase1/pilot_Ld2/_runs/cell_D4_mid_s1.json"
  }
}