{
  "label": "cell_D4_mid_s6",
  "L_d_main": 2,
  "seed": 6,
  "wall_clock_s": 233.79,
  "steps_trained": 10000,
  "final_interval_loss": -2826.389111,
  "nan_inf": false,
  "still_descending": true,
  "stability_flag": "stable",
  "diff_mu": 0.012575103901326656,
  "diff_sigma": 4.088787974865227e-09,
  "diff_mu_aggregate": 0.012575103901326656,
  "diff_sigma_aggregate": 4.088787974865227e-09,
  "diff_mu_per_k": [
    0.012864803895354271,
    0.012789726257324219,
    0.011975404806435108,
    0.012085155583918095,
    0.012530301697552204,
    0.01271907240152359,
    0.012963715009391308,
    0.012821068055927753,
    0.012556694447994232,
    0.012265113182365894,
    0.012537075206637383,
    0.012475325725972652,
    0.012492222711443901,
    0.01281332690268755,
    0.012682159431278706,
    0.012630496174097061
  ],
  "diff_sigma_per_k": [
    3.371014134501138e-09,
    3.94130861280928e-09,
    4.180843671264256e-09,
    4.757219507212085e-09,
    4.531925057449371e-09,
    3.94024279870564e-09,
    3.2523641557702376e-09,
    3.5010343513164344e-09,
    4.334006487027864e-09,
    4.746413484468803e-09,
    4.2900865082629025e-09,
    4.3393151294424115e-09,
    3.9666279150196715e-09,
    4.13397627241352e-09,
    4.459978164561562e-09,
    3.674246240592538e-09
  ],
  "variance_collapse": true,
  "k_report_idx": {
    "k1": 0,
    "k8": 7,
    "k15": 14
  },
  "spec": {
    "kind": "cell",
    "tag": "D4_mid",
    "cross": "mid",
    "magnitude": 0.3,
    "baseline_key": [
      0.5,
      39,
      256,
      4
    ],
    "params": {
      "period_P": 256,
      "manifold_dim_D": 4,
      "continuity_center": 39,
      "fidelity_F": 0.97,
      "magnitude_M": 0.3,
      "locality_L": 0.5
    },
    "L_d_main": 2,
    "seed": 6,
    "perk": true,
    "label": "cell_D4_mid_s6",
    "out_file": "/mnt/c/Users/Jason/Desktop/Eridos/Weft 2/v2/results/phase1/pilot_Ld2/_runs/cell_D4_mid_s6.json"
  }
}