{
  "label": "cell_D4_mid_s8",
  "L_d_main": 2,
  "seed": 8,
  "wall_clock_s": 232.88,
  "steps_trained": 10000,
  "final_interval_loss": -2799.648253,
  "nan_inf": false,
  "still_descending": false,
  "stability_flag": "stable",
  "diff_mu": 0.03139561414718628,
  "diff_sigma": 7.002966206925976e-09,
  "diff_mu_aggregate": 0.03139561414718628,
  "diff_sigma_aggregate": 7.002966206925976e-09,
  "diff_mu_per_k": [
    0.044554512947797775,
    0.04808951914310455,
    0.019179288297891617,
    0.01476622186601162,
    0.02671642415225506,
    0.03128708526492119,
    0.03142179548740387,
    0.01408859621733427,
    0.03575547784566879,
    0.010538525879383087,
    0.06098385155200958,
    0.022723950445652008,
    0.01434602215886116,
    0.02185397781431675,
    0.07432278245687485,
    0.03170181065797806
  ],
  "diff_sigma_per_k": [
    2.4896078532066213e-09,
    3.583335406176502e-09,
    3.2701910068766438e-09,
    1.015724571118426e-08,
    1.4600341380344162e-08,
    1.5684712195707107e-08,
    2.5867492592368535e-09,
    4.054350188908984e-09,
    2.910144791812286e-09,
    6.622588699656262e-09,
    1.8968764337046196e-08,
    1.2526373716070793e-08,
    4.218015270396336e-09,
    2.5056456909311464e-09,
    4.701989020361452e-09,
    3.1674067813014517e-09
  ],
  "variance_collapse": true,
  "k_report_idx": {
    "k1": 0,
    "k8": 7,
    "k15": 14
  },
  "spec": {
    "kind": "cell",
    "tag": "D4_mid",
    "cross": "mid",
    "magnitude": 0.3,
    "baseline_key": [
      0.5,
      39,
      256,
      4
    ],
    "params": {
      "period_P": 256,
      "manifold_dim_D": 4,
      "continuity_center": 39,
      "fidelity_F": 0.97,
      "magnitude_M": 0.3,
      "locality_L": 0.5
    },
    "L_d_main": 2,
    "seed": 8,
    "perk": true,
    "label": "cell_D4_mid_s8",
    "out_file": "/mnt/c/Users/Jason/Desktop/Eridos/Weft 2/v2/results/phase1/pilot_Ld2/_runs/cell_D4_mid_s8.json"
  }
}