{
  "label": "cell_mag0.7_low_s6",
  "L_d_main": 2,
  "seed": 6,
  "wall_clock_s": 236.51,
  "steps_trained": 10000,
  "final_interval_loss": -2832.631098,
  "nan_inf": false,
  "still_descending": false,
  "stability_flag": "stable",
  "diff_mu": 0.06982492655515671,
  "diff_sigma": 1.0912943437801914e-08,
  "diff_mu_aggregate": 0.06982492655515671,
  "diff_sigma_aggregate": 1.0912943437801914e-08,
  "diff_mu_per_k": [
    0.06905437260866165,
    0.06941299140453339,
    0.06981835514307022,
    0.0695381686091423,
    0.07012544572353363,
    0.06934680789709091,
    0.06927380710840225,
    0.06943919509649277,
    0.07039278745651245,
    0.06959330290555954,
    0.07008716464042664,
    0.06965474784374237,
    0.0701064020395279,
    0.07021205127239227,
    0.07070598751306534,
    0.07043726742267609
  ],
  "diff_sigma_per_k": [
    9.366244668740364e-09,
    8.265058859535657e-09,
    7.735932783248245e-09,
    9.153713342868741e-09,
    8.263664419416727e-09,
    9.330346273372925e-09,
    8.562452080695948e-09,
    9.457024496839495e-09,
    9.08257469234286e-09,
    8.99208796312223e-09,
    1.1158983070913564e-08,
    1.0296205665838443e-08,
    1.2522748171761577e-08,
    1.615868150395272e-08,
    1.7448606115522125e-08,
    1.881278244297846e-08
  ],
  "variance_collapse": false,
  "k_report_idx": {
    "k1": 0,
    "k8": 7,
    "k15": 14
  },
  "spec": {
    "kind": "cell",
    "tag": "mag0.7_low",
    "cross": "low",
    "magnitude": 0.7,
    "baseline_key": [
      0.3,
      3,
      32,
      4
    ],
    "params": {
      "period_P": 32,
      "manifold_dim_D": 4,
      "continuity_center": 3,
      "fidelity_F": 0.97,
      "magnitude_M": 0.7,
      "locality_L": 0.3
    },
    "L_d_main": 2,
    "seed": 6,
    "perk": true,
    "label": "cell_mag0.7_low_s6",
    "out_file": "/mnt/c/Users/Jason/Desktop/Eridos/Weft 2/v2/results/phase1/pilot_Ld2/_runs/cell_mag0.7_low_s6.json"
  }
}