{
  "label": "cell_mag0.3_high_s5",
  "L_d_main": 2,
  "seed": 5,
  "wall_clock_s": 240.98,
  "steps_trained": 10000,
  "final_interval_loss": -2987.967209,
  "nan_inf": false,
  "still_descending": false,
  "stability_flag": "stable",
  "diff_mu": 0.0002487323072273284,
  "diff_sigma": 5.985223427984465e-10,
  "diff_mu_aggregate": 0.0002487323072273284,
  "diff_sigma_aggregate": 5.985223427984465e-10,
  "diff_mu_per_k": [
    0.0002465567667968571,
    0.00025282028946094215,
    0.0002479056129232049,
    0.00025247008306905627,
    0.0002483480784576386,
    0.00024899712298065424,
    0.000248572148848325,
    0.0002468147431500256,
    0.0002472862252034247,
    0.00024924433091655374,
    0.00024950935039669275,
    0.00024837584351189435,
    0.00024622349883429706,
    0.0002474147768225521,
    0.00024768387083895504,
    0.00025149411521852016
  ],
  "diff_sigma_per_k": [
    5.751077947202532e-10,
    6.635417215683503e-10,
    5.667240010609476e-10,
    5.880820830306277e-10,
    5.49684631145908e-10,
    6.152393039471349e-10,
    6.34775232377649e-10,
    5.507533318294122e-10,
    5.855955165223747e-10,
    5.971890759681742e-10,
    6.427086640670154e-10,
    5.998465613110682e-10,
    5.285996640402857e-10,
    5.845388617586877e-10,
    6.277021680212158e-10,
    6.662678186941662e-10
  ],
  "variance_collapse": true,
  "k_report_idx": {
    "k1": 0,
    "k8": 7,
    "k15": 14
  },
  "spec": {
    "kind": "cell",
    "tag": "mag0.3_high",
    "cross": "high",
    "magnitude": 0.3,
    "baseline_key": [
      0.9,
      472,
      2048,
      128
    ],
    "params": {
      "period_P": 2048,
      "manifold_dim_D": 128,
      "continuity_center": 472,
      "fidelity_F": 0.97,
      "magnitude_M": 0.3,
      "locality_L": 0.9
    },
    "L_d_main": 2,
    "seed": 5,
    "perk": true,
    "label": "cell_mag0.3_high_s5",
    "out_file": "/mnt/c/Users/Jason/Desktop/Eridos/Weft 2/v2/results/phase1/pilot_Ld2/_runs/cell_mag0.3_high_s5.json"
  }
}