{
  "label": "cell_mag0.1_mid_s3",
  "L_d_main": 2,
  "seed": 3,
  "wall_clock_s": 238.79,
  "steps_trained": 10000,
  "final_interval_loss": -2851.652407,
  "nan_inf": false,
  "still_descending": false,
  "stability_flag": "stable",
  "diff_mu": 0.2513384222984314,
  "diff_sigma": 3.7136373975954484e-08,
  "diff_mu_aggregate": 0.2513384222984314,
  "diff_sigma_aggregate": 3.7136373975954484e-08,
  "diff_mu_per_k": [
    0.24785113334655762,
    0.25411224365234375,
    0.25311100482940674,
    0.25069913268089294,
    0.24865448474884033,
    0.24665752053260803,
    0.25051528215408325,
    0.25251153111457825,
    0.25011175870895386,
    0.2535867989063263,
    0.25116166472435,
    0.25345876812934875,
    0.253818154335022,
    0.2515004575252533,
    0.2510848045349121,
    0.25258055329322815
  ],
  "diff_sigma_per_k": [
    3.49978890312741e-08,
    4.4029384582700004e-08,
    3.721993024896619e-08,
    3.177674656740237e-08,
    3.5403260767452593e-08,
    3.3590197290322976e-08,
    3.305792262153773e-08,
    3.786260549532017e-08,
    3.567224027278826e-08,
    4.284175503244114e-08,
    3.617346777673447e-08,
    3.69793440313515e-08,
    3.8491496212600396e-08,
    3.698409045682638e-08,
    3.980605356446176e-08,
    3.9295631637514816e-08
  ],
  "variance_collapse": false,
  "k_report_idx": {
    "k1": 0,
    "k8": 7,
    "k15": 14
  },
  "spec": {
    "kind": "cell",
    "tag": "mag0.1_mid",
    "cross": "mid",
    "magnitude": 0.1,
    "baseline_key": [
      0.5,
      39,
      256,
      16
    ],
    "params": {
      "period_P": 256,
      "manifold_dim_D": 16,
      "continuity_center": 39,
      "fidelity_F": 0.97,
      "magnitude_M": 0.1,
      "locality_L": 0.5
    },
    "L_d_main": 2,
    "seed": 3,
    "perk": true,
    "label": "cell_mag0.1_mid_s3",
    "out_file": "/mnt/c/Users/Jason/Desktop/Eridos/Weft 2/v2/results/phase1/pilot_Ld2/_runs/cell_mag0.1_mid_s3.json"
  }
}