{
  "label": "cell_mag0.3_mid_s9",
  "L_d_main": 2,
  "seed": 9,
  "wall_clock_s": 233.81,
  "steps_trained": 10000,
  "final_interval_loss": -2796.068718,
  "nan_inf": false,
  "still_descending": false,
  "stability_flag": "stable",
  "diff_mu": 0.19747412204742432,
  "diff_sigma": 2.1537280758820998e-07,
  "diff_mu_aggregate": 0.19747412204742432,
  "diff_sigma_aggregate": 2.1537280758820998e-07,
  "diff_mu_per_k": [
    0.19836144149303436,
    0.20028577744960785,
    0.2009567767381668,
    0.19749847054481506,
    0.1978514939546585,
    0.19474227726459503,
    0.19176755845546722,
    0.19814953207969666,
    0.19701652228832245,
    0.20004671812057495,
    0.19616393744945526,
    0.19096559286117554,
    0.19597700238227844,
    0.19889096915721893,
    0.19878828525543213,
    0.2021237462759018
  ],
  "diff_sigma_per_k": [
    2.188977674677517e-07,
    2.3544511407180835e-07,
    2.524436695239274e-07,
    2.2045638559120562e-07,
    2.170134933976442e-07,
    2.011734636653273e-07,
    1.665022466568189e-07,
    2.1828300589277205e-07,
    2.126895708443044e-07,
    2.4010779497984913e-07,
    2.0786353616131237e-07,
    1.7691763787297532e-07,
    2.068484548090055e-07,
    2.1906404867877427e-07,
    2.1305892516920721e-07,
    2.3919974978525715e-07
  ],
  "variance_collapse": false,
  "k_report_idx": {
    "k1": 0,
    "k8": 7,
    "k15": 14
  },
  "spec": {
    "kind": "cell",
    "tag": "mag0.3_mid",
    "cross": "mid",
    "magnitude": 0.3,
    "baseline_key": [
      0.5,
      39,
      256,
      16
    ],
    "params": {
      "period_P": 256,
      "manifold_dim_D": 16,
      "continuity_center": 39,
      "fidelity_F": 0.97,
      "magnitude_M": 0.3,
      "locality_L": 0.5
    },
    "L_d_main": 2,
    "seed": 9,
    "perk": true,
    "label": "cell_mag0.3_mid_s9",
    "out_file": "/mnt/c/Users/Jason/Desktop/Eridos/Weft 2/v2/results/phase1/pilot_Ld2/_runs/cell_mag0.3_mid_s9.json"
  }
}