{
  "label": "cell_mag0.7_low_s3",
  "L_d_main": 2,
  "seed": 3,
  "wall_clock_s": 237.83,
  "steps_trained": 10000,
  "final_interval_loss": -2805.774882,
  "nan_inf": false,
  "still_descending": false,
  "stability_flag": "stable",
  "diff_mu": 2.0895800590515137,
  "diff_sigma": 2.4900373318814673e-06,
  "diff_mu_aggregate": 2.0895800590515137,
  "diff_sigma_aggregate": 2.4900373318814673e-06,
  "diff_mu_per_k": [
    2.0785610675811768,
    2.0845248699188232,
    2.0749008655548096,
    2.072880268096924,
    2.08322811126709,
    2.1000030040740967,
    2.093973398208618,
    2.099442958831787,
    2.0775792598724365,
    2.0886893272399902,
    2.0888895988464355,
    2.0963845252990723,
    2.0936625003814697,
    2.085397243499756,
    2.109175682067871,
    2.105984687805176
  ],
  "diff_sigma_per_k": [
    1.9836982119159075e-06,
    2.2432661808124976e-06,
    1.9394922219362343e-06,
    2.1598195871774806e-06,
    2.59518878920062e-06,
    2.4561325062677497e-06,
    2.756036337814294e-06,
    2.5595977604098152e-06,
    2.2108852135716006e-06,
    2.2774465833208524e-06,
    2.374191126364167e-06,
    2.3949178284965456e-06,
    2.449102112223045e-06,
    2.5359404389746487e-06,
    3.3702899600029923e-06,
    3.534590859999298e-06
  ],
  "variance_collapse": false,
  "k_report_idx": {
    "k1": 0,
    "k8": 7,
    "k15": 14
  },
  "spec": {
    "kind": "cell",
    "tag": "mag0.7_low",
    "cross": "low",
    "magnitude": 0.7,
    "baseline_key": [
      0.3,
      3,
      32,
      4
    ],
    "params": {
      "period_P": 32,
      "manifold_dim_D": 4,
      "continuity_center": 3,
      "fidelity_F": 0.97,
      "magnitude_M": 0.7,
      "locality_L": 0.3
    },
    "L_d_main": 2,
    "seed": 3,
    "perk": true,
    "label": "cell_mag0.7_low_s3",
    "out_file": "/mnt/c/Users/Jason/Desktop/Eridos/Weft 2/v2/results/phase1/pilot_Ld2/_runs/cell_mag0.7_low_s3.json"
  }
}