{
  "label": "cell_mag0.1_low_s2",
  "L_d_main": 2,
  "seed": 2,
  "wall_clock_s": 236.42,
  "steps_trained": 10000,
  "final_interval_loss": -2836.640014,
  "nan_inf": false,
  "still_descending": true,
  "stability_flag": "stable",
  "diff_mu": 0.4893450140953064,
  "diff_sigma": 2.2207063921086956e-07,
  "diff_mu_aggregate": 0.4893450140953064,
  "diff_sigma_aggregate": 2.2207063921086956e-07,
  "diff_mu_per_k": [
    0.49188095331192017,
    0.49732059240341187,
    0.507168173789978,
    0.4927768409252167,
    0.48979058861732483,
    0.4885505139827728,
    0.49246418476104736,
    0.4927315413951874,
    0.4913829267024994,
    0.48881998658180237,
    0.4918676018714905,
    0.4889346957206726,
    0.48797526955604553,
    0.4823157787322998,
    0.4772030711174011,
    0.4683399200439453
  ],
  "diff_sigma_per_k": [
    2.0978185943931749e-07,
    1.600578229954408e-07,
    1.337090509423433e-07,
    1.8761824094326585e-07,
    2.2924376708033378e-07,
    2.2404060473490972e-07,
    2.2957705425596941e-07,
    2.1049508802661876e-07,
    1.712639488005152e-07,
    2.1912609327046084e-07,
    2.1044537845682498e-07,
    2.0248634768904594e-07,
    2.4267961862278753e-07,
    2.5161671146634035e-07,
    3.0958176466810983e-07,
    3.6140687598162913e-07
  ],
  "variance_collapse": false,
  "k_report_idx": {
    "k1": 0,
    "k8": 7,
    "k15": 14
  },
  "spec": {
    "kind": "cell",
    "tag": "mag0.1_low",
    "cross": "low",
    "magnitude": 0.1,
    "baseline_key": [
      0.3,
      3,
      32,
      4
    ],
    "params": {
      "period_P": 32,
      "manifold_dim_D": 4,
      "continuity_center": 3,
      "fidelity_F": 0.97,
      "magnitude_M": 0.1,
      "locality_L": 0.3
    },
    "L_d_main": 2,
    "seed": 2,
    "perk": true,
    "label": "cell_mag0.1_low_s2",
    "out_file": "/mnt/c/Users/Jason/Desktop/Eridos/Weft 2/v2/results/phase1/pilot_Ld2/_runs/cell_mag0.1_low_s2.json"
  }
}