{
  "label": "cell_mag0.7_low_s0",
  "L_d_main": 2,
  "seed": 0,
  "wall_clock_s": 250.29,
  "steps_trained": 10000,
  "final_interval_loss": -2875.935782,
  "nan_inf": false,
  "still_descending": false,
  "stability_flag": "stable",
  "diff_mu": 0.9279202818870544,
  "diff_sigma": 3.811273359133338e-07,
  "diff_mu_aggregate": 0.9279202818870544,
  "diff_sigma_aggregate": 3.811273359133338e-07,
  "diff_mu_per_k": [
    0.923999011516571,
    0.9310171008110046,
    0.9375917315483093,
    0.9206308126449585,
    0.9282123446464539,
    0.9182379245758057,
    0.9281437397003174,
    0.9164226651191711,
    0.9250214695930481,
    0.9226176142692566,
    0.9166646003723145,
    0.9264534711837769,
    0.9398155808448792,
    0.9377870559692383,
    0.945633590221405,
    0.9284753203392029
  ],
  "diff_sigma_per_k": [
    3.119035909548984e-07,
    2.786124468912021e-07,
    2.9871492301936087e-07,
    3.506116570406448e-07,
    3.743232923625328e-07,
    3.9121115946727514e-07,
    3.623209750003298e-07,
    3.256311345012364e-07,
    3.0346026846928e-07,
    3.217491837403941e-07,
    3.151981218252331e-07,
    4.046535480028979e-07,
    4.6365698835870717e-07,
    4.6694231059518643e-07,
    4.919632488054049e-07,
    6.370844403136289e-07
  ],
  "variance_collapse": false,
  "k_report_idx": {
    "k1": 0,
    "k8": 7,
    "k15": 14
  },
  "spec": {
    "kind": "cell",
    "tag": "mag0.7_low",
    "cross": "low",
    "magnitude": 0.7,
    "baseline_key": [
      0.3,
      3,
      32,
      4
    ],
    "params": {
      "period_P": 32,
      "manifold_dim_D": 4,
      "continuity_center": 3,
      "fidelity_F": 0.97,
      "magnitude_M": 0.7,
      "locality_L": 0.3
    },
    "L_d_main": 2,
    "seed": 0,
    "perk": true,
    "label": "cell_mag0.7_low_s0",
    "out_file": "/mnt/c/Users/Jason/Desktop/Eridos/Weft 2/v2/results/phase1/pilot_Ld2/_runs/cell_mag0.7_low_s0.json"
  }
}