{
  "label": "cell_mag0.1_low_s4",
  "L_d_main": 2,
  "seed": 4,
  "wall_clock_s": 238.58,
  "steps_trained": 10000,
  "final_interval_loss": -2798.91187,
  "nan_inf": false,
  "still_descending": false,
  "stability_flag": "stable",
  "diff_mu": 0.5134217143058777,
  "diff_sigma": 2.0781583032203343e-07,
  "diff_mu_aggregate": 0.5134217143058777,
  "diff_sigma_aggregate": 2.0781583032203343e-07,
  "diff_mu_per_k": [
    0.5211078524589539,
    0.5103630423545837,
    0.5147899985313416,
    0.5108533501625061,
    0.5129867196083069,
    0.5150500535964966,
    0.5137962698936462,
    0.5135370492935181,
    0.5155198574066162,
    0.5156457424163818,
    0.5174721479415894,
    0.5155110359191895,
    0.5074612498283386,
    0.508310854434967,
    0.5100988745689392,
    0.512243390083313
  ],
  "diff_sigma_per_k": [
    1.8991646300037246e-07,
    2.0441146375560493e-07,
    1.97816589775357e-07,
    2.0777605413968558e-07,
    2.2151508005663345e-07,
    1.980336605811317e-07,
    1.951521397813849e-07,
    2.0410803358572593e-07,
    2.017733464754201e-07,
    2.0391968291733065e-07,
    1.8193439643710008e-07,
    2.0078681473023607e-07,
    2.25739668735514e-07,
    2.353013002220905e-07,
    2.2321923154322576e-07,
    2.33649402048286e-07
  ],
  "variance_collapse": false,
  "k_report_idx": {
    "k1": 0,
    "k8": 7,
    "k15": 14
  },
  "spec": {
    "kind": "cell",
    "tag": "mag0.1_low",
    "cross": "low",
    "magnitude": 0.1,
    "baseline_key": [
      0.3,
      3,
      32,
      4
    ],
    "params": {
      "period_P": 32,
      "manifold_dim_D": 4,
      "continuity_center": 3,
      "fidelity_F": 0.97,
      "magnitude_M": 0.1,
      "locality_L": 0.3
    },
    "L_d_main": 2,
    "seed": 4,
    "perk": true,
    "label": "cell_mag0.1_low_s4",
    "out_file": "/mnt/c/Users/Jason/Desktop/Eridos/Weft 2/v2/results/phase1/pilot_Ld2/_runs/cell_mag0.1_low_s4.json"
  }
}