{
  "label": "cell_contLow_mid_s8",
  "L_d_main": 2,
  "seed": 8,
  "wall_clock_s": 231.75,
  "steps_trained": 10000,
  "final_interval_loss": -2957.115727,
  "nan_inf": false,
  "still_descending": false,
  "stability_flag": "stable",
  "diff_mu": 0.1965784877538681,
  "diff_sigma": 1.9001205942004162e-08,
  "diff_mu_aggregate": 0.1965784877538681,
  "diff_sigma_aggregate": 1.9001205942004162e-08,
  "diff_mu_per_k": [
    0.1941096931695938,
    0.19530229270458221,
    0.19716328382492065,
    0.1960667073726654,
    0.1971941590309143,
    0.19627617299556732,
    0.1976618617773056,
    0.19562242925167084,
    0.19584396481513977,
    0.19538266956806183,
    0.19523443281650543,
    0.19593554735183716,
    0.19632990658283234,
    0.19693633913993835,
    0.19992655515670776,
    0.20027004182338715
  ],
  "diff_sigma_per_k": [
    1.5579978196456068e-08,
    1.3237908547125699e-08,
    1.8067572327140624e-08,
    1.6536363389718645e-08,
    2.109818630913196e-08,
    2.0045661131007364e-08,
    2.1554583895522228e-08,
    1.881283928639732e-08,
    1.6426865201424334e-08,
    1.396604254466638e-08,
    1.2718031072722624e-08,
    1.3339764848296909e-08,
    1.485734468786859e-08,
    2.0679047807448114e-08,
    2.8645033012253407e-08,
    3.845407903213527e-08
  ],
  "variance_collapse": false,
  "k_report_idx": {
    "k1": 0,
    "k8": 7,
    "k15": 14
  },
  "spec": {
    "kind": "cell",
    "tag": "contLow_mid",
    "cross": "mid",
    "magnitude": 0.3,
    "baseline_key": [
      0.5,
      19,
      256,
      16
    ],
    "params": {
      "period_P": 256,
      "manifold_dim_D": 16,
      "continuity_center": 19,
      "fidelity_F": 0.97,
      "magnitude_M": 0.3,
      "locality_L": 0.5
    },
    "L_d_main": 2,
    "seed": 8,
    "perk": true,
    "label": "cell_contLow_mid_s8",
    "out_file": "/mnt/c/Users/Jason/Desktop/Eridos/Weft 2/v2/results/phase1/pilot_Ld2/_runs/cell_contLow_mid_s8.json"
  }
}