{
  "label": "cell_contLow_mid_s7",
  "L_d_main": 2,
  "seed": 7,
  "wall_clock_s": 234.04,
  "steps_trained": 10000,
  "final_interval_loss": -2956.390737,
  "nan_inf": false,
  "still_descending": false,
  "stability_flag": "stable",
  "diff_mu": 0.30954596400260925,
  "diff_sigma": 4.016426657926786e-08,
  "diff_mu_aggregate": 0.30954596400260925,
  "diff_sigma_aggregate": 4.016426657926786e-08,
  "diff_mu_per_k": [
    0.3085249662399292,
    0.3150084316730499,
    0.31213292479515076,
    0.30479875206947327,
    0.30502086877822876,
    0.30929234623908997,
    0.30833107233047485,
    0.31196773052215576,
    0.31195661425590515,
    0.31160682439804077,
    0.3087364435195923,
    0.3138788938522339,
    0.31030240654945374,
    0.308731347322464,
    0.30647099018096924,
    0.30597490072250366
  ],
  "diff_sigma_per_k": [
    2.645545649215819e-08,
    2.9663146605685142e-08,
    3.393959246977829e-08,
    4.0431057612977384e-08,
    5.792118074054997e-08,
    4.9973831295346827e-08,
    5.224394428182677e-08,
    3.38706804825506e-08,
    2.5949063342523004e-08,
    2.5346512444457403e-08,
    2.5161016381503032e-08,
    2.4731569681080146e-08,
    4.285609378484878e-08,
    4.746983961467777e-08,
    5.456660900904353e-08,
    7.204862839671478e-08
  ],
  "variance_collapse": false,
  "k_report_idx": {
    "k1": 0,
    "k8": 7,
    "k15": 14
  },
  "spec": {
    "kind": "cell",
    "tag": "contLow_mid",
    "cross": "mid",
    "magnitude": 0.3,
    "baseline_key": [
      0.5,
      19,
      256,
      16
    ],
    "params": {
      "period_P": 256,
      "manifold_dim_D": 16,
      "continuity_center": 19,
      "fidelity_F": 0.97,
      "magnitude_M": 0.3,
      "locality_L": 0.5
    },
    "L_d_main": 2,
    "seed": 7,
    "perk": true,
    "label": "cell_contLow_mid_s7",
    "out_file": "/mnt/c/Users/Jason/Desktop/Eridos/Weft 2/v2/results/phase1/pilot_Ld2/_runs/cell_contLow_mid_s7.json"
  }
}