{
  "label": "cell_contLow_mid_s5",
  "L_d_main": 2,
  "seed": 5,
  "wall_clock_s": 233.68,
  "steps_trained": 10000,
  "final_interval_loss": -2952.683098,
  "nan_inf": false,
  "still_descending": false,
  "stability_flag": "stable",
  "diff_mu": 0.34329670667648315,
  "diff_sigma": 1.0079904200210876e-07,
  "diff_mu_aggregate": 0.34329670667648315,
  "diff_sigma_aggregate": 1.0079904200210876e-07,
  "diff_mu_per_k": [
    0.3415642976760864,
    0.3463565409183502,
    0.34205976128578186,
    0.3438851833343506,
    0.3414818346500397,
    0.3431803584098816,
    0.3461954891681671,
    0.3446580469608307,
    0.3426636755466461,
    0.3459583520889282,
    0.34185439348220825,
    0.34292200207710266,
    0.34402117133140564,
    0.3403127193450928,
    0.34189218282699585,
    0.343741774559021
  ],
  "diff_sigma_per_k": [
    8.79178827517535e-08,
    7.747585328843343e-08,
    9.106869924835337e-08,
    1.0447406850744301e-07,
    1.1583098569190042e-07,
    1.0227357449821284e-07,
    1.0824592067137928e-07,
    8.863224820743199e-08,
    8.06870161795814e-08,
    6.757455395245415e-08,
    7.072863894563852e-08,
    6.792259199528417e-08,
    9.487958152476494e-08,
    1.2504808921676158e-07,
    1.398738618263451e-07,
    1.9015116947684874e-07
  ],
  "variance_collapse": false,
  "k_report_idx": {
    "k1": 0,
    "k8": 7,
    "k15": 14
  },
  "spec": {
    "kind": "cell",
    "tag": "contLow_mid",
    "cross": "mid",
    "magnitude": 0.3,
    "baseline_key": [
      0.5,
      19,
      256,
      16
    ],
    "params": {
      "period_P": 256,
      "manifold_dim_D": 16,
      "continuity_center": 19,
      "fidelity_F": 0.97,
      "magnitude_M": 0.3,
      "locality_L": 0.5
    },
    "L_d_main": 2,
    "seed": 5,
    "perk": true,
    "label": "cell_contLow_mid_s5",
    "out_file": "/mnt/c/Users/Jason/Desktop/Eridos/Weft 2/v2/results/phase1/pilot_Ld2/_runs/cell_contLow_mid_s5.json"
  }
}