{
  "label": "cell_contLow_mid_s9",
  "L_d_main": 2,
  "seed": 9,
  "wall_clock_s": 235.13,
  "steps_trained": 10000,
  "final_interval_loss": -2944.795275,
  "nan_inf": false,
  "still_descending": false,
  "stability_flag": "stable",
  "diff_mu": 0.16940948367118835,
  "diff_sigma": 1.1784777598222718e-07,
  "diff_mu_aggregate": 0.16940948367118835,
  "diff_sigma_aggregate": 1.1784777598222718e-07,
  "diff_mu_per_k": [
    0.1683633178472519,
    0.17016883194446564,
    0.16747038066387177,
    0.17146585881710052,
    0.16935773193836212,
    0.17205898463726044,
    0.16868437826633453,
    0.1683240383863449,
    0.16809114813804626,
    0.1675201952457428,
    0.16784749925136566,
    0.16810838878154755,
    0.16999602317810059,
    0.17005637288093567,
    0.17065775394439697,
    0.1723809391260147
  ],
  "diff_sigma_per_k": [
    1.1007935540874314e-07,
    1.1801590460436273e-07,
    9.607830975255638e-08,
    1.322564457950648e-07,
    1.218498795196865e-07,
    1.713954560500497e-07,
    9.851372340108355e-08,
    1.1084019035934034e-07,
    8.573457677130136e-08,
    9.602094053207111e-08,
    7.966575310547341e-08,
    9.504751830036184e-08,
    1.0191105559442803e-07,
    1.323080454085357e-07,
    1.4849453577880922e-07,
    1.8735285323145945e-07
  ],
  "variance_collapse": false,
  "k_report_idx": {
    "k1": 0,
    "k8": 7,
    "k15": 14
  },
  "spec": {
    "kind": "cell",
    "tag": "contLow_mid",
    "cross": "mid",
    "magnitude": 0.3,
    "baseline_key": [
      0.5,
      19,
      256,
      16
    ],
    "params": {
      "period_P": 256,
      "manifold_dim_D": 16,
      "continuity_center": 19,
      "fidelity_F": 0.97,
      "magnitude_M": 0.3,
      "locality_L": 0.5
    },
    "L_d_main": 2,
    "seed": 9,
    "perk": true,
    "label": "cell_contLow_mid_s9",
    "out_file": "/mnt/c/Users/Jason/Desktop/Eridos/Weft 2/v2/results/phase1/pilot_Ld2/_runs/cell_contLow_mid_s9.json"
  }
}