{
  "label": "cell_mag0.9_mid_s3",
  "L_d_main": 2,
  "seed": 3,
  "wall_clock_s": 239.28,
  "steps_trained": 10000,
  "final_interval_loss": -2796.128556,
  "nan_inf": false,
  "still_descending": false,
  "stability_flag": "stable",
  "diff_mu": 0.050045132637023926,
  "diff_sigma": 6.013424780348942e-08,
  "diff_mu_aggregate": 0.050045132637023926,
  "diff_sigma_aggregate": 6.013424780348942e-08,
  "diff_mu_per_k": [
    0.04988420754671097,
    0.049472223967313766,
    0.05008114129304886,
    0.050292786210775375,
    0.05023874342441559,
    0.049811773002147675,
    0.05044962093234062,
    0.04951188340783119,
    0.05034174397587776,
    0.051311638206243515,
    0.04904787987470627,
    0.04962148517370224,
    0.04966096580028534,
    0.05039161071181297,
    0.05045769363641739,
    0.05014675855636597
  ],
  "diff_sigma_per_k": [
    5.457755136717424e-08,
    6.145405251345437e-08,
    6.211396197386421e-08,
    6.251258355405298e-08,
    5.500348976283931e-08,
    5.379399325988743e-08,
    6.014743547666512e-08,
    6.023385168418827e-08,
    6.045419098654747e-08,
    7.205760965689478e-08,
    6.192833978957424e-08,
    5.7206335668524844e-08,
    5.6447721163976894e-08,
    5.590932872223675e-08,
    6.785842288081767e-08,
    6.044915323855093e-08
  ],
  "variance_collapse": false,
  "k_report_idx": {
    "k1": 0,
    "k8": 7,
    "k15": 14
  },
  "spec": {
    "kind": "cell",
    "tag": "mag0.9_mid",
    "cross": "mid",
    "magnitude": 0.9,
    "baseline_key": [
      0.5,
      39,
      256,
      16
    ],
    "params": {
      "period_P": 256,
      "manifold_dim_D": 16,
      "continuity_center": 39,
      "fidelity_F": 0.97,
      "magnitude_M": 0.9,
      "locality_L": 0.5
    },
    "L_d_main": 2,
    "seed": 3,
    "perk": true,
    "label": "cell_mag0.9_mid_s3",
    "out_file": "/mnt/c/Users/Jason/Desktop/Eridos/Weft 2/v2/results/phase1/pilot_Ld2/_runs/cell_mag0.9_mid_s3.json"
  }
}