{
  "label": "cell_contLow_mid_s1",
  "L_d_main": 2,
  "seed": 1,
  "wall_clock_s": 235.48,
  "steps_trained": 10000,
  "final_interval_loss": -2972.68538,
  "nan_inf": false,
  "still_descending": false,
  "stability_flag": "stable",
  "diff_mu": 0.1447865515947342,
  "diff_sigma": 1.5479251658234716e-08,
  "diff_mu_aggregate": 0.1447865515947342,
  "diff_sigma_aggregate": 1.5479251658234716e-08,
  "diff_mu_per_k": [
    0.14380595088005066,
    0.1435226947069168,
    0.1445249617099762,
    0.1448652595281601,
    0.14484788477420807,
    0.14521904289722443,
    0.14474044740200043,
    0.1439601331949234,
    0.1450418382883072,
    0.14442801475524902,
    0.14538709819316864,
    0.14451466500759125,
    0.14582198858261108,
    0.14507345855236053,
    0.14528152346611023,
    0.1455499678850174
  ],
  "diff_sigma_per_k": [
    1.2212450606341463e-08,
    1.2067085997102822e-08,
    1.4074140963771242e-08,
    1.3876959137348877e-08,
    1.8149561853419982e-08,
    1.7226467363684606e-08,
    1.5822712029489594e-08,
    1.4729192088225318e-08,
    1.1127695209722788e-08,
    1.0518375503920652e-08,
    1.133448357393263e-08,
    1.0983471021575042e-08,
    1.22936141266905e-08,
    1.8391739686762776e-08,
    2.474556559661778e-08,
    3.011450644407887e-08
  ],
  "variance_collapse": false,
  "k_report_idx": {
    "k1": 0,
    "k8": 7,
    "k15": 14
  },
  "spec": {
    "kind": "cell",
    "tag": "contLow_mid",
    "cross": "mid",
    "magnitude": 0.3,
    "baseline_key": [
      0.5,
      19,
      256,
      16
    ],
    "params": {
      "period_P": 256,
      "manifold_dim_D": 16,
      "continuity_center": 19,
      "fidelity_F": 0.97,
      "magnitude_M": 0.3,
      "locality_L": 0.5
    },
    "L_d_main": 2,
    "seed": 1,
    "perk": true,
    "label": "cell_contLow_mid_s1",
    "out_file": "/mnt/c/Users/Jason/Desktop/Eridos/Weft 2/v2/results/phase1/pilot_Ld2/_runs/cell_contLow_mid_s1.json"
  }
}