{
  "label": "cell_mag0.3_low_s5",
  "L_d_main": 2,
  "seed": 5,
  "wall_clock_s": 234.61,
  "steps_trained": 10000,
  "final_interval_loss": -2785.270927,
  "nan_inf": false,
  "still_descending": false,
  "stability_flag": "stable",
  "diff_mu": 0.28261104226112366,
  "diff_sigma": 3.9341571778095386e-07,
  "diff_mu_aggregate": 0.28261104226112366,
  "diff_sigma_aggregate": 3.9341571778095386e-07,
  "diff_mu_per_k": [
    0.2812981605529785,
    0.2818189263343811,
    0.27952516078948975,
    0.2788989841938019,
    0.28312891721725464,
    0.2811506986618042,
    0.2848970890045166,
    0.2805453836917877,
    0.28308433294296265,
    0.282079815864563,
    0.283977746963501,
    0.2846018373966217,
    0.28388065099716187,
    0.28383398056030273,
    0.28592729568481445,
    0.2831282317638397
  ],
  "diff_sigma_per_k": [
    3.0402449624489236e-07,
    2.9177297733440355e-07,
    3.2696169682822074e-07,
    2.812382717820583e-07,
    3.265913051109237e-07,
    4.373980573291192e-07,
    4.769509018842655e-07,
    4.177388177595276e-07,
    3.127478009901097e-07,
    3.0088372682257614e-07,
    3.131548282908625e-07,
    4.3011976913476246e-07,
    4.5167934104028973e-07,
    4.972993679075444e-07,
    5.581990194514219e-07,
    5.678911634277028e-07
  ],
  "variance_collapse": false,
  "k_report_idx": {
    "k1": 0,
    "k8": 7,
    "k15": 14
  },
  "spec": {
    "kind": "cell",
    "tag": "mag0.3_low",
    "cross": "low",
    "magnitude": 0.3,
    "baseline_key": [
      0.3,
      3,
      32,
      4
    ],
    "params": {
      "period_P": 32,
      "manifold_dim_D": 4,
      "continuity_center": 3,
      "fidelity_F": 0.97,
      "magnitude_M": 0.3,
      "locality_L": 0.3
    },
    "L_d_main": 2,
    "seed": 5,
    "perk": true,
    "label": "cell_mag0.3_low_s5",
    "out_file": "/mnt/c/Users/Jason/Desktop/Eridos/Weft 2/v2/results/phase1/pilot_Ld2/_runs/cell_mag0.3_low_s5.json"
  }
}