{
  "label": "cell_mag0.7_high_s4",
  "L_d_main": 2,
  "seed": 4,
  "wall_clock_s": 237.81,
  "steps_trained": 10000,
  "final_interval_loss": -3001.649709,
  "nan_inf": false,
  "still_descending": false,
  "stability_flag": "stable",
  "diff_mu": 7.171439938247204e-05,
  "diff_sigma": 2.1369685188066256e-10,
  "diff_mu_aggregate": 7.171439938247204e-05,
  "diff_sigma_aggregate": 2.1369685188066256e-10,
  "diff_mu_per_k": [
    7.317326526390389e-05,
    7.221301348181441e-05,
    7.280492718564346e-05,
    7.123495015548542e-05,
    7.058516348479316e-05,
    7.236817327793688e-05,
    7.07694489392452e-05,
    7.044875383144245e-05,
    7.152269972721115e-05,
    7.215522055048496e-05,
    7.167650619521737e-05,
    7.24031706340611e-05,
    7.160191307775676e-05,
    7.163202826632187e-05,
    7.083764648996294e-05,
    7.200354593805969e-05
  ],
  "diff_sigma_per_k": [
    2.1164156538411305e-10,
    2.1822933737869477e-10,
    2.2009379041509902e-10,
    2.0115020760158586e-10,
    1.9567554521149333e-10,
    2.5618215881983986e-10,
    2.150016970015045e-10,
    2.076707278364509e-10,
    1.97600769080708e-10,
    2.4918042629273884e-10,
    2.117714614779942e-10,
    2.1575101427639964e-10,
    2.1540529082653137e-10,
    1.7811850605564672e-10,
    2.0356541452493104e-10,
    2.2211175954023332e-10
  ],
  "variance_collapse": true,
  "k_report_idx": {
    "k1": 0,
    "k8": 7,
    "k15": 14
  },
  "spec": {
    "kind": "cell",
    "tag": "mag0.7_high",
    "cross": "high",
    "magnitude": 0.7,
    "baseline_key": [
      0.9,
      472,
      2048,
      128
    ],
    "params": {
      "period_P": 2048,
      "manifold_dim_D": 128,
      "continuity_center": 472,
      "fidelity_F": 0.97,
      "magnitude_M": 0.7,
      "locality_L": 0.9
    },
    "L_d_main": 2,
    "seed": 4,
    "perk": true,
    "label": "cell_mag0.7_high_s4",
    "out_file": "/mnt/c/Users/Jason/Desktop/Eridos/Weft 2/v2/results/phase1/pilot_Ld2/_runs/cell_mag0.7_high_s4.json"
  }
}