{
  "label": "cell_mag0.3_mid_s7",
  "L_d_main": 2,
  "seed": 7,
  "wall_clock_s": 237.04,
  "steps_trained": 10000,
  "final_interval_loss": -2872.870663,
  "nan_inf": false,
  "still_descending": true,
  "stability_flag": "stable",
  "diff_mu": 0.029020259156823158,
  "diff_sigma": 3.656857927580859e-09,
  "diff_mu_aggregate": 0.029020259156823158,
  "diff_sigma_aggregate": 3.656857927580859e-09,
  "diff_mu_per_k": [
    0.02901473082602024,
    0.02889765240252018,
    0.029092026874423027,
    0.028882093727588654,
    0.02916688285768032,
    0.029024237766861916,
    0.028544820845127106,
    0.029130546376109123,
    0.02916979044675827,
    0.02910514362156391,
    0.02903185412287712,
    0.029092799872159958,
    0.029042711481451988,
    0.028882039710879326,
    0.02921721525490284,
    0.029029525816440582
  ],
  "diff_sigma_per_k": [
    3.274784665663333e-09,
    3.452864216768603e-09,
    4.162754141390224e-09,
    4.258557506631178e-09,
    3.2846476649694978e-09,
    2.854310121591652e-09,
    3.6353942078903856e-09,
    3.6433198680185797e-09,
    3.4301275153580946e-09,
    3.764069944622861e-09,
    4.041878387539555e-09,
    2.9997118122793154e-09,
    3.908409151875958e-09,
    3.5823741750817817e-09,
    3.74621400567321e-09,
    4.470309455939514e-09
  ],
  "variance_collapse": true,
  "k_report_idx": {
    "k1": 0,
    "k8": 7,
    "k15": 14
  },
  "spec": {
    "kind": "cell",
    "tag": "mag0.3_mid",
    "cross": "mid",
    "magnitude": 0.3,
    "baseline_key": [
      0.5,
      39,
      256,
      16
    ],
    "params": {
      "period_P": 256,
      "manifold_dim_D": 16,
      "continuity_center": 39,
      "fidelity_F": 0.97,
      "magnitude_M": 0.3,
      "locality_L": 0.5
    },
    "L_d_main": 2,
    "seed": 7,
    "perk": true,
    "label": "cell_mag0.3_mid_s7",
    "out_file": "/mnt/c/Users/Jason/Desktop/Eridos/Weft 2/v2/results/phase1/pilot_Ld2/_runs/cell_mag0.3_mid_s7.json"
  }
}