{
  "label": "cell_mag0.1_high_s8",
  "L_d_main": 2,
  "seed": 8,
  "wall_clock_s": 237.11,
  "steps_trained": 10000,
  "final_interval_loss": -2998.753498,
  "nan_inf": false,
  "still_descending": false,
  "stability_flag": "stable",
  "diff_mu": 5.8520465245237574e-05,
  "diff_sigma": 1.102816449272126e-10,
  "diff_mu_aggregate": 5.8520465245237574e-05,
  "diff_sigma_aggregate": 1.102816449272126e-10,
  "diff_mu_per_k": [
    6.019501597620547e-05,
    5.918972965446301e-05,
    5.902942575630732e-05,
    5.861793033545837e-05,
    5.7930526963900775e-05,
    5.864531340193935e-05,
    5.8390996855450794e-05,
    5.8054101828020066e-05,
    5.813927054987289e-05,
    5.8110443205805495e-05,
    5.842436075909063e-05,
    5.905797297600657e-05,
    5.768202026956715e-05,
    5.8600584452506155e-05,
    5.8278001233702525e-05,
    5.7981687859864905e-05
  ],
  "diff_sigma_per_k": [
    1.1117443077246492e-10,
    1.22443430394803e-10,
    1.0501356034753329e-10,
    1.042428435238385e-10,
    1.0695724167453236e-10,
    1.097732044152977e-10,
    1.1682277367697225e-10,
    1.0923623811054384e-10,
    1.0496192109910041e-10,
    1.1762178731000716e-10,
    1.0434281216831209e-10,
    1.1082155332298171e-10,
    1.0527875793364672e-10,
    1.0530355060156538e-10,
    1.1239840308485682e-10,
    1.181137965211576e-10
  ],
  "variance_collapse": true,
  "k_report_idx": {
    "k1": 0,
    "k8": 7,
    "k15": 14
  },
  "spec": {
    "kind": "cell",
    "tag": "mag0.1_high",
    "cross": "high",
    "magnitude": 0.1,
    "baseline_key": [
      0.9,
      472,
      2048,
      128
    ],
    "params": {
      "period_P": 2048,
      "manifold_dim_D": 128,
      "continuity_center": 472,
      "fidelity_F": 0.97,
      "magnitude_M": 0.1,
      "locality_L": 0.9
    },
    "L_d_main": 2,
    "seed": 8,
    "perk": true,
    "label": "cell_mag0.1_high_s8",
    "out_file": "/mnt/c/Users/Jason/Desktop/Eridos/Weft 2/v2/results/phase1/pilot_Ld2/_runs/cell_mag0.1_high_s8.json"
  }
}