{
  "label": "cell_contLow_mid_s6",
  "L_d_main": 2,
  "seed": 6,
  "wall_clock_s": 238.02,
  "steps_trained": 10000,
  "final_interval_loss": -2970.151316,
  "nan_inf": false,
  "still_descending": false,
  "stability_flag": "stable",
  "diff_mu": 0.04992809519171715,
  "diff_sigma": 4.0128121270299744e-08,
  "diff_mu_aggregate": 0.04992809519171715,
  "diff_sigma_aggregate": 4.0128121270299744e-08,
  "diff_mu_per_k": [
    0.04978720843791962,
    0.049910951405763626,
    0.04960709437727928,
    0.050013817846775055,
    0.05023089796304703,
    0.04957752674818039,
    0.04974684864282608,
    0.05023149773478508,
    0.049917545169591904,
    0.049797363579273224,
    0.049654681235551834,
    0.050279632210731506,
    0.04980789124965668,
    0.050072088837623596,
    0.050394102931022644,
    0.04982035607099533
  ],
  "diff_sigma_per_k": [
    3.0950147333896894e-08,
    3.0600467937347275e-08,
    3.073700227673726e-08,
    3.954177429932315e-08,
    4.651031915159365e-08,
    5.1669516665242554e-08,
    4.461593761106997e-08,
    4.2893397278476186e-08,
    3.797837067054388e-08,
    3.388408842397439e-08,
    2.730280712626154e-08,
    3.244103297106449e-08,
    3.342547927331907e-08,
    4.203007719638663e-08,
    5.3243695674609626e-08,
    6.422577314424416e-08
  ],
  "variance_collapse": false,
  "k_report_idx": {
    "k1": 0,
    "k8": 7,
    "k15": 14
  },
  "spec": {
    "kind": "cell",
    "tag": "contLow_mid",
    "cross": "mid",
    "magnitude": 0.3,
    "baseline_key": [
      0.5,
      19,
      256,
      16
    ],
    "params": {
      "period_P": 256,
      "manifold_dim_D": 16,
      "continuity_center": 19,
      "fidelity_F": 0.97,
      "magnitude_M": 0.3,
      "locality_L": 0.5
    },
    "L_d_main": 2,
    "seed": 6,
    "perk": true,
    "label": "cell_contLow_mid_s6",
    "out_file": "/mnt/c/Users/Jason/Desktop/Eridos/Weft 2/v2/results/phase1/pilot_Ld2/_runs/cell_contLow_mid_s6.json"
  }
}