{
  "label": "cell_mag0.1_mid_s7",
  "L_d_main": 2,
  "seed": 7,
  "wall_clock_s": 237.34,
  "steps_trained": 10000,
  "final_interval_loss": -2844.987342,
  "nan_inf": false,
  "still_descending": true,
  "stability_flag": "stable",
  "diff_mu": 0.16095910966396332,
  "diff_sigma": 2.899550111123972e-08,
  "diff_mu_aggregate": 0.16095910966396332,
  "diff_sigma_aggregate": 2.899550111123972e-08,
  "diff_mu_per_k": [
    0.1606811285018921,
    0.1604454517364502,
    0.15986192226409912,
    0.1626892387866974,
    0.16191479563713074,
    0.1610971838235855,
    0.1599738448858261,
    0.16018015146255493,
    0.16174659132957458,
    0.16304653882980347,
    0.1604420691728592,
    0.15891285240650177,
    0.1608104407787323,
    0.16215674579143524,
    0.16051927208900452,
    0.16086764633655548
  ],
  "diff_sigma_per_k": [
    2.8213598568527232e-08,
    2.7544841074700344e-08,
    3.3892806783342166e-08,
    3.0984615762008616e-08,
    2.7657957701876512e-08,
    2.291076661720126e-08,
    2.5976722994869306e-08,
    2.6962313270928462e-08,
    3.066510245730569e-08,
    3.297214590247677e-08,
    3.032864626106857e-08,
    2.253277742170212e-08,
    2.880072713651316e-08,
    3.113154889433645e-08,
    3.066793041739402e-08,
    3.2685534279153217e-08
  ],
  "variance_collapse": false,
  "k_report_idx": {
    "k1": 0,
    "k8": 7,
    "k15": 14
  },
  "spec": {
    "kind": "cell",
    "tag": "mag0.1_mid",
    "cross": "mid",
    "magnitude": 0.1,
    "baseline_key": [
      0.5,
      39,
      256,
      16
    ],
    "params": {
      "period_P": 256,
      "manifold_dim_D": 16,
      "continuity_center": 39,
      "fidelity_F": 0.97,
      "magnitude_M": 0.1,
      "locality_L": 0.5
    },
    "L_d_main": 2,
    "seed": 7,
    "perk": true,
    "label": "cell_mag0.1_mid_s7",
    "out_file": "/mnt/c/Users/Jason/Desktop/Eridos/Weft 2/v2/results/phase1/pilot_Ld2/_runs/cell_mag0.1_mid_s7.json"
  }
}