{
  "label": "cell_mag0.7_mid_s1",
  "L_d_main": 2,
  "seed": 1,
  "wall_clock_s": 236.17,
  "steps_trained": 10000,
  "final_interval_loss": -2863.173334,
  "nan_inf": false,
  "still_descending": true,
  "stability_flag": "stable",
  "diff_mu": 0.1433984339237213,
  "diff_sigma": 7.442466909424184e-08,
  "diff_mu_aggregate": 0.1433984339237213,
  "diff_sigma_aggregate": 7.442466909424184e-08,
  "diff_mu_per_k": [
    0.1450449824333191,
    0.14527390897274017,
    0.14407241344451904,
    0.14353342354297638,
    0.1444966346025467,
    0.14325286448001862,
    0.14190874993801117,
    0.1435839980840683,
    0.1442878097295761,
    0.14431115984916687,
    0.142907053232193,
    0.14250603318214417,
    0.14357653260231018,
    0.14196687936782837,
    0.1405601054430008,
    0.14309273660182953
  ],
  "diff_sigma_per_k": [
    7.300656079678447e-08,
    7.656070266648385e-08,
    8.225647718518303e-08,
    8.716089183735676e-08,
    5.97219411702099e-08,
    6.468097524248151e-08,
    6.892597781416043e-08,
    7.73125634623284e-08,
    8.532467177246872e-08,
    6.92954742476104e-08,
    8.6677168553706e-08,
    6.180803069355534e-08,
    6.543645980627844e-08,
    7.644161570397046e-08,
    7.729041584525476e-08,
    7.889480002631899e-08
  ],
  "variance_collapse": false,
  "k_report_idx": {
    "k1": 0,
    "k8": 7,
    "k15": 14
  },
  "spec": {
    "kind": "cell",
    "tag": "mag0.7_mid",
    "cross": "mid",
    "magnitude": 0.7,
    "baseline_key": [
      0.5,
      39,
      256,
      16
    ],
    "params": {
      "period_P": 256,
      "manifold_dim_D": 16,
      "continuity_center": 39,
      "fidelity_F": 0.97,
      "magnitude_M": 0.7,
      "locality_L": 0.5
    },
    "L_d_main": 2,
    "seed": 1,
    "perk": true,
    "label": "cell_mag0.7_mid_s1",
    "out_file": "/mnt/c/Users/Jason/Desktop/Eridos/Weft 2/v2/results/phase1/pilot_Ld2/_runs/cell_mag0.7_mid_s1.json"
  }
}