{
  "label": "cell_mag0.1_high_s5",
  "L_d_main": 2,
  "seed": 5,
  "wall_clock_s": 245.02,
  "steps_trained": 10000,
  "final_interval_loss": -3000.683109,
  "nan_inf": false,
  "still_descending": false,
  "stability_flag": "stable",
  "diff_mu": 9.907626372296363e-05,
  "diff_sigma": 2.620973993394671e-10,
  "diff_mu_aggregate": 9.907626372296363e-05,
  "diff_sigma_aggregate": 2.620973993394671e-10,
  "diff_mu_per_k": [
    0.00010000344627769664,
    9.775590297067538e-05,
    9.895295079331845e-05,
    9.97459574136883e-05,
    0.00010118466161657125,
    9.889479406410828e-05,
    9.997420420404524e-05,
    9.851634240476415e-05,
    9.858291741693392e-05,
    9.909024083754048e-05,
    9.935973503161222e-05,
    9.879591380013153e-05,
    9.78830867097713e-05,
    9.875943214865401e-05,
    9.975943976314738e-05,
    9.796118683880195e-05
  ],
  "diff_sigma_per_k": [
    2.4258750563888043e-10,
    2.510764929297693e-10,
    2.370837137721793e-10,
    2.3253629577446588e-10,
    2.461527925934348e-10,
    3.183711350107643e-10,
    2.645098307052507e-10,
    2.4662399900066134e-10,
    2.616287464451972e-10,
    2.4813812116164513e-10,
    2.857450942528317e-10,
    2.6448096490661044e-10,
    2.4466501047371025e-10,
    2.606773963353959e-10,
    3.142989479787417e-10,
    2.7498231469635925e-10
  ],
  "variance_collapse": true,
  "k_report_idx": {
    "k1": 0,
    "k8": 7,
    "k15": 14
  },
  "spec": {
    "kind": "cell",
    "tag": "mag0.1_high",
    "cross": "high",
    "magnitude": 0.1,
    "baseline_key": [
      0.9,
      472,
      2048,
      128
    ],
    "params": {
      "period_P": 2048,
      "manifold_dim_D": 128,
      "continuity_center": 472,
      "fidelity_F": 0.97,
      "magnitude_M": 0.1,
      "locality_L": 0.9
    },
    "L_d_main": 2,
    "seed": 5,
    "perk": true,
    "label": "cell_mag0.1_high_s5",
    "out_file": "/mnt/c/Users/Jason/Desktop/Eridos/Weft 2/v2/results/phase1/pilot_Ld2/_runs/cell_mag0.1_high_s5.json"
  }
}