{
  "label": "cell_mag0.3_high_s0",
  "L_d_main": 2,
  "seed": 0,
  "wall_clock_s": 238.41,
  "steps_trained": 10000,
  "final_interval_loss": -2952.398686,
  "nan_inf": false,
  "still_descending": false,
  "stability_flag": "stable",
  "diff_mu": 7.921699580037966e-05,
  "diff_sigma": 1.4521782387699744e-10,
  "diff_mu_aggregate": 7.921699580037966e-05,
  "diff_sigma_aggregate": 1.4521782387699744e-10,
  "diff_mu_per_k": [
    8.065862493822351e-05,
    7.966715202201158e-05,
    7.866766827646643e-05,
    7.825779903214425e-05,
    7.841385377105325e-05,
    7.94264196883887e-05,
    7.939698116388172e-05,
    7.996559725143015e-05,
    8.007138967514038e-05,
    7.896992610767484e-05,
    7.922721124486998e-05,
    7.84513758844696e-05,
    7.872994319768623e-05,
    7.862115307943895e-05,
    7.905298116384074e-05,
    7.989393634488806e-05
  ],
  "diff_sigma_per_k": [
    1.3709369750536382e-10,
    1.677144673140063e-10,
    1.3063676529423418e-10,
    1.1934957189208006e-10,
    1.2442123720202147e-10,
    1.4573639517401205e-10,
    1.5273168840757023e-10,
    1.529012472190061e-10,
    1.6771201094556432e-10,
    1.626769136064965e-10,
    1.5821276233562998e-10,
    1.3965248402136865e-10,
    1.2137564564529413e-10,
    1.444539488026919e-10,
    1.4072329412861961e-10,
    1.5809308029357538e-10
  ],
  "variance_collapse": true,
  "k_report_idx": {
    "k1": 0,
    "k8": 7,
    "k15": 14
  },
  "spec": {
    "kind": "cell",
    "tag": "mag0.3_high",
    "cross": "high",
    "magnitude": 0.3,
    "baseline_key": [
      0.9,
      472,
      2048,
      128
    ],
    "params": {
      "period_P": 2048,
      "manifold_dim_D": 128,
      "continuity_center": 472,
      "fidelity_F": 0.97,
      "magnitude_M": 0.3,
      "locality_L": 0.9
    },
    "L_d_main": 2,
    "seed": 0,
    "perk": true,
    "label": "cell_mag0.3_high_s0",
    "out_file": "/mnt/c/Users/Jason/Desktop/Eridos/Weft 2/v2/results/phase1/pilot_Ld2/_runs/cell_mag0.3_high_s0.json"
  }
}