{
  "label": "cell_mag0.7_high_s0",
  "L_d_main": 2,
  "seed": 0,
  "wall_clock_s": 238.27,
  "steps_trained": 10000,
  "final_interval_loss": -2998.883659,
  "nan_inf": false,
  "still_descending": false,
  "stability_flag": "stable",
  "diff_mu": 5.391242666519247e-05,
  "diff_sigma": 3.1287711310667987e-10,
  "diff_mu_aggregate": 5.391242666519247e-05,
  "diff_sigma_aggregate": 3.1287711310667987e-10,
  "diff_mu_per_k": [
    5.477962258737534e-05,
    5.440691893454641e-05,
    5.395913831307553e-05,
    5.3857256716582924e-05,
    5.512264397111721e-05,
    5.34307946509216e-05,
    5.421543392003514e-05,
    5.3627125453203917e-05,
    5.343006341718137e-05,
    5.3101961384527385e-05,
    5.390934529714286e-05,
    5.3918873163638636e-05,
    5.349516504793428e-05,
    5.347522528609261e-05,
    5.425097333500162e-05,
    5.361831426853314e-05
  ],
  "diff_sigma_per_k": [
    3.2131919347477833e-10,
    3.4577229968135725e-10,
    2.884011918169449e-10,
    2.6412422249322276e-10,
    2.744515725794372e-10,
    3.3639135921248453e-10,
    3.0013097562786584e-10,
    3.150127103612732e-10,
    3.354202193772693e-10,
    3.141723547983588e-10,
    3.1397848210268364e-10,
    3.2016719830885165e-10,
    2.8255336959048805e-10,
    3.2628680313173675e-10,
    3.300857920329747e-10,
    3.377660373615754e-10
  ],
  "variance_collapse": true,
  "k_report_idx": {
    "k1": 0,
    "k8": 7,
    "k15": 14
  },
  "spec": {
    "kind": "cell",
    "tag": "mag0.7_high",
    "cross": "high",
    "magnitude": 0.7,
    "baseline_key": [
      0.9,
      472,
      2048,
      128
    ],
    "params": {
      "period_P": 2048,
      "manifold_dim_D": 128,
      "continuity_center": 472,
      "fidelity_F": 0.97,
      "magnitude_M": 0.7,
      "locality_L": 0.9
    },
    "L_d_main": 2,
    "seed": 0,
    "perk": true,
    "label": "cell_mag0.7_high_s0",
    "out_file": "/mnt/c/Users/Jason/Desktop/Eridos/Weft 2/v2/results/phase1/pilot_Ld2/_runs/cell_mag0.7_high_s0.json"
  }
}