{
  "label": "cell_D4_mid_s3",
  "L_d_main": 2,
  "seed": 3,
  "wall_clock_s": 235.31,
  "steps_trained": 10000,
  "final_interval_loss": -2741.575501,
  "nan_inf": false,
  "still_descending": false,
  "stability_flag": "stable",
  "diff_mu": 0.2863115668296814,
  "diff_sigma": 2.951896860281522e-08,
  "diff_mu_aggregate": 0.2863115668296814,
  "diff_sigma_aggregate": 2.951896860281522e-08,
  "diff_mu_per_k": [
    0.28199151158332825,
    0.29570382833480835,
    0.29080909490585327,
    0.2864869236946106,
    0.29659712314605713,
    0.27607277035713196,
    0.2794972062110901,
    0.28330254554748535,
    0.2859152555465698,
    0.3020853102207184,
    0.29493314027786255,
    0.2865349352359772,
    0.274273544549942,
    0.26890915632247925,
    0.2847796678543091,
    0.2930930256843567
  ],
  "diff_sigma_per_k": [
    2.6028226685070877e-08,
    3.345512311625498e-08,
    3.3760390039105914e-08,
    2.8589983713800393e-08,
    3.376626622753065e-08,
    2.515880481723798e-08,
    2.380497399201431e-08,
    2.8843567534408976e-08,
    2.82483441083059e-08,
    4.2028425184525986e-08,
    3.386504587865602e-08,
    2.9495911491039806e-08,
    2.4323632885625557e-08,
    1.9940920026328968e-08,
    2.824014089242155e-08,
    3.275376769806826e-08
  ],
  "variance_collapse": false,
  "k_report_idx": {
    "k1": 0,
    "k8": 7,
    "k15": 14
  },
  "spec": {
    "kind": "cell",
    "tag": "D4_mid",
    "cross": "mid",
    "magnitude": 0.3,
    "baseline_key": [
      0.5,
      39,
      256,
      4
    ],
    "params": {
      "period_P": 256,
      "manifold_dim_D": 4,
      "continuity_center": 39,
      "fidelity_F": 0.97,
      "magnitude_M": 0.3,
      "locality_L": 0.5
    },
    "L_d_main": 2,
    "seed": 3,
    "perk": true,
    "label": "cell_D4_mid_s3",
    "out_file": "/mnt/c/Users/Jason/Desktop/Eridos/Weft 2/v2/results/phase1/pilot_Ld2/_runs/cell_D4_mid_s3.json"
  }
}