{
  "label": "cell_mag0.1_mid_s4",
  "L_d_main": 2,
  "seed": 4,
  "wall_clock_s": 237.2,
  "steps_trained": 10000,
  "final_interval_loss": -2831.881482,
  "nan_inf": false,
  "still_descending": true,
  "stability_flag": "stable",
  "diff_mu": 0.08819931000471115,
  "diff_sigma": 2.02410110894391e-09,
  "diff_mu_aggregate": 0.08819931000471115,
  "diff_sigma_aggregate": 2.02410110894391e-09,
  "diff_mu_per_k": [
    0.08850584924221039,
    0.08829984813928604,
    0.08865894377231598,
    0.08805669099092484,
    0.08785192668437958,
    0.08737938106060028,
    0.08854330331087112,
    0.0886790081858635,
    0.08892884105443954,
    0.0885247215628624,
    0.08838091790676117,
    0.08834616094827652,
    0.08738622814416885,
    0.08787749707698822,
    0.08758246898651123,
    0.08818706125020981
  ],
  "diff_sigma_per_k": [
    1.892150880422605e-09,
    2.0178148041338773e-09,
    2.7109274824965723e-09,
    2.453557135240203e-09,
    1.9986332588928235e-09,
    1.4267084180730194e-09,
    1.9801815742681583e-09,
    1.986334874359841e-09,
    2.2212764960727327e-09,
    2.1227688495883967e-09,
    1.8432888548858273e-09,
    1.6121950441316812e-09,
    2.0486050633650166e-09,
    1.8398378376360824e-09,
    1.5763645944133486e-09,
    2.654970909787835e-09
  ],
  "variance_collapse": true,
  "k_report_idx": {
    "k1": 0,
    "k8": 7,
    "k15": 14
  },
  "spec": {
    "kind": "cell",
    "tag": "mag0.1_mid",
    "cross": "mid",
    "magnitude": 0.1,
    "baseline_key": [
      0.5,
      39,
      256,
      16
    ],
    "params": {
      "period_P": 256,
      "manifold_dim_D": 16,
      "continuity_center": 39,
      "fidelity_F": 0.97,
      "magnitude_M": 0.1,
      "locality_L": 0.5
    },
    "L_d_main": 2,
    "seed": 4,
    "perk": true,
    "label": "cell_mag0.1_mid_s4",
    "out_file": "/mnt/c/Users/Jason/Desktop/Eridos/Weft 2/v2/results/phase1/pilot_Ld2/_runs/cell_mag0.1_mid_s4.json"
  }
}