{
  "label": "base_loc0.5_c19_P256_D16_s15",
  "L_d_main": 1,
  "seed": 15,
  "wall_clock_s": 187.74,
  "steps_trained": 10000,
  "final_interval_loss": -2916.419691,
  "nan_inf": false,
  "still_descending": true,
  "stability_flag": "stable",
  "diff_mu": 1.5174567699432373,
  "diff_sigma": 2.5797550051720464e-07,
  "diff_mu_aggregate": 1.5174567699432373,
  "diff_sigma_aggregate": 2.5797550051720464e-07,
  "diff_mu_per_k": [
    1.506791114807129,
    1.5213618278503418,
    1.51789391040802,
    1.529402494430542,
    1.497855305671692,
    1.519129753112793,
    1.5151772499084473,
    1.5110723972320557,
    1.5332958698272705,
    1.5274901390075684,
    1.5184093713760376,
    1.519771695137024,
    1.5281050205230713,
    1.5074273347854614,
    1.5096758604049683,
    1.5164486169815063
  ],
  "diff_sigma_per_k": [
    2.0808946032957465e-07,
    1.7993789924730663e-07,
    2.42965711549914e-07,
    2.541511889830872e-07,
    3.104675556642178e-07,
    2.7160967874806374e-07,
    2.579954525572248e-07,
    2.3701885254467925e-07,
    2.0180611670639337e-07,
    1.6096704769097414e-07,
    1.8498194265248458e-07,
    1.8368774590271642e-07,
    2.7153021164849633e-07,
    3.445599361384666e-07,
    4.0778510879135865e-07,
    4.1005387174664065e-07
  ],
  "variance_collapse": false,
  "k_report_idx": {
    "k1": 0,
    "k8": 7,
    "k15": 14
  },
  "spec": {
    "kind": "baseline",
    "baseline_key": [
      0.5,
      19,
      256,
      16
    ],
    "params": {
      "period_P": 256,
      "manifold_dim_D": 16,
      "continuity_center": 19,
      "fidelity_F": 0.97,
      "magnitude_M": 0.0,
      "locality_L": 0.5
    },
    "L_d_main": 1,
    "seed": 15,
    "perk": true,
    "label": "base_loc0.5_c19_P256_D16_s15",
    "out_file": "/mnt/c/Users/Jason/Desktop/Eridos/Weft 2/v2/results/phase1/pilot/_runs/base_loc0.5_c19_P256_D16_s15.json"
  }
}