{
  "label": "base_loc0.5_c19_P256_D16_s6",
  "L_d_main": 1,
  "seed": 6,
  "wall_clock_s": 185.99,
  "steps_trained": 10000,
  "final_interval_loss": -2929.769514,
  "nan_inf": false,
  "still_descending": true,
  "stability_flag": "stable",
  "diff_mu": 0.13782690465450287,
  "diff_sigma": 1.6120031887112418e-07,
  "diff_mu_aggregate": 0.13782690465450287,
  "diff_sigma_aggregate": 1.6120031887112418e-07,
  "diff_mu_per_k": [
    0.13495764136314392,
    0.13823311030864716,
    0.13684393465518951,
    0.1404491364955902,
    0.13805323839187622,
    0.13724441826343536,
    0.13602137565612793,
    0.13968460261821747,
    0.1373712420463562,
    0.1384008675813675,
    0.13725270330905914,
    0.13584987819194794,
    0.14080797135829926,
    0.13933703303337097,
    0.13704808056354523,
    0.1376752406358719
  ],
  "diff_sigma_per_k": [
    1.408843957051431e-07,
    1.295591829375553e-07,
    1.685940560491872e-07,
    1.8022534220563102e-07,
    1.593740250882547e-07,
    1.7450399525387184e-07,
    1.886970437681157e-07,
    1.3796886833006283e-07,
    1.3594431891306158e-07,
    1.1294844171061413e-07,
    1.3158398814994143e-07,
    1.2671389981733228e-07,
    1.6707258509995881e-07,
    1.6101868993700919e-07,
    2.3160208684203099e-07,
    2.3251429581705452e-07
  ],
  "variance_collapse": false,
  "k_report_idx": {
    "k1": 0,
    "k8": 7,
    "k15": 14
  },
  "spec": {
    "kind": "baseline",
    "baseline_key": [
      0.5,
      19,
      256,
      16
    ],
    "params": {
      "period_P": 256,
      "manifold_dim_D": 16,
      "continuity_center": 19,
      "fidelity_F": 0.97,
      "magnitude_M": 0.0,
      "locality_L": 0.5
    },
    "L_d_main": 1,
    "seed": 6,
    "perk": true,
    "label": "base_loc0.5_c19_P256_D16_s6",
    "out_file": "/mnt/c/Users/Jason/Desktop/Eridos/Weft 2/v2/results/phase1/pilot/_runs/base_loc0.5_c19_P256_D16_s6.json"
  }
}