{
  "label": "base_loc0.5_c39_P256_D4_s3",
  "L_d_main": 1,
  "seed": 3,
  "wall_clock_s": 187.46,
  "steps_trained": 10000,
  "final_interval_loss": -2774.621449,
  "nan_inf": false,
  "still_descending": false,
  "stability_flag": "stable",
  "diff_mu": 0.25426819920539856,
  "diff_sigma": 2.924133113424432e-08,
  "diff_mu_aggregate": 0.25426819920539856,
  "diff_sigma_aggregate": 2.924133113424432e-08,
  "diff_mu_per_k": [
    0.27215376496315,
    0.09663090109825134,
    0.12852852046489716,
    0.08649443089962006,
    0.42869189381599426,
    0.6065380573272705,
    0.4606132507324219,
    0.08335484564304352,
    0.1247107982635498,
    0.11857276409864426,
    0.07855372130870819,
    0.43396449089050293,
    0.5715004801750183,
    0.39341914653778076,
    0.07663176208734512,
    0.10793276131153107
  ],
  "diff_sigma_per_k": [
    2.183947955813892e-08,
    2.4227857053915614e-08,
    2.3680918559421116e-08,
    2.3890551759109258e-08,
    4.18596144413641e-08,
    5.2990937859931364e-08,
    3.5860800551290595e-08,
    2.0175423998125552e-08,
    2.2425906465173284e-08,
    2.1614221523691413e-08,
    1.8426609571520203e-08,
    3.796311887072079e-08,
    4.537160691597819e-08,
    3.134159243245449e-08,
    2.2323490611597663e-08,
    2.3869178633617594e-08
  ],
  "variance_collapse": false,
  "k_report_idx": {
    "k1": 0,
    "k8": 7,
    "k15": 14
  },
  "spec": {
    "kind": "baseline",
    "baseline_key": [
      0.5,
      39,
      256,
      4
    ],
    "params": {
      "period_P": 256,
      "manifold_dim_D": 4,
      "continuity_center": 39,
      "fidelity_F": 0.97,
      "magnitude_M": 0.0,
      "locality_L": 0.5
    },
    "L_d_main": 1,
    "seed": 3,
    "perk": true,
    "label": "base_loc0.5_c39_P256_D4_s3",
    "out_file": "/mnt/c/Users/Jason/Desktop/Eridos/Weft 2/v2/results/phase1/pilot/_runs/base_loc0.5_c39_P256_D4_s3.json"
  }
}