{
  "label": "base_loc0.9_c472_P2048_D128_s2",
  "L_d_main": 1,
  "seed": 2,
  "wall_clock_s": 185.63,
  "steps_trained": 10000,
  "final_interval_loss": -3007.556823,
  "nan_inf": false,
  "still_descending": false,
  "stability_flag": "stable",
  "diff_mu": 0.00010289487545378506,
  "diff_sigma": 4.217624027802458e-10,
  "diff_mu_aggregate": 0.00010289487545378506,
  "diff_sigma_aggregate": 4.217624027802458e-10,
  "diff_mu_per_k": [
    0.00020032782049383968,
    8.835335756884888e-05,
    0.00014796730829402804,
    8.524292206857353e-05,
    0.00017476631910540164,
    0.00010032775753643364,
    7.04799749655649e-05,
    0.00010407986701466143,
    6.505235796794295e-05,
    5.953742584097199e-05,
    0.00010825051867868751,
    8.789027924649417e-05,
    8.659740706207231e-05,
    5.459161548060365e-05,
    8.174988033715636e-05,
    0.00013110323925502598
  ],
  "diff_sigma_per_k": [
    4.660441477177812e-10,
    4.862628077972886e-10,
    5.16053810795114e-10,
    3.92716276165217e-10,
    4.1678743789574924e-10,
    4.2675851741336146e-10,
    4.805013609221476e-10,
    4.779842077695662e-10,
    3.6344863230119984e-10,
    3.546139493160183e-10,
    3.681133176058893e-10,
    3.986037888648042e-10,
    4.981711709817205e-10,
    3.0549923701883586e-10,
    4.048260615618915e-10,
    3.9181369260177235e-10
  ],
  "variance_collapse": true,
  "k_report_idx": {
    "k1": 0,
    "k8": 7,
    "k15": 14
  },
  "spec": {
    "kind": "baseline",
    "baseline_key": [
      0.9,
      472,
      2048,
      128
    ],
    "params": {
      "period_P": 2048,
      "manifold_dim_D": 128,
      "continuity_center": 472,
      "fidelity_F": 0.97,
      "magnitude_M": 0.0,
      "locality_L": 0.9
    },
    "L_d_main": 1,
    "seed": 2,
    "perk": true,
    "label": "base_loc0.9_c472_P2048_D128_s2",
    "out_file": "/mnt/c/Users/Jason/Desktop/Eridos/Weft 2/v2/results/phase1/pilot/_runs/base_loc0.9_c472_P2048_D128_s2.json"
  }
}