{
  "label": "base_loc0.3_c3_P32_D4_s17",
  "L_d_main": 1,
  "seed": 17,
  "wall_clock_s": 185.1,
  "steps_trained": 10000,
  "final_interval_loss": -2703.579185,
  "nan_inf": false,
  "still_descending": true,
  "stability_flag": "stable",
  "diff_mu": 3.3944900035858154,
  "diff_sigma": 2.3568145479657687e-06,
  "diff_mu_aggregate": 3.3944900035858154,
  "diff_sigma_aggregate": 2.3568145479657687e-06,
  "diff_mu_per_k": [
    2.4691975116729736,
    2.791349172592163,
    3.4303078651428223,
    3.755686044692993,
    4.408783912658691,
    4.681328773498535,
    4.291011810302734,
    4.176550388336182,
    4.087249755859375,
    3.410268545150757,
    3.1818342208862305,
    2.878944158554077,
    2.6618716716766357,
    2.602459669113159,
    2.741366147994995,
    2.743576765060425
  ],
  "diff_sigma_per_k": [
    1.7635115909797605e-06,
    1.5984678611857817e-06,
    1.373279246763559e-06,
    1.8733703655016143e-06,
    1.4241122698877007e-06,
    9.803571856537019e-07,
    9.64705918704567e-07,
    1.113615667236445e-06,
    1.6272445009235526e-06,
    1.815002974581148e-06,
    2.169462050005677e-06,
    3.387017386558e-06,
    5.276371211948572e-06,
    4.6402756197494455e-06,
    4.1201287785952445e-06,
    3.582111730793258e-06
  ],
  "variance_collapse": false,
  "k_report_idx": {
    "k1": 0,
    "k8": 7,
    "k15": 14
  },
  "spec": {
    "kind": "baseline",
    "baseline_key": [
      0.3,
      3,
      32,
      4
    ],
    "params": {
      "period_P": 32,
      "manifold_dim_D": 4,
      "continuity_center": 3,
      "fidelity_F": 0.97,
      "magnitude_M": 0.0,
      "locality_L": 0.3
    },
    "L_d_main": 1,
    "seed": 17,
    "perk": true,
    "label": "base_loc0.3_c3_P32_D4_s17",
    "out_file": "/mnt/c/Users/Jason/Desktop/Eridos/Weft 2/v2/results/phase1/pilot/_runs/base_loc0.3_c3_P32_D4_s17.json"
  }
}