{
  "label": "base_loc0.9_c472_P2048_D128_s18",
  "L_d_main": 1,
  "seed": 18,
  "wall_clock_s": 184.09,
  "steps_trained": 10000,
  "final_interval_loss": -3008.88999,
  "nan_inf": false,
  "still_descending": false,
  "stability_flag": "stable",
  "diff_mu": 0.00018021900905296206,
  "diff_sigma": 5.204762842936361e-09,
  "diff_mu_aggregate": 0.00018021900905296206,
  "diff_sigma_aggregate": 5.204762842936361e-09,
  "diff_mu_per_k": [
    0.0001985513517865911,
    0.00019171720487065613,
    0.00018273487512487918,
    0.0001644378062337637,
    0.0001722352608339861,
    0.0001914920867420733,
    0.00018930708756670356,
    0.00017427974671591073,
    0.00017016325728036463,
    0.0001806510117603466,
    0.00017960648983716965,
    0.00018148974049836397,
    0.00017785781528800726,
    0.0001731435040710494,
    0.00017633213428780437,
    0.00017950475739780813
  ],
  "diff_sigma_per_k": [
    4.892388716370988e-09,
    5.700817595766239e-09,
    4.854334267889726e-09,
    5.194462193713889e-09,
    4.963514488309784e-09,
    5.462053032090353e-09,
    6.340916680613873e-09,
    4.752889637416047e-09,
    4.969125999565449e-09,
    5.61062618587016e-09,
    4.923033536385901e-09,
    4.387907814873415e-09,
    5.046701723188107e-09,
    4.7484181031620665e-09,
    5.7426068345023396e-09,
    5.6864060127281846e-09
  ],
  "variance_collapse": true,
  "k_report_idx": {
    "k1": 0,
    "k8": 7,
    "k15": 14
  },
  "spec": {
    "kind": "baseline",
    "baseline_key": [
      0.9,
      472,
      2048,
      128
    ],
    "params": {
      "period_P": 2048,
      "manifold_dim_D": 128,
      "continuity_center": 472,
      "fidelity_F": 0.97,
      "magnitude_M": 0.0,
      "locality_L": 0.9
    },
    "L_d_main": 1,
    "seed": 18,
    "perk": true,
    "label": "base_loc0.9_c472_P2048_D128_s18",
    "out_file": "/mnt/c/Users/Jason/Desktop/Eridos/Weft 2/v2/results/phase1/pilot/_runs/base_loc0.9_c472_P2048_D128_s18.json"
  }
}