{
  "label": "base_loc0.9_c472_P2048_D128_s5",
  "L_d_main": 1,
  "seed": 5,
  "wall_clock_s": 188.45,
  "steps_trained": 10000,
  "final_interval_loss": -3009.749729,
  "nan_inf": false,
  "still_descending": false,
  "stability_flag": "stable",
  "diff_mu": 2.6112815248779953e-05,
  "diff_sigma": 5.376682085667106e-11,
  "diff_mu_aggregate": 2.6112815248779953e-05,
  "diff_sigma_aggregate": 5.376682085667106e-11,
  "diff_mu_per_k": [
    2.6977091692970134e-05,
    2.60458946286235e-05,
    2.5603951144148596e-05,
    2.5838053261395544e-05,
    2.6478881409275346e-05,
    2.6317724405089393e-05,
    2.6199029889539815e-05,
    2.585874062788207e-05,
    2.5478790121269412e-05,
    2.6600346245686524e-05,
    2.617492646095343e-05,
    2.660263271536678e-05,
    2.593350291135721e-05,
    2.5487892344244756e-05,
    2.5928202376235276e-05,
    2.6279394660377875e-05
  ],
  "diff_sigma_per_k": [
    4.805456380041484e-11,
    5.5003522569929686e-11,
    5.454907706092804e-11,
    5.0249211042130426e-11,
    5.341879022457974e-11,
    4.6658100993912655e-11,
    5.403672301285134e-11,
    5.125152038876202e-11,
    5.151081297616322e-11,
    5.700605265612779e-11,
    4.9153806025437063e-11,
    5.533746724739608e-11,
    6.022724680088132e-11,
    4.94527543914991e-11,
    6.261926394079964e-11,
    6.174020322768925e-11
  ],
  "variance_collapse": true,
  "k_report_idx": {
    "k1": 0,
    "k8": 7,
    "k15": 14
  },
  "spec": {
    "kind": "baseline",
    "baseline_key": [
      0.9,
      472,
      2048,
      128
    ],
    "params": {
      "period_P": 2048,
      "manifold_dim_D": 128,
      "continuity_center": 472,
      "fidelity_F": 0.97,
      "magnitude_M": 0.0,
      "locality_L": 0.9
    },
    "L_d_main": 1,
    "seed": 5,
    "perk": true,
    "label": "base_loc0.9_c472_P2048_D128_s5",
    "out_file": "/mnt/c/Users/Jason/Desktop/Eridos/Weft 2/v2/results/phase1/pilot/_runs/base_loc0.9_c472_P2048_D128_s5.json"
  }
}