{
  "label": "base_loc0.5_c19_P256_D16_s18",
  "L_d_main": 1,
  "seed": 18,
  "wall_clock_s": 185.3,
  "steps_trained": 10000,
  "final_interval_loss": -2942.572142,
  "nan_inf": false,
  "still_descending": true,
  "stability_flag": "stable",
  "diff_mu": 0.26847922801971436,
  "diff_sigma": 1.0892296131714829e-07,
  "diff_mu_aggregate": 0.26847922801971436,
  "diff_sigma_aggregate": 1.0892296131714829e-07,
  "diff_mu_per_k": [
    0.24725985527038574,
    0.2497008591890335,
    0.25764933228492737,
    0.2683953046798706,
    0.2758239507675171,
    0.2588128447532654,
    0.2737101912498474,
    0.2738281190395355,
    0.2791251242160797,
    0.2706533670425415,
    0.2737375497817993,
    0.2882855534553528,
    0.2812531292438507,
    0.2717324197292328,
    0.2657441794872284,
    0.2599560022354126
  ],
  "diff_sigma_per_k": [
    6.301773680661427e-08,
    8.35248812336431e-08,
    9.298594960682749e-08,
    1.0154590057709356e-07,
    1.1498429586254133e-07,
    1.1317080605977026e-07,
    1.3003719345761056e-07,
    1.119012935646424e-07,
    9.648832133279939e-08,
    7.693602555036705e-08,
    7.81775852942701e-08,
    1.0851238840814403e-07,
    1.21965868515872e-07,
    1.2577881136621727e-07,
    1.6075044584340503e-07,
    1.6298979232942656e-07
  ],
  "variance_collapse": false,
  "k_report_idx": {
    "k1": 0,
    "k8": 7,
    "k15": 14
  },
  "spec": {
    "kind": "baseline",
    "baseline_key": [
      0.5,
      19,
      256,
      16
    ],
    "params": {
      "period_P": 256,
      "manifold_dim_D": 16,
      "continuity_center": 19,
      "fidelity_F": 0.97,
      "magnitude_M": 0.0,
      "locality_L": 0.5
    },
    "L_d_main": 1,
    "seed": 18,
    "perk": true,
    "label": "base_loc0.5_c19_P256_D16_s18",
    "out_file": "/mnt/c/Users/Jason/Desktop/Eridos/Weft 2/v2/results/phase1/pilot/_runs/base_loc0.5_c19_P256_D16_s18.json"
  }
}