{
  "label": "base_loc0.9_c472_P2048_D128_s13",
  "L_d_main": 1,
  "seed": 13,
  "wall_clock_s": 186.42,
  "steps_trained": 10000,
  "final_interval_loss": -3011.504168,
  "nan_inf": false,
  "still_descending": false,
  "stability_flag": "stable",
  "diff_mu": 4.030556374345906e-05,
  "diff_sigma": 7.215276986993757e-11,
  "diff_mu_aggregate": 4.030556374345906e-05,
  "diff_sigma_aggregate": 7.215276986993757e-11,
  "diff_mu_per_k": [
    4.045145396958105e-05,
    3.958736851927824e-05,
    3.8284404581645504e-05,
    4.012436329503544e-05,
    3.965118958149105e-05,
    3.906595884473063e-05,
    4.0754395740805194e-05,
    4.1533930925652385e-05,
    3.99766540795099e-05,
    4.2050440242746845e-05,
    3.916221612598747e-05,
    4.058545528096147e-05,
    4.325502595747821e-05,
    4.0307335439138114e-05,
    3.994729559053667e-05,
    4.0151509892893955e-05
  ],
  "diff_sigma_per_k": [
    6.656944440130985e-11,
    8.269331747134956e-11,
    6.442359840042045e-11,
    7.618269903808539e-11,
    7.161402720834431e-11,
    7.138596658240459e-11,
    6.818003106534576e-11,
    6.608732311397247e-11,
    6.135417174313318e-11,
    8.824446035005096e-11,
    7.295345577640333e-11,
    7.213791369808931e-11,
    6.589215284513728e-11,
    7.055258460786362e-11,
    7.316784678135235e-11,
    8.300540116357169e-11
  ],
  "variance_collapse": true,
  "k_report_idx": {
    "k1": 0,
    "k8": 7,
    "k15": 14
  },
  "spec": {
    "kind": "baseline",
    "baseline_key": [
      0.9,
      472,
      2048,
      128
    ],
    "params": {
      "period_P": 2048,
      "manifold_dim_D": 128,
      "continuity_center": 472,
      "fidelity_F": 0.97,
      "magnitude_M": 0.0,
      "locality_L": 0.9
    },
    "L_d_main": 1,
    "seed": 13,
    "perk": true,
    "label": "base_loc0.9_c472_P2048_D128_s13",
    "out_file": "/mnt/c/Users/Jason/Desktop/Eridos/Weft 2/v2/results/phase1/pilot/_runs/base_loc0.9_c472_P2048_D128_s13.json"
  }
}