{
  "label": "base_loc0.5_c19_P256_D16_s13",
  "L_d_main": 1,
  "seed": 13,
  "wall_clock_s": 186.73,
  "steps_trained": 10000,
  "final_interval_loss": -2946.923028,
  "nan_inf": false,
  "still_descending": true,
  "stability_flag": "stable",
  "diff_mu": 1.4023010730743408,
  "diff_sigma": 2.9307233262443333e-07,
  "diff_mu_aggregate": 1.4023010730743408,
  "diff_sigma_aggregate": 2.9307233262443333e-07,
  "diff_mu_per_k": [
    1.3877195119857788,
    1.399449110031128,
    1.3944917917251587,
    1.426203727722168,
    1.4220306873321533,
    1.4133962392807007,
    1.3981207609176636,
    1.4169589281082153,
    1.4061475992202759,
    1.4310230016708374,
    1.4177701473236084,
    1.406492829322815,
    1.3906804323196411,
    1.385227084159851,
    1.3762966394424438,
    1.3648078441619873
  ],
  "diff_sigma_per_k": [
    2.423920477667707e-07,
    2.512906007723359e-07,
    2.496050512945658e-07,
    3.5573546597333916e-07,
    3.2836766195032396e-07,
    2.956819855626236e-07,
    3.0970255693318904e-07,
    2.4221898797804897e-07,
    2.3711918117896857e-07,
    2.0075218287729513e-07,
    2.1790410187350062e-07,
    2.3356194844836864e-07,
    3.1271366651708377e-07,
    3.882239525410114e-07,
    3.8482133390971285e-07,
    4.390664969378122e-07
  ],
  "variance_collapse": false,
  "k_report_idx": {
    "k1": 0,
    "k8": 7,
    "k15": 14
  },
  "spec": {
    "kind": "baseline",
    "baseline_key": [
      0.5,
      19,
      256,
      16
    ],
    "params": {
      "period_P": 256,
      "manifold_dim_D": 16,
      "continuity_center": 19,
      "fidelity_F": 0.97,
      "magnitude_M": 0.0,
      "locality_L": 0.5
    },
    "L_d_main": 1,
    "seed": 13,
    "perk": true,
    "label": "base_loc0.5_c19_P256_D16_s13",
    "out_file": "/mnt/c/Users/Jason/Desktop/Eridos/Weft 2/v2/results/phase1/pilot/_runs/base_loc0.5_c19_P256_D16_s13.json"
  }
}