{
  "label": "base_loc0.5_c39_P256_D4_s10",
  "L_d_main": 1,
  "seed": 10,
  "wall_clock_s": 186.63,
  "steps_trained": 10000,
  "final_interval_loss": -2797.228688,
  "nan_inf": false,
  "still_descending": true,
  "stability_flag": "stable",
  "diff_mu": 0.037119727581739426,
  "diff_sigma": 9.430650926844919e-09,
  "diff_mu_aggregate": 0.037119727581739426,
  "diff_sigma_aggregate": 9.430650926844919e-09,
  "diff_mu_per_k": [
    0.039231929928064346,
    0.016810279339551926,
    0.06438742578029633,
    0.09010087698698044,
    0.027450820431113243,
    0.006655099336057901,
    0.027102550491690636,
    0.016431130468845367,
    0.034849174320697784,
    0.07909343391656876,
    0.08189229667186737,
    0.015373545698821545,
    0.022636564448475838,
    0.025262730196118355,
    0.009806553833186626,
    0.03683127090334892
  ],
  "diff_sigma_per_k": [
    8.551968910808228e-09,
    4.998083724672142e-09,
    1.3438471668791863e-08,
    1.828329487807423e-08,
    8.230669479303288e-09,
    6.666625029794204e-09,
    8.09228772880033e-09,
    6.272607322443946e-09,
    7.791144618352064e-09,
    1.4604586873190328e-08,
    1.5706129730119756e-08,
    8.305807597253079e-09,
    8.456612299312383e-09,
    7.788323763691096e-09,
    5.1257642574853435e-09,
    8.578041388318525e-09
  ],
  "variance_collapse": true,
  "k_report_idx": {
    "k1": 0,
    "k8": 7,
    "k15": 14
  },
  "spec": {
    "kind": "baseline",
    "baseline_key": [
      0.5,
      39,
      256,
      4
    ],
    "params": {
      "period_P": 256,
      "manifold_dim_D": 4,
      "continuity_center": 39,
      "fidelity_F": 0.97,
      "magnitude_M": 0.0,
      "locality_L": 0.5
    },
    "L_d_main": 1,
    "seed": 10,
    "perk": true,
    "label": "base_loc0.5_c39_P256_D4_s10",
    "out_file": "/mnt/c/Users/Jason/Desktop/Eridos/Weft 2/v2/results/phase1/pilot/_runs/base_loc0.5_c39_P256_D4_s10.json"
  }
}