{
  "label": "base_loc0.5_c19_P256_D16_s8",
  "L_d_main": 1,
  "seed": 8,
  "wall_clock_s": 189.68,
  "steps_trained": 10000,
  "final_interval_loss": -2925.299675,
  "nan_inf": false,
  "still_descending": false,
  "stability_flag": "stable",
  "diff_mu": 0.17779949307441711,
  "diff_sigma": 3.087192794737348e-07,
  "diff_mu_aggregate": 0.17779949307441711,
  "diff_sigma_aggregate": 3.087192794737348e-07,
  "diff_mu_per_k": [
    0.17820608615875244,
    0.17495080828666687,
    0.17426064610481262,
    0.17397169768810272,
    0.1923431158065796,
    0.1760663390159607,
    0.17887763679027557,
    0.17733874917030334,
    0.18441127240657806,
    0.18309970200061798,
    0.18617136776447296,
    0.18399938941001892,
    0.1746119111776352,
    0.17209702730178833,
    0.17086391150951385,
    0.16352206468582153
  ],
  "diff_sigma_per_k": [
    2.485147092556872e-07,
    2.6413826503812743e-07,
    2.999550758886471e-07,
    3.763506981613318e-07,
    3.8554793491130113e-07,
    4.048735036121798e-07,
    3.0329709943544003e-07,
    2.678532382560661e-07,
    2.2578944935958134e-07,
    1.8292692516297393e-07,
    1.9271064388703962e-07,
    2.2845664204851346e-07,
    3.2550147466281487e-07,
    3.5569647138800065e-07,
    4.275342462278786e-07,
    4.503620800733188e-07
  ],
  "variance_collapse": false,
  "k_report_idx": {
    "k1": 0,
    "k8": 7,
    "k15": 14
  },
  "spec": {
    "kind": "baseline",
    "baseline_key": [
      0.5,
      19,
      256,
      16
    ],
    "params": {
      "period_P": 256,
      "manifold_dim_D": 16,
      "continuity_center": 19,
      "fidelity_F": 0.97,
      "magnitude_M": 0.0,
      "locality_L": 0.5
    },
    "L_d_main": 1,
    "seed": 8,
    "perk": true,
    "label": "base_loc0.5_c19_P256_D16_s8",
    "out_file": "/mnt/c/Users/Jason/Desktop/Eridos/Weft 2/v2/results/phase1/pilot/_runs/base_loc0.5_c19_P256_D16_s8.json"
  }
}