{
  "label": "base_loc0.5_c39_P256_D16_s1",
  "L_d_main": 1,
  "seed": 1,
  "wall_clock_s": 184.91,
  "steps_trained": 10000,
  "final_interval_loss": -2920.328083,
  "nan_inf": false,
  "still_descending": true,
  "stability_flag": "stable",
  "diff_mu": 0.06613311916589737,
  "diff_sigma": 4.612849835439192e-08,
  "diff_mu_aggregate": 0.06613311916589737,
  "diff_sigma_aggregate": 4.612849835439192e-08,
  "diff_mu_per_k": [
    0.06642478704452515,
    0.06646925210952759,
    0.06581706553697586,
    0.06502580642700195,
    0.06555796414613724,
    0.06630735844373703,
    0.06599616259336472,
    0.06666132062673569,
    0.06645709276199341,
    0.06663738191127777,
    0.06637632101774216,
    0.065479576587677,
    0.0654522255063057,
    0.06658840924501419,
    0.06581022590398788,
    0.06706907600164413
  ],
  "diff_sigma_per_k": [
    4.155637967073744e-08,
    4.6148041832339004e-08,
    4.9162913740019576e-08,
    4.6710368906133226e-08,
    4.224516203521489e-08,
    4.619462146138176e-08,
    3.915067736670608e-08,
    4.665847441742699e-08,
    4.189883284766438e-08,
    4.97230949747518e-08,
    4.939331077480347e-08,
    3.7941990882472965e-08,
    4.722968682813189e-08,
    5.084416088152466e-08,
    4.780163820328198e-08,
    5.5396618847680656e-08
  ],
  "variance_collapse": false,
  "k_report_idx": {
    "k1": 0,
    "k8": 7,
    "k15": 14
  },
  "spec": {
    "kind": "baseline",
    "baseline_key": [
      0.5,
      39,
      256,
      16
    ],
    "params": {
      "period_P": 256,
      "manifold_dim_D": 16,
      "continuity_center": 39,
      "fidelity_F": 0.97,
      "magnitude_M": 0.0,
      "locality_L": 0.5
    },
    "L_d_main": 1,
    "seed": 1,
    "perk": true,
    "label": "base_loc0.5_c39_P256_D16_s1",
    "out_file": "/mnt/c/Users/Jason/Desktop/Eridos/Weft 2/v2/results/phase1/pilot/_runs/base_loc0.5_c39_P256_D16_s1.json"
  }
}