{
  "label": "base_loc0.9_c472_P2048_D128_s9",
  "L_d_main": 1,
  "seed": 9,
  "wall_clock_s": 190.68,
  "steps_trained": 10000,
  "final_interval_loss": -3006.975795,
  "nan_inf": false,
  "still_descending": false,
  "stability_flag": "stable",
  "diff_mu": 8.759737102081999e-05,
  "diff_sigma": 9.007871115684907e-10,
  "diff_mu_aggregate": 8.759737102081999e-05,
  "diff_sigma_aggregate": 9.007871115684907e-10,
  "diff_mu_per_k": [
    9.186223905999213e-05,
    8.198675641324371e-05,
    8.137212716974318e-05,
    8.660916500957683e-05,
    9.233932360075414e-05,
    8.793422603048384e-05,
    8.455932402284816e-05,
    8.704872016096488e-05,
    8.576342224841937e-05,
    9.483306348556653e-05,
    9.077438153326511e-05,
    8.562124276068062e-05,
    8.362966764252633e-05,
    8.737339521758258e-05,
    9.36843134695664e-05,
    8.616643026471138e-05
  ],
  "diff_sigma_per_k": [
    9.708668313734847e-10,
    8.934571971153105e-10,
    8.312617816308432e-10,
    8.416015107037822e-10,
    9.063221839689106e-10,
    9.723718497056666e-10,
    8.572907383985751e-10,
    8.697814135594228e-10,
    8.524573824608694e-10,
    9.244751630888004e-10,
    1.0425837970728935e-09,
    8.408129748005422e-10,
    8.170554233188909e-10,
    9.364992115123982e-10,
    9.257855593247655e-10,
    9.299710446164511e-10
  ],
  "variance_collapse": true,
  "k_report_idx": {
    "k1": 0,
    "k8": 7,
    "k15": 14
  },
  "spec": {
    "kind": "baseline",
    "baseline_key": [
      0.9,
      472,
      2048,
      128
    ],
    "params": {
      "period_P": 2048,
      "manifold_dim_D": 128,
      "continuity_center": 472,
      "fidelity_F": 0.97,
      "magnitude_M": 0.0,
      "locality_L": 0.9
    },
    "L_d_main": 1,
    "seed": 9,
    "perk": true,
    "label": "base_loc0.9_c472_P2048_D128_s9",
    "out_file": "/mnt/c/Users/Jason/Desktop/Eridos/Weft 2/v2/results/phase1/pilot/_runs/base_loc0.9_c472_P2048_D128_s9.json"
  }
}