{
  "label": "base_loc0.3_c3_P32_D4_s5",
  "L_d_main": 1,
  "seed": 5,
  "wall_clock_s": 185.43,
  "steps_trained": 10000,
  "final_interval_loss": -2613.077377,
  "nan_inf": false,
  "still_descending": false,
  "stability_flag": "stable",
  "diff_mu": 1.0841540098190308,
  "diff_sigma": 8.095222483461839e-07,
  "diff_mu_aggregate": 1.0841540098190308,
  "diff_sigma_aggregate": 8.095222483461839e-07,
  "diff_mu_per_k": [
    1.0611857175827026,
    1.0519238710403442,
    1.069022297859192,
    1.0630520582199097,
    1.0269931554794312,
    1.0069434642791748,
    1.0253708362579346,
    1.0730115175247192,
    1.1600122451782227,
    1.1784974336624146,
    1.2527616024017334,
    1.1747183799743652,
    1.0616118907928467,
    1.0594972372055054,
    1.0416593551635742,
    1.0402144193649292
  ],
  "diff_sigma_per_k": [
    5.297677034832304e-07,
    5.162216893950244e-07,
    5.264703304419527e-07,
    6.506319891741441e-07,
    6.890930421832309e-07,
    7.832115898054326e-07,
    8.064014878073067e-07,
    9.060376555680705e-07,
    9.318885076936567e-07,
    7.722931627540675e-07,
    8.224970997616765e-07,
    8.473821253573988e-07,
    1.060690692611388e-06,
    1.0420727676319075e-06,
    1.0234522278551594e-06,
    1.0442437314850395e-06
  ],
  "variance_collapse": false,
  "k_report_idx": {
    "k1": 0,
    "k8": 7,
    "k15": 14
  },
  "spec": {
    "kind": "baseline",
    "baseline_key": [
      0.3,
      3,
      32,
      4
    ],
    "params": {
      "period_P": 32,
      "manifold_dim_D": 4,
      "continuity_center": 3,
      "fidelity_F": 0.97,
      "magnitude_M": 0.0,
      "locality_L": 0.3
    },
    "L_d_main": 1,
    "seed": 5,
    "perk": true,
    "label": "base_loc0.3_c3_P32_D4_s5",
    "out_file": "/mnt/c/Users/Jason/Desktop/Eridos/Weft 2/v2/results/phase1/pilot/_runs/base_loc0.3_c3_P32_D4_s5.json"
  }
}