{
  "label": "base_loc0.5_c39_P256_D16_s12",
  "L_d_main": 1,
  "seed": 12,
  "wall_clock_s": 183.4,
  "steps_trained": 10000,
  "final_interval_loss": -2835.844924,
  "nan_inf": false,
  "still_descending": false,
  "stability_flag": "stable",
  "diff_mu": 0.002040305407717824,
  "diff_sigma": 2.277695809738134e-09,
  "diff_mu_aggregate": 0.002040305407717824,
  "diff_sigma_aggregate": 2.277695809738134e-09,
  "diff_mu_per_k": [
    0.0019967250991612673,
    0.002121887169778347,
    0.0021414614748209715,
    0.0021048933267593384,
    0.002066234825178981,
    0.001987490803003311,
    0.001958130858838558,
    0.0019875012803822756,
    0.0020301586482673883,
    0.0020339929033070803,
    0.002074042335152626,
    0.0020643710158765316,
    0.002051151590421796,
    0.0020315570291131735,
    0.002013217890635133,
    0.0019820663146674633
  ],
  "diff_sigma_per_k": [
    2.0881281148632524e-09,
    2.698029799574897e-09,
    2.5711703877107084e-09,
    2.3082455946621394e-09,
    2.1420807350125415e-09,
    2.0726937943749135e-09,
    1.876757860230782e-09,
    2.06777261979596e-09,
    2.605135218658461e-09,
    2.4197144288251593e-09,
    2.0397470379407423e-09,
    1.9847961052477103e-09,
    2.2449779812916404e-09,
    2.447533287153192e-09,
    2.4830695277699988e-09,
    2.393283349277908e-09
  ],
  "variance_collapse": true,
  "k_report_idx": {
    "k1": 0,
    "k8": 7,
    "k15": 14
  },
  "spec": {
    "kind": "baseline",
    "baseline_key": [
      0.5,
      39,
      256,
      16
    ],
    "params": {
      "period_P": 256,
      "manifold_dim_D": 16,
      "continuity_center": 39,
      "fidelity_F": 0.97,
      "magnitude_M": 0.0,
      "locality_L": 0.5
    },
    "L_d_main": 1,
    "seed": 12,
    "perk": true,
    "label": "base_loc0.5_c39_P256_D16_s12",
    "out_file": "/mnt/c/Users/Jason/Desktop/Eridos/Weft 2/v2/results/phase1/pilot/_runs/base_loc0.5_c39_P256_D16_s12.json"
  }
}