{
  "label": "base_loc0.3_c3_P32_D4_s1",
  "L_d_main": 1,
  "seed": 1,
  "wall_clock_s": 185.0,
  "steps_trained": 10000,
  "final_interval_loss": -2549.085523,
  "nan_inf": false,
  "still_descending": false,
  "stability_flag": "stable",
  "diff_mu": 1.32420814037323,
  "diff_sigma": 2.914249250807188e-07,
  "diff_mu_aggregate": 1.32420814037323,
  "diff_sigma_aggregate": 2.914249250807188e-07,
  "diff_mu_per_k": [
    1.165512204170227,
    1.2288446426391602,
    1.229430913925171,
    1.2376587390899658,
    1.5189380645751953,
    1.813307762145996,
    1.6193872690200806,
    1.5004571676254272,
    1.3803428411483765,
    1.2697256803512573,
    1.4537283182144165,
    1.1061804294586182,
    1.0862672328948975,
    1.1055973768234253,
    1.21878981590271,
    1.253119707107544
  ],
  "diff_sigma_per_k": [
    1.9738327239338105e-07,
    1.9960563690801791e-07,
    1.9578178012125136e-07,
    2.2803902766099782e-07,
    1.6895774024305865e-07,
    1.5791368923601112e-07,
    1.8878779428632697e-07,
    2.873647986234573e-07,
    3.0921609095457825e-07,
    3.737264080427849e-07,
    3.424793533213233e-07,
    3.1402396416524425e-07,
    3.666413874725549e-07,
    4.1691828300827183e-07,
    4.670673661166802e-07,
    4.4889236505696317e-07
  ],
  "variance_collapse": false,
  "k_report_idx": {
    "k1": 0,
    "k8": 7,
    "k15": 14
  },
  "spec": {
    "kind": "baseline",
    "baseline_key": [
      0.3,
      3,
      32,
      4
    ],
    "params": {
      "period_P": 32,
      "manifold_dim_D": 4,
      "continuity_center": 3,
      "fidelity_F": 0.97,
      "magnitude_M": 0.0,
      "locality_L": 0.3
    },
    "L_d_main": 1,
    "seed": 1,
    "perk": true,
    "label": "base_loc0.3_c3_P32_D4_s1",
    "out_file": "/mnt/c/Users/Jason/Desktop/Eridos/Weft 2/v2/results/phase1/pilot/_runs/base_loc0.3_c3_P32_D4_s1.json"
  }
}