{
  "label": "base_loc0.3_c3_P32_D4_s10",
  "L_d_main": 1,
  "seed": 10,
  "wall_clock_s": 185.14,
  "steps_trained": 10000,
  "final_interval_loss": -2709.453249,
  "nan_inf": false,
  "still_descending": true,
  "stability_flag": "stable",
  "diff_mu": 0.7412341237068176,
  "diff_sigma": 6.218032808646967e-07,
  "diff_mu_aggregate": 0.7412341237068176,
  "diff_sigma_aggregate": 6.218032808646967e-07,
  "diff_mu_per_k": [
    0.633977472782135,
    0.7022863626480103,
    0.6490052938461304,
    0.6904432773590088,
    0.5765944719314575,
    0.593281090259552,
    0.7689706087112427,
    1.0267516374588013,
    1.0702707767486572,
    0.9527238607406616,
    0.8591657280921936,
    0.7451763153076172,
    0.6628947257995605,
    0.6573536992073059,
    0.6397780776023865,
    0.6310779452323914
  ],
  "diff_sigma_per_k": [
    3.8881856312400487e-07,
    3.5584892543738533e-07,
    2.7029031457459496e-07,
    3.591324571061705e-07,
    3.356786066888162e-07,
    4.193731513169041e-07,
    6.059133852431842e-07,
    6.975950554988231e-07,
    7.758815740999125e-07,
    7.291150723176543e-07,
    7.605100904584106e-07,
    6.8286232135506e-07,
    5.656114581142901e-07,
    6.749914405190793e-07,
    1.068714141183591e-06,
    1.2585157946887193e-06
  ],
  "variance_collapse": false,
  "k_report_idx": {
    "k1": 0,
    "k8": 7,
    "k15": 14
  },
  "spec": {
    "kind": "baseline",
    "baseline_key": [
      0.3,
      3,
      32,
      4
    ],
    "params": {
      "period_P": 32,
      "manifold_dim_D": 4,
      "continuity_center": 3,
      "fidelity_F": 0.97,
      "magnitude_M": 0.0,
      "locality_L": 0.3
    },
    "L_d_main": 1,
    "seed": 10,
    "perk": true,
    "label": "base_loc0.3_c3_P32_D4_s10",
    "out_file": "/mnt/c/Users/Jason/Desktop/Eridos/Weft 2/v2/results/phase1/pilot/_runs/base_loc0.3_c3_P32_D4_s10.json"
  }
}