{
  "label": "base_loc0.5_c19_P256_D16_s7",
  "L_d_main": 1,
  "seed": 7,
  "wall_clock_s": 186.78,
  "steps_trained": 10000,
  "final_interval_loss": -2926.609423,
  "nan_inf": false,
  "still_descending": false,
  "stability_flag": "stable",
  "diff_mu": 0.15751604735851288,
  "diff_sigma": 2.2394367249489733e-07,
  "diff_mu_aggregate": 0.15751604735851288,
  "diff_sigma_aggregate": 2.2394367249489733e-07,
  "diff_mu_per_k": [
    0.1568269282579422,
    0.15707820653915405,
    0.15625643730163574,
    0.15539421141147614,
    0.1560654193162918,
    0.1587350070476532,
    0.1582307666540146,
    0.15901391208171844,
    0.15778663754463196,
    0.1569540649652481,
    0.15773342549800873,
    0.15912513434886932,
    0.1583975851535797,
    0.1592084914445877,
    0.15774862468242645,
    0.15570174157619476
  ],
  "diff_sigma_per_k": [
    2.0255902200005949e-07,
    2.1678459916074644e-07,
    2.2635849461494217e-07,
    2.198371618078454e-07,
    2.1962979701584118e-07,
    2.334914199764171e-07,
    1.969311540506169e-07,
    2.3092943024494161e-07,
    2.1512686032565398e-07,
    1.9316487964715634e-07,
    1.667479097022806e-07,
    1.998207324049872e-07,
    2.403731684808008e-07,
    2.5294207262049895e-07,
    2.7469292263049283e-07,
    2.9370906418080267e-07
  ],
  "variance_collapse": false,
  "k_report_idx": {
    "k1": 0,
    "k8": 7,
    "k15": 14
  },
  "spec": {
    "kind": "baseline",
    "baseline_key": [
      0.5,
      19,
      256,
      16
    ],
    "params": {
      "period_P": 256,
      "manifold_dim_D": 16,
      "continuity_center": 19,
      "fidelity_F": 0.97,
      "magnitude_M": 0.0,
      "locality_L": 0.5
    },
    "L_d_main": 1,
    "seed": 7,
    "perk": true,
    "label": "base_loc0.5_c19_P256_D16_s7",
    "out_file": "/mnt/c/Users/Jason/Desktop/Eridos/Weft 2/v2/results/phase1/pilot/_runs/base_loc0.5_c19_P256_D16_s7.json"
  }
}