{
  "label": "base_loc0.3_c3_P32_D4_s16",
  "L_d_main": 1,
  "seed": 16,
  "wall_clock_s": 184.88,
  "steps_trained": 10000,
  "final_interval_loss": -2646.166635,
  "nan_inf": false,
  "still_descending": true,
  "stability_flag": "stable",
  "diff_mu": 1.0406620502471924,
  "diff_sigma": 4.678055120166391e-06,
  "diff_mu_aggregate": 1.0406620502471924,
  "diff_sigma_aggregate": 4.678055120166391e-06,
  "diff_mu_per_k": [
    0.834836483001709,
    1.054158091545105,
    1.1467559337615967,
    1.2276570796966553,
    1.1823309659957886,
    1.112813115119934,
    1.0043278932571411,
    0.8740339279174805,
    0.7328509092330933,
    0.7976312637329102,
    0.9525386691093445,
    1.126535177230835,
    1.202156901359558,
    1.2409344911575317,
    1.1162160634994507,
    1.0447934865951538
  ],
  "diff_sigma_per_k": [
    6.3872353166516405e-06,
    4.762552634929307e-06,
    3.5457399008009816e-06,
    3.5535429105948424e-06,
    2.5630929485487286e-06,
    2.820833742589457e-06,
    3.939988346246537e-06,
    3.824781742878258e-06,
    3.641691819211701e-06,
    4.114962393941823e-06,
    5.2236259762139525e-06,
    4.921183972328436e-06,
    6.992141607042868e-06,
    5.05914977111388e-06,
    5.3425242185767274e-06,
    8.155837349477224e-06
  ],
  "variance_collapse": false,
  "k_report_idx": {
    "k1": 0,
    "k8": 7,
    "k15": 14
  },
  "spec": {
    "kind": "baseline",
    "baseline_key": [
      0.3,
      3,
      32,
      4
    ],
    "params": {
      "period_P": 32,
      "manifold_dim_D": 4,
      "continuity_center": 3,
      "fidelity_F": 0.97,
      "magnitude_M": 0.0,
      "locality_L": 0.3
    },
    "L_d_main": 1,
    "seed": 16,
    "perk": true,
    "label": "base_loc0.3_c3_P32_D4_s16",
    "out_file": "/mnt/c/Users/Jason/Desktop/Eridos/Weft 2/v2/results/phase1/pilot/_runs/base_loc0.3_c3_P32_D4_s16.json"
  }
}