{
  "label": "base_loc0.5_c39_P256_D4_s1",
  "L_d_main": 1,
  "seed": 1,
  "wall_clock_s": 183.89,
  "steps_trained": 10000,
  "final_interval_loss": -2842.20515,
  "nan_inf": false,
  "still_descending": true,
  "stability_flag": "stable",
  "diff_mu": 0.22857747972011566,
  "diff_sigma": 2.985225933116453e-08,
  "diff_mu_aggregate": 0.22857747972011566,
  "diff_sigma_aggregate": 2.985225933116453e-08,
  "diff_mu_per_k": [
    0.3973538279533386,
    0.29729199409484863,
    0.09827711433172226,
    0.07763811945915222,
    0.27992841601371765,
    0.08190835267305374,
    0.2275855541229248,
    0.4053090810775757,
    0.29876479506492615,
    0.054077841341495514,
    0.23600496351718903,
    0.223284512758255,
    0.0826626569032669,
    0.3630698025226593,
    0.3488776385784149,
    0.1852046102285385
  ],
  "diff_sigma_per_k": [
    2.1692889262681092e-08,
    4.4673637233927366e-08,
    3.34096377230253e-08,
    2.0744982620612973e-08,
    5.3675382361006996e-08,
    1.7813182040526954e-08,
    8.414991370386815e-09,
    2.538496346460306e-08,
    4.285397281478254e-08,
    2.799341736192673e-08,
    4.035377187960876e-08,
    4.1437036912839176e-08,
    6.188779710925019e-09,
    1.9697072417557138e-08,
    3.529222780684904e-08,
    3.8010234959529043e-08
  ],
  "variance_collapse": false,
  "k_report_idx": {
    "k1": 0,
    "k8": 7,
    "k15": 14
  },
  "spec": {
    "kind": "baseline",
    "baseline_key": [
      0.5,
      39,
      256,
      4
    ],
    "params": {
      "period_P": 256,
      "manifold_dim_D": 4,
      "continuity_center": 39,
      "fidelity_F": 0.97,
      "magnitude_M": 0.0,
      "locality_L": 0.5
    },
    "L_d_main": 1,
    "seed": 1,
    "perk": true,
    "label": "base_loc0.5_c39_P256_D4_s1",
    "out_file": "/mnt/c/Users/Jason/Desktop/Eridos/Weft 2/v2/results/phase1/pilot/_runs/base_loc0.5_c39_P256_D4_s1.json"
  }
}