{
  "label": "base_loc0.3_c3_P32_D4_s8",
  "L_d_main": 1,
  "seed": 8,
  "wall_clock_s": 185.47,
  "steps_trained": 10000,
  "final_interval_loss": -2679.829061,
  "nan_inf": false,
  "still_descending": false,
  "stability_flag": "stable",
  "diff_mu": 0.32979634404182434,
  "diff_sigma": 2.7751454467761505e-07,
  "diff_mu_aggregate": 0.32979634404182434,
  "diff_sigma_aggregate": 2.7751454467761505e-07,
  "diff_mu_per_k": [
    0.3151029050350189,
    0.31417691707611084,
    0.3199860751628876,
    0.3270423114299774,
    0.34790751338005066,
    0.3477647304534912,
    0.35566675662994385,
    0.3348734974861145,
    0.31582310795783997,
    0.3202279508113861,
    0.311039537191391,
    0.3245142698287964,
    0.33691099286079407,
    0.34447401762008667,
    0.33071470260620117,
    0.3305147588253021
  ],
  "diff_sigma_per_k": [
    1.915450127398799e-07,
    1.8574212390376488e-07,
    1.9118884608815279e-07,
    2.801532446028432e-07,
    2.0751944873609318e-07,
    2.49005864816354e-07,
    2.5436568762415845e-07,
    2.573492565716151e-07,
    2.631510085393529e-07,
    2.909476108925446e-07,
    2.2248191555718222e-07,
    3.230650520436029e-07,
    3.5991394042866887e-07,
    3.7791201634718163e-07,
    3.6880004472550354e-07,
    4.170916554357973e-07
  ],
  "variance_collapse": false,
  "k_report_idx": {
    "k1": 0,
    "k8": 7,
    "k15": 14
  },
  "spec": {
    "kind": "baseline",
    "baseline_key": [
      0.3,
      3,
      32,
      4
    ],
    "params": {
      "period_P": 32,
      "manifold_dim_D": 4,
      "continuity_center": 3,
      "fidelity_F": 0.97,
      "magnitude_M": 0.0,
      "locality_L": 0.3
    },
    "L_d_main": 1,
    "seed": 8,
    "perk": true,
    "label": "base_loc0.3_c3_P32_D4_s8",
    "out_file": "/mnt/c/Users/Jason/Desktop/Eridos/Weft 2/v2/results/phase1/pilot/_runs/base_loc0.3_c3_P32_D4_s8.json"
  }
}