{
  "label": "base_loc0.3_c3_P32_D4_s6",
  "L_d_main": 1,
  "seed": 6,
  "wall_clock_s": 186.48,
  "steps_trained": 10000,
  "final_interval_loss": -2805.19685,
  "nan_inf": false,
  "still_descending": true,
  "stability_flag": "stable",
  "diff_mu": 0.8329176306724548,
  "diff_sigma": 8.30331714496424e-07,
  "diff_mu_aggregate": 0.8329176306724548,
  "diff_sigma_aggregate": 8.30331714496424e-07,
  "diff_mu_per_k": [
    0.8639127016067505,
    0.8479267358779907,
    0.7874902486801147,
    0.802776038646698,
    0.8026778101921082,
    0.7637003660202026,
    0.7729058265686035,
    0.8453068733215332,
    0.8794757723808289,
    0.8736869096755981,
    0.8184247612953186,
    0.8033956289291382,
    0.7666042447090149,
    0.7874521017074585,
    0.9232761263847351,
    0.9876741766929626
  ],
  "diff_sigma_per_k": [
    5.038088488618087e-07,
    5.372121449909173e-07,
    6.59233762689837e-07,
    7.814162472641328e-07,
    7.404402708743874e-07,
    8.581613997193926e-07,
    8.253868486463034e-07,
    7.397514423246321e-07,
    6.468770834544557e-07,
    6.8091679850113e-07,
    8.612812507635681e-07,
    9.422383300261572e-07,
    1.242687062585901e-06,
    1.0784149253595388e-06,
    1.118226691687596e-06,
    1.0692542673496064e-06
  ],
  "variance_collapse": false,
  "k_report_idx": {
    "k1": 0,
    "k8": 7,
    "k15": 14
  },
  "spec": {
    "kind": "baseline",
    "baseline_key": [
      0.3,
      3,
      32,
      4
    ],
    "params": {
      "period_P": 32,
      "manifold_dim_D": 4,
      "continuity_center": 3,
      "fidelity_F": 0.97,
      "magnitude_M": 0.0,
      "locality_L": 0.3
    },
    "L_d_main": 1,
    "seed": 6,
    "perk": true,
    "label": "base_loc0.3_c3_P32_D4_s6",
    "out_file": "/mnt/c/Users/Jason/Desktop/Eridos/Weft 2/v2/results/phase1/pilot/_runs/base_loc0.3_c3_P32_D4_s6.json"
  }
}