{
  "label": "base_loc0.5_c39_P256_D16_s8",
  "L_d_main": 1,
  "seed": 8,
  "wall_clock_s": 187.46,
  "steps_trained": 10000,
  "final_interval_loss": -2927.786344,
  "nan_inf": false,
  "still_descending": true,
  "stability_flag": "stable",
  "diff_mu": 0.186056450009346,
  "diff_sigma": 1.752614593897306e-06,
  "diff_mu_aggregate": 0.186056450009346,
  "diff_sigma_aggregate": 1.752614593897306e-06,
  "diff_mu_per_k": [
    0.18483465909957886,
    0.18652677536010742,
    0.18540586531162262,
    0.18950724601745605,
    0.18411162495613098,
    0.1872028410434723,
    0.18456847965717316,
    0.18602611124515533,
    0.1868884414434433,
    0.1860974133014679,
    0.1873660832643509,
    0.18589121103286743,
    0.18456290662288666,
    0.18280406296253204,
    0.18699505925178528,
    0.18811415135860443
  ],
  "diff_sigma_per_k": [
    1.6176776398424408e-06,
    1.808031470318383e-06,
    1.7673919501248747e-06,
    1.979401758944732e-06,
    1.5333870351241785e-06,
    1.5842812217670144e-06,
    1.4815956319580437e-06,
    2.0026106994919246e-06,
    1.8555369933892507e-06,
    2.0752213458763435e-06,
    1.5952543890307425e-06,
    1.6085574543467374e-06,
    1.6409832142016967e-06,
    1.6196316892092e-06,
    1.923398485814687e-06,
    1.9488729776639957e-06
  ],
  "variance_collapse": false,
  "k_report_idx": {
    "k1": 0,
    "k8": 7,
    "k15": 14
  },
  "spec": {
    "kind": "baseline",
    "baseline_key": [
      0.5,
      39,
      256,
      16
    ],
    "params": {
      "period_P": 256,
      "manifold_dim_D": 16,
      "continuity_center": 39,
      "fidelity_F": 0.97,
      "magnitude_M": 0.0,
      "locality_L": 0.5
    },
    "L_d_main": 1,
    "seed": 8,
    "perk": true,
    "label": "base_loc0.5_c39_P256_D16_s8",
    "out_file": "/mnt/c/Users/Jason/Desktop/Eridos/Weft 2/v2/results/phase1/pilot/_runs/base_loc0.5_c39_P256_D16_s8.json"
  }
}