{
  "label": "base_loc0.5_c39_P256_D16_s11",
  "L_d_main": 1,
  "seed": 11,
  "wall_clock_s": 187.53,
  "steps_trained": 10000,
  "final_interval_loss": -2833.918279,
  "nan_inf": false,
  "still_descending": false,
  "stability_flag": "stable",
  "diff_mu": 0.137863889336586,
  "diff_sigma": 3.375534163296834e-07,
  "diff_mu_aggregate": 0.137863889336586,
  "diff_sigma_aggregate": 3.375534163296834e-07,
  "diff_mu_per_k": [
    0.13519930839538574,
    0.13370363414287567,
    0.1357748657464981,
    0.13888849318027496,
    0.13990949094295502,
    0.13826492428779602,
    0.14424194395542145,
    0.1408597081899643,
    0.13670141994953156,
    0.1383136659860611,
    0.13470478355884552,
    0.13448502123355865,
    0.13744357228279114,
    0.1371096521615982,
    0.13988398015499115,
    0.14033755660057068
  ],
  "diff_sigma_per_k": [
    3.0439653642133635e-07,
    3.43527574386826e-07,
    3.6472076203608594e-07,
    3.3196650406353e-07,
    3.4279585747754027e-07,
    3.7477775549632497e-07,
    3.3627122775214957e-07,
    3.6800315683649387e-07,
    3.87143529678724e-07,
    3.238968417917931e-07,
    3.09436103407279e-07,
    2.6575548872642685e-07,
    2.7170449357072357e-07,
    3.1924744803291105e-07,
    3.8310682271003316e-07,
    3.741046157301753e-07
  ],
  "variance_collapse": false,
  "k_report_idx": {
    "k1": 0,
    "k8": 7,
    "k15": 14
  },
  "spec": {
    "kind": "baseline",
    "baseline_key": [
      0.5,
      39,
      256,
      16
    ],
    "params": {
      "period_P": 256,
      "manifold_dim_D": 16,
      "continuity_center": 39,
      "fidelity_F": 0.97,
      "magnitude_M": 0.0,
      "locality_L": 0.5
    },
    "L_d_main": 1,
    "seed": 11,
    "perk": true,
    "label": "base_loc0.5_c39_P256_D16_s11",
    "out_file": "/mnt/c/Users/Jason/Desktop/Eridos/Weft 2/v2/results/phase1/pilot/_runs/base_loc0.5_c39_P256_D16_s11.json"
  }
}