{
  "label": "base_loc0.5_c39_P256_D4_s14",
  "L_d_main": 1,
  "seed": 14,
  "wall_clock_s": 190.29,
  "steps_trained": 10000,
  "final_interval_loss": -2808.175249,
  "nan_inf": false,
  "still_descending": true,
  "stability_flag": "stable",
  "diff_mu": 0.12770454585552216,
  "diff_sigma": 1.1915545883312006e-08,
  "diff_mu_aggregate": 0.12770454585552216,
  "diff_sigma_aggregate": 1.1915545883312006e-08,
  "diff_mu_per_k": [
    0.23362576961517334,
    0.14060257375240326,
    0.11497841775417328,
    0.12484649568796158,
    0.12420094013214111,
    0.0128522589802742,
    0.15528452396392822,
    0.23490452766418457,
    0.09497550874948502,
    0.11545812338590622,
    0.12489386647939682,
    0.08561346679925919,
    0.032325852662324905,
    0.2192191183567047,
    0.14465388655662537,
    0.08483699709177017
  ],
  "diff_sigma_per_k": [
    1.8150107194969678e-08,
    1.1902250740547515e-08,
    6.573286803757128e-09,
    1.1535900235060126e-08,
    1.8565517123647624e-08,
    2.062355397569604e-09,
    1.8191990136529057e-08,
    1.4430026062939305e-08,
    9.048785720722208e-09,
    6.128852536591012e-09,
    1.4160566053078583e-08,
    1.0670289540826161e-08,
    7.810129432073154e-09,
    2.133468690601603e-08,
    1.4100898226843128e-08,
    5.983087358885086e-09
  ],
  "variance_collapse": false,
  "k_report_idx": {
    "k1": 0,
    "k8": 7,
    "k15": 14
  },
  "spec": {
    "kind": "baseline",
    "baseline_key": [
      0.5,
      39,
      256,
      4
    ],
    "params": {
      "period_P": 256,
      "manifold_dim_D": 4,
      "continuity_center": 39,
      "fidelity_F": 0.97,
      "magnitude_M": 0.0,
      "locality_L": 0.5
    },
    "L_d_main": 1,
    "seed": 14,
    "perk": true,
    "label": "base_loc0.5_c39_P256_D4_s14",
    "out_file": "/mnt/c/Users/Jason/Desktop/Eridos/Weft 2/v2/results/phase1/pilot/_runs/base_loc0.5_c39_P256_D4_s14.json"
  }
}