{
  "label": "base_loc0.5_c39_P256_D4_s9",
  "L_d_main": 1,
  "seed": 9,
  "wall_clock_s": 184.41,
  "steps_trained": 10000,
  "final_interval_loss": -2750.366833,
  "nan_inf": false,
  "still_descending": false,
  "stability_flag": "stable",
  "diff_mu": 0.6734365820884705,
  "diff_sigma": 1.9878525492345034e-08,
  "diff_mu_aggregate": 0.6734365820884705,
  "diff_sigma_aggregate": 1.9878525492345034e-08,
  "diff_mu_per_k": [
    0.7162892818450928,
    1.3800257444381714,
    0.11476743221282959,
    0.36901578307151794,
    1.3335130214691162,
    0.3032938838005066,
    0.21857580542564392,
    1.0076510906219482,
    0.5673028826713562,
    0.10824688524007797,
    0.8073513507843018,
    1.1853653192520142,
    0.10720806568861008,
    0.9530768394470215,
    0.7996242046356201,
    0.8036795258522034
  ],
  "diff_sigma_per_k": [
    1.6185156326287142e-08,
    2.7591186224640296e-08,
    1.248278458376717e-08,
    1.766409241099609e-08,
    4.458503610749176e-08,
    8.187648781188273e-09,
    7.989624961624031e-09,
    2.5524936830834122e-08,
    9.29902199686694e-09,
    1.1774697661337541e-08,
    2.8627704651285057e-08,
    3.5050295110750085e-08,
    7.474018737241295e-09,
    3.10931298486139e-08,
    1.731160637064022e-08,
    1.721546283306452e-08
  ],
  "variance_collapse": false,
  "k_report_idx": {
    "k1": 0,
    "k8": 7,
    "k15": 14
  },
  "spec": {
    "kind": "baseline",
    "baseline_key": [
      0.5,
      39,
      256,
      4
    ],
    "params": {
      "period_P": 256,
      "manifold_dim_D": 4,
      "continuity_center": 39,
      "fidelity_F": 0.97,
      "magnitude_M": 0.0,
      "locality_L": 0.5
    },
    "L_d_main": 1,
    "seed": 9,
    "perk": true,
    "label": "base_loc0.5_c39_P256_D4_s9",
    "out_file": "/mnt/c/Users/Jason/Desktop/Eridos/Weft 2/v2/results/phase1/pilot/_runs/base_loc0.5_c39_P256_D4_s9.json"
  }
}