{
  "label": "base_loc0.9_c472_P2048_D128_s6",
  "L_d_main": 1,
  "seed": 6,
  "wall_clock_s": 186.74,
  "steps_trained": 10000,
  "final_interval_loss": -3006.056515,
  "nan_inf": false,
  "still_descending": false,
  "stability_flag": "stable",
  "diff_mu": 0.000112679619633127,
  "diff_sigma": 9.960545721554581e-10,
  "diff_mu_aggregate": 0.000112679619633127,
  "diff_sigma_aggregate": 9.960545721554581e-10,
  "diff_mu_per_k": [
    0.00012770040484610945,
    0.00014448040747083724,
    9.759792010299861e-05,
    9.965244680643082e-05,
    0.00010857067536562681,
    0.00012038558634230867,
    0.00011416168126743287,
    0.00011613651440711692,
    9.379661059938371e-05,
    9.954046254279092e-05,
    0.00011551047646207735,
    0.00014001141244079918,
    0.00011186652409378439,
    9.832326031755656e-05,
    0.00010308976925443858,
    0.00011204973270650953
  ],
  "diff_sigma_per_k": [
    9.591911709350143e-10,
    1.0617070556051544e-09,
    9.579677051618773e-10,
    1.073502287063377e-09,
    1.104517144412398e-09,
    1.108007574579517e-09,
    9.985787752242459e-10,
    9.353305907566778e-10,
    9.253078303572693e-10,
    8.845684185132541e-10,
    1.0382316117940604e-09,
    9.297383418704896e-10,
    8.929961770043349e-10,
    9.60982515785247e-10,
    1.0289384899664356e-09,
    1.0773090197702118e-09
  ],
  "variance_collapse": true,
  "k_report_idx": {
    "k1": 0,
    "k8": 7,
    "k15": 14
  },
  "spec": {
    "kind": "baseline",
    "baseline_key": [
      0.9,
      472,
      2048,
      128
    ],
    "params": {
      "period_P": 2048,
      "manifold_dim_D": 128,
      "continuity_center": 472,
      "fidelity_F": 0.97,
      "magnitude_M": 0.0,
      "locality_L": 0.9
    },
    "L_d_main": 1,
    "seed": 6,
    "perk": true,
    "label": "base_loc0.9_c472_P2048_D128_s6",
    "out_file": "/mnt/c/Users/Jason/Desktop/Eridos/Weft 2/v2/results/phase1/pilot/_runs/base_loc0.9_c472_P2048_D128_s6.json"
  }
}