{
  "label": "base_loc0.5_c39_P256_D4_s18",
  "L_d_main": 1,
  "seed": 18,
  "wall_clock_s": 185.61,
  "steps_trained": 10000,
  "final_interval_loss": -2712.318757,
  "nan_inf": false,
  "still_descending": false,
  "stability_flag": "stable",
  "diff_mu": 0.09844277799129486,
  "diff_sigma": 5.2018123142261175e-09,
  "diff_mu_aggregate": 0.09844277799129486,
  "diff_sigma_aggregate": 5.2018123142261175e-09,
  "diff_mu_per_k": [
    0.09767700731754303,
    0.09654846042394638,
    0.09695550799369812,
    0.09810594469308853,
    0.09906598180532455,
    0.09825852513313293,
    0.1001550704240799,
    0.09858246892690659,
    0.09714476019144058,
    0.09686069935560226,
    0.09945607930421829,
    0.10189399123191833,
    0.10112402588129044,
    0.09686518460512161,
    0.09833408147096634,
    0.09805656224489212
  ],
  "diff_sigma_per_k": [
    4.646901974325601e-09,
    6.8702799005393445e-09,
    6.01035488045909e-09,
    4.879099346766225e-09,
    4.141761600351401e-09,
    4.062878922184154e-09,
    4.369776096524447e-09,
    6.297644183916873e-09,
    5.558012272643964e-09,
    6.8609264936014824e-09,
    3.801614578691215e-09,
    3.71459507597649e-09,
    4.300656275546544e-09,
    4.575626988412296e-09,
    6.976249800061396e-09,
    6.162619747840381e-09
  ],
  "variance_collapse": true,
  "k_report_idx": {
    "k1": 0,
    "k8": 7,
    "k15": 14
  },
  "spec": {
    "kind": "baseline",
    "baseline_key": [
      0.5,
      39,
      256,
      4
    ],
    "params": {
      "period_P": 256,
      "manifold_dim_D": 4,
      "continuity_center": 39,
      "fidelity_F": 0.97,
      "magnitude_M": 0.0,
      "locality_L": 0.5
    },
    "L_d_main": 1,
    "seed": 18,
    "perk": true,
    "label": "base_loc0.5_c39_P256_D4_s18",
    "out_file": "/mnt/c/Users/Jason/Desktop/Eridos/Weft 2/v2/results/phase1/pilot/_runs/base_loc0.5_c39_P256_D4_s18.json"
  }
}