{
  "label": "base_loc0.5_c39_P256_D16_s0",
  "L_d_main": 1,
  "seed": 0,
  "wall_clock_s": 184.2,
  "steps_trained": 10000,
  "final_interval_loss": -2917.373888,
  "nan_inf": false,
  "still_descending": true,
  "stability_flag": "stable",
  "diff_mu": 0.2178938239812851,
  "diff_sigma": 5.01509930472821e-07,
  "diff_mu_aggregate": 0.2178938239812851,
  "diff_sigma_aggregate": 5.01509930472821e-07,
  "diff_mu_per_k": [
    0.21765777468681335,
    0.21847809851169586,
    0.21828000247478485,
    0.21501478552818298,
    0.21793696284294128,
    0.2168935239315033,
    0.21715199947357178,
    0.21823351085186005,
    0.21452151238918304,
    0.22138875722885132,
    0.22214819490909576,
    0.21396087110042572,
    0.21912787854671478,
    0.219442680478096,
    0.21563388407230377,
    0.22043047845363617
  ],
  "diff_sigma_per_k": [
    5.134061211720109e-07,
    5.524211132978962e-07,
    5.987201348034432e-07,
    5.661737532136613e-07,
    4.81707104427187e-07,
    4.181983683793078e-07,
    4.2689075030466483e-07,
    5.406935770224663e-07,
    5.413464805315016e-07,
    4.6369157757908397e-07,
    4.336286565376213e-07,
    4.48962680366094e-07,
    5.071211148788279e-07,
    4.585410238178156e-07,
    5.849216222486575e-07,
    4.877344963460928e-07
  ],
  "variance_collapse": false,
  "k_report_idx": {
    "k1": 0,
    "k8": 7,
    "k15": 14
  },
  "spec": {
    "kind": "baseline",
    "baseline_key": [
      0.5,
      39,
      256,
      16
    ],
    "params": {
      "period_P": 256,
      "manifold_dim_D": 16,
      "continuity_center": 39,
      "fidelity_F": 0.97,
      "magnitude_M": 0.0,
      "locality_L": 0.5
    },
    "L_d_main": 1,
    "seed": 0,
    "perk": true,
    "label": "base_loc0.5_c39_P256_D16_s0",
    "out_file": "/mnt/c/Users/Jason/Desktop/Eridos/Weft 2/v2/results/phase1/pilot/_runs/base_loc0.5_c39_P256_D16_s0.json"
  }
}