{
  "label": "base_loc0.9_c472_P2048_D128_s8",
  "L_d_main": 1,
  "seed": 8,
  "wall_clock_s": 187.21,
  "steps_trained": 10000,
  "final_interval_loss": -3010.549969,
  "nan_inf": false,
  "still_descending": false,
  "stability_flag": "stable",
  "diff_mu": 2.699034484976437e-05,
  "diff_sigma": 1.2895601253504196e-10,
  "diff_mu_aggregate": 2.699034484976437e-05,
  "diff_sigma_aggregate": 1.2895601253504196e-10,
  "diff_mu_per_k": [
    2.6780820917338133e-05,
    2.8017693693982437e-05,
    2.749877421592828e-05,
    2.7628364478005096e-05,
    2.7832316845888272e-05,
    2.6588179025566205e-05,
    2.657689583429601e-05,
    2.6607427571434528e-05,
    2.6879379220190458e-05,
    2.8106942409067415e-05,
    2.5762459699762985e-05,
    2.7305472031002864e-05,
    2.619038241391536e-05,
    2.5962457584682852e-05,
    2.7635411242954433e-05,
    2.6472542231203988e-05
  ],
  "diff_sigma_per_k": [
    1.398887672365845e-10,
    1.292333046132299e-10,
    1.143238143042069e-10,
    1.1297866808757107e-10,
    1.1615226142014379e-10,
    1.720368708602038e-10,
    1.3366319162599893e-10,
    1.3292694722721876e-10,
    1.249913506029543e-10,
    1.3175431579082186e-10,
    1.3060140469089987e-10,
    1.2566427065596741e-10,
    1.1628998458634854e-10,
    1.2425727113907215e-10,
    1.2210059352479874e-10,
    1.3643312868349966e-10
  ],
  "variance_collapse": true,
  "k_report_idx": {
    "k1": 0,
    "k8": 7,
    "k15": 14
  },
  "spec": {
    "kind": "baseline",
    "baseline_key": [
      0.9,
      472,
      2048,
      128
    ],
    "params": {
      "period_P": 2048,
      "manifold_dim_D": 128,
      "continuity_center": 472,
      "fidelity_F": 0.97,
      "magnitude_M": 0.0,
      "locality_L": 0.9
    },
    "L_d_main": 1,
    "seed": 8,
    "perk": true,
    "label": "base_loc0.9_c472_P2048_D128_s8",
    "out_file": "/mnt/c/Users/Jason/Desktop/Eridos/Weft 2/v2/results/phase1/pilot/_runs/base_loc0.9_c472_P2048_D128_s8.json"
  }
}