{
  "label": "base_loc0.5_c39_P256_D4_s19",
  "L_d_main": 1,
  "seed": 19,
  "wall_clock_s": 181.39,
  "steps_trained": 10000,
  "final_interval_loss": -2708.151606,
  "nan_inf": false,
  "still_descending": true,
  "stability_flag": "stable",
  "diff_mu": 0.3059418797492981,
  "diff_sigma": 1.537300065024283e-08,
  "diff_mu_aggregate": 0.3059418797492981,
  "diff_sigma_aggregate": 1.537300065024283e-08,
  "diff_mu_per_k": [
    0.4983423352241516,
    0.2052396684885025,
    0.20087359845638275,
    0.14067241549491882,
    0.30703428387641907,
    0.44542092084884644,
    0.5495433211326599,
    0.3499480187892914,
    0.18413721024990082,
    0.17322005331516266,
    0.1738450676202774,
    0.3593851625919342,
    0.42118000984191895,
    0.4701264798641205,
    0.2490549087524414,
    0.16704659163951874
  ],
  "diff_sigma_per_k": [
    9.235897380222013e-09,
    1.4178134222220251e-08,
    1.595241982954576e-08,
    1.8224719511295007e-08,
    2.744326543790976e-08,
    1.7937701102255232e-08,
    6.3991119070294644e-09,
    9.46725808859128e-09,
    1.5189584701147396e-08,
    1.601284793650848e-08,
    2.3386281355897154e-08,
    2.564747170197279e-08,
    1.2641830693382872e-08,
    5.0462536371753686e-09,
    1.4172229612086085e-08,
    1.503301305660898e-08
  ],
  "variance_collapse": false,
  "k_report_idx": {
    "k1": 0,
    "k8": 7,
    "k15": 14
  },
  "spec": {
    "kind": "baseline",
    "baseline_key": [
      0.5,
      39,
      256,
      4
    ],
    "params": {
      "period_P": 256,
      "manifold_dim_D": 4,
      "continuity_center": 39,
      "fidelity_F": 0.97,
      "magnitude_M": 0.0,
      "locality_L": 0.5
    },
    "L_d_main": 1,
    "seed": 19,
    "perk": true,
    "label": "base_loc0.5_c39_P256_D4_s19",
    "out_file": "/mnt/c/Users/Jason/Desktop/Eridos/Weft 2/v2/results/phase1/pilot/_runs/base_loc0.5_c39_P256_D4_s19.json"
  }
}