{
  "label": "base_loc0.3_c3_P32_D4_s14",
  "L_d_main": 1,
  "seed": 14,
  "wall_clock_s": 186.26,
  "steps_trained": 10000,
  "final_interval_loss": -2593.217458,
  "nan_inf": false,
  "still_descending": true,
  "stability_flag": "stable",
  "diff_mu": 1.6399654150009155,
  "diff_sigma": 2.489692008111888e-07,
  "diff_mu_aggregate": 1.6399654150009155,
  "diff_sigma_aggregate": 2.489692008111888e-07,
  "diff_mu_per_k": [
    0.7617512941360474,
    1.200139045715332,
    2.631282329559326,
    2.803964376449585,
    2.4796335697174072,
    2.164731740951538,
    1.6440000534057617,
    1.0093590021133423,
    0.7694278359413147,
    0.8914676904678345,
    1.1910055875778198,
    1.8893581628799438,
    1.824057698249817,
    1.735339641571045,
    1.5829708576202393,
    1.6610167026519775
  ],
  "diff_sigma_per_k": [
    1.523186909935248e-07,
    2.550016517943732e-07,
    2.1439761610508867e-07,
    1.768464841234163e-07,
    1.5906530848042166e-07,
    1.3459526826409274e-07,
    9.427887448509864e-08,
    9.461462724402736e-08,
    1.3751260041772184e-07,
    1.5125958441331022e-07,
    1.7846475941496465e-07,
    3.4467871046217624e-07,
    4.6324294089572504e-07,
    4.044724732921168e-07,
    5.050553681940073e-07,
    5.177022899260919e-07
  ],
  "variance_collapse": false,
  "k_report_idx": {
    "k1": 0,
    "k8": 7,
    "k15": 14
  },
  "spec": {
    "kind": "baseline",
    "baseline_key": [
      0.3,
      3,
      32,
      4
    ],
    "params": {
      "period_P": 32,
      "manifold_dim_D": 4,
      "continuity_center": 3,
      "fidelity_F": 0.97,
      "magnitude_M": 0.0,
      "locality_L": 0.3
    },
    "L_d_main": 1,
    "seed": 14,
    "perk": true,
    "label": "base_loc0.3_c3_P32_D4_s14",
    "out_file": "/mnt/c/Users/Jason/Desktop/Eridos/Weft 2/v2/results/phase1/pilot/_runs/base_loc0.3_c3_P32_D4_s14.json"
  }
}