{
  "label": "base_loc0.3_c3_P32_D4_s12",
  "L_d_main": 1,
  "seed": 12,
  "wall_clock_s": 185.62,
  "steps_trained": 10000,
  "final_interval_loss": -2744.003505,
  "nan_inf": false,
  "still_descending": true,
  "stability_flag": "stable",
  "diff_mu": 0.719593346118927,
  "diff_sigma": 7.825641660019755e-06,
  "diff_mu_aggregate": 0.719593346118927,
  "diff_sigma_aggregate": 7.825641660019755e-06,
  "diff_mu_per_k": [
    0.669438362121582,
    0.6548030376434326,
    0.6917794346809387,
    0.7664860486984253,
    0.8073118329048157,
    0.8187918066978455,
    0.6873634457588196,
    0.7107104659080505,
    0.7005940079689026,
    0.6756983399391174,
    0.6705774068832397,
    0.7261381149291992,
    0.7518778443336487,
    0.7713829874992371,
    0.7123050689697266,
    0.6982433199882507
  ],
  "diff_sigma_per_k": [
    8.774997695581988e-06,
    8.501137926941738e-06,
    4.583049758366542e-06,
    5.102443537907675e-06,
    3.0166063424985623e-06,
    3.2144625947694294e-06,
    7.057255970721599e-06,
    8.064278517849743e-06,
    9.631455213821027e-06,
    1.0557120731391478e-05,
    1.2611176316568162e-05,
    7.883614671300165e-06,
    7.61170667828992e-06,
    7.366847512457753e-06,
    1.0255058441543952e-05,
    1.097904532798566e-05
  ],
  "variance_collapse": false,
  "k_report_idx": {
    "k1": 0,
    "k8": 7,
    "k15": 14
  },
  "spec": {
    "kind": "baseline",
    "baseline_key": [
      0.3,
      3,
      32,
      4
    ],
    "params": {
      "period_P": 32,
      "manifold_dim_D": 4,
      "continuity_center": 3,
      "fidelity_F": 0.97,
      "magnitude_M": 0.0,
      "locality_L": 0.3
    },
    "L_d_main": 1,
    "seed": 12,
    "perk": true,
    "label": "base_loc0.3_c3_P32_D4_s12",
    "out_file": "/mnt/c/Users/Jason/Desktop/Eridos/Weft 2/v2/results/phase1/pilot/_runs/base_loc0.3_c3_P32_D4_s12.json"
  }
}