{
  "label": "base_loc0.5_c39_P256_D4_s5",
  "L_d_main": 1,
  "seed": 5,
  "wall_clock_s": 183.14,
  "steps_trained": 10000,
  "final_interval_loss": -2792.616581,
  "nan_inf": false,
  "still_descending": false,
  "stability_flag": "stable",
  "diff_mu": 0.025203516706824303,
  "diff_sigma": 1.6518033163492873e-08,
  "diff_mu_aggregate": 0.025203516706824303,
  "diff_sigma_aggregate": 1.6518033163492873e-08,
  "diff_mu_per_k": [
    0.02809942699968815,
    0.02915000356733799,
    0.027496112510561943,
    0.022412680089473724,
    0.022683287039399147,
    0.020032837986946106,
    0.02355469949543476,
    0.027703357860445976,
    0.02869739569723606,
    0.024658679962158203,
    0.022182084619998932,
    0.022500813007354736,
    0.0227374117821455,
    0.026089655235409737,
    0.028417084366083145,
    0.026840802282094955
  ],
  "diff_sigma_per_k": [
    1.4647989488025814e-08,
    1.4404546888613368e-08,
    1.7304548904917283e-08,
    1.8107590094018633e-08,
    1.7931615303723447e-08,
    1.4904841805218894e-08,
    1.609192423757122e-08,
    1.4914933288423526e-08,
    1.560124118782369e-08,
    1.8635738285865955e-08,
    1.7616333281011975e-08,
    2.0354391949695128e-08,
    1.8415693858742088e-08,
    1.4647780766097185e-08,
    1.322513654145041e-08,
    1.7484239833720494e-08
  ],
  "variance_collapse": false,
  "k_report_idx": {
    "k1": 0,
    "k8": 7,
    "k15": 14
  },
  "spec": {
    "kind": "baseline",
    "baseline_key": [
      0.5,
      39,
      256,
      4
    ],
    "params": {
      "period_P": 256,
      "manifold_dim_D": 4,
      "continuity_center": 39,
      "fidelity_F": 0.97,
      "magnitude_M": 0.0,
      "locality_L": 0.5
    },
    "L_d_main": 1,
    "seed": 5,
    "perk": true,
    "label": "base_loc0.5_c39_P256_D4_s5",
    "out_file": "/mnt/c/Users/Jason/Desktop/Eridos/Weft 2/v2/results/phase1/pilot/_runs/base_loc0.5_c39_P256_D4_s5.json"
  }
}