{
  "label": "base_loc0.9_c472_P2048_D128_s10",
  "L_d_main": 1,
  "seed": 10,
  "wall_clock_s": 187.37,
  "steps_trained": 10000,
  "final_interval_loss": -3011.932068,
  "nan_inf": false,
  "still_descending": false,
  "stability_flag": "stable",
  "diff_mu": 5.631320891552605e-05,
  "diff_sigma": 4.0961098402014784e-10,
  "diff_mu_aggregate": 5.631320891552605e-05,
  "diff_sigma_aggregate": 4.0961098402014784e-10,
  "diff_mu_per_k": [
    5.804376633022912e-05,
    5.631372187053785e-05,
    5.501170744537376e-05,
    5.526562745217234e-05,
    5.7356624893145636e-05,
    5.594888352788985e-05,
    5.642552059725858e-05,
    5.6388580560451373e-05,
    5.6829783716239035e-05,
    5.611026790575124e-05,
    5.637753565679304e-05,
    5.686554140993394e-05,
    5.61239939997904e-05,
    5.5775723012629896e-05,
    5.636350033455528e-05,
    5.581059303949587e-05
  ],
  "diff_sigma_per_k": [
    4.1867706523923687e-10,
    4.2955150547641097e-10,
    3.6863240238105277e-10,
    3.665892311932595e-10,
    4.263324138165103e-10,
    4.0723621697047463e-10,
    4.087492011528582e-10,
    3.9577133237322926e-10,
    3.7040262523824197e-10,
    4.4523953968145236e-10,
    4.2340347894409547e-10,
    4.349878512943661e-10,
    4.088450966666102e-10,
    3.755867838961535e-10,
    4.4369449780923276e-10,
    4.300765577003318e-10
  ],
  "variance_collapse": true,
  "k_report_idx": {
    "k1": 0,
    "k8": 7,
    "k15": 14
  },
  "spec": {
    "kind": "baseline",
    "baseline_key": [
      0.9,
      472,
      2048,
      128
    ],
    "params": {
      "period_P": 2048,
      "manifold_dim_D": 128,
      "continuity_center": 472,
      "fidelity_F": 0.97,
      "magnitude_M": 0.0,
      "locality_L": 0.9
    },
    "L_d_main": 1,
    "seed": 10,
    "perk": true,
    "label": "base_loc0.9_c472_P2048_D128_s10",
    "out_file": "/mnt/c/Users/Jason/Desktop/Eridos/Weft 2/v2/results/phase1/pilot/_runs/base_loc0.9_c472_P2048_D128_s10.json"
  }
}