{
  "label": "base_loc0.5_c39_P256_D4_s8",
  "L_d_main": 1,
  "seed": 8,
  "wall_clock_s": 184.81,
  "steps_trained": 10000,
  "final_interval_loss": -2843.624859,
  "nan_inf": false,
  "still_descending": false,
  "stability_flag": "stable",
  "diff_mu": 0.34110990166664124,
  "diff_sigma": 9.826985092331597e-08,
  "diff_mu_aggregate": 0.34110990166664124,
  "diff_sigma_aggregate": 9.826985092331597e-08,
  "diff_mu_per_k": [
    0.21799369156360626,
    0.7363216876983643,
    0.6488779187202454,
    0.030578970909118652,
    0.31767916679382324,
    0.1932867169380188,
    0.08014625310897827,
    0.6051300764083862,
    0.7137017846107483,
    0.23971284925937653,
    0.21987444162368774,
    0.18017081916332245,
    0.09459586441516876,
    0.080815389752388,
    0.5608749985694885,
    0.5379980206489563
  ],
  "diff_sigma_per_k": [
    4.413895382526789e-08,
    2.0707214787307748e-07,
    2.684045057321782e-07,
    2.1427853269528896e-08,
    3.5464449155142574e-08,
    5.3706784797213913e-08,
    6.746105896127119e-09,
    1.571324617088976e-07,
    2.160614087642898e-07,
    8.513035254509305e-08,
    5.4295913543001006e-08,
    4.477907111777313e-08,
    3.1874268557885443e-08,
    5.356903809428104e-09,
    1.5522654450705886e-07,
    1.8549995672856312e-07
  ],
  "variance_collapse": false,
  "k_report_idx": {
    "k1": 0,
    "k8": 7,
    "k15": 14
  },
  "spec": {
    "kind": "baseline",
    "baseline_key": [
      0.5,
      39,
      256,
      4
    ],
    "params": {
      "period_P": 256,
      "manifold_dim_D": 4,
      "continuity_center": 39,
      "fidelity_F": 0.97,
      "magnitude_M": 0.0,
      "locality_L": 0.5
    },
    "L_d_main": 1,
    "seed": 8,
    "perk": true,
    "label": "base_loc0.5_c39_P256_D4_s8",
    "out_file": "/mnt/c/Users/Jason/Desktop/Eridos/Weft 2/v2/results/phase1/pilot/_runs/base_loc0.5_c39_P256_D4_s8.json"
  }
}