{
  "label": "base_loc0.3_c3_P32_D4_s9",
  "L_d_main": 1,
  "seed": 9,
  "wall_clock_s": 185.74,
  "steps_trained": 10000,
  "final_interval_loss": -2585.275332,
  "nan_inf": false,
  "still_descending": true,
  "stability_flag": "stable",
  "diff_mu": 0.8941728472709656,
  "diff_sigma": 8.467379188914492e-07,
  "diff_mu_aggregate": 0.8941728472709656,
  "diff_sigma_aggregate": 8.467379188914492e-07,
  "diff_mu_per_k": [
    0.8420888185501099,
    0.8593218922615051,
    0.930396318435669,
    0.9707435369491577,
    0.9242174029350281,
    0.8813234567642212,
    0.8675116896629333,
    0.8535012006759644,
    0.8768991827964783,
    0.9054005742073059,
    0.895862340927124,
    0.8778733611106873,
    0.8721109628677368,
    0.8849263191223145,
    0.9081138372421265,
    0.9564767479896545
  ],
  "diff_sigma_per_k": [
    8.83367761161935e-07,
    8.620840503681393e-07,
    5.49000617411366e-07,
    6.386155746440636e-07,
    6.089843509471393e-07,
    6.059730139895692e-07,
    5.905221200919186e-07,
    7.050780368444975e-07,
    7.543869173787243e-07,
    9.33390026602865e-07,
    9.372788554173894e-07,
    9.46739191931556e-07,
    8.987868227450235e-07,
    1.0371987855251064e-06,
    1.1232054930587765e-06,
    1.4731951978319557e-06
  ],
  "variance_collapse": false,
  "k_report_idx": {
    "k1": 0,
    "k8": 7,
    "k15": 14
  },
  "spec": {
    "kind": "baseline",
    "baseline_key": [
      0.3,
      3,
      32,
      4
    ],
    "params": {
      "period_P": 32,
      "manifold_dim_D": 4,
      "continuity_center": 3,
      "fidelity_F": 0.97,
      "magnitude_M": 0.0,
      "locality_L": 0.3
    },
    "L_d_main": 1,
    "seed": 9,
    "perk": true,
    "label": "base_loc0.3_c3_P32_D4_s9",
    "out_file": "/mnt/c/Users/Jason/Desktop/Eridos/Weft 2/v2/results/phase1/pilot/_runs/base_loc0.3_c3_P32_D4_s9.json"
  }
}