{
  "label": "base_loc0.5_c19_P256_D16_s5",
  "L_d_main": 1,
  "seed": 5,
  "wall_clock_s": 188.28,
  "steps_trained": 10000,
  "final_interval_loss": -2932.9191,
  "nan_inf": false,
  "still_descending": false,
  "stability_flag": "stable",
  "diff_mu": 0.42546918988227844,
  "diff_sigma": 2.678641521924874e-07,
  "diff_mu_aggregate": 0.42546918988227844,
  "diff_sigma_aggregate": 2.678641521924874e-07,
  "diff_mu_per_k": [
    0.41932472586631775,
    0.42916280031204224,
    0.42993953824043274,
    0.4277151823043823,
    0.42832058668136597,
    0.4272827208042145,
    0.42369216680526733,
    0.42745891213417053,
    0.42672199010849,
    0.4287036061286926,
    0.42626306414604187,
    0.42306816577911377,
    0.4258139729499817,
    0.42134952545166016,
    0.42032375931739807,
    0.4223664700984955
  ],
  "diff_sigma_per_k": [
    2.208161760108851e-07,
    2.404084114004945e-07,
    2.2140234534617775e-07,
    2.3511641700224573e-07,
    2.878067562051001e-07,
    2.911583010245522e-07,
    2.7639271138468757e-07,
    2.7091860488326347e-07,
    2.2287156298261834e-07,
    1.8954642655444331e-07,
    2.0313014204020874e-07,
    2.156648690743168e-07,
    2.8066472168575274e-07,
    3.312470937544276e-07,
    3.558948833415343e-07,
    4.427870123890898e-07
  ],
  "variance_collapse": false,
  "k_report_idx": {
    "k1": 0,
    "k8": 7,
    "k15": 14
  },
  "spec": {
    "kind": "baseline",
    "baseline_key": [
      0.5,
      19,
      256,
      16
    ],
    "params": {
      "period_P": 256,
      "manifold_dim_D": 16,
      "continuity_center": 19,
      "fidelity_F": 0.97,
      "magnitude_M": 0.0,
      "locality_L": 0.5
    },
    "L_d_main": 1,
    "seed": 5,
    "perk": true,
    "label": "base_loc0.5_c19_P256_D16_s5",
    "out_file": "/mnt/c/Users/Jason/Desktop/Eridos/Weft 2/v2/results/phase1/pilot/_runs/base_loc0.5_c19_P256_D16_s5.json"
  }
}