{
  "label": "base_loc0.3_c3_P32_D4_s2",
  "L_d_main": 1,
  "seed": 2,
  "wall_clock_s": 183.76,
  "steps_trained": 10000,
  "final_interval_loss": -2634.05048,
  "nan_inf": false,
  "still_descending": true,
  "stability_flag": "stable",
  "diff_mu": 0.653097927570343,
  "diff_sigma": 6.674807764284196e-07,
  "diff_mu_aggregate": 0.653097927570343,
  "diff_sigma_aggregate": 6.674807764284196e-07,
  "diff_mu_per_k": [
    0.6609431505203247,
    0.5913792848587036,
    0.5932416319847107,
    0.6190296411514282,
    0.7037643194198608,
    0.7645349502563477,
    0.7422066330909729,
    0.6333719491958618,
    0.6089962720870972,
    0.5902897119522095,
    0.5871511697769165,
    0.6088631749153137,
    0.6641073226928711,
    0.7046239972114563,
    0.7396479845046997,
    0.637408435344696
  ],
  "diff_sigma_per_k": [
    5.443198460852727e-07,
    5.585270628216676e-07,
    6.019694751557836e-07,
    6.403061547644029e-07,
    8.362677021978016e-07,
    6.960931955291016e-07,
    6.260002578528656e-07,
    4.1248910065405653e-07,
    4.0929705846792785e-07,
    4.5730789111075865e-07,
    5.962130558145873e-07,
    6.695717047477956e-07,
    9.095534210246115e-07,
    7.500393053305743e-07,
    1.0954830713671981e-06,
    8.762544894125313e-07
  ],
  "variance_collapse": false,
  "k_report_idx": {
    "k1": 0,
    "k8": 7,
    "k15": 14
  },
  "spec": {
    "kind": "baseline",
    "baseline_key": [
      0.3,
      3,
      32,
      4
    ],
    "params": {
      "period_P": 32,
      "manifold_dim_D": 4,
      "continuity_center": 3,
      "fidelity_F": 0.97,
      "magnitude_M": 0.0,
      "locality_L": 0.3
    },
    "L_d_main": 1,
    "seed": 2,
    "perk": true,
    "label": "base_loc0.3_c3_P32_D4_s2",
    "out_file": "/mnt/c/Users/Jason/Desktop/Eridos/Weft 2/v2/results/phase1/pilot/_runs/base_loc0.3_c3_P32_D4_s2.json"
  }
}