{
  "label": "base_loc0.9_c472_P2048_D128_s7",
  "L_d_main": 1,
  "seed": 7,
  "wall_clock_s": 187.72,
  "steps_trained": 10000,
  "final_interval_loss": -3008.790013,
  "nan_inf": false,
  "still_descending": false,
  "stability_flag": "stable",
  "diff_mu": 4.6395154640777037e-05,
  "diff_sigma": 1.7242121619354123e-10,
  "diff_mu_aggregate": 4.6395154640777037e-05,
  "diff_sigma_aggregate": 1.7242121619354123e-10,
  "diff_mu_per_k": [
    4.6659970394102857e-05,
    4.753538087243214e-05,
    4.604356945492327e-05,
    4.5324999518925324e-05,
    4.6200915676308796e-05,
    4.6217865019571036e-05,
    4.596660437528044e-05,
    4.715094837592915e-05,
    4.572354373522103e-05,
    4.6652916353195906e-05,
    4.6317050873767585e-05,
    4.71991952508688e-05,
    4.6101133193587884e-05,
    4.7074445319594815e-05,
    4.5311324356589466e-05,
    4.684255691245198e-05
  ],
  "diff_sigma_per_k": [
    1.935779730954934e-10,
    1.9596950451283845e-10,
    1.6292230065051427e-10,
    1.543141309179319e-10,
    1.6577242356596855e-10,
    2.054014597296927e-10,
    1.9144479057597863e-10,
    1.7492440829158795e-10,
    1.5293370736468859e-10,
    1.6836486371740733e-10,
    1.762850143638417e-10,
    1.603501359470627e-10,
    1.53901585919769e-10,
    1.7250011141722865e-10,
    1.8174836635687086e-10,
    1.483285994030581e-10
  ],
  "variance_collapse": true,
  "k_report_idx": {
    "k1": 0,
    "k8": 7,
    "k15": 14
  },
  "spec": {
    "kind": "baseline",
    "baseline_key": [
      0.9,
      472,
      2048,
      128
    ],
    "params": {
      "period_P": 2048,
      "manifold_dim_D": 128,
      "continuity_center": 472,
      "fidelity_F": 0.97,
      "magnitude_M": 0.0,
      "locality_L": 0.9
    },
    "L_d_main": 1,
    "seed": 7,
    "perk": true,
    "label": "base_loc0.9_c472_P2048_D128_s7",
    "out_file": "/mnt/c/Users/Jason/Desktop/Eridos/Weft 2/v2/results/phase1/pilot/_runs/base_loc0.9_c472_P2048_D128_s7.json"
  }
}