{
  "label": "base_loc0.5_c19_P256_D16_s9",
  "L_d_main": 1,
  "seed": 9,
  "wall_clock_s": 185.07,
  "steps_trained": 10000,
  "final_interval_loss": -2902.858552,
  "nan_inf": false,
  "still_descending": false,
  "stability_flag": "stable",
  "diff_mu": 0.2698154151439667,
  "diff_sigma": 4.6087754412837967e-07,
  "diff_mu_aggregate": 0.2698154151439667,
  "diff_sigma_aggregate": 4.6087754412837967e-07,
  "diff_mu_per_k": [
    0.26734834909439087,
    0.2702297270298004,
    0.2673691511154175,
    0.2728864550590515,
    0.2705152928829193,
    0.26906025409698486,
    0.27027925848960876,
    0.26647815108299255,
    0.26483187079429626,
    0.26969200372695923,
    0.26705455780029297,
    0.27116432785987854,
    0.2712017297744751,
    0.2749801278114319,
    0.27223432064056396,
    0.2717212736606598
  ],
  "diff_sigma_per_k": [
    5.821725039822923e-07,
    3.30136145976212e-07,
    3.7952540310470795e-07,
    3.459998083599203e-07,
    3.8960666870480054e-07,
    5.696794573850639e-07,
    4.986123940398102e-07,
    4.4931701381756284e-07,
    4.4472434979070385e-07,
    3.1956696489032765e-07,
    3.4940163118335477e-07,
    3.948890139326977e-07,
    3.9300803678088414e-07,
    4.939548148286121e-07,
    6.66511539293424e-07,
    7.669348178751534e-07
  ],
  "variance_collapse": false,
  "k_report_idx": {
    "k1": 0,
    "k8": 7,
    "k15": 14
  },
  "spec": {
    "kind": "baseline",
    "baseline_key": [
      0.5,
      19,
      256,
      16
    ],
    "params": {
      "period_P": 256,
      "manifold_dim_D": 16,
      "continuity_center": 19,
      "fidelity_F": 0.97,
      "magnitude_M": 0.0,
      "locality_L": 0.5
    },
    "L_d_main": 1,
    "seed": 9,
    "perk": true,
    "label": "base_loc0.5_c19_P256_D16_s9",
    "out_file": "/mnt/c/Users/Jason/Desktop/Eridos/Weft 2/v2/results/phase1/pilot/_runs/base_loc0.5_c19_P256_D16_s9.json"
  }
}