{
  "label": "base_loc0.9_c472_P2048_D128_s1",
  "L_d_main": 1,
  "seed": 1,
  "wall_clock_s": 188.17,
  "steps_trained": 10000,
  "final_interval_loss": -3009.599852,
  "nan_inf": false,
  "still_descending": false,
  "stability_flag": "stable",
  "diff_mu": 6.1397637182381e-05,
  "diff_sigma": 7.491961495631472e-10,
  "diff_mu_aggregate": 6.1397637182381e-05,
  "diff_sigma_aggregate": 7.491961495631472e-10,
  "diff_mu_per_k": [
    5.94161065237131e-05,
    6.122643389971927e-05,
    5.93434160691686e-05,
    6.220068462425843e-05,
    6.307816511252895e-05,
    6.047997885616496e-05,
    6.234044849406928e-05,
    6.190202839206904e-05,
    6.166161620058119e-05,
    6.177066825330257e-05,
    6.191610009409487e-05,
    6.1309605371207e-05,
    6.074853808968328e-05,
    6.301642133621499e-05,
    6.14455493632704e-05,
    6.0506605223054066e-05
  ],
  "diff_sigma_per_k": [
    7.86835596677804e-10,
    7.305336890972569e-10,
    7.84916243112832e-10,
    7.116832678732976e-10,
    6.783116845987536e-10,
    8.150761732217404e-10,
    7.314504557598411e-10,
    6.809670605179008e-10,
    7.483305641819982e-10,
    7.779178967659561e-10,
    8.571106047128296e-10,
    6.735791369116839e-10,
    7.581233418818556e-10,
    7.075372510101374e-10,
    7.263565859894072e-10,
    8.184087296747578e-10
  ],
  "variance_collapse": true,
  "k_report_idx": {
    "k1": 0,
    "k8": 7,
    "k15": 14
  },
  "spec": {
    "kind": "baseline",
    "baseline_key": [
      0.9,
      472,
      2048,
      128
    ],
    "params": {
      "period_P": 2048,
      "manifold_dim_D": 128,
      "continuity_center": 472,
      "fidelity_F": 0.97,
      "magnitude_M": 0.0,
      "locality_L": 0.9
    },
    "L_d_main": 1,
    "seed": 1,
    "perk": true,
    "label": "base_loc0.9_c472_P2048_D128_s1",
    "out_file": "/mnt/c/Users/Jason/Desktop/Eridos/Weft 2/v2/results/phase1/pilot/_runs/base_loc0.9_c472_P2048_D128_s1.json"
  }
}