{
  "label": "base_loc0.3_c3_P32_D4_s19",
  "L_d_main": 1,
  "seed": 19,
  "wall_clock_s": 185.71,
  "steps_trained": 10000,
  "final_interval_loss": -2488.364868,
  "nan_inf": false,
  "still_descending": false,
  "stability_flag": "stable",
  "diff_mu": 0.5223992466926575,
  "diff_sigma": 2.020788372192328e-07,
  "diff_mu_aggregate": 0.5223992466926575,
  "diff_sigma_aggregate": 2.020788372192328e-07,
  "diff_mu_per_k": [
    0.5458952188491821,
    0.5496287941932678,
    0.5424510836601257,
    0.5541439652442932,
    0.5284839272499084,
    0.5044692754745483,
    0.49760425090789795,
    0.50152987241745,
    0.48673155903816223,
    0.48197925090789795,
    0.5049574971199036,
    0.5188321471214294,
    0.5328842997550964,
    0.5323500037193298,
    0.5369188785552979,
    0.5395280122756958
  ],
  "diff_sigma_per_k": [
    2.1217165624420886e-07,
    1.5852823764817003e-07,
    1.7641887950503587e-07,
    1.8802117551786068e-07,
    1.7679097652489872e-07,
    2.1155653939786134e-07,
    2.2801071963840513e-07,
    1.7929555440332479e-07,
    1.6765805810337042e-07,
    2.008487314242302e-07,
    1.8668850998437847e-07,
    1.84188792218265e-07,
    1.9561061037620675e-07,
    2.52123442123775e-07,
    2.4150432409442146e-07,
    2.7384507461647445e-07
  ],
  "variance_collapse": false,
  "k_report_idx": {
    "k1": 0,
    "k8": 7,
    "k15": 14
  },
  "spec": {
    "kind": "baseline",
    "baseline_key": [
      0.3,
      3,
      32,
      4
    ],
    "params": {
      "period_P": 32,
      "manifold_dim_D": 4,
      "continuity_center": 3,
      "fidelity_F": 0.97,
      "magnitude_M": 0.0,
      "locality_L": 0.3
    },
    "L_d_main": 1,
    "seed": 19,
    "perk": true,
    "label": "base_loc0.3_c3_P32_D4_s19",
    "out_file": "/mnt/c/Users/Jason/Desktop/Eridos/Weft 2/v2/results/phase1/pilot/_runs/base_loc0.3_c3_P32_D4_s19.json"
  }
}