{
  "label": "base_loc0.3_c3_P32_D4_s15",
  "L_d_main": 1,
  "seed": 15,
  "wall_clock_s": 187.14,
  "steps_trained": 10000,
  "final_interval_loss": -2708.51279,
  "nan_inf": false,
  "still_descending": true,
  "stability_flag": "stable",
  "diff_mu": 0.4254942238330841,
  "diff_sigma": 2.099832272506319e-06,
  "diff_mu_aggregate": 0.4254942238330841,
  "diff_sigma_aggregate": 2.099832272506319e-06,
  "diff_mu_per_k": [
    0.4250987768173218,
    0.42894822359085083,
    0.4284472167491913,
    0.4237029254436493,
    0.42413994669914246,
    0.4206134080886841,
    0.42272523045539856,
    0.4218859076499939,
    0.4194492697715759,
    0.43031781911849976,
    0.4362567663192749,
    0.42901766300201416,
    0.4293051064014435,
    0.4276125729084015,
    0.41537466645240784,
    0.4250117242336273
  ],
  "diff_sigma_per_k": [
    1.6375088307540864e-06,
    1.4299811255114037e-06,
    1.4871988014419912e-06,
    1.6718655615477473e-06,
    1.8697802488532034e-06,
    2.023153683694545e-06,
    2.040803565250826e-06,
    2.1156295133550884e-06,
    1.9952497041231254e-06,
    1.603809778316645e-06,
    1.644414737711486e-06,
    2.159982841476449e-06,
    2.499861011528992e-06,
    2.75605998467654e-06,
    3.372642822796479e-06,
    3.2893735806283075e-06
  ],
  "variance_collapse": false,
  "k_report_idx": {
    "k1": 0,
    "k8": 7,
    "k15": 14
  },
  "spec": {
    "kind": "baseline",
    "baseline_key": [
      0.3,
      3,
      32,
      4
    ],
    "params": {
      "period_P": 32,
      "manifold_dim_D": 4,
      "continuity_center": 3,
      "fidelity_F": 0.97,
      "magnitude_M": 0.0,
      "locality_L": 0.3
    },
    "L_d_main": 1,
    "seed": 15,
    "perk": true,
    "label": "base_loc0.3_c3_P32_D4_s15",
    "out_file": "/mnt/c/Users/Jason/Desktop/Eridos/Weft 2/v2/results/phase1/pilot/_runs/base_loc0.3_c3_P32_D4_s15.json"
  }
}