{
  "label": "base_loc0.5_c39_P256_D4_s7",
  "L_d_main": 1,
  "seed": 7,
  "wall_clock_s": 186.62,
  "steps_trained": 10000,
  "final_interval_loss": -2645.060592,
  "nan_inf": false,
  "still_descending": false,
  "stability_flag": "stable",
  "diff_mu": 0.2636462152004242,
  "diff_sigma": 1.061963885717887e-07,
  "diff_mu_aggregate": 0.2636462152004242,
  "diff_sigma_aggregate": 1.061963885717887e-07,
  "diff_mu_per_k": [
    0.1259695589542389,
    0.17202913761138916,
    0.3380952477455139,
    0.4852370619773865,
    0.43859606981277466,
    0.306690514087677,
    0.15706396102905273,
    0.11025498062372208,
    0.19882863759994507,
    0.40043267607688904,
    0.4152752757072449,
    0.40039533376693726,
    0.2008657157421112,
    0.12769418954849243,
    0.1063317060470581,
    0.23457901179790497
  ],
  "diff_sigma_per_k": [
    5.816341186459795e-08,
    7.710216465284248e-08,
    1.3666746667695406e-07,
    2.3108735547339165e-07,
    1.360625958568562e-07,
    7.451701122818122e-08,
    6.27096596872434e-08,
    5.640303868403862e-08,
    9.335182937775244e-08,
    1.7812607211453724e-07,
    2.0622695728889084e-07,
    1.1268258504060213e-07,
    6.238680327896873e-08,
    6.19941573631877e-08,
    5.795743973635581e-08,
    9.370366882421877e-08
  ],
  "variance_collapse": false,
  "k_report_idx": {
    "k1": 0,
    "k8": 7,
    "k15": 14
  },
  "spec": {
    "kind": "baseline",
    "baseline_key": [
      0.5,
      39,
      256,
      4
    ],
    "params": {
      "period_P": 256,
      "manifold_dim_D": 4,
      "continuity_center": 39,
      "fidelity_F": 0.97,
      "magnitude_M": 0.0,
      "locality_L": 0.5
    },
    "L_d_main": 1,
    "seed": 7,
    "perk": true,
    "label": "base_loc0.5_c39_P256_D4_s7",
    "out_file": "/mnt/c/Users/Jason/Desktop/Eridos/Weft 2/v2/results/phase1/pilot/_runs/base_loc0.5_c39_P256_D4_s7.json"
  }
}