{
  "label": "base_loc0.5_c19_P256_D16_s17",
  "L_d_main": 1,
  "seed": 17,
  "wall_clock_s": 186.38,
  "steps_trained": 10000,
  "final_interval_loss": -2932.974696,
  "nan_inf": false,
  "still_descending": true,
  "stability_flag": "stable",
  "diff_mu": 0.38304150104522705,
  "diff_sigma": 8.212737867552278e-08,
  "diff_mu_aggregate": 0.38304150104522705,
  "diff_sigma_aggregate": 8.212737867552278e-08,
  "diff_mu_per_k": [
    0.38008010387420654,
    0.38022375106811523,
    0.38579607009887695,
    0.3884412348270416,
    0.382620245218277,
    0.3811461329460144,
    0.3801115155220032,
    0.387425035238266,
    0.386145681142807,
    0.38258111476898193,
    0.3812277019023895,
    0.38695839047431946,
    0.3840999901294708,
    0.38992974162101746,
    0.3760645389556885,
    0.3758127689361572
  ],
  "diff_sigma_per_k": [
    9.365879805045552e-08,
    5.780489331641547e-08,
    7.036822324835157e-08,
    8.656130745521295e-08,
    8.787569072410406e-08,
    8.068808199368505e-08,
    8.872208212551413e-08,
    7.025553827588737e-08,
    6.137723573829135e-08,
    5.416246295908422e-08,
    4.4851464764406046e-08,
    6.319536538512693e-08,
    9.977258486060236e-08,
    1.2000731430816813e-07,
    1.2361881829292543e-07,
    1.1111822573184327e-07
  ],
  "variance_collapse": false,
  "k_report_idx": {
    "k1": 0,
    "k8": 7,
    "k15": 14
  },
  "spec": {
    "kind": "baseline",
    "baseline_key": [
      0.5,
      19,
      256,
      16
    ],
    "params": {
      "period_P": 256,
      "manifold_dim_D": 16,
      "continuity_center": 19,
      "fidelity_F": 0.97,
      "magnitude_M": 0.0,
      "locality_L": 0.5
    },
    "L_d_main": 1,
    "seed": 17,
    "perk": true,
    "label": "base_loc0.5_c19_P256_D16_s17",
    "out_file": "/mnt/c/Users/Jason/Desktop/Eridos/Weft 2/v2/results/phase1/pilot/_runs/base_loc0.5_c19_P256_D16_s17.json"
  }
}