{
  "label": "base_loc0.3_c3_P32_D4_s4",
  "L_d_main": 1,
  "seed": 4,
  "wall_clock_s": 184.63,
  "steps_trained": 10000,
  "final_interval_loss": -2430.923226,
  "nan_inf": false,
  "still_descending": false,
  "stability_flag": "stable",
  "diff_mu": 0.42708203196525574,
  "diff_sigma": 1.2729178422432597e-07,
  "diff_mu_aggregate": 0.42708203196525574,
  "diff_sigma_aggregate": 1.2729178422432597e-07,
  "diff_mu_per_k": [
    0.38740038871765137,
    0.34492480754852295,
    0.3825959861278534,
    0.3577989339828491,
    0.3768776059150696,
    0.3480122983455658,
    0.35529252886772156,
    0.37169745564460754,
    0.3886866271495819,
    0.3824920356273651,
    0.5348846316337585,
    0.5212301015853882,
    0.48965150117874146,
    0.543016254901886,
    0.5146771669387817,
    0.5340687036514282
  ],
  "diff_sigma_per_k": [
    1.0219029888958175e-07,
    8.153438102453947e-08,
    1.0700559727183645e-07,
    9.967963876533759e-08,
    1.0817023365916612e-07,
    1.1016243917083557e-07,
    1.193249801190177e-07,
    1.0697569052808831e-07,
    1.05205174349976e-07,
    1.1479612282982998e-07,
    1.5668183550587855e-07,
    1.6967304361514834e-07,
    1.5218734006339218e-07,
    1.8646838384484e-07,
    1.5770011430049635e-07,
    1.589131670698407e-07
  ],
  "variance_collapse": false,
  "k_report_idx": {
    "k1": 0,
    "k8": 7,
    "k15": 14
  },
  "spec": {
    "kind": "baseline",
    "baseline_key": [
      0.3,
      3,
      32,
      4
    ],
    "params": {
      "period_P": 32,
      "manifold_dim_D": 4,
      "continuity_center": 3,
      "fidelity_F": 0.97,
      "magnitude_M": 0.0,
      "locality_L": 0.3
    },
    "L_d_main": 1,
    "seed": 4,
    "perk": true,
    "label": "base_loc0.3_c3_P32_D4_s4",
    "out_file": "/mnt/c/Users/Jason/Desktop/Eridos/Weft 2/v2/results/phase1/pilot/_runs/base_loc0.3_c3_P32_D4_s4.json"
  }
}