{
  "label": "base_loc0.5_c39_P256_D4_s13",
  "L_d_main": 1,
  "seed": 13,
  "wall_clock_s": 184.37,
  "steps_trained": 10000,
  "final_interval_loss": -2700.176258,
  "nan_inf": false,
  "still_descending": false,
  "stability_flag": "stable",
  "diff_mu": 0.8392220139503479,
  "diff_sigma": 2.2163146695675096e-07,
  "diff_mu_aggregate": 0.8392220139503479,
  "diff_sigma_aggregate": 2.2163146695675096e-07,
  "diff_mu_per_k": [
    1.873592734336853,
    1.0994292497634888,
    0.13714167475700378,
    0.04353197664022446,
    0.16394056379795074,
    0.9074133634567261,
    1.8341405391693115,
    1.6240887641906738,
    0.5939567685127258,
    0.05561518669128418,
    0.058684032410383224,
    0.4013172686100006,
    1.1693141460418701,
    1.8346678018569946,
    1.3685845136642456,
    0.26213568449020386
  ],
  "diff_sigma_per_k": [
    3.8922638623262173e-07,
    3.1991143600862415e-07,
    6.999724178058386e-08,
    4.914610585160517e-08,
    9.905074449534368e-08,
    2.408105501672253e-07,
    3.29057002090849e-07,
    3.9282508623728063e-07,
    2.1291977247983596e-07,
    5.190735663518353e-08,
    6.39074215769142e-08,
    1.5920223006560263e-07,
    2.8585108680090343e-07,
    3.7599204461002955e-07,
    3.7266818253556266e-07,
    1.3363067807858897e-07
  ],
  "variance_collapse": false,
  "k_report_idx": {
    "k1": 0,
    "k8": 7,
    "k15": 14
  },
  "spec": {
    "kind": "baseline",
    "baseline_key": [
      0.5,
      39,
      256,
      4
    ],
    "params": {
      "period_P": 256,
      "manifold_dim_D": 4,
      "continuity_center": 39,
      "fidelity_F": 0.97,
      "magnitude_M": 0.0,
      "locality_L": 0.5
    },
    "L_d_main": 1,
    "seed": 13,
    "perk": true,
    "label": "base_loc0.5_c39_P256_D4_s13",
    "out_file": "/mnt/c/Users/Jason/Desktop/Eridos/Weft 2/v2/results/phase1/pilot/_runs/base_loc0.5_c39_P256_D4_s13.json"
  }
}