{
  "label": "base_loc0.5_c39_P256_D16_s15",
  "L_d_main": 1,
  "seed": 15,
  "wall_clock_s": 184.77,
  "steps_trained": 10000,
  "final_interval_loss": -2926.247031,
  "nan_inf": false,
  "still_descending": true,
  "stability_flag": "stable",
  "diff_mu": 0.009340127930045128,
  "diff_sigma": 1.34946356311616e-08,
  "diff_mu_aggregate": 0.009340127930045128,
  "diff_sigma_aggregate": 1.34946356311616e-08,
  "diff_mu_per_k": [
    0.009379338473081589,
    0.009692546911537647,
    0.009844723157584667,
    0.009420800022780895,
    0.009250898845493793,
    0.00907046627253294,
    0.009126643650233746,
    0.009065999649465084,
    0.00921416375786066,
    0.009328333660960197,
    0.00966096855700016,
    0.00956433080136776,
    0.009345692582428455,
    0.009250426664948463,
    0.00920737162232399,
    0.00901932641863823
  ],
  "diff_sigma_per_k": [
    1.4970769512956394e-08,
    1.4099371448139664e-08,
    1.3960448796979108e-08,
    1.347737033086105e-08,
    1.118500225771868e-08,
    1.2756403044988929e-08,
    1.2727269016465925e-08,
    1.3221038486221914e-08,
    1.4497055111917234e-08,
    1.329035814734425e-08,
    1.4922067137490558e-08,
    1.1883765971276716e-08,
    1.3364086726141977e-08,
    1.2483898359505474e-08,
    1.4788071212024079e-08,
    1.4287189209483131e-08
  ],
  "variance_collapse": false,
  "k_report_idx": {
    "k1": 0,
    "k8": 7,
    "k15": 14
  },
  "spec": {
    "kind": "baseline",
    "baseline_key": [
      0.5,
      39,
      256,
      16
    ],
    "params": {
      "period_P": 256,
      "manifold_dim_D": 16,
      "continuity_center": 39,
      "fidelity_F": 0.97,
      "magnitude_M": 0.0,
      "locality_L": 0.5
    },
    "L_d_main": 1,
    "seed": 15,
    "perk": true,
    "label": "base_loc0.5_c39_P256_D16_s15",
    "out_file": "/mnt/c/Users/Jason/Desktop/Eridos/Weft 2/v2/results/phase1/pilot/_runs/base_loc0.5_c39_P256_D16_s15.json"
  }
}