{
  "label": "base_loc0.5_c19_P256_D16_s10",
  "L_d_main": 1,
  "seed": 10,
  "wall_clock_s": 184.65,
  "steps_trained": 10000,
  "final_interval_loss": -2944.901119,
  "nan_inf": false,
  "still_descending": true,
  "stability_flag": "stable",
  "diff_mu": 0.4224061965942383,
  "diff_sigma": 9.029364491652814e-07,
  "diff_mu_aggregate": 0.4224061965942383,
  "diff_sigma_aggregate": 9.029364491652814e-07,
  "diff_mu_per_k": [
    0.4256875216960907,
    0.4230547547340393,
    0.42169904708862305,
    0.42320623993873596,
    0.42413103580474854,
    0.42181235551834106,
    0.42144012451171875,
    0.4230269491672516,
    0.4242721498012543,
    0.42252296209335327,
    0.42407679557800293,
    0.42094406485557556,
    0.4186214506626129,
    0.42414209246635437,
    0.41792187094688416,
    0.421939492225647
  ],
  "diff_sigma_per_k": [
    7.253592571032641e-07,
    9.206956406160316e-07,
    8.571457783546066e-07,
    9.87972612165322e-07,
    1.1476100780782872e-06,
    8.405318112636451e-07,
    8.476717994199134e-07,
    9.216748253493279e-07,
    6.920302553226065e-07,
    6.826396088399633e-07,
    6.13550184880296e-07,
    7.859460993131506e-07,
    8.957876502790896e-07,
    1.0063474746857537e-06,
    1.1832834161396022e-06,
    1.3387364106165478e-06
  ],
  "variance_collapse": false,
  "k_report_idx": {
    "k1": 0,
    "k8": 7,
    "k15": 14
  },
  "spec": {
    "kind": "baseline",
    "baseline_key": [
      0.5,
      19,
      256,
      16
    ],
    "params": {
      "period_P": 256,
      "manifold_dim_D": 16,
      "continuity_center": 19,
      "fidelity_F": 0.97,
      "magnitude_M": 0.0,
      "locality_L": 0.5
    },
    "L_d_main": 1,
    "seed": 10,
    "perk": true,
    "label": "base_loc0.5_c19_P256_D16_s10",
    "out_file": "/mnt/c/Users/Jason/Desktop/Eridos/Weft 2/v2/results/phase1/pilot/_runs/base_loc0.5_c19_P256_D16_s10.json"
  }
}