{
  "label": "base_loc0.9_c472_P2048_D128_s12",
  "L_d_main": 1,
  "seed": 12,
  "wall_clock_s": 186.39,
  "steps_trained": 10000,
  "final_interval_loss": -3009.867498,
  "nan_inf": false,
  "still_descending": false,
  "stability_flag": "stable",
  "diff_mu": 6.118864985182881e-05,
  "diff_sigma": 2.5362451028243527e-10,
  "diff_mu_aggregate": 6.118864985182881e-05,
  "diff_sigma_aggregate": 2.5362451028243527e-10,
  "diff_mu_per_k": [
    6.247545388760045e-05,
    6.107249646447599e-05,
    6.092115290812217e-05,
    6.0565234889509156e-05,
    6.0768794355681166e-05,
    6.118450255598873e-05,
    6.144969665911049e-05,
    6.061871681595221e-05,
    5.99751656409353e-05,
    6.173171277623624e-05,
    6.098254743847065e-05,
    6.22252409812063e-05,
    6.062053580535576e-05,
    6.119508907431737e-05,
    6.198858318384737e-05,
    6.12433796050027e-05
  ],
  "diff_sigma_per_k": [
    2.5656951563313157e-10,
    2.481776728568974e-10,
    2.497198836604042e-10,
    2.3751639544045133e-10,
    2.581016789182655e-10,
    2.5696725303170354e-10,
    2.5616866961009066e-10,
    2.5556859406528076e-10,
    2.408739041559471e-10,
    2.653045283462774e-10,
    2.6305299605233756e-10,
    2.3821686290226296e-10,
    2.303704310646637e-10,
    2.502924256742034e-10,
    2.827985068343253e-10,
    2.6829266586148037e-10
  ],
  "variance_collapse": true,
  "k_report_idx": {
    "k1": 0,
    "k8": 7,
    "k15": 14
  },
  "spec": {
    "kind": "baseline",
    "baseline_key": [
      0.9,
      472,
      2048,
      128
    ],
    "params": {
      "period_P": 2048,
      "manifold_dim_D": 128,
      "continuity_center": 472,
      "fidelity_F": 0.97,
      "magnitude_M": 0.0,
      "locality_L": 0.9
    },
    "L_d_main": 1,
    "seed": 12,
    "perk": true,
    "label": "base_loc0.9_c472_P2048_D128_s12",
    "out_file": "/mnt/c/Users/Jason/Desktop/Eridos/Weft 2/v2/results/phase1/pilot/_runs/base_loc0.9_c472_P2048_D128_s12.json"
  }
}