{
  "label": "base_loc0.5_c39_P256_D16_s18",
  "L_d_main": 1,
  "seed": 18,
  "wall_clock_s": 186.02,
  "steps_trained": 10000,
  "final_interval_loss": -2863.319342,
  "nan_inf": false,
  "still_descending": true,
  "stability_flag": "stable",
  "diff_mu": 0.000900927116163075,
  "diff_sigma": 5.980981265807372e-10,
  "diff_mu_aggregate": 0.000900927116163075,
  "diff_sigma_aggregate": 5.980981265807372e-10,
  "diff_mu_per_k": [
    0.0008952935459092259,
    0.0008996882243081927,
    0.0009009300265461206,
    0.0009006070904433727,
    0.0009016765980049968,
    0.0009099439484998584,
    0.0008990056230686605,
    0.0009048972278833389,
    0.0009086371283046901,
    0.0008949043694883585,
    0.0009004388120956719,
    0.000892912270501256,
    0.0008874047198332846,
    0.0009039331926032901,
    0.000908054003957659,
    0.0009065069607459009
  ],
  "diff_sigma_per_k": [
    5.594527063834676e-10,
    6.176604228080862e-10,
    6.193000001708526e-10,
    6.776028627086816e-10,
    5.267452030111031e-10,
    5.213443565743603e-10,
    5.583034590195268e-10,
    6.757591153316866e-10,
    6.909117722386782e-10,
    6.091520621254176e-10,
    5.677166514672649e-10,
    5.585519824435892e-10,
    6.435281196814913e-10,
    5.171480466081846e-10,
    6.39510500111129e-10,
    5.868825980748227e-10
  ],
  "variance_collapse": true,
  "k_report_idx": {
    "k1": 0,
    "k8": 7,
    "k15": 14
  },
  "spec": {
    "kind": "baseline",
    "baseline_key": [
      0.5,
      39,
      256,
      16
    ],
    "params": {
      "period_P": 256,
      "manifold_dim_D": 16,
      "continuity_center": 39,
      "fidelity_F": 0.97,
      "magnitude_M": 0.0,
      "locality_L": 0.5
    },
    "L_d_main": 1,
    "seed": 18,
    "perk": true,
    "label": "base_loc0.5_c39_P256_D16_s18",
    "out_file": "/mnt/c/Users/Jason/Desktop/Eridos/Weft 2/v2/results/phase1/pilot/_runs/base_loc0.5_c39_P256_D16_s18.json"
  }
}