{
  "label": "base_loc0.9_c472_P2048_D128_s14",
  "L_d_main": 1,
  "seed": 14,
  "wall_clock_s": 185.93,
  "steps_trained": 10000,
  "final_interval_loss": -3004.500225,
  "nan_inf": false,
  "still_descending": false,
  "stability_flag": "stable",
  "diff_mu": 5.7238314184360206e-05,
  "diff_sigma": 2.854281533348768e-10,
  "diff_mu_aggregate": 5.7238314184360206e-05,
  "diff_sigma_aggregate": 2.854281533348768e-10,
  "diff_mu_per_k": [
    5.811051596538164e-05,
    5.7036821090150625e-05,
    5.739074185839854e-05,
    5.6516557378927246e-05,
    5.5840748245827854e-05,
    5.750466516474262e-05,
    5.6434397265547886e-05,
    5.797524136141874e-05,
    5.8582885685609654e-05,
    5.863301703357138e-05,
    5.833623436046764e-05,
    5.741904897149652e-05,
    5.605473052128218e-05,
    5.774875535280444e-05,
    5.6648077588761225e-05,
    5.5580519983777776e-05
  ],
  "diff_sigma_per_k": [
    2.7761187793018394e-10,
    3.2316405107479795e-10,
    2.9421812208774156e-10,
    2.6971100353101463e-10,
    2.700737966598865e-10,
    2.9237415266614164e-10,
    2.941722143656733e-10,
    2.5318869223411866e-10,
    2.8037752675125205e-10,
    2.921097808084028e-10,
    2.987634584172838e-10,
    2.7368574073705076e-10,
    2.6888663517965483e-10,
    2.810915111783885e-10,
    2.8872695900794554e-10,
    3.086948474617657e-10
  ],
  "variance_collapse": true,
  "k_report_idx": {
    "k1": 0,
    "k8": 7,
    "k15": 14
  },
  "spec": {
    "kind": "baseline",
    "baseline_key": [
      0.9,
      472,
      2048,
      128
    ],
    "params": {
      "period_P": 2048,
      "manifold_dim_D": 128,
      "continuity_center": 472,
      "fidelity_F": 0.97,
      "magnitude_M": 0.0,
      "locality_L": 0.9
    },
    "L_d_main": 1,
    "seed": 14,
    "perk": true,
    "label": "base_loc0.9_c472_P2048_D128_s14",
    "out_file": "/mnt/c/Users/Jason/Desktop/Eridos/Weft 2/v2/results/phase1/pilot/_runs/base_loc0.9_c472_P2048_D128_s14.json"
  }
}