{
  "label": "base_loc0.5_c39_P256_D16_s13",
  "L_d_main": 1,
  "seed": 13,
  "wall_clock_s": 188.2,
  "steps_trained": 10000,
  "final_interval_loss": -2868.958802,
  "nan_inf": false,
  "still_descending": true,
  "stability_flag": "stable",
  "diff_mu": 0.015950972214341164,
  "diff_sigma": 1.213041400660586e-08,
  "diff_mu_aggregate": 0.015950972214341164,
  "diff_sigma_aggregate": 1.213041400660586e-08,
  "diff_mu_per_k": [
    0.01642853580415249,
    0.016994237899780273,
    0.01607954502105713,
    0.015517855063080788,
    0.015227394178509712,
    0.015409055165946484,
    0.016073644161224365,
    0.015963541343808174,
    0.016501419246196747,
    0.016818154603242874,
    0.016493529081344604,
    0.015492943115532398,
    0.015904664993286133,
    0.015351658686995506,
    0.015178661793470383,
    0.015780704095959663
  ],
  "diff_sigma_per_k": [
    1.1305505864811494e-08,
    1.335892285680984e-08,
    1.33418067704838e-08,
    1.3239368712447686e-08,
    1.1854249137854822e-08,
    1.1346816819468586e-08,
    1.1238326713680635e-08,
    1.0490130541995768e-08,
    1.246954628442154e-08,
    1.3010590826922908e-08,
    1.1330902438544399e-08,
    1.014054085146654e-08,
    1.2110439762125225e-08,
    1.2479902444795243e-08,
    1.3342997817744617e-08,
    1.3026583367548028e-08
  ],
  "variance_collapse": false,
  "k_report_idx": {
    "k1": 0,
    "k8": 7,
    "k15": 14
  },
  "spec": {
    "kind": "baseline",
    "baseline_key": [
      0.5,
      39,
      256,
      16
    ],
    "params": {
      "period_P": 256,
      "manifold_dim_D": 16,
      "continuity_center": 39,
      "fidelity_F": 0.97,
      "magnitude_M": 0.0,
      "locality_L": 0.5
    },
    "L_d_main": 1,
    "seed": 13,
    "perk": true,
    "label": "base_loc0.5_c39_P256_D16_s13",
    "out_file": "/mnt/c/Users/Jason/Desktop/Eridos/Weft 2/v2/results/phase1/pilot/_runs/base_loc0.5_c39_P256_D16_s13.json"
  }
}