{
  "label": "base_loc0.5_c39_P256_D16_s4",
  "L_d_main": 1,
  "seed": 4,
  "wall_clock_s": 184.92,
  "steps_trained": 10000,
  "final_interval_loss": -2947.549577,
  "nan_inf": false,
  "still_descending": true,
  "stability_flag": "stable",
  "diff_mu": 0.3628329932689667,
  "diff_sigma": 1.327944403328729e-07,
  "diff_mu_aggregate": 0.3628329932689667,
  "diff_sigma_aggregate": 1.327944403328729e-07,
  "diff_mu_per_k": [
    0.3592979609966278,
    0.35901838541030884,
    0.35968488454818726,
    0.3659886419773102,
    0.3598053455352783,
    0.3574606776237488,
    0.3628532886505127,
    0.3637165129184723,
    0.37481582164764404,
    0.3711768388748169,
    0.3663223087787628,
    0.3565581738948822,
    0.354729562997818,
    0.36073037981987,
    0.3705502152442932,
    0.36261966824531555
  ],
  "diff_sigma_per_k": [
    1.2100866797482013e-07,
    1.3570355861247663e-07,
    1.4888006205637794e-07,
    1.3253722386252775e-07,
    1.239282028109301e-07,
    1.0805788264178773e-07,
    1.1852469583573111e-07,
    1.356906409455405e-07,
    1.6539883063160232e-07,
    1.5243381312757265e-07,
    1.2811554483960208e-07,
    1.253067694051424e-07,
    1.1660447540862151e-07,
    1.2611754129920882e-07,
    1.3439351675970101e-07,
    1.5200976122287102e-07
  ],
  "variance_collapse": false,
  "k_report_idx": {
    "k1": 0,
    "k8": 7,
    "k15": 14
  },
  "spec": {
    "kind": "baseline",
    "baseline_key": [
      0.5,
      39,
      256,
      16
    ],
    "params": {
      "period_P": 256,
      "manifold_dim_D": 16,
      "continuity_center": 39,
      "fidelity_F": 0.97,
      "magnitude_M": 0.0,
      "locality_L": 0.5
    },
    "L_d_main": 1,
    "seed": 4,
    "perk": true,
    "label": "base_loc0.5_c39_P256_D16_s4",
    "out_file": "/mnt/c/Users/Jason/Desktop/Eridos/Weft 2/v2/results/phase1/pilot/_runs/base_loc0.5_c39_P256_D16_s4.json"
  }
}