{
  "label": "base_loc0.5_c39_P256_D16_s5",
  "L_d_main": 1,
  "seed": 5,
  "wall_clock_s": 186.41,
  "steps_trained": 10000,
  "final_interval_loss": -2868.320025,
  "nan_inf": false,
  "still_descending": false,
  "stability_flag": "stable",
  "diff_mu": 0.04141993075609207,
  "diff_sigma": 1.033318284271445e-07,
  "diff_mu_aggregate": 0.04141993075609207,
  "diff_sigma_aggregate": 1.033318284271445e-07,
  "diff_mu_per_k": [
    0.04206365346908569,
    0.04200781509280205,
    0.04158622771501541,
    0.041549477726221085,
    0.041488632559776306,
    0.04061759635806084,
    0.04078471660614014,
    0.041035059839487076,
    0.041237227618694305,
    0.041875652968883514,
    0.04154260456562042,
    0.041383132338523865,
    0.04214857146143913,
    0.041172802448272705,
    0.040997739881277084,
    0.04122799262404442
  ],
  "diff_sigma_per_k": [
    1.045961042223098e-07,
    1.1090146045944493e-07,
    9.53192653696533e-08,
    1.096553390311783e-07,
    9.679705215148715e-08,
    9.909152254294895e-08,
    1.0056751165166133e-07,
    1.1217441908684123e-07,
    1.1141418099214206e-07,
    1.1651081877062097e-07,
    9.640857712156503e-08,
    8.726664191271993e-08,
    9.383010279861992e-08,
    9.899611796981844e-08,
    1.0588708931891233e-07,
    1.1389303011810625e-07
  ],
  "variance_collapse": false,
  "k_report_idx": {
    "k1": 0,
    "k8": 7,
    "k15": 14
  },
  "spec": {
    "kind": "baseline",
    "baseline_key": [
      0.5,
      39,
      256,
      16
    ],
    "params": {
      "period_P": 256,
      "manifold_dim_D": 16,
      "continuity_center": 39,
      "fidelity_F": 0.97,
      "magnitude_M": 0.0,
      "locality_L": 0.5
    },
    "L_d_main": 1,
    "seed": 5,
    "perk": true,
    "label": "base_loc0.5_c39_P256_D16_s5",
    "out_file": "/mnt/c/Users/Jason/Desktop/Eridos/Weft 2/v2/results/phase1/pilot/_runs/base_loc0.5_c39_P256_D16_s5.json"
  }
}