{
  "label": "base_loc0.9_c472_P2048_D128_s3",
  "L_d_main": 1,
  "seed": 3,
  "wall_clock_s": 188.04,
  "steps_trained": 10000,
  "final_interval_loss": -3006.85385,
  "nan_inf": false,
  "still_descending": false,
  "stability_flag": "stable",
  "diff_mu": 4.920763603877276e-05,
  "diff_sigma": 3.7767300398172665e-10,
  "diff_mu_aggregate": 4.920763603877276e-05,
  "diff_sigma_aggregate": 3.7767300398172665e-10,
  "diff_mu_per_k": [
    4.721032382803969e-05,
    4.89938938699197e-05,
    4.8997193516697735e-05,
    4.948343485011719e-05,
    5.041686017648317e-05,
    4.9248163122683764e-05,
    4.9774589570006356e-05,
    4.806416109204292e-05,
    4.9099155148724094e-05,
    4.910754432785325e-05,
    4.8530469939578325e-05,
    4.935254401061684e-05,
    5.015459464630112e-05,
    4.965170592186041e-05,
    4.981122037861496e-05,
    4.9426278565078974e-05
  ],
  "diff_sigma_per_k": [
    3.9111028304894546e-10,
    3.341259768863125e-10,
    3.399512893409451e-10,
    3.6504144151905393e-10,
    3.854640495681849e-10,
    4.387541441275289e-10,
    4.1238235048979277e-10,
    3.3228036988575127e-10,
    3.339463705565038e-10,
    3.49456491521849e-10,
    4.3103084990114837e-10,
    4.0932487954670194e-10,
    3.514306345930862e-10,
    3.8872274843448906e-10,
    4.1787204252408117e-10,
    3.6187416951882767e-10
  ],
  "variance_collapse": true,
  "k_report_idx": {
    "k1": 0,
    "k8": 7,
    "k15": 14
  },
  "spec": {
    "kind": "baseline",
    "baseline_key": [
      0.9,
      472,
      2048,
      128
    ],
    "params": {
      "period_P": 2048,
      "manifold_dim_D": 128,
      "continuity_center": 472,
      "fidelity_F": 0.97,
      "magnitude_M": 0.0,
      "locality_L": 0.9
    },
    "L_d_main": 1,
    "seed": 3,
    "perk": true,
    "label": "base_loc0.9_c472_P2048_D128_s3",
    "out_file": "/mnt/c/Users/Jason/Desktop/Eridos/Weft 2/v2/results/phase1/pilot/_runs/base_loc0.9_c472_P2048_D128_s3.json"
  }
}