{
  "label": "base_loc0.9_c472_P2048_D128_s11",
  "L_d_main": 1,
  "seed": 11,
  "wall_clock_s": 186.02,
  "steps_trained": 10000,
  "final_interval_loss": -3007.345947,
  "nan_inf": false,
  "still_descending": false,
  "stability_flag": "stable",
  "diff_mu": 2.847384166670963e-05,
  "diff_sigma": 3.960116956580606e-11,
  "diff_mu_aggregate": 2.847384166670963e-05,
  "diff_sigma_aggregate": 3.960116956580606e-11,
  "diff_mu_per_k": [
    2.8252236006665044e-05,
    2.7697442419594154e-05,
    2.7946018235525116e-05,
    2.886312358896248e-05,
    2.8173933969810605e-05,
    2.8389462386257946e-05,
    2.8672597181866877e-05,
    2.8237302103661932e-05,
    2.883041997847613e-05,
    2.8899035896756686e-05,
    2.8431202736101113e-05,
    2.9509246814996004e-05,
    2.829735603882e-05,
    2.85313308268087e-05,
    2.8243166525498964e-05,
    2.860759741452057e-05
  ],
  "diff_sigma_per_k": [
    3.950438587363436e-11,
    4.4111003044688957e-11,
    3.194421463459385e-11,
    3.0810645701428996e-11,
    3.5495800743134964e-11,
    4.471702175212755e-11,
    4.608019521512574e-11,
    4.643022077921444e-11,
    3.872318091180382e-11,
    3.8295030341251035e-11,
    3.954216815094114e-11,
    3.998508121827449e-11,
    3.407328239002361e-11,
    3.618102345503971e-11,
    4.279346321744981e-11,
    4.4931971338035837e-11
  ],
  "variance_collapse": true,
  "k_report_idx": {
    "k1": 0,
    "k8": 7,
    "k15": 14
  },
  "spec": {
    "kind": "baseline",
    "baseline_key": [
      0.9,
      472,
      2048,
      128
    ],
    "params": {
      "period_P": 2048,
      "manifold_dim_D": 128,
      "continuity_center": 472,
      "fidelity_F": 0.97,
      "magnitude_M": 0.0,
      "locality_L": 0.9
    },
    "L_d_main": 1,
    "seed": 11,
    "perk": true,
    "label": "base_loc0.9_c472_P2048_D128_s11",
    "out_file": "/mnt/c/Users/Jason/Desktop/Eridos/Weft 2/v2/results/phase1/pilot/_runs/base_loc0.9_c472_P2048_D128_s11.json"
  }
}