{
  "label": "base_loc0.9_c472_P2048_D128_s4",
  "L_d_main": 1,
  "seed": 4,
  "wall_clock_s": 187.09,
  "steps_trained": 10000,
  "final_interval_loss": -3010.140886,
  "nan_inf": false,
  "still_descending": false,
  "stability_flag": "stable",
  "diff_mu": 6.330297037493438e-05,
  "diff_sigma": 4.5967753908859876e-11,
  "diff_mu_aggregate": 6.330297037493438e-05,
  "diff_sigma_aggregate": 4.5967753908859876e-11,
  "diff_mu_per_k": [
    6.417508120648563e-05,
    6.221497460501269e-05,
    6.222629599506035e-05,
    6.289548764470965e-05,
    6.300363020272925e-05,
    6.553463026648387e-05,
    6.268407014431432e-05,
    6.326076982077211e-05,
    6.303810368990526e-05,
    6.486685742856935e-05,
    6.351885531330481e-05,
    6.409014895325527e-05,
    6.325959111563861e-05,
    6.241753726499155e-05,
    6.231557199498639e-05,
    6.334582576528192e-05
  ],
  "diff_sigma_per_k": [
    4.587097021668818e-11,
    4.836640810079729e-11,
    4.115894083889238e-11,
    4.2805457095562716e-11,
    4.322105867649029e-11,
    4.9871079488283954e-11,
    4.7801557850890575e-11,
    4.196607991668877e-11,
    4.427677668950025e-11,
    4.8034236310723344e-11,
    5.2764577429531556e-11,
    4.698825009641361e-11,
    4.302696046676324e-11,
    4.600628558670827e-11,
    4.3180244102547505e-11,
    5.0145176205829145e-11
  ],
  "variance_collapse": true,
  "k_report_idx": {
    "k1": 0,
    "k8": 7,
    "k15": 14
  },
  "spec": {
    "kind": "baseline",
    "baseline_key": [
      0.9,
      472,
      2048,
      128
    ],
    "params": {
      "period_P": 2048,
      "manifold_dim_D": 128,
      "continuity_center": 472,
      "fidelity_F": 0.97,
      "magnitude_M": 0.0,
      "locality_L": 0.9
    },
    "L_d_main": 1,
    "seed": 4,
    "perk": true,
    "label": "base_loc0.9_c472_P2048_D128_s4",
    "out_file": "/mnt/c/Users/Jason/Desktop/Eridos/Weft 2/v2/results/phase1/pilot/_runs/base_loc0.9_c472_P2048_D128_s4.json"
  }
}