{
  "label": "base_loc0.5_c39_P256_D4_s16",
  "L_d_main": 1,
  "seed": 16,
  "wall_clock_s": 185.48,
  "steps_trained": 10000,
  "final_interval_loss": -2828.517409,
  "nan_inf": false,
  "still_descending": true,
  "stability_flag": "stable",
  "diff_mu": 0.038720667362213135,
  "diff_sigma": 1.7202090862866726e-09,
  "diff_mu_aggregate": 0.038720667362213135,
  "diff_sigma_aggregate": 1.7202090862866726e-09,
  "diff_mu_per_k": [
    0.04608295485377312,
    0.06417057663202286,
    0.04024229571223259,
    0.02479517087340355,
    0.026080509647727013,
    0.02556075155735016,
    0.01757044717669487,
    0.05659685656428337,
    0.05756516754627228,
    0.029296232387423515,
    0.02250756323337555,
    0.0313742533326149,
    0.02027708664536476,
    0.045544810593128204,
    0.06403379142284393,
    0.04783223569393158
  ],
  "diff_sigma_per_k": [
    1.9278303398095886e-09,
    2.3042876495793507e-09,
    1.4819512283992253e-09,
    1.721968456713796e-09,
    1.537600824441654e-09,
    1.6572350158838844e-09,
    1.0734219069163942e-09,
    2.410204480440825e-09,
    1.7333441348910128e-09,
    9.689608004848083e-10,
    2.0358192909242234e-09,
    1.573010832700561e-09,
    1.643577829391063e-09,
    1.548707273535399e-09,
    2.7484496900598288e-09,
    1.156975515392844e-09
  ],
  "variance_collapse": true,
  "k_report_idx": {
    "k1": 0,
    "k8": 7,
    "k15": 14
  },
  "spec": {
    "kind": "baseline",
    "baseline_key": [
      0.5,
      39,
      256,
      4
    ],
    "params": {
      "period_P": 256,
      "manifold_dim_D": 4,
      "continuity_center": 39,
      "fidelity_F": 0.97,
      "magnitude_M": 0.0,
      "locality_L": 0.5
    },
    "L_d_main": 1,
    "seed": 16,
    "perk": true,
    "label": "base_loc0.5_c39_P256_D4_s16",
    "out_file": "/mnt/c/Users/Jason/Desktop/Eridos/Weft 2/v2/results/phase1/pilot/_runs/base_loc0.5_c39_P256_D4_s16.json"
  }
}