{
  "label": "base_loc0.5_c19_P256_D16_s2",
  "L_d_main": 1,
  "seed": 2,
  "wall_clock_s": 185.09,
  "steps_trained": 10000,
  "final_interval_loss": -2913.983277,
  "nan_inf": false,
  "still_descending": false,
  "stability_flag": "stable",
  "diff_mu": 0.8709381818771362,
  "diff_sigma": 3.927417822069401e-07,
  "diff_mu_aggregate": 0.8709381818771362,
  "diff_sigma_aggregate": 3.927417822069401e-07,
  "diff_mu_per_k": [
    0.8817596435546875,
    0.9647713899612427,
    0.8942846059799194,
    0.8777434825897217,
    0.8573145866394043,
    0.8538535833358765,
    0.8724344372749329,
    0.8634883761405945,
    0.8889508247375488,
    0.8997589945793152,
    0.9778609871864319,
    0.8910387754440308,
    0.8523799777030945,
    0.8031536340713501,
    0.786287248134613,
    0.7699322700500488
  ],
  "diff_sigma_per_k": [
    2.5652423119026935e-07,
    3.7606559999403544e-07,
    3.5068660508841276e-07,
    4.3036746433244844e-07,
    4.283984367248195e-07,
    4.2602178496053966e-07,
    5.213779559198883e-07,
    3.432627124766441e-07,
    3.5875561366083275e-07,
    3.0395912631320243e-07,
    3.969413739923766e-07,
    3.0389605853997637e-07,
    3.612542798236973e-07,
    3.9548302765979315e-07,
    5.235173716755526e-07,
    5.07356730850006e-07
  ],
  "variance_collapse": false,
  "k_report_idx": {
    "k1": 0,
    "k8": 7,
    "k15": 14
  },
  "spec": {
    "kind": "baseline",
    "baseline_key": [
      0.5,
      19,
      256,
      16
    ],
    "params": {
      "period_P": 256,
      "manifold_dim_D": 16,
      "continuity_center": 19,
      "fidelity_F": 0.97,
      "magnitude_M": 0.0,
      "locality_L": 0.5
    },
    "L_d_main": 1,
    "seed": 2,
    "perk": true,
    "label": "base_loc0.5_c19_P256_D16_s2",
    "out_file": "/mnt/c/Users/Jason/Desktop/Eridos/Weft 2/v2/results/phase1/pilot/_runs/base_loc0.5_c19_P256_D16_s2.json"
  }
}