{
  "label": "base_loc0.5_c39_P256_D4_s6",
  "L_d_main": 1,
  "seed": 6,
  "wall_clock_s": 188.03,
  "steps_trained": 10000,
  "final_interval_loss": -2781.622795,
  "nan_inf": false,
  "still_descending": true,
  "stability_flag": "stable",
  "diff_mu": 0.25050657987594604,
  "diff_sigma": 5.2797851424202236e-08,
  "diff_mu_aggregate": 0.25050657987594604,
  "diff_sigma_aggregate": 5.2797851424202236e-08,
  "diff_mu_per_k": [
    0.42840245366096497,
    0.5403033494949341,
    0.3071805536746979,
    0.0456906221807003,
    0.04111594706773758,
    0.03601164370775223,
    0.17712509632110596,
    0.46005526185035706,
    0.4646076261997223,
    0.2618396580219269,
    0.033385224640369415,
    0.05073690041899681,
    0.021959824487566948,
    0.2661261260509491,
    0.5105557441711426,
    0.3630096912384033
  ],
  "diff_sigma_per_k": [
    7.831003756564314e-08,
    9.57763006681489e-08,
    4.853200863408347e-08,
    2.0622413998694356e-08,
    4.177657331183582e-08,
    1.2724956199861026e-08,
    3.5724973201922694e-08,
    8.207214818867214e-08,
    8.023949504831762e-08,
    4.2324820981320954e-08,
    3.87803780199647e-08,
    3.63086201105034e-08,
    3.1742648509691662e-09,
    5.406801051321963e-08,
    8.900953218926588e-08,
    8.532109774250785e-08
  ],
  "variance_collapse": false,
  "k_report_idx": {
    "k1": 0,
    "k8": 7,
    "k15": 14
  },
  "spec": {
    "kind": "baseline",
    "baseline_key": [
      0.5,
      39,
      256,
      4
    ],
    "params": {
      "period_P": 256,
      "manifold_dim_D": 4,
      "continuity_center": 39,
      "fidelity_F": 0.97,
      "magnitude_M": 0.0,
      "locality_L": 0.5
    },
    "L_d_main": 1,
    "seed": 6,
    "perk": true,
    "label": "base_loc0.5_c39_P256_D4_s6",
    "out_file": "/mnt/c/Users/Jason/Desktop/Eridos/Weft 2/v2/results/phase1/pilot/_runs/base_loc0.5_c39_P256_D4_s6.json"
  }
}