{
  "label": "base_loc0.5_c39_P256_D16_s17",
  "L_d_main": 1,
  "seed": 17,
  "wall_clock_s": 186.4,
  "steps_trained": 10000,
  "final_interval_loss": -2878.911899,
  "nan_inf": false,
  "still_descending": false,
  "stability_flag": "stable",
  "diff_mu": 0.046803828328847885,
  "diff_sigma": 7.36642448373459e-07,
  "diff_mu_aggregate": 0.046803828328847885,
  "diff_sigma_aggregate": 7.36642448373459e-07,
  "diff_mu_per_k": [
    0.04716973006725311,
    0.04638749361038208,
    0.04681239277124405,
    0.04586077108979225,
    0.046758074313402176,
    0.047668054699897766,
    0.04705961421132088,
    0.04667079448699951,
    0.047868866473436356,
    0.0465511791408062,
    0.04688839614391327,
    0.04669945687055588,
    0.045922789722681046,
    0.04617096483707428,
    0.046786993741989136,
    0.04758572205901146
  ],
  "diff_sigma_per_k": [
    6.724747549924359e-07,
    7.913184276731045e-07,
    7.060008329062839e-07,
    8.168562999344431e-07,
    7.224004434647213e-07,
    6.101703888816701e-07,
    7.080166710693447e-07,
    6.91290892973484e-07,
    7.863574751354463e-07,
    7.980715395206062e-07,
    6.793098350499349e-07,
    6.818173119427229e-07,
    7.040886202958063e-07,
    7.862099664635025e-07,
    8.095812518149614e-07,
    8.22314746073971e-07
  ],
  "variance_collapse": false,
  "k_report_idx": {
    "k1": 0,
    "k8": 7,
    "k15": 14
  },
  "spec": {
    "kind": "baseline",
    "baseline_key": [
      0.5,
      39,
      256,
      16
    ],
    "params": {
      "period_P": 256,
      "manifold_dim_D": 16,
      "continuity_center": 39,
      "fidelity_F": 0.97,
      "magnitude_M": 0.0,
      "locality_L": 0.5
    },
    "L_d_main": 1,
    "seed": 17,
    "perk": true,
    "label": "base_loc0.5_c39_P256_D16_s17",
    "out_file": "/mnt/c/Users/Jason/Desktop/Eridos/Weft 2/v2/results/phase1/pilot/_runs/base_loc0.5_c39_P256_D16_s17.json"
  }
}