{
  "label": "base_loc0.5_c19_P256_D16_s11",
  "L_d_main": 1,
  "seed": 11,
  "wall_clock_s": 187.57,
  "steps_trained": 10000,
  "final_interval_loss": -2931.478265,
  "nan_inf": false,
  "still_descending": false,
  "stability_flag": "stable",
  "diff_mu": 0.2410106211900711,
  "diff_sigma": 3.603747131819546e-07,
  "diff_mu_aggregate": 0.2410106211900711,
  "diff_sigma_aggregate": 3.603747131819546e-07,
  "diff_mu_per_k": [
    0.2364477813243866,
    0.2442394196987152,
    0.2357483208179474,
    0.2403605878353119,
    0.24409060180187225,
    0.24691344797611237,
    0.24755644798278809,
    0.23174408078193665,
    0.24887356162071228,
    0.2395031601190567,
    0.24244354665279388,
    0.24060288071632385,
    0.23828637599945068,
    0.2423265129327774,
    0.24291905760765076,
    0.23411425948143005
  ],
  "diff_sigma_per_k": [
    3.206015435353038e-07,
    3.196693683094054e-07,
    2.8157745646240073e-07,
    4.0747298157839396e-07,
    4.459675153611897e-07,
    4.3937214400102675e-07,
    3.956785405989649e-07,
    3.608407439514849e-07,
    3.413814511077362e-07,
    2.920359065683442e-07,
    2.9423702585518186e-07,
    2.829676475357701e-07,
    3.1232141850523476e-07,
    4.197505063530116e-07,
    4.408042286740965e-07,
    4.1131715988740325e-07
  ],
  "variance_collapse": false,
  "k_report_idx": {
    "k1": 0,
    "k8": 7,
    "k15": 14
  },
  "spec": {
    "kind": "baseline",
    "baseline_key": [
      0.5,
      19,
      256,
      16
    ],
    "params": {
      "period_P": 256,
      "manifold_dim_D": 16,
      "continuity_center": 19,
      "fidelity_F": 0.97,
      "magnitude_M": 0.0,
      "locality_L": 0.5
    },
    "L_d_main": 1,
    "seed": 11,
    "perk": true,
    "label": "base_loc0.5_c19_P256_D16_s11",
    "out_file": "/mnt/c/Users/Jason/Desktop/Eridos/Weft 2/v2/results/phase1/pilot/_runs/base_loc0.5_c19_P256_D16_s11.json"
  }
}