{
  "label": "base_loc0.9_c472_P2048_D128_s16",
  "L_d_main": 1,
  "seed": 16,
  "wall_clock_s": 186.82,
  "steps_trained": 10000,
  "final_interval_loss": -3005.772142,
  "nan_inf": false,
  "still_descending": false,
  "stability_flag": "stable",
  "diff_mu": 0.00034870824310928583,
  "diff_sigma": 8.434235532206458e-10,
  "diff_mu_aggregate": 0.00034870824310928583,
  "diff_sigma_aggregate": 8.434235532206458e-10,
  "diff_mu_per_k": [
    0.0003628745034802705,
    0.0003669248544611037,
    0.0003904469485860318,
    0.00037299253745004535,
    0.0003292001492809504,
    0.0003605165402404964,
    0.0003393286606296897,
    0.0003330599283799529,
    0.00032456364715471864,
    0.00032818783074617386,
    0.0003604360099416226,
    0.0003541103797033429,
    0.0003413068188820034,
    0.00035277922870591283,
    0.00032215742976404727,
    0.0003404463059268892
  ],
  "diff_sigma_per_k": [
    9.001786538398449e-10,
    1.0811092021612012e-09,
    8.064167666965716e-10,
    9.159034086714257e-10,
    7.278860847392821e-10,
    1.0070717593180234e-09,
    8.653280869630464e-10,
    8.07132416458245e-10,
    7.714384131496388e-10,
    7.05336455908423e-10,
    8.718550326136665e-10,
    9.2356938763416e-10,
    7.80244813203268e-10,
    8.584764565888747e-10,
    7.169106974735939e-10,
    7.559187165107062e-10
  ],
  "variance_collapse": true,
  "k_report_idx": {
    "k1": 0,
    "k8": 7,
    "k15": 14
  },
  "spec": {
    "kind": "baseline",
    "baseline_key": [
      0.9,
      472,
      2048,
      128
    ],
    "params": {
      "period_P": 2048,
      "manifold_dim_D": 128,
      "continuity_center": 472,
      "fidelity_F": 0.97,
      "magnitude_M": 0.0,
      "locality_L": 0.9
    },
    "L_d_main": 1,
    "seed": 16,
    "perk": true,
    "label": "base_loc0.9_c472_P2048_D128_s16",
    "out_file": "/mnt/c/Users/Jason/Desktop/Eridos/Weft 2/v2/results/phase1/pilot/_runs/base_loc0.9_c472_P2048_D128_s16.json"
  }
}