{
  "label": "base_loc0.5_c39_P256_D4_s0",
  "L_d_main": 1,
  "seed": 0,
  "wall_clock_s": 186.4,
  "steps_trained": 10000,
  "final_interval_loss": -2774.961849,
  "nan_inf": false,
  "still_descending": false,
  "stability_flag": "stable",
  "diff_mu": 0.25639188289642334,
  "diff_sigma": 2.616126835164323e-07,
  "diff_mu_aggregate": 0.25639188289642334,
  "diff_sigma_aggregate": 2.616126835164323e-07,
  "diff_mu_per_k": [
    0.0844363197684288,
    0.2771853506565094,
    0.3625424802303314,
    0.38748371601104736,
    0.34903573989868164,
    0.3115386366844177,
    0.110509492456913,
    0.09955662488937378,
    0.34067201614379883,
    0.3594478368759155,
    0.3732646107673645,
    0.3024226427078247,
    0.2188941091299057,
    0.0566418394446373,
    0.142782524228096,
    0.32585692405700684
  ],
  "diff_sigma_per_k": [
    1.4315544660803425e-07,
    3.678428939224432e-08,
    4.926769037183476e-08,
    2.3929797521304863e-07,
    5.491370416166319e-07,
    6.970221875235438e-07,
    3.844810976261215e-07,
    1.1052549098167219e-07,
    3.334643494667944e-08,
    8.819871055720796e-08,
    3.317371124467172e-07,
    6.143802693259204e-07,
    5.374485567699594e-07,
    2.5525778823976e-07,
    7.318541861423e-08,
    4.25773798440332e-08
  ],
  "variance_collapse": false,
  "k_report_idx": {
    "k1": 0,
    "k8": 7,
    "k15": 14
  },
  "spec": {
    "kind": "baseline",
    "baseline_key": [
      0.5,
      39,
      256,
      4
    ],
    "params": {
      "period_P": 256,
      "manifold_dim_D": 4,
      "continuity_center": 39,
      "fidelity_F": 0.97,
      "magnitude_M": 0.0,
      "locality_L": 0.5
    },
    "L_d_main": 1,
    "seed": 0,
    "perk": true,
    "label": "base_loc0.5_c39_P256_D4_s0",
    "out_file": "/mnt/c/Users/Jason/Desktop/Eridos/Weft 2/v2/results/phase1/pilot/_runs/base_loc0.5_c39_P256_D4_s0.json"
  }
}