{
  "label": "base_loc0.5_c39_P256_D16_s3",
  "L_d_main": 1,
  "seed": 3,
  "wall_clock_s": 185.38,
  "steps_trained": 10000,
  "final_interval_loss": -2882.139196,
  "nan_inf": false,
  "still_descending": true,
  "stability_flag": "stable",
  "diff_mu": 0.0436476431787014,
  "diff_sigma": 3.735723339559627e-07,
  "diff_mu_aggregate": 0.0436476431787014,
  "diff_sigma_aggregate": 3.735723339559627e-07,
  "diff_mu_per_k": [
    0.04321201145648956,
    0.043375369161367416,
    0.0433848574757576,
    0.04444802179932594,
    0.043453432619571686,
    0.043304238468408585,
    0.043523333966732025,
    0.044054578989744186,
    0.043595436960458755,
    0.043159376829862595,
    0.043225836008787155,
    0.043160732835531235,
    0.04479384794831276,
    0.04390859976410866,
    0.04394281283020973,
    0.04381980001926422
  ],
  "diff_sigma_per_k": [
    3.4696674333645205e-07,
    4.03029559947754e-07,
    4.063663823217212e-07,
    4.143841181303287e-07,
    3.6754977372766007e-07,
    3.484932165065402e-07,
    3.614324555201165e-07,
    3.610113310514862e-07,
    4.328010732024268e-07,
    3.883624231093563e-07,
    3.59308671704639e-07,
    3.388457798791933e-07,
    3.5526383612705104e-07,
    3.57633695102777e-07,
    3.694926249409036e-07,
    3.662154881567403e-07
  ],
  "variance_collapse": false,
  "k_report_idx": {
    "k1": 0,
    "k8": 7,
    "k15": 14
  },
  "spec": {
    "kind": "baseline",
    "baseline_key": [
      0.5,
      39,
      256,
      16
    ],
    "params": {
      "period_P": 256,
      "manifold_dim_D": 16,
      "continuity_center": 39,
      "fidelity_F": 0.97,
      "magnitude_M": 0.0,
      "locality_L": 0.5
    },
    "L_d_main": 1,
    "seed": 3,
    "perk": true,
    "label": "base_loc0.5_c39_P256_D16_s3",
    "out_file": "/mnt/c/Users/Jason/Desktop/Eridos/Weft 2/v2/results/phase1/pilot/_runs/base_loc0.5_c39_P256_D16_s3.json"
  }
}