{
  "label": "base_loc0.3_c3_P32_D4_s7",
  "L_d_main": 1,
  "seed": 7,
  "wall_clock_s": 186.85,
  "steps_trained": 10000,
  "final_interval_loss": -2780.391553,
  "nan_inf": false,
  "still_descending": true,
  "stability_flag": "stable",
  "diff_mu": 0.7728046178817749,
  "diff_sigma": 3.2277994250762276e-06,
  "diff_mu_aggregate": 0.7728046178817749,
  "diff_sigma_aggregate": 3.2277994250762276e-06,
  "diff_mu_per_k": [
    0.7247744202613831,
    0.7123703360557556,
    0.717441976070404,
    0.7340888381004333,
    0.7442084550857544,
    0.811665415763855,
    0.8061174750328064,
    0.8211034536361694,
    0.861386775970459,
    0.8564999103546143,
    0.8033446073532104,
    0.7620521187782288,
    0.7501894235610962,
    0.7455767393112183,
    0.753524661064148,
    0.7605181932449341
  ],
  "diff_sigma_per_k": [
    2.014192205024301e-06,
    1.437156242900528e-06,
    1.4067084066482494e-06,
    1.8767766505334293e-06,
    2.4924515855673235e-06,
    4.265183179086307e-06,
    3.903858214471256e-06,
    3.867723535222467e-06,
    4.175162757746875e-06,
    3.698025921039516e-06,
    3.1857064186624484e-06,
    3.412193336771452e-06,
    3.617599759309087e-06,
    4.582600922731217e-06,
    3.6852100038231583e-06,
    4.024240297439974e-06
  ],
  "variance_collapse": false,
  "k_report_idx": {
    "k1": 0,
    "k8": 7,
    "k15": 14
  },
  "spec": {
    "kind": "baseline",
    "baseline_key": [
      0.3,
      3,
      32,
      4
    ],
    "params": {
      "period_P": 32,
      "manifold_dim_D": 4,
      "continuity_center": 3,
      "fidelity_F": 0.97,
      "magnitude_M": 0.0,
      "locality_L": 0.3
    },
    "L_d_main": 1,
    "seed": 7,
    "perk": true,
    "label": "base_loc0.3_c3_P32_D4_s7",
    "out_file": "/mnt/c/Users/Jason/Desktop/Eridos/Weft 2/v2/results/phase1/pilot/_runs/base_loc0.3_c3_P32_D4_s7.json"
  }
}