{
  "label": "base_loc0.3_c3_P32_D4_s18",
  "L_d_main": 1,
  "seed": 18,
  "wall_clock_s": 183.84,
  "steps_trained": 10000,
  "final_interval_loss": -2651.622696,
  "nan_inf": false,
  "still_descending": true,
  "stability_flag": "stable",
  "diff_mu": 1.2548108100891113,
  "diff_sigma": 3.3520854003654676e-07,
  "diff_mu_aggregate": 1.2548108100891113,
  "diff_sigma_aggregate": 3.3520854003654676e-07,
  "diff_mu_per_k": [
    1.2617844343185425,
    1.2755159139633179,
    1.2468816041946411,
    1.2603002786636353,
    1.2375409603118896,
    1.2477948665618896,
    1.252487301826477,
    1.2562246322631836,
    1.2594878673553467,
    1.2519623041152954,
    1.2570221424102783,
    1.2514454126358032,
    1.2627737522125244,
    1.2537140846252441,
    1.255169153213501,
    1.2468669414520264
  ],
  "diff_sigma_per_k": [
    2.9333719453461526e-07,
    3.2617984402349975e-07,
    2.522459681131295e-07,
    3.214358628156333e-07,
    2.58096633842797e-07,
    3.178065810516273e-07,
    2.8394299533829326e-07,
    2.889326538024761e-07,
    3.1065567895893764e-07,
    2.923141835253773e-07,
    3.267863064593257e-07,
    3.0977332698967075e-07,
    4.001849447377026e-07,
    3.9442568322556326e-07,
    5.107478386889852e-07,
    4.7647066026001994e-07
  ],
  "variance_collapse": false,
  "k_report_idx": {
    "k1": 0,
    "k8": 7,
    "k15": 14
  },
  "spec": {
    "kind": "baseline",
    "baseline_key": [
      0.3,
      3,
      32,
      4
    ],
    "params": {
      "period_P": 32,
      "manifold_dim_D": 4,
      "continuity_center": 3,
      "fidelity_F": 0.97,
      "magnitude_M": 0.0,
      "locality_L": 0.3
    },
    "L_d_main": 1,
    "seed": 18,
    "perk": true,
    "label": "base_loc0.3_c3_P32_D4_s18",
    "out_file": "/mnt/c/Users/Jason/Desktop/Eridos/Weft 2/v2/results/phase1/pilot/_runs/base_loc0.3_c3_P32_D4_s18.json"
  }
}