{
  "label": "base_loc0.5_c19_P256_D16_s0",
  "L_d_main": 1,
  "seed": 0,
  "wall_clock_s": 189.03,
  "steps_trained": 10000,
  "final_interval_loss": -2933.170651,
  "nan_inf": false,
  "still_descending": false,
  "stability_flag": "stable",
  "diff_mu": 0.5308877229690552,
  "diff_sigma": 1.572279018091649e-07,
  "diff_mu_aggregate": 0.5308877229690552,
  "diff_sigma_aggregate": 1.572279018091649e-07,
  "diff_mu_per_k": [
    0.5376999974250793,
    0.5352621078491211,
    0.5366742610931396,
    0.5326704382896423,
    0.5333479046821594,
    0.5223789811134338,
    0.5200865268707275,
    0.5225430130958557,
    0.5203253626823425,
    0.5285277962684631,
    0.5404265522956848,
    0.5239353179931641,
    0.5392096638679504,
    0.5393357872962952,
    0.5285529494285583,
    0.5332276225090027
  ],
  "diff_sigma_per_k": [
    9.236341469431864e-08,
    1.3607795779080334e-07,
    1.6788064272077463e-07,
    1.8865951290081284e-07,
    1.7904304172589036e-07,
    9.731986949645943e-08,
    9.948073653731626e-08,
    1.1326731907956855e-07,
    7.808151281096798e-08,
    1.3567733958552708e-07,
    2.0798755429041194e-07,
    1.1392263843390538e-07,
    1.8314571548216918e-07,
    1.810794572065788e-07,
    2.6047169399134873e-07,
    2.811879937780759e-07
  ],
  "variance_collapse": false,
  "k_report_idx": {
    "k1": 0,
    "k8": 7,
    "k15": 14
  },
  "spec": {
    "kind": "baseline",
    "baseline_key": [
      0.5,
      19,
      256,
      16
    ],
    "params": {
      "period_P": 256,
      "manifold_dim_D": 16,
      "continuity_center": 19,
      "fidelity_F": 0.97,
      "magnitude_M": 0.0,
      "locality_L": 0.5
    },
    "L_d_main": 1,
    "seed": 0,
    "perk": true,
    "label": "base_loc0.5_c19_P256_D16_s0",
    "out_file": "/mnt/c/Users/Jason/Desktop/Eridos/Weft 2/v2/results/phase1/pilot/_runs/base_loc0.5_c19_P256_D16_s0.json"
  }
}