{
  "label": "base_loc0.5_c39_P256_D4_s4",
  "L_d_main": 1,
  "seed": 4,
  "wall_clock_s": 189.31,
  "steps_trained": 10000,
  "final_interval_loss": -2864.184433,
  "nan_inf": false,
  "still_descending": false,
  "stability_flag": "stable",
  "diff_mu": 0.07887010276317596,
  "diff_sigma": 1.4039128970466663e-08,
  "diff_mu_aggregate": 0.07887010276317596,
  "diff_sigma_aggregate": 1.4039128970466663e-08,
  "diff_mu_per_k": [
    0.08361828327178955,
    0.07868310809135437,
    0.06829163432121277,
    0.06910812854766846,
    0.07756999880075455,
    0.09329398721456528,
    0.08750122040510178,
    0.07929802685976028,
    0.07830656319856644,
    0.07500972598791122,
    0.06798402220010757,
    0.08007920533418655,
    0.08515671640634537,
    0.08514920622110367,
    0.08116505295038223,
    0.07170683145523071
  ],
  "diff_sigma_per_k": [
    8.065939027801505e-09,
    2.1706771491381005e-08,
    2.0598418970507737e-08,
    1.4399944348042482e-08,
    5.5714219904245965e-09,
    1.6534356106490122e-08,
    4.97279550870644e-09,
    1.1428409329994338e-08,
    2.5621867294489675e-08,
    2.7136579205944145e-08,
    7.628597309405905e-09,
    8.653656458079695e-09,
    8.442439636269228e-09,
    5.779724254750818e-09,
    1.4288429106557032e-08,
    2.379671215635426e-08
  ],
  "variance_collapse": false,
  "k_report_idx": {
    "k1": 0,
    "k8": 7,
    "k15": 14
  },
  "spec": {
    "kind": "baseline",
    "baseline_key": [
      0.5,
      39,
      256,
      4
    ],
    "params": {
      "period_P": 256,
      "manifold_dim_D": 4,
      "continuity_center": 39,
      "fidelity_F": 0.97,
      "magnitude_M": 0.0,
      "locality_L": 0.5
    },
    "L_d_main": 1,
    "seed": 4,
    "perk": true,
    "label": "base_loc0.5_c39_P256_D4_s4",
    "out_file": "/mnt/c/Users/Jason/Desktop/Eridos/Weft 2/v2/results/phase1/pilot/_runs/base_loc0.5_c39_P256_D4_s4.json"
  }
}