{
  "label": "base_loc0.3_c3_P32_D4_s11",
  "L_d_main": 1,
  "seed": 11,
  "wall_clock_s": 188.28,
  "steps_trained": 10000,
  "final_interval_loss": -2759.875205,
  "nan_inf": false,
  "still_descending": true,
  "stability_flag": "stable",
  "diff_mu": 0.6568593382835388,
  "diff_sigma": 2.68146294502003e-07,
  "diff_mu_aggregate": 0.6568593382835388,
  "diff_sigma_aggregate": 2.68146294502003e-07,
  "diff_mu_per_k": [
    0.5961867570877075,
    0.6411488652229309,
    0.6456068158149719,
    0.6750780940055847,
    0.7138851881027222,
    0.732133686542511,
    0.6253641247749329,
    0.6174135804176331,
    0.6214544177055359,
    0.6382930874824524,
    0.646537721157074,
    0.6812242269515991,
    0.6563505530357361,
    0.7217195630073547,
    0.6666787266731262,
    0.6306735277175903
  ],
  "diff_sigma_per_k": [
    2.4425486344625824e-07,
    1.6203384234358964e-07,
    2.1204152744758176e-07,
    2.229753874871676e-07,
    2.6022962629213e-07,
    2.492631097084086e-07,
    3.100657011145813e-07,
    2.9199338769103633e-07,
    1.974381831360006e-07,
    2.2941539157272928e-07,
    2.2948222522245487e-07,
    2.467123181304487e-07,
    2.648233419222379e-07,
    3.9672733009865624e-07,
    3.977193898663245e-07,
    3.7516494444389537e-07
  ],
  "variance_collapse": false,
  "k_report_idx": {
    "k1": 0,
    "k8": 7,
    "k15": 14
  },
  "spec": {
    "kind": "baseline",
    "baseline_key": [
      0.3,
      3,
      32,
      4
    ],
    "params": {
      "period_P": 32,
      "manifold_dim_D": 4,
      "continuity_center": 3,
      "fidelity_F": 0.97,
      "magnitude_M": 0.0,
      "locality_L": 0.3
    },
    "L_d_main": 1,
    "seed": 11,
    "perk": true,
    "label": "base_loc0.3_c3_P32_D4_s11",
    "out_file": "/mnt/c/Users/Jason/Desktop/Eridos/Weft 2/v2/results/phase1/pilot/_runs/base_loc0.3_c3_P32_D4_s11.json"
  }
}