{
  "label": "base_loc0.5_c39_P256_D16_s6",
  "L_d_main": 1,
  "seed": 6,
  "wall_clock_s": 189.43,
  "steps_trained": 10000,
  "final_interval_loss": -2914.937691,
  "nan_inf": false,
  "still_descending": true,
  "stability_flag": "stable",
  "diff_mu": 0.13195736706256866,
  "diff_sigma": 2.8927566120273696e-08,
  "diff_mu_aggregate": 0.13195736706256866,
  "diff_sigma_aggregate": 2.8927566120273696e-08,
  "diff_mu_per_k": [
    0.1613122671842575,
    0.15828922390937805,
    0.1415654420852661,
    0.11820795387029648,
    0.11691722273826599,
    0.11340903490781784,
    0.12394443899393082,
    0.12993092834949493,
    0.14386850595474243,
    0.1552603840827942,
    0.14230382442474365,
    0.1252577155828476,
    0.12244704365730286,
    0.117552749812603,
    0.11458759009838104,
    0.12646333873271942
  ],
  "diff_sigma_per_k": [
    2.979619395659938e-08,
    3.7995480539620985e-08,
    3.213660804135543e-08,
    2.8684766562037112e-08,
    2.3876483012941208e-08,
    2.313613833848649e-08,
    2.5736843767276696e-08,
    3.186371344554573e-08,
    3.3092231177533904e-08,
    3.811986459822947e-08,
    3.422685423970506e-08,
    1.7622456383037388e-08,
    2.6637154704189925e-08,
    2.759324857493084e-08,
    2.6012765275140737e-08,
    2.6310260636819294e-08
  ],
  "variance_collapse": false,
  "k_report_idx": {
    "k1": 0,
    "k8": 7,
    "k15": 14
  },
  "spec": {
    "kind": "baseline",
    "baseline_key": [
      0.5,
      39,
      256,
      16
    ],
    "params": {
      "period_P": 256,
      "manifold_dim_D": 16,
      "continuity_center": 39,
      "fidelity_F": 0.97,
      "magnitude_M": 0.0,
      "locality_L": 0.5
    },
    "L_d_main": 1,
    "seed": 6,
    "perk": true,
    "label": "base_loc0.5_c39_P256_D16_s6",
    "out_file": "/mnt/c/Users/Jason/Desktop/Eridos/Weft 2/v2/results/phase1/pilot/_runs/base_loc0.5_c39_P256_D16_s6.json"
  }
}