{
  "label": "base_loc0.5_c19_P256_D16_s16",
  "L_d_main": 1,
  "seed": 16,
  "wall_clock_s": 184.75,
  "steps_trained": 10000,
  "final_interval_loss": -2899.566072,
  "nan_inf": false,
  "still_descending": false,
  "stability_flag": "stable",
  "diff_mu": 0.6168498992919922,
  "diff_sigma": 2.61160124637172e-07,
  "diff_mu_aggregate": 0.6168498992919922,
  "diff_sigma_aggregate": 2.61160124637172e-07,
  "diff_mu_per_k": [
    0.6131949424743652,
    0.6090489625930786,
    0.6174157857894897,
    0.6212685704231262,
    0.6175358891487122,
    0.6220357418060303,
    0.616352915763855,
    0.6159757375717163,
    0.6102001667022705,
    0.6110260486602783,
    0.6107215285301208,
    0.6058902740478516,
    0.6236314177513123,
    0.619975745677948,
    0.624152421951294,
    0.6311711668968201
  ],
  "diff_sigma_per_k": [
    2.262513874029537e-07,
    2.1942324224255572e-07,
    2.2328502780055715e-07,
    2.7849563366544317e-07,
    2.472075095738546e-07,
    3.102435925939062e-07,
    2.5797541525207635e-07,
    2.551771558501059e-07,
    2.1802348726396303e-07,
    1.7860449474937923e-07,
    2.1982530995501293e-07,
    2.1216261814061e-07,
    2.8889724035252584e-07,
    2.772628704406088e-07,
    3.4941695048473775e-07,
    4.163101721132989e-07
  ],
  "variance_collapse": false,
  "k_report_idx": {
    "k1": 0,
    "k8": 7,
    "k15": 14
  },
  "spec": {
    "kind": "baseline",
    "baseline_key": [
      0.5,
      19,
      256,
      16
    ],
    "params": {
      "period_P": 256,
      "manifold_dim_D": 16,
      "continuity_center": 19,
      "fidelity_F": 0.97,
      "magnitude_M": 0.0,
      "locality_L": 0.5
    },
    "L_d_main": 1,
    "seed": 16,
    "perk": true,
    "label": "base_loc0.5_c19_P256_D16_s16",
    "out_file": "/mnt/c/Users/Jason/Desktop/Eridos/Weft 2/v2/results/phase1/pilot/_runs/base_loc0.5_c19_P256_D16_s16.json"
  }
}