{
  "label": "base_loc0.5_c19_P256_D16_s4",
  "L_d_main": 1,
  "seed": 4,
  "wall_clock_s": 187.52,
  "steps_trained": 10000,
  "final_interval_loss": -2934.842088,
  "nan_inf": false,
  "still_descending": true,
  "stability_flag": "stable",
  "diff_mu": 0.17473134398460388,
  "diff_sigma": 3.119499467629794e-07,
  "diff_mu_aggregate": 0.17473134398460388,
  "diff_sigma_aggregate": 3.119499467629794e-07,
  "diff_mu_per_k": [
    0.17412450909614563,
    0.1759394258260727,
    0.1780157834291458,
    0.17835429310798645,
    0.1755637377500534,
    0.17135170102119446,
    0.17406806349754333,
    0.17433029413223267,
    0.17261242866516113,
    0.17373107373714447,
    0.17613796889781952,
    0.17396874725818634,
    0.17595206201076508,
    0.17635416984558105,
    0.17484648525714874,
    0.17035064101219177
  ],
  "diff_sigma_per_k": [
    2.345877589959855e-07,
    2.682896820260794e-07,
    3.1113719956010755e-07,
    4.0660606259734777e-07,
    3.8343222286130185e-07,
    3.512245143610926e-07,
    2.6861579272008385e-07,
    2.2517333775340376e-07,
    2.2497046359148953e-07,
    1.902441368883956e-07,
    2.105607563862577e-07,
    2.193958437146648e-07,
    3.1850595405558124e-07,
    3.754850297355006e-07,
    5.036295647187217e-07,
    4.993409561393491e-07
  ],
  "variance_collapse": false,
  "k_report_idx": {
    "k1": 0,
    "k8": 7,
    "k15": 14
  },
  "spec": {
    "kind": "baseline",
    "baseline_key": [
      0.5,
      19,
      256,
      16
    ],
    "params": {
      "period_P": 256,
      "manifold_dim_D": 16,
      "continuity_center": 19,
      "fidelity_F": 0.97,
      "magnitude_M": 0.0,
      "locality_L": 0.5
    },
    "L_d_main": 1,
    "seed": 4,
    "perk": true,
    "label": "base_loc0.5_c19_P256_D16_s4",
    "out_file": "/mnt/c/Users/Jason/Desktop/Eridos/Weft 2/v2/results/phase1/pilot/_runs/base_loc0.5_c19_P256_D16_s4.json"
  }
}