{
  "label": "base_loc0.5_c39_P256_D16_s9",
  "L_d_main": 1,
  "seed": 9,
  "wall_clock_s": 185.54,
  "steps_trained": 10000,
  "final_interval_loss": -2858.662441,
  "nan_inf": false,
  "still_descending": true,
  "stability_flag": "stable",
  "diff_mu": 0.011274736374616623,
  "diff_sigma": 9.695234837181488e-09,
  "diff_mu_aggregate": 0.011274736374616623,
  "diff_sigma_aggregate": 9.695234837181488e-09,
  "diff_mu_per_k": [
    0.011238060891628265,
    0.01119923498481512,
    0.011605344712734222,
    0.011117439717054367,
    0.011152398772537708,
    0.011197718791663647,
    0.01096814963966608,
    0.011204559355974197,
    0.011371887288987637,
    0.011066065169870853,
    0.011772572062909603,
    0.011683025397360325,
    0.011516946367919445,
    0.011208722367882729,
    0.011086463928222656,
    0.011007213965058327
  ],
  "diff_sigma_per_k": [
    1.0594612298575612e-08,
    1.0072274569949968e-08,
    1.1372390140707012e-08,
    1.1592954152206403e-08,
    8.403890028318983e-09,
    6.921550443905744e-09,
    9.075902696054072e-09,
    1.099105784163612e-08,
    9.526377020563359e-09,
    1.0009018502898925e-08,
    8.260832018436304e-09,
    8.299074316653332e-09,
    8.78728023678832e-09,
    9.002206979857874e-09,
    1.1623374263081132e-08,
    1.059097254341168e-08
  ],
  "variance_collapse": true,
  "k_report_idx": {
    "k1": 0,
    "k8": 7,
    "k15": 14
  },
  "spec": {
    "kind": "baseline",
    "baseline_key": [
      0.5,
      39,
      256,
      16
    ],
    "params": {
      "period_P": 256,
      "manifold_dim_D": 16,
      "continuity_center": 39,
      "fidelity_F": 0.97,
      "magnitude_M": 0.0,
      "locality_L": 0.5
    },
    "L_d_main": 1,
    "seed": 9,
    "perk": true,
    "label": "base_loc0.5_c39_P256_D16_s9",
    "out_file": "/mnt/c/Users/Jason/Desktop/Eridos/Weft 2/v2/results/phase1/pilot/_runs/base_loc0.5_c39_P256_D16_s9.json"
  }
}