{
  "label": "base_loc0.5_c39_P256_D16_s19",
  "L_d_main": 1,
  "seed": 19,
  "wall_clock_s": 185.79,
  "steps_trained": 10000,
  "final_interval_loss": -2886.899204,
  "nan_inf": false,
  "still_descending": false,
  "stability_flag": "stable",
  "diff_mu": 0.049788959324359894,
  "diff_sigma": 8.40079206199107e-09,
  "diff_mu_aggregate": 0.049788959324359894,
  "diff_sigma_aggregate": 8.40079206199107e-09,
  "diff_mu_per_k": [
    0.04922904074192047,
    0.0517200268805027,
    0.05693313106894493,
    0.051587894558906555,
    0.05051770806312561,
    0.04756598919630051,
    0.04643860459327698,
    0.047003865242004395,
    0.04798362776637077,
    0.050853852182626724,
    0.050165873020887375,
    0.05089852213859558,
    0.05077269300818443,
    0.04864972084760666,
    0.048814043402671814,
    0.047488734126091
  ],
  "diff_sigma_per_k": [
    8.619211122606885e-09,
    8.560780528910072e-09,
    8.275900853504936e-09,
    8.475448787237383e-09,
    8.438941989652449e-09,
    7.28026927632186e-09,
    8.851836597045804e-09,
    8.367068815573475e-09,
    8.454655642253783e-09,
    1.00947508130389e-08,
    8.419031694018031e-09,
    7.297431547925726e-09,
    7.524403322634043e-09,
    8.431131348629606e-09,
    8.307778465166393e-09,
    9.0140384045867e-09
  ],
  "variance_collapse": true,
  "k_report_idx": {
    "k1": 0,
    "k8": 7,
    "k15": 14
  },
  "spec": {
    "kind": "baseline",
    "baseline_key": [
      0.5,
      39,
      256,
      16
    ],
    "params": {
      "period_P": 256,
      "manifold_dim_D": 16,
      "continuity_center": 39,
      "fidelity_F": 0.97,
      "magnitude_M": 0.0,
      "locality_L": 0.5
    },
    "L_d_main": 1,
    "seed": 19,
    "perk": true,
    "label": "base_loc0.5_c39_P256_D16_s19",
    "out_file": "/mnt/c/Users/Jason/Desktop/Eridos/Weft 2/v2/results/phase1/pilot/_runs/base_loc0.5_c39_P256_D16_s19.json"
  }
}