{
  "label": "base_loc0.9_c472_P2048_D128_s19",
  "L_d_main": 1,
  "seed": 19,
  "wall_clock_s": 185.11,
  "steps_trained": 10000,
  "final_interval_loss": -3010.876995,
  "nan_inf": false,
  "still_descending": false,
  "stability_flag": "stable",
  "diff_mu": 5.3652256610803306e-05,
  "diff_sigma": 2.134092208505578e-10,
  "diff_mu_aggregate": 5.3652256610803306e-05,
  "diff_sigma_aggregate": 2.134092208505578e-10,
  "diff_mu_per_k": [
    5.3517473133979365e-05,
    5.346854595700279e-05,
    5.458605301100761e-05,
    5.5622978834435344e-05,
    5.359590795706026e-05,
    5.3176489018369466e-05,
    5.124315794091672e-05,
    5.208770016906783e-05,
    5.5321048421319574e-05,
    5.2979437896283343e-05,
    5.470151154440828e-05,
    5.275525836623274e-05,
    5.2920178859494627e-05,
    5.425131166703068e-05,
    5.394816616899334e-05,
    5.426090137916617e-05
  ],
  "diff_sigma_per_k": [
    2.1603765998357005e-10,
    2.2617209494146806e-10,
    2.0044640947070036e-10,
    2.2006434174937084e-10,
    2.0814866497076423e-10,
    2.2503890417802097e-10,
    2.2069676641756075e-10,
    2.0319902704901693e-10,
    1.9546865515085443e-10,
    2.2606272409575467e-10,
    2.0800076938609635e-10,
    2.1418700146824676e-10,
    1.8635290532920123e-10,
    2.1615470524594116e-10,
    2.1897876567589236e-10,
    2.29538041351951e-10
  ],
  "variance_collapse": true,
  "k_report_idx": {
    "k1": 0,
    "k8": 7,
    "k15": 14
  },
  "spec": {
    "kind": "baseline",
    "baseline_key": [
      0.9,
      472,
      2048,
      128
    ],
    "params": {
      "period_P": 2048,
      "manifold_dim_D": 128,
      "continuity_center": 472,
      "fidelity_F": 0.97,
      "magnitude_M": 0.0,
      "locality_L": 0.9
    },
    "L_d_main": 1,
    "seed": 19,
    "perk": true,
    "label": "base_loc0.9_c472_P2048_D128_s19",
    "out_file": "/mnt/c/Users/Jason/Desktop/Eridos/Weft 2/v2/results/phase1/pilot/_runs/base_loc0.9_c472_P2048_D128_s19.json"
  }
}