{
  "label": "base_loc0.5_c39_P256_D4_s2",
  "L_d_main": 1,
  "seed": 2,
  "wall_clock_s": 186.6,
  "steps_trained": 10000,
  "final_interval_loss": -2820.370583,
  "nan_inf": false,
  "still_descending": true,
  "stability_flag": "stable",
  "diff_mu": 0.44417253136634827,
  "diff_sigma": 1.4520717073196465e-08,
  "diff_mu_aggregate": 0.44417253136634827,
  "diff_sigma_aggregate": 1.4520717073196465e-08,
  "diff_mu_per_k": [
    0.8103044033050537,
    0.07636742293834686,
    0.4945134222507477,
    0.5704588294029236,
    0.17031002044677734,
    0.3973017930984497,
    0.8218073844909668,
    0.5192791819572449,
    0.0296991765499115,
    0.42116016149520874,
    0.7319207191467285,
    0.231960266828537,
    0.6723396182060242,
    0.7671232223510742,
    0.34120747447013855,
    0.05100749060511589
  ],
  "diff_sigma_per_k": [
    2.309472968420323e-08,
    3.6379388390628264e-09,
    1.272121163964357e-08,
    1.5076556891813198e-08,
    3.272459414560558e-09,
    1.777448588313746e-08,
    2.467774251613264e-08,
    1.4601837072802937e-08,
    2.67158672961898e-09,
    1.6210861986110103e-08,
    2.316670233426521e-08,
    4.935758468604945e-09,
    2.961513878574351e-08,
    2.6001169217693132e-08,
    1.1378084252555709e-08,
    3.4951999072774242e-09
  ],
  "variance_collapse": false,
  "k_report_idx": {
    "k1": 0,
    "k8": 7,
    "k15": 14
  },
  "spec": {
    "kind": "baseline",
    "baseline_key": [
      0.5,
      39,
      256,
      4
    ],
    "params": {
      "period_P": 256,
      "manifold_dim_D": 4,
      "continuity_center": 39,
      "fidelity_F": 0.97,
      "magnitude_M": 0.0,
      "locality_L": 0.5
    },
    "L_d_main": 1,
    "seed": 2,
    "perk": true,
    "label": "base_loc0.5_c39_P256_D4_s2",
    "out_file": "/mnt/c/Users/Jason/Desktop/Eridos/Weft 2/v2/results/phase1/pilot/_runs/base_loc0.5_c39_P256_D4_s2.json"
  }
}