{
  "label": "base_loc0.3_c3_P32_D4_s3",
  "L_d_main": 1,
  "seed": 3,
  "wall_clock_s": 186.35,
  "steps_trained": 10000,
  "final_interval_loss": -2541.314249,
  "nan_inf": false,
  "still_descending": true,
  "stability_flag": "stable",
  "diff_mu": 0.80525803565979,
  "diff_sigma": 1.7470122770646412e-07,
  "diff_mu_aggregate": 0.80525803565979,
  "diff_sigma_aggregate": 1.7470122770646412e-07,
  "diff_mu_per_k": [
    0.7310853004455566,
    0.7725645899772644,
    0.7659767270088196,
    0.8092551231384277,
    0.8270427584648132,
    0.8416264653205872,
    0.7499974966049194,
    0.7558077573776245,
    0.7685800790786743,
    0.7798554301261902,
    0.8141117691993713,
    0.8532283902168274,
    0.8623403310775757,
    0.8889052271842957,
    0.8730883002281189,
    0.7906724810600281
  ],
  "diff_sigma_per_k": [
    1.0271077854895339e-07,
    1.2001937932382134e-07,
    9.424788771639214e-08,
    1.2803822357909667e-07,
    1.4187409647092863e-07,
    1.9734000034077326e-07,
    1.8220069364360825e-07,
    1.7632613946716447e-07,
    1.718412647733203e-07,
    1.4259850900089077e-07,
    1.5379075080090843e-07,
    2.0549578039208427e-07,
    1.9825327512990043e-07,
    2.3518802549915563e-07,
    2.867496675662551e-07,
    2.585452136827371e-07
  ],
  "variance_collapse": false,
  "k_report_idx": {
    "k1": 0,
    "k8": 7,
    "k15": 14
  },
  "spec": {
    "kind": "baseline",
    "baseline_key": [
      0.3,
      3,
      32,
      4
    ],
    "params": {
      "period_P": 32,
      "manifold_dim_D": 4,
      "continuity_center": 3,
      "fidelity_F": 0.97,
      "magnitude_M": 0.0,
      "locality_L": 0.3
    },
    "L_d_main": 1,
    "seed": 3,
    "perk": true,
    "label": "base_loc0.3_c3_P32_D4_s3",
    "out_file": "/mnt/c/Users/Jason/Desktop/Eridos/Weft 2/v2/results/phase1/pilot/_runs/base_loc0.3_c3_P32_D4_s3.json"
  }
}