{
  "label": "base_loc0.3_c3_P32_D4_s13",
  "L_d_main": 1,
  "seed": 13,
  "wall_clock_s": 185.27,
  "steps_trained": 10000,
  "final_interval_loss": -2657.257699,
  "nan_inf": false,
  "still_descending": true,
  "stability_flag": "stable",
  "diff_mu": 5.719156265258789,
  "diff_sigma": 9.014542229124345e-06,
  "diff_mu_aggregate": 5.719156265258789,
  "diff_sigma_aggregate": 9.014542229124345e-06,
  "diff_mu_per_k": [
    5.69251012802124,
    5.739387035369873,
    5.739598751068115,
    5.66821813583374,
    5.647249698638916,
    5.71596097946167,
    5.713596820831299,
    5.740333080291748,
    5.769900321960449,
    5.686254501342773,
    5.732900142669678,
    5.7054901123046875,
    5.676303863525391,
    5.72021484375,
    5.781336307525635,
    5.777255058288574
  ],
  "diff_sigma_per_k": [
    5.307400442688959e-06,
    7.425816875183955e-06,
    7.166898740251781e-06,
    1.0021997695730533e-05,
    9.340228643850423e-06,
    1.0563177966105286e-05,
    1.1351715329510625e-05,
    1.1207693205506075e-05,
    1.2041306035825983e-05,
    8.16936244518729e-06,
    7.644112884008791e-06,
    8.738127689866815e-06,
    8.56859242048813e-06,
    8.18256739876233e-06,
    7.999714398465585e-06,
    1.0503958037588745e-05
  ],
  "variance_collapse": false,
  "k_report_idx": {
    "k1": 0,
    "k8": 7,
    "k15": 14
  },
  "spec": {
    "kind": "baseline",
    "baseline_key": [
      0.3,
      3,
      32,
      4
    ],
    "params": {
      "period_P": 32,
      "manifold_dim_D": 4,
      "continuity_center": 3,
      "fidelity_F": 0.97,
      "magnitude_M": 0.0,
      "locality_L": 0.3
    },
    "L_d_main": 1,
    "seed": 13,
    "perk": true,
    "label": "base_loc0.3_c3_P32_D4_s13",
    "out_file": "/mnt/c/Users/Jason/Desktop/Eridos/Weft 2/v2/results/phase1/pilot/_runs/base_loc0.3_c3_P32_D4_s13.json"
  }
}