{
  "label": "base_loc0.5_c19_P256_D16_s19",
  "L_d_main": 1,
  "seed": 19,
  "wall_clock_s": 186.61,
  "steps_trained": 10000,
  "final_interval_loss": -2928.895311,
  "nan_inf": false,
  "still_descending": true,
  "stability_flag": "stable",
  "diff_mu": 0.10052186995744705,
  "diff_sigma": 3.474896814736894e-08,
  "diff_mu_aggregate": 0.10052186995744705,
  "diff_sigma_aggregate": 3.474896814736894e-08,
  "diff_mu_per_k": [
    0.09825697541236877,
    0.09964200854301453,
    0.10022806376218796,
    0.10121072083711624,
    0.10033360868692398,
    0.1001221165060997,
    0.09894315153360367,
    0.10201581567525864,
    0.10126554220914841,
    0.10175921022891998,
    0.10300371795892715,
    0.10289599746465683,
    0.10127179324626923,
    0.10032922774553299,
    0.10063442587852478,
    0.09643757343292236
  ],
  "diff_sigma_per_k": [
    3.0105876902553064e-08,
    2.690234346403031e-08,
    2.9178195859458356e-08,
    3.716247931606631e-08,
    3.332412745749025e-08,
    4.415879573116399e-08,
    3.5583042290454614e-08,
    2.7051967776969832e-08,
    2.5990281926624448e-08,
    2.3265824822260583e-08,
    2.452029157495872e-08,
    2.844954671843425e-08,
    3.119226121839347e-08,
    4.352520477368671e-08,
    5.657645374412823e-08,
    5.899679322851625e-08
  ],
  "variance_collapse": false,
  "k_report_idx": {
    "k1": 0,
    "k8": 7,
    "k15": 14
  },
  "spec": {
    "kind": "baseline",
    "baseline_key": [
      0.5,
      19,
      256,
      16
    ],
    "params": {
      "period_P": 256,
      "manifold_dim_D": 16,
      "continuity_center": 19,
      "fidelity_F": 0.97,
      "magnitude_M": 0.0,
      "locality_L": 0.5
    },
    "L_d_main": 1,
    "seed": 19,
    "perk": true,
    "label": "base_loc0.5_c19_P256_D16_s19",
    "out_file": "/mnt/c/Users/Jason/Desktop/Eridos/Weft 2/v2/results/phase1/pilot/_runs/base_loc0.5_c19_P256_D16_s19.json"
  }
}