{
  "label": "base_loc0.5_c39_P256_D16_s14",
  "L_d_main": 1,
  "seed": 14,
  "wall_clock_s": 186.79,
  "steps_trained": 10000,
  "final_interval_loss": -2912.852084,
  "nan_inf": false,
  "still_descending": true,
  "stability_flag": "stable",
  "diff_mu": 0.06726841628551483,
  "diff_sigma": 2.5679485204932462e-08,
  "diff_mu_aggregate": 0.06726841628551483,
  "diff_sigma_aggregate": 2.5679485204932462e-08,
  "diff_mu_per_k": [
    0.09652655571699142,
    0.08215904980897903,
    0.0675952136516571,
    0.05311712622642517,
    0.05664113909006119,
    0.05309475213289261,
    0.061354074627161026,
    0.07647718489170074,
    0.07555294036865234,
    0.08254757523536682,
    0.06659179925918579,
    0.056238140910863876,
    0.06041461229324341,
    0.05267976596951485,
    0.061471156775951385,
    0.0738336443901062
  ],
  "diff_sigma_per_k": [
    2.928792319778495e-08,
    3.212852917044984e-08,
    3.498561440551384e-08,
    2.867022530494978e-08,
    2.255454845112581e-08,
    1.6298251637181238e-08,
    1.707954666585465e-08,
    2.004122556797938e-08,
    2.8986177014189707e-08,
    3.428441175401531e-08,
    3.001875370500784e-08,
    2.3452804143175854e-08,
    2.4161270317790695e-08,
    2.39039348315373e-08,
    2.2189510673342738e-08,
    2.2829034662663616e-08
  ],
  "variance_collapse": false,
  "k_report_idx": {
    "k1": 0,
    "k8": 7,
    "k15": 14
  },
  "spec": {
    "kind": "baseline",
    "baseline_key": [
      0.5,
      39,
      256,
      16
    ],
    "params": {
      "period_P": 256,
      "manifold_dim_D": 16,
      "continuity_center": 39,
      "fidelity_F": 0.97,
      "magnitude_M": 0.0,
      "locality_L": 0.5
    },
    "L_d_main": 1,
    "seed": 14,
    "perk": true,
    "label": "base_loc0.5_c39_P256_D16_s14",
    "out_file": "/mnt/c/Users/Jason/Desktop/Eridos/Weft 2/v2/results/phase1/pilot/_runs/base_loc0.5_c39_P256_D16_s14.json"
  }
}