{
  "label": "base_loc0.5_c19_P256_D16_s1",
  "L_d_main": 1,
  "seed": 1,
  "wall_clock_s": 185.23,
  "steps_trained": 10000,
  "final_interval_loss": -2922.901502,
  "nan_inf": false,
  "still_descending": false,
  "stability_flag": "stable",
  "diff_mu": 0.2982270121574402,
  "diff_sigma": 1.6998600926854124e-07,
  "diff_mu_aggregate": 0.2982270121574402,
  "diff_sigma_aggregate": 1.6998600926854124e-07,
  "diff_mu_per_k": [
    0.29922035336494446,
    0.3001796305179596,
    0.30227839946746826,
    0.2971626818180084,
    0.2969838082790375,
    0.29990047216415405,
    0.2948245704174042,
    0.29756513237953186,
    0.30107608437538147,
    0.3007730543613434,
    0.29952871799468994,
    0.2952638566493988,
    0.3007679581642151,
    0.29361191391944885,
    0.29878902435302734,
    0.2937062382698059
  ],
  "diff_sigma_per_k": [
    1.5753570892229618e-07,
    1.4803012504671642e-07,
    1.5649709439458093e-07,
    1.6747699760344403e-07,
    1.9616587110249384e-07,
    1.8841139137748542e-07,
    1.7451240807986323e-07,
    1.4723259766924457e-07,
    1.3967864731512236e-07,
    1.4326089115002105e-07,
    1.5021186072772252e-07,
    1.5129843689010158e-07,
    1.6485402909438562e-07,
    1.906158217934717e-07,
    2.1029194385846495e-07,
    2.3370239432551898e-07
  ],
  "variance_collapse": false,
  "k_report_idx": {
    "k1": 0,
    "k8": 7,
    "k15": 14
  },
  "spec": {
    "kind": "baseline",
    "baseline_key": [
      0.5,
      19,
      256,
      16
    ],
    "params": {
      "period_P": 256,
      "manifold_dim_D": 16,
      "continuity_center": 19,
      "fidelity_F": 0.97,
      "magnitude_M": 0.0,
      "locality_L": 0.5
    },
    "L_d_main": 1,
    "seed": 1,
    "perk": true,
    "label": "base_loc0.5_c19_P256_D16_s1",
    "out_file": "/mnt/c/Users/Jason/Desktop/Eridos/Weft 2/v2/results/phase1/pilot/_runs/base_loc0.5_c19_P256_D16_s1.json"
  }
}