{
  "label": "base_loc0.5_c19_P256_D16_s3",
  "L_d_main": 1,
  "seed": 3,
  "wall_clock_s": 182.93,
  "steps_trained": 10000,
  "final_interval_loss": -2698.77843,
  "nan_inf": false,
  "still_descending": false,
  "stability_flag": "stable",
  "diff_mu": 0.7646181583404541,
  "diff_sigma": 1.9654279981295986e-07,
  "diff_mu_aggregate": 0.7646181583404541,
  "diff_sigma_aggregate": 1.9654279981295986e-07,
  "diff_mu_per_k": [
    0.7613881826400757,
    0.7646380066871643,
    0.7575917840003967,
    0.7877711653709412,
    0.7611724138259888,
    0.7742975354194641,
    0.7583616375923157,
    0.7754262685775757,
    0.7808796167373657,
    0.7799127697944641,
    0.7653106451034546,
    0.7619088888168335,
    0.7682209014892578,
    0.745211660861969,
    0.7488055229187012,
    0.7429935932159424
  ],
  "diff_sigma_per_k": [
    1.4754024846297398e-07,
    1.836214664763247e-07,
    1.5852218382406136e-07,
    2.2281568590187817e-07,
    1.96330177004711e-07,
    2.1861599464045867e-07,
    2.2508872632442944e-07,
    1.923098835732162e-07,
    1.4938460424218647e-07,
    1.553321311575928e-07,
    1.332597747705222e-07,
    1.5932340602375916e-07,
    1.8599284601350519e-07,
    2.2449017933467985e-07,
    3.147744678244635e-07,
    2.7728307827601384e-07
  ],
  "variance_collapse": false,
  "k_report_idx": {
    "k1": 0,
    "k8": 7,
    "k15": 14
  },
  "spec": {
    "kind": "baseline",
    "baseline_key": [
      0.5,
      19,
      256,
      16
    ],
    "params": {
      "period_P": 256,
      "manifold_dim_D": 16,
      "continuity_center": 19,
      "fidelity_F": 0.97,
      "magnitude_M": 0.0,
      "locality_L": 0.5
    },
    "L_d_main": 1,
    "seed": 3,
    "perk": true,
    "label": "base_loc0.5_c19_P256_D16_s3",
    "out_file": "/mnt/c/Users/Jason/Desktop/Eridos/Weft 2/v2/results/phase1/pilot/_runs/base_loc0.5_c19_P256_D16_s3.json"
  }
}