{
  "label": "base_loc0.5_c39_P256_D16_s2",
  "L_d_main": 1,
  "seed": 2,
  "wall_clock_s": 185.46,
  "steps_trained": 10000,
  "final_interval_loss": -2902.298656,
  "nan_inf": false,
  "still_descending": true,
  "stability_flag": "stable",
  "diff_mu": 0.4297246038913727,
  "diff_sigma": 4.769336214849318e-07,
  "diff_mu_aggregate": 0.4297246038913727,
  "diff_sigma_aggregate": 4.769336214849318e-07,
  "diff_mu_per_k": [
    0.4237145185470581,
    0.41961991786956787,
    0.42604291439056396,
    0.4330894351005554,
    0.43911445140838623,
    0.42891550064086914,
    0.4231932461261749,
    0.42823526263237,
    0.4374864101409912,
    0.4287794530391693,
    0.4252442419528961,
    0.4359024167060852,
    0.4270382225513458,
    0.4351027011871338,
    0.43253570795059204,
    0.43157878518104553
  ],
  "diff_sigma_per_k": [
    4.066014298587106e-07,
    5.188484237805824e-07,
    5.408949164120713e-07,
    5.140447569829121e-07,
    4.821994252779405e-07,
    4.5297741735339514e-07,
    4.0820830804477737e-07,
    4.87736429022334e-07,
    6.268441552492732e-07,
    4.756305997943855e-07,
    4.4494879603007575e-07,
    4.5579099605674855e-07,
    3.8509494970639935e-07,
    4.0726453676143137e-07,
    5.23296648680116e-07,
    5.005557000004046e-07
  ],
  "variance_collapse": false,
  "k_report_idx": {
    "k1": 0,
    "k8": 7,
    "k15": 14
  },
  "spec": {
    "kind": "baseline",
    "baseline_key": [
      0.5,
      39,
      256,
      16
    ],
    "params": {
      "period_P": 256,
      "manifold_dim_D": 16,
      "continuity_center": 39,
      "fidelity_F": 0.97,
      "magnitude_M": 0.0,
      "locality_L": 0.5
    },
    "L_d_main": 1,
    "seed": 2,
    "perk": true,
    "label": "base_loc0.5_c39_P256_D16_s2",
    "out_file": "/mnt/c/Users/Jason/Desktop/Eridos/Weft 2/v2/results/phase1/pilot/_runs/base_loc0.5_c39_P256_D16_s2.json"
  }
}