{
  "label": "base_loc0.9_c472_P2048_D128_s0",
  "L_d_main": 1,
  "seed": 0,
  "wall_clock_s": 187.37,
  "steps_trained": 10000,
  "final_interval_loss": -2996.116424,
  "nan_inf": false,
  "still_descending": false,
  "stability_flag": "stable",
  "diff_mu": 4.858746615354903e-05,
  "diff_sigma": 4.4351491229610573e-11,
  "diff_mu_aggregate": 4.858746615354903e-05,
  "diff_sigma_aggregate": 4.4351491229610573e-11,
  "diff_mu_per_k": [
    4.984917904948816e-05,
    4.917221303912811e-05,
    4.7212732170009986e-05,
    4.828794772038236e-05,
    4.8830548621481284e-05,
    4.856959276366979e-05,
    5.039035022491589e-05,
    4.842068665311672e-05,
    4.8463771236129105e-05,
    4.7509820433333516e-05,
    4.893866571364924e-05,
    4.76086133858189e-05,
    4.94672276545316e-05,
    4.5977794798091054e-05,
    4.9306076107313856e-05,
    4.9394242523703724e-05
  ],
  "diff_sigma_per_k": [
    3.861702971286185e-11,
    3.3877924771053e-11,
    4.82843834359592e-11,
    4.184742830037891e-11,
    4.706450854041755e-11,
    4.8627074589191466e-11,
    4.1879746198736356e-11,
    4.369874948007002e-11,
    5.448128406748687e-11,
    5.224141605419952e-11,
    4.623460989061634e-11,
    4.577803761063315e-11,
    3.879912710558209e-11,
    4.6547092569237947e-11,
    3.826776048820868e-11,
    4.337767992024233e-11
  ],
  "variance_collapse": true,
  "k_report_idx": {
    "k1": 0,
    "k8": 7,
    "k15": 14
  },
  "spec": {
    "kind": "baseline",
    "baseline_key": [
      0.9,
      472,
      2048,
      128
    ],
    "params": {
      "period_P": 2048,
      "manifold_dim_D": 128,
      "continuity_center": 472,
      "fidelity_F": 0.97,
      "magnitude_M": 0.0,
      "locality_L": 0.9
    },
    "L_d_main": 1,
    "seed": 0,
    "perk": true,
    "label": "base_loc0.9_c472_P2048_D128_s0",
    "out_file": "/mnt/c/Users/Jason/Desktop/Eridos/Weft 2/v2/results/phase1/pilot/_runs/base_loc0.9_c472_P2048_D128_s0.json"
  }
}