{
  "label": "base_loc0.3_c3_P32_D4_s0",
  "L_d_main": 1,
  "seed": 0,
  "wall_clock_s": 187.67,
  "steps_trained": 10000,
  "final_interval_loss": -2664.26974,
  "nan_inf": false,
  "still_descending": true,
  "stability_flag": "stable",
  "diff_mu": 0.37232542037963867,
  "diff_sigma": 5.166601795281167e-07,
  "diff_mu_aggregate": 0.37232542037963867,
  "diff_sigma_aggregate": 5.166601795281167e-07,
  "diff_mu_per_k": [
    0.4110183119773865,
    0.401215523481369,
    0.41300004720687866,
    0.3682231605052948,
    0.36406123638153076,
    0.3466807007789612,
    0.33302727341651917,
    0.32910633087158203,
    0.3304072320461273,
    0.37885811924934387,
    0.38981935381889343,
    0.3790571391582489,
    0.3690846264362335,
    0.37244749069213867,
    0.3911365866661072,
    0.3800651431083679
  ],
  "diff_sigma_per_k": [
    3.3843966207314224e-07,
    4.848342882723955e-07,
    4.047038544285897e-07,
    5.332842079042166e-07,
    4.936736104355077e-07,
    4.818481897927995e-07,
    5.84740519116167e-07,
    5.925376171944663e-07,
    6.63287380575639e-07,
    5.06304729697149e-07,
    6.791704549868882e-07,
    5.816606289954507e-07,
    5.836469085807039e-07,
    4.535474147360219e-07,
    4.5860221575821924e-07,
    4.2628136043276754e-07
  ],
  "variance_collapse": false,
  "k_report_idx": {
    "k1": 0,
    "k8": 7,
    "k15": 14
  },
  "spec": {
    "kind": "baseline",
    "baseline_key": [
      0.3,
      3,
      32,
      4
    ],
    "params": {
      "period_P": 32,
      "manifold_dim_D": 4,
      "continuity_center": 3,
      "fidelity_F": 0.97,
      "magnitude_M": 0.0,
      "locality_L": 0.3
    },
    "L_d_main": 1,
    "seed": 0,
    "perk": true,
    "label": "base_loc0.3_c3_P32_D4_s0",
    "out_file": "/mnt/c/Users/Jason/Desktop/Eridos/Weft 2/v2/results/phase1/pilot/_runs/base_loc0.3_c3_P32_D4_s0.json"
  }
}