{
  "label": "base_loc0.5_c39_P256_D4_s15",
  "L_d_main": 1,
  "seed": 15,
  "wall_clock_s": 187.1,
  "steps_trained": 10000,
  "final_interval_loss": -2753.011541,
  "nan_inf": false,
  "still_descending": false,
  "stability_flag": "stable",
  "diff_mu": 0.13518014550209045,
  "diff_sigma": 8.708944676527608e-08,
  "diff_mu_aggregate": 0.13518014550209045,
  "diff_sigma_aggregate": 8.708944676527608e-08,
  "diff_mu_per_k": [
    0.09517978876829147,
    0.11802934110164642,
    0.139791339635849,
    0.17597514390945435,
    0.19747395813465118,
    0.16675080358982086,
    0.11124294996261597,
    0.0966777503490448,
    0.11133686453104019,
    0.11643149703741074,
    0.15363186597824097,
    0.201753169298172,
    0.14178389310836792,
    0.12044703960418701,
    0.10006504505872726,
    0.11631198972463608
  ],
  "diff_sigma_per_k": [
    7.422745795793162e-08,
    8.408822793626314e-08,
    9.510942078350126e-08,
    1.0075783052343468e-07,
    1.0119488536020071e-07,
    9.300794090449926e-08,
    7.990517048028778e-08,
    7.936845491940403e-08,
    9.010081214455568e-08,
    8.851279886812335e-08,
    9.42142435178539e-08,
    9.293149361155884e-08,
    9.362968711457142e-08,
    6.988656053863451e-08,
    7.628764109313124e-08,
    8.020847275247434e-08
  ],
  "variance_collapse": false,
  "k_report_idx": {
    "k1": 0,
    "k8": 7,
    "k15": 14
  },
  "spec": {
    "kind": "baseline",
    "baseline_key": [
      0.5,
      39,
      256,
      4
    ],
    "params": {
      "period_P": 256,
      "manifold_dim_D": 4,
      "continuity_center": 39,
      "fidelity_F": 0.97,
      "magnitude_M": 0.0,
      "locality_L": 0.5
    },
    "L_d_main": 1,
    "seed": 15,
    "perk": true,
    "label": "base_loc0.5_c39_P256_D4_s15",
    "out_file": "/mnt/c/Users/Jason/Desktop/Eridos/Weft 2/v2/results/phase1/pilot/_runs/base_loc0.5_c39_P256_D4_s15.json"
  }
}