{
  "label": "base_loc0.5_c39_P256_D16_s16",
  "L_d_main": 1,
  "seed": 16,
  "wall_clock_s": 184.01,
  "steps_trained": 10000,
  "final_interval_loss": -2921.438947,
  "nan_inf": false,
  "still_descending": true,
  "stability_flag": "stable",
  "diff_mu": 0.14967046678066254,
  "diff_sigma": 1.07314363617661e-07,
  "diff_mu_aggregate": 0.14967046678066254,
  "diff_sigma_aggregate": 1.07314363617661e-07,
  "diff_mu_per_k": [
    0.14623577892780304,
    0.14543290436267853,
    0.1511652171611786,
    0.14928239583969116,
    0.15567976236343384,
    0.15306998789310455,
    0.15265606343746185,
    0.151608407497406,
    0.14306527376174927,
    0.14449523389339447,
    0.14462688565254211,
    0.15154016017913818,
    0.15433356165885925,
    0.15247339010238647,
    0.14959803223609924,
    0.14946450293064117
  ],
  "diff_sigma_per_k": [
    9.791221344812584e-08,
    1.1299915314566533e-07,
    9.741376771899013e-08,
    1.1068568994687666e-07,
    1.1169741753747076e-07,
    1.1001615973782464e-07,
    9.626256058936633e-08,
    1.1329148463801175e-07,
    1.1187662352085681e-07,
    1.1107270836419048e-07,
    1.0226096947008045e-07,
    9.391372657319152e-08,
    1.0286375839996253e-07,
    1.1179254499893432e-07,
    1.1668633703720843e-07,
    1.1628464591240117e-07
  ],
  "variance_collapse": false,
  "k_report_idx": {
    "k1": 0,
    "k8": 7,
    "k15": 14
  },
  "spec": {
    "kind": "baseline",
    "baseline_key": [
      0.5,
      39,
      256,
      16
    ],
    "params": {
      "period_P": 256,
      "manifold_dim_D": 16,
      "continuity_center": 39,
      "fidelity_F": 0.97,
      "magnitude_M": 0.0,
      "locality_L": 0.5
    },
    "L_d_main": 1,
    "seed": 16,
    "perk": true,
    "label": "base_loc0.5_c39_P256_D16_s16",
    "out_file": "/mnt/c/Users/Jason/Desktop/Eridos/Weft 2/v2/results/phase1/pilot/_runs/base_loc0.5_c39_P256_D16_s16.json"
  }
}