{
  "label": "base_loc0.5_c39_P256_D4_s12",
  "L_d_main": 1,
  "seed": 12,
  "wall_clock_s": 185.55,
  "steps_trained": 10000,
  "final_interval_loss": -2806.958272,
  "nan_inf": false,
  "still_descending": true,
  "stability_flag": "stable",
  "diff_mu": 0.2531515955924988,
  "diff_sigma": 3.4490447831103666e-08,
  "diff_mu_aggregate": 0.2531515955924988,
  "diff_sigma_aggregate": 3.4490447831103666e-08,
  "diff_mu_per_k": [
    0.18123973906040192,
    0.4281792938709259,
    0.47398850321769714,
    0.30305877327919006,
    0.07961837202310562,
    0.05065467208623886,
    0.07322381436824799,
    0.319014310836792,
    0.5491407513618469,
    0.4418714940547943,
    0.22217409312725067,
    0.06212698668241501,
    0.04429945722222328,
    0.09360826015472412,
    0.2275693267583847,
    0.5006577372550964
  ],
  "diff_sigma_per_k": [
    2.4855909330767645e-08,
    3.717414642778749e-08,
    3.881446275499911e-08,
    4.65450504805176e-08,
    3.586486840845282e-08,
    4.0515878652058746e-08,
    2.5369425671328827e-08,
    3.023670913648857e-08,
    3.36257883759572e-08,
    3.818842131408928e-08,
    3.9640244864358465e-08,
    3.28170912666792e-08,
    3.1603583749983954e-08,
    2.7693166870790265e-08,
    3.1368980302204363e-08,
    3.7533460783834016e-08
  ],
  "variance_collapse": false,
  "k_report_idx": {
    "k1": 0,
    "k8": 7,
    "k15": 14
  },
  "spec": {
    "kind": "baseline",
    "baseline_key": [
      0.5,
      39,
      256,
      4
    ],
    "params": {
      "period_P": 256,
      "manifold_dim_D": 4,
      "continuity_center": 39,
      "fidelity_F": 0.97,
      "magnitude_M": 0.0,
      "locality_L": 0.5
    },
    "L_d_main": 1,
    "seed": 12,
    "perk": true,
    "label": "base_loc0.5_c39_P256_D4_s12",
    "out_file": "/mnt/c/Users/Jason/Desktop/Eridos/Weft 2/v2/results/phase1/pilot/_runs/base_loc0.5_c39_P256_D4_s12.json"
  }
}