{
  "label": "base_loc0.9_c472_P2048_D128_s17",
  "L_d_main": 1,
  "seed": 17,
  "wall_clock_s": 185.29,
  "steps_trained": 10000,
  "final_interval_loss": -3010.766994,
  "nan_inf": false,
  "still_descending": false,
  "stability_flag": "stable",
  "diff_mu": 3.9918730180943385e-05,
  "diff_sigma": 6.75837580343952e-11,
  "diff_mu_aggregate": 3.9918730180943385e-05,
  "diff_sigma_aggregate": 6.75837580343952e-11,
  "diff_mu_per_k": [
    3.8982430851319805e-05,
    4.0163580706575885e-05,
    3.9384543924825266e-05,
    3.963882409152575e-05,
    4.020294363726862e-05,
    4.0769165934761986e-05,
    3.9591330278199166e-05,
    3.9650887629250064e-05,
    3.986802767030895e-05,
    4.0894447010941803e-05,
    4.005189111921936e-05,
    4.0041592001216486e-05,
    4.003096910309978e-05,
    3.953064515371807e-05,
    3.962184928241186e-05,
    4.027662726002745e-05
  ],
  "diff_sigma_per_k": [
    6.646125316756013e-11,
    6.909868510707184e-11,
    6.161610111021787e-11,
    7.037426197342711e-11,
    6.217749926040739e-11,
    7.137738317064546e-11,
    7.555681080795296e-11,
    6.615656633623956e-11,
    6.616673181580879e-11,
    7.301817483984507e-11,
    6.648701728062534e-11,
    6.185747747355919e-11,
    6.449927397733646e-11,
    7.460174838991307e-11,
    6.50443865435335e-11,
    6.684670872392218e-11
  ],
  "variance_collapse": true,
  "k_report_idx": {
    "k1": 0,
    "k8": 7,
    "k15": 14
  },
  "spec": {
    "kind": "baseline",
    "baseline_key": [
      0.9,
      472,
      2048,
      128
    ],
    "params": {
      "period_P": 2048,
      "manifold_dim_D": 128,
      "continuity_center": 472,
      "fidelity_F": 0.97,
      "magnitude_M": 0.0,
      "locality_L": 0.9
    },
    "L_d_main": 1,
    "seed": 17,
    "perk": true,
    "label": "base_loc0.9_c472_P2048_D128_s17",
    "out_file": "/mnt/c/Users/Jason/Desktop/Eridos/Weft 2/v2/results/phase1/pilot/_runs/base_loc0.9_c472_P2048_D128_s17.json"
  }
}