{
  "label": "base_loc0.5_c39_P256_D4_s17",
  "L_d_main": 1,
  "seed": 17,
  "wall_clock_s": 184.73,
  "steps_trained": 10000,
  "final_interval_loss": -2763.4247,
  "nan_inf": false,
  "still_descending": true,
  "stability_flag": "stable",
  "diff_mu": 0.17561422288417816,
  "diff_sigma": 1.169710106552202e-08,
  "diff_mu_aggregate": 0.17561422288417816,
  "diff_sigma_aggregate": 1.169710106552202e-08,
  "diff_mu_per_k": [
    0.1495632380247116,
    0.10424674302339554,
    0.050627171993255615,
    0.3073083758354187,
    0.3462807834148407,
    0.32798072695732117,
    0.09182161092758179,
    0.12419763952493668,
    0.11815095692873001,
    0.06391054391860962,
    0.316086083650589,
    0.3146592676639557,
    0.15523548424243927,
    0.12100948393344879,
    0.12953859567642212,
    0.08921117335557938
  ],
  "diff_sigma_per_k": [
    2.9826445757663578e-09,
    1.3119639818981454e-09,
    1.1861827076131704e-09,
    2.9040347016007217e-08,
    2.373842455938302e-08,
    3.250322677672557e-08,
    1.7706791588523174e-09,
    2.053538228352636e-09,
    2.5237512080167335e-09,
    4.690086097269841e-09,
    2.4506228157861187e-08,
    3.816015237134707e-08,
    1.6428604254770107e-08,
    2.0711159454123163e-09,
    2.379727082058025e-09,
    1.806945038040908e-09
  ],
  "variance_collapse": false,
  "k_report_idx": {
    "k1": 0,
    "k8": 7,
    "k15": 14
  },
  "spec": {
    "kind": "baseline",
    "baseline_key": [
      0.5,
      39,
      256,
      4
    ],
    "params": {
      "period_P": 256,
      "manifold_dim_D": 4,
      "continuity_center": 39,
      "fidelity_F": 0.97,
      "magnitude_M": 0.0,
      "locality_L": 0.5
    },
    "L_d_main": 1,
    "seed": 17,
    "perk": true,
    "label": "base_loc0.5_c39_P256_D4_s17",
    "out_file": "/mnt/c/Users/Jason/Desktop/Eridos/Weft 2/v2/results/phase1/pilot/_runs/base_loc0.5_c39_P256_D4_s17.json"
  }
}