{
  "label": "base_loc0.5_c19_P256_D16_s14",
  "L_d_main": 1,
  "seed": 14,
  "wall_clock_s": 185.24,
  "steps_trained": 10000,
  "final_interval_loss": -2947.764237,
  "nan_inf": false,
  "still_descending": false,
  "stability_flag": "stable",
  "diff_mu": 0.11971236765384674,
  "diff_sigma": 3.389937575093427e-08,
  "diff_mu_aggregate": 0.11971236765384674,
  "diff_sigma_aggregate": 3.389937575093427e-08,
  "diff_mu_per_k": [
    0.11852280795574188,
    0.1190936341881752,
    0.12055695056915283,
    0.11967691779136658,
    0.11960746347904205,
    0.11903528869152069,
    0.12359760701656342,
    0.1178210973739624,
    0.11983281373977661,
    0.12042262405157089,
    0.11788424849510193,
    0.1200864389538765,
    0.11872933059930801,
    0.11922468990087509,
    0.11962582170963287,
    0.12168016284704208
  ],
  "diff_sigma_per_k": [
    2.6409118447645596e-08,
    3.158952566195694e-08,
    3.0996826438922653e-08,
    2.9414636060209887e-08,
    3.650457358617132e-08,
    3.8302744087559404e-08,
    4.27934310209821e-08,
    2.7558371584746055e-08,
    2.669190735105076e-08,
    2.7473339159200805e-08,
    2.6962815979914012e-08,
    2.4329089853836194e-08,
    3.5018040023260255e-08,
    3.9690597475328104e-08,
    4.791550267668754e-08,
    5.0739501489260874e-08
  ],
  "variance_collapse": false,
  "k_report_idx": {
    "k1": 0,
    "k8": 7,
    "k15": 14
  },
  "spec": {
    "kind": "baseline",
    "baseline_key": [
      0.5,
      19,
      256,
      16
    ],
    "params": {
      "period_P": 256,
      "manifold_dim_D": 16,
      "continuity_center": 19,
      "fidelity_F": 0.97,
      "magnitude_M": 0.0,
      "locality_L": 0.5
    },
    "L_d_main": 1,
    "seed": 14,
    "perk": true,
    "label": "base_loc0.5_c19_P256_D16_s14",
    "out_file": "/mnt/c/Users/Jason/Desktop/Eridos/Weft 2/v2/results/phase1/pilot/_runs/base_loc0.5_c19_P256_D16_s14.json"
  }
}