{
  "label": "base_loc0.5_c39_P256_D4_s11",
  "L_d_main": 1,
  "seed": 11,
  "wall_clock_s": 184.3,
  "steps_trained": 10000,
  "final_interval_loss": -2753.675825,
  "nan_inf": false,
  "still_descending": true,
  "stability_flag": "stable",
  "diff_mu": 0.592886745929718,
  "diff_sigma": 8.775319315645902e-08,
  "diff_mu_aggregate": 0.592886745929718,
  "diff_sigma_aggregate": 8.775319315645902e-08,
  "diff_mu_per_k": [
    0.5983350872993469,
    0.5195316672325134,
    0.5510464906692505,
    0.7103349566459656,
    0.8627351522445679,
    0.6376610398292542,
    0.5785129070281982,
    0.630365252494812,
    0.48807430267333984,
    0.5607947111129761,
    0.7243308424949646,
    0.7728800177574158,
    0.633701741695404,
    0.1827799379825592,
    0.5769504904747009,
    0.4581526219844818
  ],
  "diff_sigma_per_k": [
    8.536476769904766e-08,
    6.671157137816408e-08,
    6.811643515902688e-08,
    4.8003155228570904e-08,
    1.1748596051575078e-07,
    1.6044808148762968e-07,
    1.3737951576331398e-07,
    3.492399613946873e-08,
    7.117952094404245e-08,
    6.75633344826565e-08,
    4.864815750238449e-08,
    1.4614559518122405e-07,
    1.6908489897105028e-07,
    6.58167493838846e-08,
    4.683093735025068e-08,
    7.034846305487008e-08
  ],
  "variance_collapse": false,
  "k_report_idx": {
    "k1": 0,
    "k8": 7,
    "k15": 14
  },
  "spec": {
    "kind": "baseline",
    "baseline_key": [
      0.5,
      39,
      256,
      4
    ],
    "params": {
      "period_P": 256,
      "manifold_dim_D": 4,
      "continuity_center": 39,
      "fidelity_F": 0.97,
      "magnitude_M": 0.0,
      "locality_L": 0.5
    },
    "L_d_main": 1,
    "seed": 11,
    "perk": true,
    "label": "base_loc0.5_c39_P256_D4_s11",
    "out_file": "/mnt/c/Users/Jason/Desktop/Eridos/Weft 2/v2/results/phase1/pilot/_runs/base_loc0.5_c39_P256_D4_s11.json"
  }
}