{
  "label": "base_loc0.5_c39_P256_D16_s10",
  "L_d_main": 1,
  "seed": 10,
  "wall_clock_s": 187.28,
  "steps_trained": 10000,
  "final_interval_loss": -2901.545685,
  "nan_inf": false,
  "still_descending": false,
  "stability_flag": "stable",
  "diff_mu": 0.02938111312687397,
  "diff_sigma": 1.9320499689001736e-07,
  "diff_mu_aggregate": 0.02938111312687397,
  "diff_sigma_aggregate": 1.9320499689001736e-07,
  "diff_mu_per_k": [
    0.03135708346962929,
    0.03151432052254677,
    0.031758684664964676,
    0.029187271371483803,
    0.02744513936340809,
    0.027969326823949814,
    0.02733132243156433,
    0.02918385900557041,
    0.029848841950297356,
    0.029547281563282013,
    0.030932927504181862,
    0.0285328421741724,
    0.027857454493641853,
    0.02942347526550293,
    0.028149330988526344,
    0.030058640986680984
  ],
  "diff_sigma_per_k": [
    1.8194494089129876e-07,
    2.1476851941315545e-07,
    2.1814312844981032e-07,
    2.0067599848516693e-07,
    1.8539576274179126e-07,
    1.5833391842079436e-07,
    1.66997878636721e-07,
    1.9950742569108115e-07,
    1.770424091773748e-07,
    2.1033766017808375e-07,
    1.9505456805291033e-07,
    1.972416043827252e-07,
    1.8999759276994155e-07,
    1.9142071039368602e-07,
    1.8230839771149476e-07,
    2.2210943484424206e-07
  ],
  "variance_collapse": false,
  "k_report_idx": {
    "k1": 0,
    "k8": 7,
    "k15": 14
  },
  "spec": {
    "kind": "baseline",
    "baseline_key": [
      0.5,
      39,
      256,
      16
    ],
    "params": {
      "period_P": 256,
      "manifold_dim_D": 16,
      "continuity_center": 39,
      "fidelity_F": 0.97,
      "magnitude_M": 0.0,
      "locality_L": 0.5
    },
    "L_d_main": 1,
    "seed": 10,
    "perk": true,
    "label": "base_loc0.5_c39_P256_D16_s10",
    "out_file": "/mnt/c/Users/Jason/Desktop/Eridos/Weft 2/v2/results/phase1/pilot/_runs/base_loc0.5_c39_P256_D16_s10.json"
  }
}