{
  "label": "base_loc0.9_c472_P2048_D128_s15",
  "L_d_main": 1,
  "seed": 15,
  "wall_clock_s": 186.88,
  "steps_trained": 10000,
  "final_interval_loss": -3009.73194,
  "nan_inf": false,
  "still_descending": false,
  "stability_flag": "stable",
  "diff_mu": 2.8684826247626916e-05,
  "diff_sigma": 3.2140978767358774e-10,
  "diff_mu_aggregate": 2.8684826247626916e-05,
  "diff_sigma_aggregate": 3.2140978767358774e-10,
  "diff_mu_per_k": [
    2.894679710152559e-05,
    2.8878095690743066e-05,
    2.831796882674098e-05,
    2.8267621019040234e-05,
    2.834530641848687e-05,
    2.9506732971640304e-05,
    2.8499363907030784e-05,
    2.9038614229648374e-05,
    2.8192293029860593e-05,
    2.900831532315351e-05,
    2.8961479983991012e-05,
    2.875420977943577e-05,
    2.8522961656562984e-05,
    2.8074367946828716e-05,
    2.901105472119525e-05,
    2.8632024623220786e-05
  ],
  "diff_sigma_per_k": [
    3.7393527163587237e-10,
    3.1793168098204205e-10,
    3.8177694339225354e-10,
    3.0004632112223817e-10,
    3.1217040064035473e-10,
    3.341737164763714e-10,
    3.401221804200105e-10,
    2.9183977456881394e-10,
    3.067717746496612e-10,
    2.9143934487940726e-10,
    3.3217073536206954e-10,
    3.0865754396813827e-10,
    3.0594837774344796e-10,
    2.9506003196289043e-10,
    3.4521427383360503e-10,
    3.052979535844713e-10
  ],
  "variance_collapse": true,
  "k_report_idx": {
    "k1": 0,
    "k8": 7,
    "k15": 14
  },
  "spec": {
    "kind": "baseline",
    "baseline_key": [
      0.9,
      472,
      2048,
      128
    ],
    "params": {
      "period_P": 2048,
      "manifold_dim_D": 128,
      "continuity_center": 472,
      "fidelity_F": 0.97,
      "magnitude_M": 0.0,
      "locality_L": 0.9
    },
    "L_d_main": 1,
    "seed": 15,
    "perk": true,
    "label": "base_loc0.9_c472_P2048_D128_s15",
    "out_file": "/mnt/c/Users/Jason/Desktop/Eridos/Weft 2/v2/results/phase1/pilot/_runs/base_loc0.9_c472_P2048_D128_s15.json"
  }
}