{
  "label": "base_loc0.5_c39_P256_D16_s7",
  "L_d_main": 1,
  "seed": 7,
  "wall_clock_s": 185.51,
  "steps_trained": 10000,
  "final_interval_loss": -2918.791206,
  "nan_inf": false,
  "still_descending": false,
  "stability_flag": "stable",
  "diff_mu": 0.20231133699417114,
  "diff_sigma": 5.831219596075243e-07,
  "diff_mu_aggregate": 0.20231133699417114,
  "diff_sigma_aggregate": 5.831219596075243e-07,
  "diff_mu_per_k": [
    0.19976776838302612,
    0.20191839337348938,
    0.20223380625247955,
    0.20288078486919403,
    0.20244939625263214,
    0.2032555341720581,
    0.20246219635009766,
    0.20136772096157074,
    0.2018885314464569,
    0.2019556611776352,
    0.20249482989311218,
    0.20332908630371094,
    0.20214679837226868,
    0.20408999919891357,
    0.20167608559131622,
    0.2030646950006485
  ],
  "diff_sigma_per_k": [
    6.034842954250053e-07,
    6.047895340088871e-07,
    5.872642532267491e-07,
    6.340384857139725e-07,
    5.291848879096506e-07,
    5.020894491281069e-07,
    5.337624884305114e-07,
    6.338200932987093e-07,
    6.884924346195476e-07,
    6.08536481649935e-07,
    5.503709417098435e-07,
    5.143814405528246e-07,
    5.518854777619708e-07,
    5.63457319913141e-07,
    6.25966208644968e-07,
    5.984274480397289e-07
  ],
  "variance_collapse": false,
  "k_report_idx": {
    "k1": 0,
    "k8": 7,
    "k15": 14
  },
  "spec": {
    "kind": "baseline",
    "baseline_key": [
      0.5,
      39,
      256,
      16
    ],
    "params": {
      "period_P": 256,
      "manifold_dim_D": 16,
      "continuity_center": 39,
      "fidelity_F": 0.97,
      "magnitude_M": 0.0,
      "locality_L": 0.5
    },
    "L_d_main": 1,
    "seed": 7,
    "perk": true,
    "label": "base_loc0.5_c39_P256_D16_s7",
    "out_file": "/mnt/c/Users/Jason/Desktop/Eridos/Weft 2/v2/results/phase1/pilot/_runs/base_loc0.5_c39_P256_D16_s7.json"
  }
}