{
  "label": "base_loc0.5_c19_P256_D16_s12",
  "L_d_main": 1,
  "seed": 12,
  "wall_clock_s": 183.77,
  "steps_trained": 10000,
  "final_interval_loss": -2951.228981,
  "nan_inf": false,
  "still_descending": false,
  "stability_flag": "stable",
  "diff_mu": 0.22199590504169464,
  "diff_sigma": 1.313642741251897e-07,
  "diff_mu_aggregate": 0.22199590504169464,
  "diff_sigma_aggregate": 1.313642741251897e-07,
  "diff_mu_per_k": [
    0.22503940761089325,
    0.2192530333995819,
    0.22428490221500397,
    0.22302289307117462,
    0.22251592576503754,
    0.2193579226732254,
    0.22177571058273315,
    0.22296550869941711,
    0.22423432767391205,
    0.2229837030172348,
    0.2269251048564911,
    0.2242252230644226,
    0.22117643058300018,
    0.21725696325302124,
    0.21993812918663025,
    0.2169794738292694
  ],
  "diff_sigma_per_k": [
    1.0170380448926153e-07,
    1.2443940988760005e-07,
    1.1857132875547904e-07,
    1.374636724449374e-07,
    1.4187295960255142e-07,
    1.2884963496162527e-07,
    1.407702399092159e-07,
    1.2289022777167702e-07,
    1.1135675492823793e-07,
    1.0512975023857507e-07,
    9.535324352327734e-08,
    1.0687742957316004e-07,
    1.3749243521488097e-07,
    1.4158737826619472e-07,
    1.7543599994951364e-07,
    2.1203410938142042e-07
  ],
  "variance_collapse": false,
  "k_report_idx": {
    "k1": 0,
    "k8": 7,
    "k15": 14
  },
  "spec": {
    "kind": "baseline",
    "baseline_key": [
      0.5,
      19,
      256,
      16
    ],
    "params": {
      "period_P": 256,
      "manifold_dim_D": 16,
      "continuity_center": 19,
      "fidelity_F": 0.97,
      "magnitude_M": 0.0,
      "locality_L": 0.5
    },
    "L_d_main": 1,
    "seed": 12,
    "perk": true,
    "label": "base_loc0.5_c19_P256_D16_s12",
    "out_file": "/mnt/c/Users/Jason/Desktop/Eridos/Weft 2/v2/results/phase1/pilot/_runs/base_loc0.5_c19_P256_D16_s12.json"
  }
}