{
  "label": "cell_mag0.9_mid_s1",
  "L_d_main": 1,
  "seed": 1,
  "wall_clock_s": 185.39,
  "steps_trained": 10000,
  "final_interval_loss": -2899.486611,
  "nan_inf": false,
  "still_descending": false,
  "stability_flag": "stable",
  "diff_mu": 0.14321038126945496,
  "diff_sigma": 3.020685710453108e-07,
  "diff_mu_aggregate": 0.14321038126945496,
  "diff_sigma_aggregate": 3.020685710453108e-07,
  "diff_mu_per_k": [
    0.13983939588069916,
    0.14023049175739288,
    0.14668023586273193,
    0.1468801349401474,
    0.1457136571407318,
    0.14248840510845184,
    0.14001215994358063,
    0.13728415966033936,
    0.14456628262996674,
    0.14470908045768738,
    0.14063122868537903,
    0.14059320092201233,
    0.14584863185882568,
    0.14712487161159515,
    0.14442041516304016,
    0.14434348046779633
  ],
  "diff_sigma_per_k": [
    2.7085232545687177e-07,
    3.0860661581755267e-07,
    3.5709859957933077e-07,
    3.2912734582168923e-07,
    2.7437849325906427e-07,
    3.023202168606076e-07,
    2.837551278389583e-07,
    2.6373689365755126e-07,
    3.12365415311433e-07,
    3.294703958545142e-07,
    3.4259372228007123e-07,
    2.6658710794436047e-07,
    2.707841986193671e-07,
    3.0567198905373516e-07,
    3.0579704457522894e-07,
    3.0995138899925223e-07
  ],
  "variance_collapse": false,
  "k_report_idx": {
    "k1": 0,
    "k8": 7,
    "k15": 14
  },
  "spec": {
    "kind": "cell",
    "tag": "mag0.9_mid",
    "cross": "mid",
    "magnitude": 0.9,
    "baseline_key": [
      0.5,
      39,
      256,
      16
    ],
    "params": {
      "period_P": 256,
      "manifold_dim_D": 16,
      "continuity_center": 39,
      "fidelity_F": 0.97,
      "magnitude_M": 0.9,
      "locality_L": 0.5
    },
    "L_d_main": 1,
    "seed": 1,
    "perk": true,
    "label": "cell_mag0.9_mid_s1",
    "out_file": "/mnt/c/Users/Jason/Desktop/Eridos/Weft 2/v2/results/phase1/pilot/_runs/cell_mag0.9_mid_s1.json"
  }
}