{
  "label": "cell_mag0.3_mid_s7",
  "L_d_main": 1,
  "seed": 7,
  "wall_clock_s": 189.41,
  "steps_trained": 10000,
  "final_interval_loss": -2882.882292,
  "nan_inf": false,
  "still_descending": false,
  "stability_flag": "stable",
  "diff_mu": 0.057163964956998825,
  "diff_sigma": 4.69029117766695e-08,
  "diff_mu_aggregate": 0.057163964956998825,
  "diff_sigma_aggregate": 4.69029117766695e-08,
  "diff_mu_per_k": [
    0.0596885122358799,
    0.05634173005819321,
    0.057173531502485275,
    0.05702759698033333,
    0.0555572435259819,
    0.05567404255270958,
    0.05554761365056038,
    0.057830531150102615,
    0.05932912975549698,
    0.05902111157774925,
    0.05741771310567856,
    0.05681663379073143,
    0.05466792359948158,
    0.05844765901565552,
    0.05882468447089195,
    0.05525775998830795
  ],
  "diff_sigma_per_k": [
    5.3072596983838594e-08,
    5.5265445553231984e-08,
    4.640735440375465e-08,
    4.717341539617337e-08,
    3.8955384695782413e-08,
    4.532161312909011e-08,
    3.787292968127076e-08,
    4.714174295372686e-08,
    5.733021879450462e-08,
    5.0299931331210246e-08,
    4.083262794551956e-08,
    4.786526019984194e-08,
    4.0848021853889804e-08,
    4.142226472936272e-08,
    5.291045468425182e-08,
    4.772730477498044e-08
  ],
  "variance_collapse": false,
  "k_report_idx": {
    "k1": 0,
    "k8": 7,
    "k15": 14
  },
  "spec": {
    "kind": "cell",
    "tag": "mag0.3_mid",
    "cross": "mid",
    "magnitude": 0.3,
    "baseline_key": [
      0.5,
      39,
      256,
      16
    ],
    "params": {
      "period_P": 256,
      "manifold_dim_D": 16,
      "continuity_center": 39,
      "fidelity_F": 0.97,
      "magnitude_M": 0.3,
      "locality_L": 0.5
    },
    "L_d_main": 1,
    "seed": 7,
    "perk": true,
    "label": "cell_mag0.3_mid_s7",
    "out_file": "/mnt/c/Users/Jason/Desktop/Eridos/Weft 2/v2/results/phase1/pilot/_runs/cell_mag0.3_mid_s7.json"
  }
}