{
  "label": "cell_mag0.3_low_s3",
  "L_d_main": 1,
  "seed": 3,
  "wall_clock_s": 195.38,
  "steps_trained": 10000,
  "final_interval_loss": -2562.909582,
  "nan_inf": false,
  "still_descending": true,
  "stability_flag": "stable",
  "diff_mu": 0.5554250478744507,
  "diff_sigma": 7.825451007192896e-07,
  "diff_mu_aggregate": 0.5554250478744507,
  "diff_sigma_aggregate": 7.825451007192896e-07,
  "diff_mu_per_k": [
    0.5347131490707397,
    0.5551065802574158,
    0.5733042359352112,
    0.581476628780365,
    0.5423626899719238,
    0.5130436420440674,
    0.4567139744758606,
    0.45529794692993164,
    0.5120629668235779,
    0.5795798301696777,
    0.6306301951408386,
    0.6356666684150696,
    0.6169400215148926,
    0.5958029627799988,
    0.5650085210800171,
    0.5390901565551758
  ],
  "diff_sigma_per_k": [
    5.912247615924571e-07,
    5.18510830715968e-07,
    4.5230677869767533e-07,
    4.676997775732161e-07,
    6.012413678035955e-07,
    9.054426186594355e-07,
    1.0084221457873355e-06,
    1.2314783361944137e-06,
    1.0354647201893385e-06,
    7.350813575612847e-07,
    5.88154591696366e-07,
    6.340788445413637e-07,
    7.10845824869466e-07,
    8.843489922583103e-07,
    9.914604106597835e-07,
    1.1649603948171716e-06
  ],
  "variance_collapse": false,
  "k_report_idx": {
    "k1": 0,
    "k8": 7,
    "k15": 14
  },
  "spec": {
    "kind": "cell",
    "tag": "mag0.3_low",
    "cross": "low",
    "magnitude": 0.3,
    "baseline_key": [
      0.3,
      3,
      32,
      4
    ],
    "params": {
      "period_P": 32,
      "manifold_dim_D": 4,
      "continuity_center": 3,
      "fidelity_F": 0.97,
      "magnitude_M": 0.3,
      "locality_L": 0.3
    },
    "L_d_main": 1,
    "seed": 3,
    "perk": true,
    "label": "cell_mag0.3_low_s3",
    "out_file": "/mnt/c/Users/Jason/Desktop/Eridos/Weft 2/v2/results/phase1/pilot/_runs/cell_mag0.3_low_s3.json"
  }
}