{
  "label": "cell_mag0.1_low_s8",
  "L_d_main": 1,
  "seed": 8,
  "wall_clock_s": 197.52,
  "steps_trained": 10000,
  "final_interval_loss": -2729.356435,
  "nan_inf": false,
  "still_descending": true,
  "stability_flag": "stable",
  "diff_mu": 0.13466672599315643,
  "diff_sigma": 4.843961960432352e-07,
  "diff_mu_aggregate": 0.13466672599315643,
  "diff_sigma_aggregate": 4.843961960432352e-07,
  "diff_mu_per_k": [
    0.12169070541858673,
    0.1326313614845276,
    0.14413340389728546,
    0.14749126136302948,
    0.14292405545711517,
    0.14352938532829285,
    0.14903351664543152,
    0.14224056899547577,
    0.1339098960161209,
    0.11646406352519989,
    0.12211284786462784,
    0.11931385099887848,
    0.12571066617965698,
    0.13066314160823822,
    0.14065755903720856,
    0.14216026663780212
  ],
  "diff_sigma_per_k": [
    3.238035048980237e-07,
    3.768656711145013e-07,
    4.3827711238009215e-07,
    4.6923369723117503e-07,
    4.3608977762232826e-07,
    4.367185795217665e-07,
    4.3502691937646887e-07,
    4.315440662594483e-07,
    5.100583848616225e-07,
    5.303809871293197e-07,
    4.931210355607618e-07,
    5.855306994817511e-07,
    5.486743361871049e-07,
    5.640832796416362e-07,
    5.348200033949979e-07,
    6.361107693919621e-07
  ],
  "variance_collapse": false,
  "k_report_idx": {
    "k1": 0,
    "k8": 7,
    "k15": 14
  },
  "spec": {
    "kind": "cell",
    "tag": "mag0.1_low",
    "cross": "low",
    "magnitude": 0.1,
    "baseline_key": [
      0.3,
      3,
      32,
      4
    ],
    "params": {
      "period_P": 32,
      "manifold_dim_D": 4,
      "continuity_center": 3,
      "fidelity_F": 0.97,
      "magnitude_M": 0.1,
      "locality_L": 0.3
    },
    "L_d_main": 1,
    "seed": 8,
    "perk": true,
    "label": "cell_mag0.1_low_s8",
    "out_file": "/mnt/c/Users/Jason/Desktop/Eridos/Weft 2/v2/results/phase1/pilot/_runs/cell_mag0.1_low_s8.json"
  }
}