{
  "label": "cell_contLow_mid_s2",
  "L_d_main": 1,
  "seed": 2,
  "wall_clock_s": 207.0,
  "steps_trained": 10000,
  "final_interval_loss": -2919.117095,
  "nan_inf": false,
  "still_descending": true,
  "stability_flag": "stable",
  "diff_mu": 0.15594036877155304,
  "diff_sigma": 5.8305261063651415e-08,
  "diff_mu_aggregate": 0.15594036877155304,
  "diff_sigma_aggregate": 5.8305261063651415e-08,
  "diff_mu_per_k": [
    0.15966379642486572,
    0.14654594659805298,
    0.15461866557598114,
    0.15803508460521698,
    0.1597304344177246,
    0.15900328755378723,
    0.16083858907222748,
    0.16136984527111053,
    0.1599433422088623,
    0.16344508528709412,
    0.16179704666137695,
    0.15640303492546082,
    0.15237344801425934,
    0.14753246307373047,
    0.14496175944805145,
    0.1487840861082077
  ],
  "diff_sigma_per_k": [
    4.887142068810135e-08,
    4.7361201183093726e-08,
    5.676927727904513e-08,
    6.069966218547052e-08,
    6.296531296356989e-08,
    6.813652930759417e-08,
    6.032415456047602e-08,
    4.416549970187589e-08,
    5.512420742093127e-08,
    4.2702367863967083e-08,
    4.55002933108517e-08,
    5.022347693284246e-08,
    5.23184979783764e-08,
    6.330137125587498e-08,
    7.758671927149408e-08,
    9.683417800943062e-08
  ],
  "variance_collapse": false,
  "k_report_idx": {
    "k1": 0,
    "k8": 7,
    "k15": 14
  },
  "spec": {
    "kind": "cell",
    "tag": "contLow_mid",
    "cross": "mid",
    "magnitude": 0.3,
    "baseline_key": [
      0.5,
      19,
      256,
      16
    ],
    "params": {
      "period_P": 256,
      "manifold_dim_D": 16,
      "continuity_center": 19,
      "fidelity_F": 0.97,
      "magnitude_M": 0.3,
      "locality_L": 0.5
    },
    "L_d_main": 1,
    "seed": 2,
    "perk": true,
    "label": "cell_contLow_mid_s2",
    "out_file": "/mnt/c/Users/Jason/Desktop/Eridos/Weft 2/v2/results/phase1/pilot/_runs/cell_contLow_mid_s2.json"
  }
}