{
  "label": "cell_contLow_mid_s4",
  "L_d_main": 1,
  "seed": 4,
  "wall_clock_s": 205.68,
  "steps_trained": 10000,
  "final_interval_loss": -2952.690358,
  "nan_inf": false,
  "still_descending": false,
  "stability_flag": "stable",
  "diff_mu": 0.36925140023231506,
  "diff_sigma": 1.9735065848180966e-07,
  "diff_mu_aggregate": 0.36925140023231506,
  "diff_sigma_aggregate": 1.9735065848180966e-07,
  "diff_mu_per_k": [
    0.3587251305580139,
    0.354536771774292,
    0.3736511170864105,
    0.36736583709716797,
    0.36952540278434753,
    0.36990809440612793,
    0.3725528120994568,
    0.36049285531044006,
    0.3751116991043091,
    0.3681158423423767,
    0.3691887855529785,
    0.3709565997123718,
    0.3766098618507385,
    0.3760746121406555,
    0.37362441420555115,
    0.3715820610523224
  ],
  "diff_sigma_per_k": [
    1.6328318963587662e-07,
    1.2625675083199894e-07,
    1.5979473744209827e-07,
    1.9587916710861464e-07,
    1.8487354225271702e-07,
    2.2753657447083242e-07,
    1.8487553177237714e-07,
    1.7822137010625738e-07,
    1.864234349113758e-07,
    1.521759571687653e-07,
    1.6399701507907594e-07,
    1.522582238067116e-07,
    2.1443293007905595e-07,
    2.4869274284355924e-07,
    2.876485041269916e-07,
    3.3126087828350137e-07
  ],
  "variance_collapse": false,
  "k_report_idx": {
    "k1": 0,
    "k8": 7,
    "k15": 14
  },
  "spec": {
    "kind": "cell",
    "tag": "contLow_mid",
    "cross": "mid",
    "magnitude": 0.3,
    "baseline_key": [
      0.5,
      19,
      256,
      16
    ],
    "params": {
      "period_P": 256,
      "manifold_dim_D": 16,
      "continuity_center": 19,
      "fidelity_F": 0.97,
      "magnitude_M": 0.3,
      "locality_L": 0.5
    },
    "L_d_main": 1,
    "seed": 4,
    "perk": true,
    "label": "cell_contLow_mid_s4",
    "out_file": "/mnt/c/Users/Jason/Desktop/Eridos/Weft 2/v2/results/phase1/pilot/_runs/cell_contLow_mid_s4.json"
  }
}