{
  "label": "cell_mag0.7_mid_s0",
  "L_d_main": 1,
  "seed": 0,
  "wall_clock_s": 186.52,
  "steps_trained": 10000,
  "final_interval_loss": -2887.737902,
  "nan_inf": false,
  "still_descending": true,
  "stability_flag": "stable",
  "diff_mu": 0.1161552220582962,
  "diff_sigma": 5.036106927036599e-07,
  "diff_mu_aggregate": 0.1161552220582962,
  "diff_sigma_aggregate": 5.036106927036599e-07,
  "diff_mu_per_k": [
    0.11573675274848938,
    0.11579298973083496,
    0.11654287576675415,
    0.11591240018606186,
    0.11572350561618805,
    0.11519458889961243,
    0.11595404148101807,
    0.11587251722812653,
    0.11577249318361282,
    0.11782295256853104,
    0.1171630471944809,
    0.11509383469820023,
    0.1147097647190094,
    0.11706671118736267,
    0.11680859327316284,
    0.11731641739606857
  ],
  "diff_sigma_per_k": [
    4.815498186871991e-07,
    5.360876684790128e-07,
    5.344199394130555e-07,
    5.417049351308378e-07,
    4.6044797841204854e-07,
    4.3767704482888803e-07,
    5.119952106724668e-07,
    5.603018280453398e-07,
    4.977578669240756e-07,
    5.779721163889917e-07,
    4.92738308821572e-07,
    4.51402343060181e-07,
    4.5643946577911265e-07,
    4.479625204112381e-07,
    5.488628289640474e-07,
    5.204507260714308e-07
  ],
  "variance_collapse": false,
  "k_report_idx": {
    "k1": 0,
    "k8": 7,
    "k15": 14
  },
  "spec": {
    "kind": "cell",
    "tag": "mag0.7_mid",
    "cross": "mid",
    "magnitude": 0.7,
    "baseline_key": [
      0.5,
      39,
      256,
      16
    ],
    "params": {
      "period_P": 256,
      "manifold_dim_D": 16,
      "continuity_center": 39,
      "fidelity_F": 0.97,
      "magnitude_M": 0.7,
      "locality_L": 0.5
    },
    "L_d_main": 1,
    "seed": 0,
    "perk": true,
    "label": "cell_mag0.7_mid_s0",
    "out_file": "/mnt/c/Users/Jason/Desktop/Eridos/Weft 2/v2/results/phase1/pilot/_runs/cell_mag0.7_mid_s0.json"
  }
}