{
  "label": "cell_mag0.1_high_s9",
  "L_d_main": 1,
  "seed": 9,
  "wall_clock_s": 193.48,
  "steps_trained": 10000,
  "final_interval_loss": -3008.294647,
  "nan_inf": false,
  "still_descending": false,
  "stability_flag": "stable",
  "diff_mu": 2.1549967641476542e-05,
  "diff_sigma": 2.0846796511264643e-11,
  "diff_mu_aggregate": 2.1549967641476542e-05,
  "diff_sigma_aggregate": 2.0846796511264643e-11,
  "diff_mu_per_k": [
    2.313873301318381e-05,
    2.0829545974265784e-05,
    2.136895818694029e-05,
    2.1199684852035716e-05,
    2.0905714336549863e-05,
    2.145438156730961e-05,
    2.1211606508586556e-05,
    2.201319693995174e-05,
    2.135114664270077e-05,
    2.2176314814714715e-05,
    2.213108200521674e-05,
    2.2288104446488433e-05,
    2.077062708849553e-05,
    2.1018326151533984e-05,
    2.1086112610646524e-05,
    2.185597622883506e-05
  ],
  "diff_sigma_per_k": [
    2.1547463466276007e-11,
    2.2494811569018225e-11,
    1.899931253990239e-11,
    1.868053281506299e-11,
    2.3831889586767296e-11,
    1.9773887388607747e-11,
    2.219102158973474e-11,
    1.8076434446512302e-11,
    2.282893145355569e-11,
    1.960736781270178e-11,
    2.1483046244719084e-11,
    1.7169201824152047e-11,
    1.927626461228904e-11,
    2.0862183508496557e-11,
    2.3754161831979204e-11,
    2.297225604186437e-11
  ],
  "variance_collapse": true,
  "k_report_idx": {
    "k1": 0,
    "k8": 7,
    "k15": 14
  },
  "spec": {
    "kind": "cell",
    "tag": "mag0.1_high",
    "cross": "high",
    "magnitude": 0.1,
    "baseline_key": [
      0.9,
      472,
      2048,
      128
    ],
    "params": {
      "period_P": 2048,
      "manifold_dim_D": 128,
      "continuity_center": 472,
      "fidelity_F": 0.97,
      "magnitude_M": 0.1,
      "locality_L": 0.9
    },
    "L_d_main": 1,
    "seed": 9,
    "perk": true,
    "label": "cell_mag0.1_high_s9",
    "out_file": "/mnt/c/Users/Jason/Desktop/Eridos/Weft 2/v2/results/phase1/pilot/_runs/cell_mag0.1_high_s9.json"
  }
}