{
  "label": "cell_mag0.3_mid_s8",
  "L_d_main": 1,
  "seed": 8,
  "wall_clock_s": 190.22,
  "steps_trained": 10000,
  "final_interval_loss": -2911.023812,
  "nan_inf": false,
  "still_descending": true,
  "stability_flag": "stable",
  "diff_mu": 0.18551398813724518,
  "diff_sigma": 1.199977361920901e-07,
  "diff_mu_aggregate": 0.18551398813724518,
  "diff_sigma_aggregate": 1.199977361920901e-07,
  "diff_mu_per_k": [
    0.18538188934326172,
    0.18539243936538696,
    0.1867024004459381,
    0.18617236614227295,
    0.17869509756565094,
    0.1795598268508911,
    0.18461686372756958,
    0.18933366239070892,
    0.19945986568927765,
    0.18522311747074127,
    0.18134181201457977,
    0.18160729110240936,
    0.1799134612083435,
    0.1855005919933319,
    0.18991824984550476,
    0.18940486013889313
  ],
  "diff_sigma_per_k": [
    1.1373596464636648e-07,
    1.2052689157826535e-07,
    1.1581435188645628e-07,
    1.2007943439584778e-07,
    1.1380139852690263e-07,
    1.3311279190020286e-07,
    1.1228014074049497e-07,
    1.213269342770218e-07,
    1.337459565320387e-07,
    1.1695038182324424e-07,
    1.0899948676978966e-07,
    1.0914216375113028e-07,
    1.1407529854068343e-07,
    1.228701052014003e-07,
    1.3507340668184042e-07,
    1.2842905050547415e-07
  ],
  "variance_collapse": false,
  "k_report_idx": {
    "k1": 0,
    "k8": 7,
    "k15": 14
  },
  "spec": {
    "kind": "cell",
    "tag": "mag0.3_mid",
    "cross": "mid",
    "magnitude": 0.3,
    "baseline_key": [
      0.5,
      39,
      256,
      16
    ],
    "params": {
      "period_P": 256,
      "manifold_dim_D": 16,
      "continuity_center": 39,
      "fidelity_F": 0.97,
      "magnitude_M": 0.3,
      "locality_L": 0.5
    },
    "L_d_main": 1,
    "seed": 8,
    "perk": true,
    "label": "cell_mag0.3_mid_s8",
    "out_file": "/mnt/c/Users/Jason/Desktop/Eridos/Weft 2/v2/results/phase1/pilot/_runs/cell_mag0.3_mid_s8.json"
  }
}