{
  "label": "cell_mag0.9_mid_s3",
  "L_d_main": 1,
  "seed": 3,
  "wall_clock_s": 189.09,
  "steps_trained": 10000,
  "final_interval_loss": -2859.751882,
  "nan_inf": false,
  "still_descending": true,
  "stability_flag": "stable",
  "diff_mu": 0.043768249452114105,
  "diff_sigma": 1.401524514221819e-07,
  "diff_mu_aggregate": 0.043768249452114105,
  "diff_sigma_aggregate": 1.401524514221819e-07,
  "diff_mu_per_k": [
    0.04369090124964714,
    0.04299730062484741,
    0.04389048367738724,
    0.04327291250228882,
    0.044210657477378845,
    0.043028682470321655,
    0.04357855021953583,
    0.04464979097247124,
    0.04262638837099075,
    0.04249065741896629,
    0.04328684136271477,
    0.04367627575993538,
    0.04543454572558403,
    0.043599311262369156,
    0.04490694776177406,
    0.04495177045464516
  ],
  "diff_sigma_per_k": [
    1.2687448247561406e-07,
    1.5546736165106267e-07,
    1.4765109312975255e-07,
    1.560133000566566e-07,
    1.3161239564851712e-07,
    1.2870395948993973e-07,
    1.3496922690592328e-07,
    1.4485799226804374e-07,
    1.484218898895051e-07,
    1.4503933698506444e-07,
    1.1487833262435743e-07,
    1.2870310683865682e-07,
    1.2694280826508475e-07,
    1.330975862856576e-07,
    1.59766358365232e-07,
    1.5944003450840682e-07
  ],
  "variance_collapse": false,
  "k_report_idx": {
    "k1": 0,
    "k8": 7,
    "k15": 14
  },
  "spec": {
    "kind": "cell",
    "tag": "mag0.9_mid",
    "cross": "mid",
    "magnitude": 0.9,
    "baseline_key": [
      0.5,
      39,
      256,
      16
    ],
    "params": {
      "period_P": 256,
      "manifold_dim_D": 16,
      "continuity_center": 39,
      "fidelity_F": 0.97,
      "magnitude_M": 0.9,
      "locality_L": 0.5
    },
    "L_d_main": 1,
    "seed": 3,
    "perk": true,
    "label": "cell_mag0.9_mid_s3",
    "out_file": "/mnt/c/Users/Jason/Desktop/Eridos/Weft 2/v2/results/phase1/pilot/_runs/cell_mag0.9_mid_s3.json"
  }
}