{
  "label": "cell_mag0.3_mid_s6",
  "L_d_main": 1,
  "seed": 6,
  "wall_clock_s": 188.53,
  "steps_trained": 10000,
  "final_interval_loss": -2913.219275,
  "nan_inf": false,
  "still_descending": true,
  "stability_flag": "stable",
  "diff_mu": 0.040676865726709366,
  "diff_sigma": 4.139482001619399e-08,
  "diff_mu_aggregate": 0.040676865726709366,
  "diff_sigma_aggregate": 4.139482001619399e-08,
  "diff_mu_per_k": [
    0.040898386389017105,
    0.03987904638051987,
    0.04060612991452217,
    0.039914388209581375,
    0.04090901091694832,
    0.04064284265041351,
    0.040220584720373154,
    0.04075945168733597,
    0.041180241852998734,
    0.041024092584848404,
    0.04087093845009804,
    0.04100184142589569,
    0.04102715104818344,
    0.04035741090774536,
    0.040758099406957626,
    0.04078022390604019
  ],
  "diff_sigma_per_k": [
    3.8655556977573724e-08,
    4.577205814371155e-08,
    4.82193236450712e-08,
    4.122794550198705e-08,
    4.0893244346307256e-08,
    3.351516042471303e-08,
    4.45496688428193e-08,
    4.158855659852634e-08,
    3.555855343506664e-08,
    4.169351797145282e-08,
    3.977729789994555e-08,
    4.327152680616564e-08,
    4.1778477566367656e-08,
    3.603260978479739e-08,
    4.4017944844654266e-08,
    4.576567391723074e-08
  ],
  "variance_collapse": false,
  "k_report_idx": {
    "k1": 0,
    "k8": 7,
    "k15": 14
  },
  "spec": {
    "kind": "cell",
    "tag": "mag0.3_mid",
    "cross": "mid",
    "magnitude": 0.3,
    "baseline_key": [
      0.5,
      39,
      256,
      16
    ],
    "params": {
      "period_P": 256,
      "manifold_dim_D": 16,
      "continuity_center": 39,
      "fidelity_F": 0.97,
      "magnitude_M": 0.3,
      "locality_L": 0.5
    },
    "L_d_main": 1,
    "seed": 6,
    "perk": true,
    "label": "cell_mag0.3_mid_s6",
    "out_file": "/mnt/c/Users/Jason/Desktop/Eridos/Weft 2/v2/results/phase1/pilot/_runs/cell_mag0.3_mid_s6.json"
  }
}