{
  "label": "cell_mag0.7_mid_s1",
  "L_d_main": 1,
  "seed": 1,
  "wall_clock_s": 188.39,
  "steps_trained": 10000,
  "final_interval_loss": -2936.212197,
  "nan_inf": false,
  "still_descending": true,
  "stability_flag": "stable",
  "diff_mu": 0.05903640016913414,
  "diff_sigma": 1.1700985851348378e-06,
  "diff_mu_aggregate": 0.05903640016913414,
  "diff_sigma_aggregate": 1.1700985851348378e-06,
  "diff_mu_per_k": [
    0.07433276623487473,
    0.0707024410367012,
    0.06090909242630005,
    0.05237811058759689,
    0.05026618018746376,
    0.05221560597419739,
    0.05838381499052048,
    0.06484817713499069,
    0.06570073962211609,
    0.06341297924518585,
    0.05757204070687294,
    0.05448920652270317,
    0.05467716231942177,
    0.052758075296878815,
    0.05283129960298538,
    0.059104759246110916
  ],
  "diff_sigma_per_k": [
    9.115808552451199e-07,
    1.2032728591293562e-06,
    1.2510976148405462e-06,
    1.4518250281980727e-06,
    1.2267763622730854e-06,
    1.0971367601086968e-06,
    9.22017818538734e-07,
    9.721438800625037e-07,
    1.0644226904332754e-06,
    1.1610945875872858e-06,
    1.388979512739752e-06,
    1.1348332691341056e-06,
    1.2651078122871695e-06,
    1.2769554587066523e-06,
    1.1547291478564148e-06,
    1.2396034207995399e-06
  ],
  "variance_collapse": false,
  "k_report_idx": {
    "k1": 0,
    "k8": 7,
    "k15": 14
  },
  "spec": {
    "kind": "cell",
    "tag": "mag0.7_mid",
    "cross": "mid",
    "magnitude": 0.7,
    "baseline_key": [
      0.5,
      39,
      256,
      16
    ],
    "params": {
      "period_P": 256,
      "manifold_dim_D": 16,
      "continuity_center": 39,
      "fidelity_F": 0.97,
      "magnitude_M": 0.7,
      "locality_L": 0.5
    },
    "L_d_main": 1,
    "seed": 1,
    "perk": true,
    "label": "cell_mag0.7_mid_s1",
    "out_file": "/mnt/c/Users/Jason/Desktop/Eridos/Weft 2/v2/results/phase1/pilot/_runs/cell_mag0.7_mid_s1.json"
  }
}