{
  "label": "cell_D4_mid_s8",
  "L_d_main": 1,
  "seed": 8,
  "wall_clock_s": 188.93,
  "steps_trained": 10000,
  "final_interval_loss": -2751.744271,
  "nan_inf": false,
  "still_descending": false,
  "stability_flag": "stable",
  "diff_mu": 0.26618140935897827,
  "diff_sigma": 3.478645993482132e-08,
  "diff_mu_aggregate": 0.26618140935897827,
  "diff_sigma_aggregate": 3.478645993482132e-08,
  "diff_mu_per_k": [
    0.30499574542045593,
    0.48838821053504944,
    0.4740848243236542,
    0.20940476655960083,
    0.025954661890864372,
    0.01756204664707184,
    0.1558414250612259,
    0.3854673504829407,
    0.5073931813240051,
    0.35280513763427734,
    0.11522489041090012,
    0.014386591501533985,
    0.06242813542485237,
    0.22526666522026062,
    0.46208205819129944,
    0.4576164782047272
  ],
  "diff_sigma_per_k": [
    3.965370254377376e-08,
    5.4801084559130686e-08,
    6.323601553503977e-08,
    2.7550235870421602e-08,
    5.3220476914361825e-09,
    4.02030142510057e-09,
    2.336549975723301e-08,
    4.617691118369294e-08,
    6.209526759448636e-08,
    4.6813948273438655e-08,
    1.4615941346107775e-08,
    4.129813380160385e-09,
    1.0754959589576174e-08,
    3.656979075117306e-08,
    5.544661263456874e-08,
    6.203125479942173e-08
  ],
  "variance_collapse": false,
  "k_report_idx": {
    "k1": 0,
    "k8": 7,
    "k15": 14
  },
  "spec": {
    "kind": "cell",
    "tag": "D4_mid",
    "cross": "mid",
    "magnitude": 0.3,
    "baseline_key": [
      0.5,
      39,
      256,
      4
    ],
    "params": {
      "period_P": 256,
      "manifold_dim_D": 4,
      "continuity_center": 39,
      "fidelity_F": 0.97,
      "magnitude_M": 0.3,
      "locality_L": 0.5
    },
    "L_d_main": 1,
    "seed": 8,
    "perk": true,
    "label": "cell_D4_mid_s8",
    "out_file": "/mnt/c/Users/Jason/Desktop/Eridos/Weft 2/v2/results/phase1/pilot/_runs/cell_D4_mid_s8.json"
  }
}