{
  "label": "cell_mag0.7_mid_s8",
  "L_d_main": 1,
  "seed": 8,
  "wall_clock_s": 185.51,
  "steps_trained": 10000,
  "final_interval_loss": -2892.401235,
  "nan_inf": false,
  "still_descending": false,
  "stability_flag": "stable",
  "diff_mu": 0.04280175641179085,
  "diff_sigma": 5.876941955307302e-08,
  "diff_mu_aggregate": 0.04280175641179085,
  "diff_sigma_aggregate": 5.876941955307302e-08,
  "diff_mu_per_k": [
    0.043220993131399155,
    0.04305807128548622,
    0.043256040662527084,
    0.04324214905500412,
    0.04267368093132973,
    0.04252883046865463,
    0.042387064546346664,
    0.04209978133440018,
    0.042864181101322174,
    0.044017668813467026,
    0.042282093316316605,
    0.04244958236813545,
    0.04301893338561058,
    0.042643800377845764,
    0.04283192381262779,
    0.042253341525793076
  ],
  "diff_sigma_per_k": [
    6.015918074808724e-08,
    5.6487316157927125e-08,
    6.399735497097936e-08,
    6.155252663120336e-08,
    5.6575377271883553e-08,
    5.3625718976491044e-08,
    4.992952185034483e-08,
    5.997007690439204e-08,
    6.658133600012661e-08,
    6.795081475274856e-08,
    5.815033432554628e-08,
    5.770638367152969e-08,
    5.617263099111369e-08,
    5.38096500690699e-08,
    5.665683389111109e-08,
    6.098562010947717e-08
  ],
  "variance_collapse": false,
  "k_report_idx": {
    "k1": 0,
    "k8": 7,
    "k15": 14
  },
  "spec": {
    "kind": "cell",
    "tag": "mag0.7_mid",
    "cross": "mid",
    "magnitude": 0.7,
    "baseline_key": [
      0.5,
      39,
      256,
      16
    ],
    "params": {
      "period_P": 256,
      "manifold_dim_D": 16,
      "continuity_center": 39,
      "fidelity_F": 0.97,
      "magnitude_M": 0.7,
      "locality_L": 0.5
    },
    "L_d_main": 1,
    "seed": 8,
    "perk": true,
    "label": "cell_mag0.7_mid_s8",
    "out_file": "/mnt/c/Users/Jason/Desktop/Eridos/Weft 2/v2/results/phase1/pilot/_runs/cell_mag0.7_mid_s8.json"
  }
}