{
  "label": "cell_mag0.3_low_s6",
  "L_d_main": 1,
  "seed": 6,
  "wall_clock_s": 195.75,
  "steps_trained": 10000,
  "final_interval_loss": -2686.316841,
  "nan_inf": false,
  "still_descending": false,
  "stability_flag": "stable",
  "diff_mu": 0.576749861240387,
  "diff_sigma": 4.2166607272520196e-07,
  "diff_mu_aggregate": 0.576749861240387,
  "diff_sigma_aggregate": 4.2166607272520196e-07,
  "diff_mu_per_k": [
    0.7286559343338013,
    0.7081173658370972,
    0.6441686153411865,
    0.5995619893074036,
    0.4675535559654236,
    0.4330868422985077,
    0.43432560563087463,
    0.48766809701919556,
    0.5557884573936462,
    0.6564195156097412,
    0.7109372615814209,
    0.6881056427955627,
    0.5965983271598816,
    0.5176532864570618,
    0.493905246257782,
    0.5054523944854736
  ],
  "diff_sigma_per_k": [
    1.7095281634738058e-07,
    1.8546820967912936e-07,
    2.2157837520353496e-07,
    3.097848946254089e-07,
    2.799270362174866e-07,
    3.282127067905094e-07,
    3.753477244572423e-07,
    3.865544044856506e-07,
    3.6743682585438364e-07,
    3.161529491535475e-07,
    3.601077480652748e-07,
    4.6267541620181873e-07,
    6.374483518811758e-07,
    6.79551988014282e-07,
    7.192431894509355e-07,
    9.462145840188896e-07
  ],
  "variance_collapse": false,
  "k_report_idx": {
    "k1": 0,
    "k8": 7,
    "k15": 14
  },
  "spec": {
    "kind": "cell",
    "tag": "mag0.3_low",
    "cross": "low",
    "magnitude": 0.3,
    "baseline_key": [
      0.3,
      3,
      32,
      4
    ],
    "params": {
      "period_P": 32,
      "manifold_dim_D": 4,
      "continuity_center": 3,
      "fidelity_F": 0.97,
      "magnitude_M": 0.3,
      "locality_L": 0.3
    },
    "L_d_main": 1,
    "seed": 6,
    "perk": true,
    "label": "cell_mag0.3_low_s6",
    "out_file": "/mnt/c/Users/Jason/Desktop/Eridos/Weft 2/v2/results/phase1/pilot/_runs/cell_mag0.3_low_s6.json"
  }
}