{
  "label": "cell_mag0.7_high_s4",
  "L_d_main": 1,
  "seed": 4,
  "wall_clock_s": 189.88,
  "steps_trained": 10000,
  "final_interval_loss": -3010.799399,
  "nan_inf": false,
  "still_descending": false,
  "stability_flag": "stable",
  "diff_mu": 3.9647846278967336e-05,
  "diff_sigma": 3.0968788644614165e-10,
  "diff_mu_aggregate": 3.9647846278967336e-05,
  "diff_sigma_aggregate": 3.0968788644614165e-10,
  "diff_mu_per_k": [
    3.97525291191414e-05,
    4.116859781788662e-05,
    3.9766233385307714e-05,
    4.102080129086971e-05,
    4.069359783898108e-05,
    3.8518272049259394e-05,
    3.853380985674448e-05,
    3.9336624467978254e-05,
    3.8965044950600713e-05,
    4.040350177092478e-05,
    3.974197534262203e-05,
    3.9402693801093847e-05,
    3.972487320424989e-05,
    3.904363984474912e-05,
    3.9335824112640694e-05,
    3.8957474316703156e-05
  ],
  "diff_sigma_per_k": [
    3.315357433031352e-10,
    3.1652264143033904e-10,
    3.106636337069091e-10,
    2.957809552839308e-10,
    3.0118482707841565e-10,
    3.445821961101103e-10,
    3.068573173337086e-10,
    2.810531807284633e-10,
    2.9094635034532246e-10,
    3.037688711682307e-10,
    3.3601776916469817e-10,
    2.932968867774832e-10,
    3.086215449865648e-10,
    3.2460178989168753e-10,
    2.878165483721773e-10,
    3.2175612174611956e-10
  ],
  "variance_collapse": true,
  "k_report_idx": {
    "k1": 0,
    "k8": 7,
    "k15": 14
  },
  "spec": {
    "kind": "cell",
    "tag": "mag0.7_high",
    "cross": "high",
    "magnitude": 0.7,
    "baseline_key": [
      0.9,
      472,
      2048,
      128
    ],
    "params": {
      "period_P": 2048,
      "manifold_dim_D": 128,
      "continuity_center": 472,
      "fidelity_F": 0.97,
      "magnitude_M": 0.7,
      "locality_L": 0.9
    },
    "L_d_main": 1,
    "seed": 4,
    "perk": true,
    "label": "cell_mag0.7_high_s4",
    "out_file": "/mnt/c/Users/Jason/Desktop/Eridos/Weft 2/v2/results/phase1/pilot/_runs/cell_mag0.7_high_s4.json"
  }
}