{
  "label": "cell_mag0.9_high_s4",
  "L_d_main": 1,
  "seed": 4,
  "wall_clock_s": 193.21,
  "steps_trained": 10000,
  "final_interval_loss": 13247.46712,
  "nan_inf": false,
  "still_descending": false,
  "stability_flag": "unstable",
  "diff_mu": 0.00010074149031424895,
  "diff_sigma": 8.968575188061934e-11,
  "diff_mu_aggregate": 0.00010074149031424895,
  "diff_sigma_aggregate": 8.968575188061934e-11,
  "diff_mu_per_k": [
    0.00010180825483985245,
    9.769805910764262e-05,
    0.00010073034354718402,
    0.0001001995915430598,
    0.0001003742145258002,
    0.00010053814185084775,
    0.00010084108362207189,
    0.00010001596820075065,
    0.00010063985973829404,
    0.0001018118709907867,
    0.00010267722245771438,
    0.00010128546273335814,
    0.00010055086022475734,
    0.00010079692583531141,
    0.00010119869693880901,
    0.00010069736890727654
  ],
  "diff_sigma_per_k": [
    9.025653141536694e-11,
    9.265903322397406e-11,
    8.148304947441787e-11,
    8.071118079433504e-11,
    8.780310506439903e-11,
    9.870940870237987e-11,
    9.596541616918586e-11,
    8.486971542209787e-11,
    8.981244220551687e-11,
    1.0109701270577531e-10,
    9.272872747434491e-11,
    9.17308243253423e-11,
    9.674112205759755e-11,
    8.180778277022682e-11,
    8.009265473063465e-11,
    8.850403743210222e-11
  ],
  "variance_collapse": true,
  "k_report_idx": {
    "k1": 0,
    "k8": 7,
    "k15": 14
  },
  "spec": {
    "kind": "cell",
    "tag": "mag0.9_high",
    "cross": "high",
    "magnitude": 0.9,
    "baseline_key": [
      0.9,
      472,
      2048,
      128
    ],
    "params": {
      "period_P": 2048,
      "manifold_dim_D": 128,
      "continuity_center": 472,
      "fidelity_F": 0.97,
      "magnitude_M": 0.9,
      "locality_L": 0.9
    },
    "L_d_main": 1,
    "seed": 4,
    "perk": true,
    "label": "cell_mag0.9_high_s4",
    "out_file": "/mnt/c/Users/Jason/Desktop/Eridos/Weft 2/v2/results/phase1/pilot/_runs/cell_mag0.9_high_s4.json"
  }
}