{
  "label": "cell_mag0.3_mid_s0",
  "L_d_main": 1,
  "seed": 0,
  "wall_clock_s": 199.25,
  "steps_trained": 10000,
  "final_interval_loss": -2896.291999,
  "nan_inf": false,
  "still_descending": true,
  "stability_flag": "stable",
  "diff_mu": 0.006290106568485498,
  "diff_sigma": 3.127229319943581e-08,
  "diff_mu_aggregate": 0.006290106568485498,
  "diff_sigma_aggregate": 3.127229319943581e-08,
  "diff_mu_per_k": [
    0.00627715140581131,
    0.00635910639539361,
    0.006276070140302181,
    0.006346544250845909,
    0.00629992363974452,
    0.0062652272172272205,
    0.00628594821318984,
    0.006312871817499399,
    0.006254752166569233,
    0.0062547591514885426,
    0.0063005960546433926,
    0.006329142954200506,
    0.006336149759590626,
    0.006252181250602007,
    0.006247542332857847,
    0.006243727635592222
  ],
  "diff_sigma_per_k": [
    3.169115103673903e-08,
    3.277335025586581e-08,
    3.6193739560985705e-08,
    3.271695092621485e-08,
    2.9715126359519672e-08,
    2.868483228724017e-08,
    2.997979819951979e-08,
    3.463844677753514e-08,
    3.204700860237608e-08,
    3.015099991898751e-08,
    3.003329496209517e-08,
    2.7247169853694686e-08,
    3.088016953256556e-08,
    2.7938011015748998e-08,
    3.34711245386643e-08,
    3.2195533350432015e-08
  ],
  "variance_collapse": false,
  "k_report_idx": {
    "k1": 0,
    "k8": 7,
    "k15": 14
  },
  "spec": {
    "kind": "cell",
    "tag": "mag0.3_mid",
    "cross": "mid",
    "magnitude": 0.3,
    "baseline_key": [
      0.5,
      39,
      256,
      16
    ],
    "params": {
      "period_P": 256,
      "manifold_dim_D": 16,
      "continuity_center": 39,
      "fidelity_F": 0.97,
      "magnitude_M": 0.3,
      "locality_L": 0.5
    },
    "L_d_main": 1,
    "seed": 0,
    "perk": true,
    "label": "cell_mag0.3_mid_s0",
    "out_file": "/mnt/c/Users/Jason/Desktop/Eridos/Weft 2/v2/results/phase1/pilot/_runs/cell_mag0.3_mid_s0.json"
  }
}