{
  "label": "cell_mag0.3_mid_s3",
  "L_d_main": 1,
  "seed": 3,
  "wall_clock_s": 192.71,
  "steps_trained": 10000,
  "final_interval_loss": -2852.700357,
  "nan_inf": false,
  "still_descending": true,
  "stability_flag": "stable",
  "diff_mu": 0.010415496304631233,
  "diff_sigma": 8.992591915557568e-08,
  "diff_mu_aggregate": 0.010415496304631233,
  "diff_sigma_aggregate": 8.992591915557568e-08,
  "diff_mu_per_k": [
    0.010420840233564377,
    0.010779784061014652,
    0.01069182250648737,
    0.010590136982500553,
    0.009987249970436096,
    0.010410290211439133,
    0.010879776440560818,
    0.010212707333266735,
    0.010355045087635517,
    0.010327395983040333,
    0.010173661634325981,
    0.0103020453825593,
    0.010374055244028568,
    0.01002442929893732,
    0.010694599710404873,
    0.01042407751083374
  ],
  "diff_sigma_per_k": [
    7.918433198028652e-08,
    1.1215625050908784e-07,
    9.137101386613722e-08,
    1.0027455488170745e-07,
    8.236920479021137e-08,
    9.315795068687294e-08,
    9.276688217596529e-08,
    8.360031245047139e-08,
    8.804367723769246e-08,
    9.540524104068027e-08,
    7.839641114060214e-08,
    7.351640363140177e-08,
    9.093969310924876e-08,
    8.274554375020671e-08,
    1.0231156011286657e-07,
    9.257566091491753e-08
  ],
  "variance_collapse": false,
  "k_report_idx": {
    "k1": 0,
    "k8": 7,
    "k15": 14
  },
  "spec": {
    "kind": "cell",
    "tag": "mag0.3_mid",
    "cross": "mid",
    "magnitude": 0.3,
    "baseline_key": [
      0.5,
      39,
      256,
      16
    ],
    "params": {
      "period_P": 256,
      "manifold_dim_D": 16,
      "continuity_center": 39,
      "fidelity_F": 0.97,
      "magnitude_M": 0.3,
      "locality_L": 0.5
    },
    "L_d_main": 1,
    "seed": 3,
    "perk": true,
    "label": "cell_mag0.3_mid_s3",
    "out_file": "/mnt/c/Users/Jason/Desktop/Eridos/Weft 2/v2/results/phase1/pilot/_runs/cell_mag0.3_mid_s3.json"
  }
}