{
  "label": "cell_mag0.1_high_s3",
  "L_d_main": 1,
  "seed": 3,
  "wall_clock_s": 192.37,
  "steps_trained": 10000,
  "final_interval_loss": -3007.364298,
  "nan_inf": false,
  "still_descending": false,
  "stability_flag": "stable",
  "diff_mu": 0.00013753144594375044,
  "diff_sigma": 3.0457927846505584e-10,
  "diff_mu_aggregate": 0.00013753144594375044,
  "diff_sigma_aggregate": 3.0457927846505584e-10,
  "diff_mu_per_k": [
    0.0001380385219817981,
    0.00013994672917760909,
    0.0001382537593599409,
    0.0001377943262923509,
    0.00013856343866791576,
    0.0001390468969475478,
    0.00013920241326559335,
    0.0001380447210976854,
    0.0001357136497972533,
    0.00013780745211988688,
    0.00013570812006946653,
    0.000136270493385382,
    0.00013662238779943436,
    0.00013805937487632036,
    0.00013631436740979552,
    0.00013511635188478976
  ],
  "diff_sigma_per_k": [
    3.0070695933304137e-10,
    2.769261209234486e-10,
    2.9008800916940913e-10,
    2.917288632886539e-10,
    2.9487695618612975e-10,
    3.6436006989326586e-10,
    3.9098146942251333e-10,
    2.5482055354686395e-10,
    2.9852489924486747e-10,
    3.0273505924327537e-10,
    2.872065085757214e-10,
    3.1743158102059965e-10,
    2.581130309486923e-10,
    3.0217611746152784e-10,
    2.937576848438539e-10,
    3.4883465560575644e-10
  ],
  "variance_collapse": true,
  "k_report_idx": {
    "k1": 0,
    "k8": 7,
    "k15": 14
  },
  "spec": {
    "kind": "cell",
    "tag": "mag0.1_high",
    "cross": "high",
    "magnitude": 0.1,
    "baseline_key": [
      0.9,
      472,
      2048,
      128
    ],
    "params": {
      "period_P": 2048,
      "manifold_dim_D": 128,
      "continuity_center": 472,
      "fidelity_F": 0.97,
      "magnitude_M": 0.1,
      "locality_L": 0.9
    },
    "L_d_main": 1,
    "seed": 3,
    "perk": true,
    "label": "cell_mag0.1_high_s3",
    "out_file": "/mnt/c/Users/Jason/Desktop/Eridos/Weft 2/v2/results/phase1/pilot/_runs/cell_mag0.1_high_s3.json"
  }
}