{
  "label": "cell_mag0.1_high_s4",
  "L_d_main": 1,
  "seed": 4,
  "wall_clock_s": 194.55,
  "steps_trained": 10000,
  "final_interval_loss": -3008.785545,
  "nan_inf": false,
  "still_descending": false,
  "stability_flag": "stable",
  "diff_mu": 0.0002325210953131318,
  "diff_sigma": 2.138652366312499e-09,
  "diff_mu_aggregate": 0.0002325210953131318,
  "diff_sigma_aggregate": 2.138652366312499e-09,
  "diff_mu_per_k": [
    0.0002331967552891001,
    0.00023644309840165079,
    0.00023441665689460933,
    0.00023283959308173507,
    0.00023330871772486717,
    0.00023087274166755378,
    0.00023140973644331098,
    0.00023048403090797365,
    0.000232009741012007,
    0.00023147657338995486,
    0.0002303824294358492,
    0.00023025031259749085,
    0.0002334536548005417,
    0.0002315896563231945,
    0.0002326430840184912,
    0.00023556090309284627
  ],
  "diff_sigma_per_k": [
    2.126295584048421e-09,
    2.177624525145916e-09,
    2.0117012500264764e-09,
    2.118245800986074e-09,
    2.178761837612342e-09,
    2.465680548624505e-09,
    2.132610088523279e-09,
    2.1454513721153035e-09,
    2.121189446313565e-09,
    2.372746665812997e-09,
    2.4006490129124813e-09,
    1.9871113643432636e-09,
    2.031093959686814e-09,
    1.8319378236597572e-09,
    2.032929824480334e-09,
    2.0844113102214124e-09
  ],
  "variance_collapse": true,
  "k_report_idx": {
    "k1": 0,
    "k8": 7,
    "k15": 14
  },
  "spec": {
    "kind": "cell",
    "tag": "mag0.1_high",
    "cross": "high",
    "magnitude": 0.1,
    "baseline_key": [
      0.9,
      472,
      2048,
      128
    ],
    "params": {
      "period_P": 2048,
      "manifold_dim_D": 128,
      "continuity_center": 472,
      "fidelity_F": 0.97,
      "magnitude_M": 0.1,
      "locality_L": 0.9
    },
    "L_d_main": 1,
    "seed": 4,
    "perk": true,
    "label": "cell_mag0.1_high_s4",
    "out_file": "/mnt/c/Users/Jason/Desktop/Eridos/Weft 2/v2/results/phase1/pilot/_runs/cell_mag0.1_high_s4.json"
  }
}