{
  "label": "cell_mag0.7_mid_s7",
  "L_d_main": 1,
  "seed": 7,
  "wall_clock_s": 182.92,
  "steps_trained": 10000,
  "final_interval_loss": -2897.761428,
  "nan_inf": false,
  "still_descending": false,
  "stability_flag": "stable",
  "diff_mu": 0.23335474729537964,
  "diff_sigma": 8.077350344137812e-07,
  "diff_mu_aggregate": 0.23335474729537964,
  "diff_sigma_aggregate": 8.077350344137812e-07,
  "diff_mu_per_k": [
    0.23521330952644348,
    0.23606525361537933,
    0.23738369345664978,
    0.23208974301815033,
    0.22930382192134857,
    0.22962792217731476,
    0.23217009007930756,
    0.23422040045261383,
    0.2346138209104538,
    0.23377414047718048,
    0.23236103355884552,
    0.2306346446275711,
    0.23668205738067627,
    0.2348330318927765,
    0.23178498446941376,
    0.23291799426078796
  ],
  "diff_sigma_per_k": [
    7.69269263400929e-07,
    9.257798865291988e-07,
    9.365106166114856e-07,
    8.82308029304113e-07,
    7.239862611641001e-07,
    7.032116968730406e-07,
    6.862970849397243e-07,
    7.899608363004518e-07,
    9.35803939228208e-07,
    8.190619382730802e-07,
    7.844373612897471e-07,
    7.635101724190463e-07,
    7.344333425862715e-07,
    7.490742746085743e-07,
    8.536526365787722e-07,
    8.664633242005948e-07
  ],
  "variance_collapse": false,
  "k_report_idx": {
    "k1": 0,
    "k8": 7,
    "k15": 14
  },
  "spec": {
    "kind": "cell",
    "tag": "mag0.7_mid",
    "cross": "mid",
    "magnitude": 0.7,
    "baseline_key": [
      0.5,
      39,
      256,
      16
    ],
    "params": {
      "period_P": 256,
      "manifold_dim_D": 16,
      "continuity_center": 39,
      "fidelity_F": 0.97,
      "magnitude_M": 0.7,
      "locality_L": 0.5
    },
    "L_d_main": 1,
    "seed": 7,
    "perk": true,
    "label": "cell_mag0.7_mid_s7",
    "out_file": "/mnt/c/Users/Jason/Desktop/Eridos/Weft 2/v2/results/phase1/pilot/_runs/cell_mag0.7_mid_s7.json"
  }
}