{
  "label": "cell_mag0.9_low_s9",
  "L_d_main": 1,
  "seed": 9,
  "wall_clock_s": 197.79,
  "steps_trained": 10000,
  "final_interval_loss": -2451.840365,
  "nan_inf": false,
  "still_descending": false,
  "stability_flag": "stable",
  "diff_mu": 0.37477514147758484,
  "diff_sigma": 5.801016413897742e-07,
  "diff_mu_aggregate": 0.37477514147758484,
  "diff_sigma_aggregate": 5.801016413897742e-07,
  "diff_mu_per_k": [
    0.28511619567871094,
    0.31186026334762573,
    0.3509276509284973,
    0.4341650903224945,
    0.4027021527290344,
    0.5561457872390747,
    0.5652918219566345,
    0.401137113571167,
    0.30140548944473267,
    0.2251330316066742,
    0.29846906661987305,
    0.3187530040740967,
    0.42376500368118286,
    0.3795212507247925,
    0.35388708114624023,
    0.38812077045440674
  ],
  "diff_sigma_per_k": [
    5.310486699272587e-07,
    4.271404066003015e-07,
    4.1279039919572824e-07,
    5.370690132622258e-07,
    6.163494390420965e-07,
    4.85202463096357e-07,
    4.922633820569899e-07,
    5.955166102467047e-07,
    6.45722082026623e-07,
    5.992719707137439e-07,
    5.831088287777675e-07,
    5.143193106960098e-07,
    4.186690318874753e-07,
    6.522640774164756e-07,
    7.595847932861943e-07,
    1.011305926112982e-06
  ],
  "variance_collapse": false,
  "k_report_idx": {
    "k1": 0,
    "k8": 7,
    "k15": 14
  },
  "spec": {
    "kind": "cell",
    "tag": "mag0.9_low",
    "cross": "low",
    "magnitude": 0.9,
    "baseline_key": [
      0.3,
      3,
      32,
      4
    ],
    "params": {
      "period_P": 32,
      "manifold_dim_D": 4,
      "continuity_center": 3,
      "fidelity_F": 0.97,
      "magnitude_M": 0.9,
      "locality_L": 0.3
    },
    "L_d_main": 1,
    "seed": 9,
    "perk": true,
    "label": "cell_mag0.9_low_s9",
    "out_file": "/mnt/c/Users/Jason/Desktop/Eridos/Weft 2/v2/results/phase1/pilot/_runs/cell_mag0.9_low_s9.json"
  }
}