{
  "label": "cell_mag0.1_mid_s1",
  "L_d_main": 1,
  "seed": 1,
  "wall_clock_s": 205.85,
  "steps_trained": 10000,
  "final_interval_loss": -2915.519353,
  "nan_inf": false,
  "still_descending": true,
  "stability_flag": "stable",
  "diff_mu": 0.12691761553287506,
  "diff_sigma": 1.7689731635073258e-07,
  "diff_mu_aggregate": 0.12691761553287506,
  "diff_sigma_aggregate": 1.7689731635073258e-07,
  "diff_mu_per_k": [
    0.12649425864219666,
    0.12597240507602692,
    0.13041523098945618,
    0.1296442151069641,
    0.1237996444106102,
    0.12766718864440918,
    0.12149813026189804,
    0.12455037236213684,
    0.12599514424800873,
    0.12933005392551422,
    0.1296028345823288,
    0.12485049664974213,
    0.1273379772901535,
    0.12773306667804718,
    0.1270543783903122,
    0.1287362277507782
  ],
  "diff_sigma_per_k": [
    1.5899053096291027e-07,
    1.9205825196877413e-07,
    1.999400893737402e-07,
    1.9211071844438266e-07,
    1.4626867539391242e-07,
    1.7175494804178015e-07,
    1.2942115290570655e-07,
    1.5806082842573232e-07,
    1.8453243910698802e-07,
    2.127086418113322e-07,
    1.9665284867187438e-07,
    1.4906748901921674e-07,
    1.7961468756766408e-07,
    1.77517478050504e-07,
    1.9332074430167268e-07,
    1.883377080957871e-07
  ],
  "variance_collapse": false,
  "k_report_idx": {
    "k1": 0,
    "k8": 7,
    "k15": 14
  },
  "spec": {
    "kind": "cell",
    "tag": "mag0.1_mid",
    "cross": "mid",
    "magnitude": 0.1,
    "baseline_key": [
      0.5,
      39,
      256,
      16
    ],
    "params": {
      "period_P": 256,
      "manifold_dim_D": 16,
      "continuity_center": 39,
      "fidelity_F": 0.97,
      "magnitude_M": 0.1,
      "locality_L": 0.5
    },
    "L_d_main": 1,
    "seed": 1,
    "perk": true,
    "label": "cell_mag0.1_mid_s1",
    "out_file": "/mnt/c/Users/Jason/Desktop/Eridos/Weft 2/v2/results/phase1/pilot/_runs/cell_mag0.1_mid_s1.json"
  }
}