{
  "label": "cell_mag0.1_high_s2",
  "L_d_main": 1,
  "seed": 2,
  "wall_clock_s": 192.38,
  "steps_trained": 10000,
  "final_interval_loss": -3008.620894,
  "nan_inf": false,
  "still_descending": false,
  "stability_flag": "stable",
  "diff_mu": 3.275572453276254e-05,
  "diff_sigma": 2.731668780064922e-10,
  "diff_mu_aggregate": 3.275572453276254e-05,
  "diff_sigma_aggregate": 2.731668780064922e-10,
  "diff_mu_per_k": [
    3.2930023735389113e-05,
    3.369032492628321e-05,
    3.138311149086803e-05,
    3.135086444672197e-05,
    3.2335279684048146e-05,
    3.373814615770243e-05,
    3.432425364735536e-05,
    3.39779544447083e-05,
    3.2263706088997424e-05,
    3.231608934584074e-05,
    3.3063341106753796e-05,
    3.3008091122610494e-05,
    3.233455208828673e-05,
    3.160364576615393e-05,
    3.17872800223995e-05,
    3.398500120965764e-05
  ],
  "diff_sigma_per_k": [
    2.686509348315269e-10,
    2.982631641668121e-10,
    2.7227187171519063e-10,
    2.393064357786301e-10,
    2.873273285963762e-10,
    2.9921695676726756e-10,
    3.219229882667207e-10,
    2.4386070940352056e-10,
    2.4990037816863264e-10,
    2.792157893782843e-10,
    2.887595995648695e-10,
    2.956015987543026e-10,
    2.672617682719647e-10,
    2.177136804171198e-10,
    2.6615765147397497e-10,
    2.752391925486819e-10
  ],
  "variance_collapse": true,
  "k_report_idx": {
    "k1": 0,
    "k8": 7,
    "k15": 14
  },
  "spec": {
    "kind": "cell",
    "tag": "mag0.1_high",
    "cross": "high",
    "magnitude": 0.1,
    "baseline_key": [
      0.9,
      472,
      2048,
      128
    ],
    "params": {
      "period_P": 2048,
      "manifold_dim_D": 128,
      "continuity_center": 472,
      "fidelity_F": 0.97,
      "magnitude_M": 0.1,
      "locality_L": 0.9
    },
    "L_d_main": 1,
    "seed": 2,
    "perk": true,
    "label": "cell_mag0.1_high_s2",
    "out_file": "/mnt/c/Users/Jason/Desktop/Eridos/Weft 2/v2/results/phase1/pilot/_runs/cell_mag0.1_high_s2.json"
  }
}