{
  "label": "cell_D4_mid_s1",
  "L_d_main": 1,
  "seed": 1,
  "wall_clock_s": 200.7,
  "steps_trained": 10000,
  "final_interval_loss": -2818.614126,
  "nan_inf": false,
  "still_descending": false,
  "stability_flag": "stable",
  "diff_mu": 0.260667622089386,
  "diff_sigma": 3.178962515448802e-08,
  "diff_mu_aggregate": 0.260667622089386,
  "diff_sigma_aggregate": 3.178962515448802e-08,
  "diff_mu_per_k": [
    0.18206579983234406,
    0.23271973431110382,
    0.2606382966041565,
    0.45264801383018494,
    0.24021273851394653,
    0.17881189286708832,
    0.18037407100200653,
    0.23573121428489685,
    0.1719474345445633,
    0.5609287023544312,
    0.5725404620170593,
    0.16351495683193207,
    0.10118059813976288,
    0.23421117663383484,
    0.19270059466362,
    0.21045570075511932
  ],
  "diff_sigma_per_k": [
    2.4297090561731238e-08,
    3.7685286002897556e-08,
    4.416791199446379e-08,
    4.1205808543054445e-08,
    2.0004806700057998e-08,
    8.67846150498508e-09,
    2.2153304968242082e-08,
    3.203499687742806e-08,
    4.0225561548368205e-08,
    5.845668837878293e-08,
    4.3492256907029514e-08,
    1.2911840485685389e-08,
    9.00867558328855e-09,
    3.044436525101446e-08,
    3.756084865358389e-08,
    4.6306116274763554e-08
  ],
  "variance_collapse": false,
  "k_report_idx": {
    "k1": 0,
    "k8": 7,
    "k15": 14
  },
  "spec": {
    "kind": "cell",
    "tag": "D4_mid",
    "cross": "mid",
    "magnitude": 0.3,
    "baseline_key": [
      0.5,
      39,
      256,
      4
    ],
    "params": {
      "period_P": 256,
      "manifold_dim_D": 4,
      "continuity_center": 39,
      "fidelity_F": 0.97,
      "magnitude_M": 0.3,
      "locality_L": 0.5
    },
    "L_d_main": 1,
    "seed": 1,
    "perk": true,
    "label": "cell_D4_mid_s1",
    "out_file": "/mnt/c/Users/Jason/Desktop/Eridos/Weft 2/v2/results/phase1/pilot/_runs/cell_D4_mid_s1.json"
  }
}