{
  "label": "cell_mag0.3_high_s5",
  "L_d_main": 1,
  "seed": 5,
  "wall_clock_s": 195.09,
  "steps_trained": 10000,
  "final_interval_loss": -3011.622347,
  "nan_inf": false,
  "still_descending": false,
  "stability_flag": "stable",
  "diff_mu": 2.0294610294513404e-05,
  "diff_sigma": 8.66339205235489e-12,
  "diff_mu_aggregate": 2.0294610294513404e-05,
  "diff_sigma_aggregate": 8.66339205235489e-12,
  "diff_mu_per_k": [
    2.1079173166071996e-05,
    2.068938556476496e-05,
    1.998883999476675e-05,
    1.9844317648676224e-05,
    2.00250324269291e-05,
    1.9916838937206194e-05,
    2.0679573935922235e-05,
    2.0334160581114702e-05,
    2.0269171727704816e-05,
    1.9809969671769068e-05,
    2.0764875444001518e-05,
    2.0624074750230648e-05,
    2.009590207308065e-05,
    2.0063609554199502e-05,
    2.017814404098317e-05,
    2.0350691556814127e-05
  ],
  "diff_sigma_per_k": [
    9.617252307025925e-12,
    9.75906595118703e-12,
    8.224610228979579e-12,
    7.602343234103248e-12,
    7.91931190763373e-12,
    8.753173533215808e-12,
    9.418348913270425e-12,
    8.171057580552699e-12,
    7.746023440724503e-12,
    8.140164757530766e-12,
    8.362415794549438e-12,
    8.73714989246821e-12,
    9.202865899893276e-12,
    8.570934760532278e-12,
    8.879112722848248e-12,
    9.510441913163081e-12
  ],
  "variance_collapse": true,
  "k_report_idx": {
    "k1": 0,
    "k8": 7,
    "k15": 14
  },
  "spec": {
    "kind": "cell",
    "tag": "mag0.3_high",
    "cross": "high",
    "magnitude": 0.3,
    "baseline_key": [
      0.9,
      472,
      2048,
      128
    ],
    "params": {
      "period_P": 2048,
      "manifold_dim_D": 128,
      "continuity_center": 472,
      "fidelity_F": 0.97,
      "magnitude_M": 0.3,
      "locality_L": 0.9
    },
    "L_d_main": 1,
    "seed": 5,
    "perk": true,
    "label": "cell_mag0.3_high_s5",
    "out_file": "/mnt/c/Users/Jason/Desktop/Eridos/Weft 2/v2/results/phase1/pilot/_runs/cell_mag0.3_high_s5.json"
  }
}