{
  "label": "cell_mag0.3_low_s7",
  "L_d_main": 1,
  "seed": 7,
  "wall_clock_s": 192.93,
  "steps_trained": 10000,
  "final_interval_loss": -2745.348645,
  "nan_inf": false,
  "still_descending": true,
  "stability_flag": "stable",
  "diff_mu": 0.925237774848938,
  "diff_sigma": 3.150810812257987e-07,
  "diff_mu_aggregate": 0.925237774848938,
  "diff_sigma_aggregate": 3.150810812257987e-07,
  "diff_mu_per_k": [
    1.011958360671997,
    0.7457289099693298,
    0.6788919568061829,
    0.6776914596557617,
    0.8149346709251404,
    1.1656230688095093,
    1.1015889644622803,
    1.1119303703308105,
    1.0345875024795532,
    0.803300142288208,
    0.7249138355255127,
    0.7756385803222656,
    0.8411653637886047,
    1.0014193058013916,
    1.2054450511932373,
    1.1089950799942017
  ],
  "diff_sigma_per_k": [
    2.812029435972363e-07,
    2.5881971055241593e-07,
    2.950409054847114e-07,
    3.2362240176553314e-07,
    2.681204023247119e-07,
    2.494471971203893e-07,
    2.089837494168023e-07,
    1.9152390962062782e-07,
    2.270355992095574e-07,
    2.558375911121402e-07,
    2.733040673774667e-07,
    3.6163498862151755e-07,
    3.7714164591307053e-07,
    4.4216139372110774e-07,
    4.946084573020926e-07,
    5.328124075276719e-07
  ],
  "variance_collapse": false,
  "k_report_idx": {
    "k1": 0,
    "k8": 7,
    "k15": 14
  },
  "spec": {
    "kind": "cell",
    "tag": "mag0.3_low",
    "cross": "low",
    "magnitude": 0.3,
    "baseline_key": [
      0.3,
      3,
      32,
      4
    ],
    "params": {
      "period_P": 32,
      "manifold_dim_D": 4,
      "continuity_center": 3,
      "fidelity_F": 0.97,
      "magnitude_M": 0.3,
      "locality_L": 0.3
    },
    "L_d_main": 1,
    "seed": 7,
    "perk": true,
    "label": "cell_mag0.3_low_s7",
    "out_file": "/mnt/c/Users/Jason/Desktop/Eridos/Weft 2/v2/results/phase1/pilot/_runs/cell_mag0.3_low_s7.json"
  }
}