{
  "label": "cell_mag0.7_mid_s6",
  "L_d_main": 1,
  "seed": 6,
  "wall_clock_s": 182.39,
  "steps_trained": 10000,
  "final_interval_loss": -2505.296012,
  "nan_inf": false,
  "still_descending": false,
  "stability_flag": "unstable",
  "diff_mu": 0.006936575286090374,
  "diff_sigma": 3.4292628736665165e-09,
  "diff_mu_aggregate": 0.006936575286090374,
  "diff_sigma_aggregate": 3.4292628736665165e-09,
  "diff_mu_per_k": [
    0.006499794777482748,
    0.0066002593375742435,
    0.007536988239735365,
    0.007658397313207388,
    0.00570983299985528,
    0.006064815446734428,
    0.005893820431083441,
    0.0071607003919780254,
    0.00815257616341114,
    0.006314973346889019,
    0.008554288186132908,
    0.005766107235103846,
    0.006678358186036348,
    0.006947904825210571,
    0.007554453331977129,
    0.007891937159001827
  ],
  "diff_sigma_per_k": [
    4.2097170194210776e-09,
    3.5060694347777144e-09,
    2.1215971202082073e-09,
    2.430698087252381e-09,
    3.206614973549904e-09,
    3.193088016217871e-09,
    4.280754417607113e-09,
    4.100445760713001e-09,
    3.7753022930075986e-09,
    3.565203021693719e-09,
    2.2301387403445005e-09,
    3.323639363728148e-09,
    3.551851035510367e-09,
    2.8381323957660243e-09,
    4.023994470969683e-09,
    4.510959605852349e-09
  ],
  "variance_collapse": true,
  "k_report_idx": {
    "k1": 0,
    "k8": 7,
    "k15": 14
  },
  "spec": {
    "kind": "cell",
    "tag": "mag0.7_mid",
    "cross": "mid",
    "magnitude": 0.7,
    "baseline_key": [
      0.5,
      39,
      256,
      16
    ],
    "params": {
      "period_P": 256,
      "manifold_dim_D": 16,
      "continuity_center": 39,
      "fidelity_F": 0.97,
      "magnitude_M": 0.7,
      "locality_L": 0.5
    },
    "L_d_main": 1,
    "seed": 6,
    "perk": true,
    "label": "cell_mag0.7_mid_s6",
    "out_file": "/mnt/c/Users/Jason/Desktop/Eridos/Weft 2/v2/results/phase1/pilot/_runs/cell_mag0.7_mid_s6.json"
  }
}