{
  "label": "cell_mag0.1_low_s1",
  "L_d_main": 1,
  "seed": 1,
  "wall_clock_s": 218.13,
  "steps_trained": 10000,
  "final_interval_loss": -2653.739923,
  "nan_inf": false,
  "still_descending": false,
  "stability_flag": "stable",
  "diff_mu": 1.252606987953186,
  "diff_sigma": 5.654803771903971e-07,
  "diff_mu_aggregate": 1.252606987953186,
  "diff_sigma_aggregate": 5.654803771903971e-07,
  "diff_mu_per_k": [
    1.6221706867218018,
    1.6889044046401978,
    1.5724753141403198,
    1.3620715141296387,
    1.3116223812103271,
    1.1027648448944092,
    0.799024760723114,
    0.7505190968513489,
    0.803849458694458,
    1.0110653638839722,
    1.1080306768417358,
    1.1218280792236328,
    1.1956210136413574,
    1.4569448232650757,
    1.5948461294174194,
    1.539962649345398
  ],
  "diff_sigma_per_k": [
    4.5258545355864044e-07,
    3.902809737610369e-07,
    4.853283712691336e-07,
    4.4042832314517e-07,
    3.888312107847014e-07,
    3.050147654448665e-07,
    2.2427639123634435e-07,
    4.0898905240283057e-07,
    5.49537617189344e-07,
    7.227936862364004e-07,
    6.039437039362383e-07,
    4.912583904115309e-07,
    5.467200594466703e-07,
    8.019137567316648e-07,
    1.0727645758379367e-06,
    1.1630193057499127e-06
  ],
  "variance_collapse": false,
  "k_report_idx": {
    "k1": 0,
    "k8": 7,
    "k15": 14
  },
  "spec": {
    "kind": "cell",
    "tag": "mag0.1_low",
    "cross": "low",
    "magnitude": 0.1,
    "baseline_key": [
      0.3,
      3,
      32,
      4
    ],
    "params": {
      "period_P": 32,
      "manifold_dim_D": 4,
      "continuity_center": 3,
      "fidelity_F": 0.97,
      "magnitude_M": 0.1,
      "locality_L": 0.3
    },
    "L_d_main": 1,
    "seed": 1,
    "perk": true,
    "label": "cell_mag0.1_low_s1",
    "out_file": "/mnt/c/Users/Jason/Desktop/Eridos/Weft 2/v2/results/phase1/pilot/_runs/cell_mag0.1_low_s1.json"
  }
}