{
  "label": "cell_mag0.7_low_s5",
  "L_d_main": 1,
  "seed": 5,
  "wall_clock_s": 189.01,
  "steps_trained": 10000,
  "final_interval_loss": -2568.315693,
  "nan_inf": false,
  "still_descending": false,
  "stability_flag": "stable",
  "diff_mu": 0.9416796565055847,
  "diff_sigma": 3.4769121270983305e-07,
  "diff_mu_aggregate": 0.9416796565055847,
  "diff_sigma_aggregate": 3.4769121270983305e-07,
  "diff_mu_per_k": [
    0.989280641078949,
    1.0781359672546387,
    1.0827394723892212,
    1.0569204092025757,
    0.9259847402572632,
    0.842594563961029,
    0.8306970596313477,
    0.8910791873931885,
    0.9096047878265381,
    0.9558702111244202,
    0.9682512283325195,
    0.9724043607711792,
    0.9157958030700684,
    0.8646061420440674,
    0.8642752766609192,
    0.918642520904541
  ],
  "diff_sigma_per_k": [
    2.004358208296253e-07,
    2.188246810419514e-07,
    2.649404109433817e-07,
    3.3033867907761305e-07,
    2.734068971221859e-07,
    2.6795385110744974e-07,
    2.1552337159391755e-07,
    2.799085336846474e-07,
    2.7245027922617737e-07,
    2.953516116122046e-07,
    4.1958520569096436e-07,
    4.788618070961093e-07,
    5.789493116026279e-07,
    4.6743508619329077e-07,
    4.908750383947336e-07,
    5.082188749838679e-07
  ],
  "variance_collapse": false,
  "k_report_idx": {
    "k1": 0,
    "k8": 7,
    "k15": 14
  },
  "spec": {
    "kind": "cell",
    "tag": "mag0.7_low",
    "cross": "low",
    "magnitude": 0.7,
    "baseline_key": [
      0.3,
      3,
      32,
      4
    ],
    "params": {
      "period_P": 32,
      "manifold_dim_D": 4,
      "continuity_center": 3,
      "fidelity_F": 0.97,
      "magnitude_M": 0.7,
      "locality_L": 0.3
    },
    "L_d_main": 1,
    "seed": 5,
    "perk": true,
    "label": "cell_mag0.7_low_s5",
    "out_file": "/mnt/c/Users/Jason/Desktop/Eridos/Weft 2/v2/results/phase1/pilot/_runs/cell_mag0.7_low_s5.json"
  }
}