{
  "label": "cell_mag0.3_mid_s4",
  "L_d_main": 1,
  "seed": 4,
  "wall_clock_s": 191.17,
  "steps_trained": 10000,
  "final_interval_loss": -2948.949448,
  "nan_inf": false,
  "still_descending": true,
  "stability_flag": "stable",
  "diff_mu": 0.00784824788570404,
  "diff_sigma": 3.5639576623225366e-08,
  "diff_mu_aggregate": 0.00784824788570404,
  "diff_sigma_aggregate": 3.5639576623225366e-08,
  "diff_mu_per_k": [
    0.00784626230597496,
    0.007895433343946934,
    0.007803263608366251,
    0.007801826577633619,
    0.007722477428615093,
    0.007851587608456612,
    0.007856502197682858,
    0.007835335098206997,
    0.007941382937133312,
    0.007836461998522282,
    0.007883301936089993,
    0.007672025356441736,
    0.007827265188097954,
    0.00789639726281166,
    0.007962900213897228,
    0.007939543575048447
  ],
  "diff_sigma_per_k": [
    3.316436902878195e-08,
    3.729413933228898e-08,
    4.1602220335335005e-08,
    3.551679128577234e-08,
    3.2198407495798165e-08,
    3.036024409652782e-08,
    2.9090132969145088e-08,
    3.6312801654503346e-08,
    4.541029241522665e-08,
    3.660870007138328e-08,
    3.5803100928433196e-08,
    2.8222245873621432e-08,
    3.363970080272338e-08,
    3.64118690754367e-08,
    3.8185955730796195e-08,
    4.041226375761653e-08
  ],
  "variance_collapse": false,
  "k_report_idx": {
    "k1": 0,
    "k8": 7,
    "k15": 14
  },
  "spec": {
    "kind": "cell",
    "tag": "mag0.3_mid",
    "cross": "mid",
    "magnitude": 0.3,
    "baseline_key": [
      0.5,
      39,
      256,
      16
    ],
    "params": {
      "period_P": 256,
      "manifold_dim_D": 16,
      "continuity_center": 39,
      "fidelity_F": 0.97,
      "magnitude_M": 0.3,
      "locality_L": 0.5
    },
    "L_d_main": 1,
    "seed": 4,
    "perk": true,
    "label": "cell_mag0.3_mid_s4",
    "out_file": "/mnt/c/Users/Jason/Desktop/Eridos/Weft 2/v2/results/phase1/pilot/_runs/cell_mag0.3_mid_s4.json"
  }
}