{
  "label": "cell_mag0.9_high_s5",
  "L_d_main": 1,
  "seed": 5,
  "wall_clock_s": 195.24,
  "steps_trained": 10000,
  "final_interval_loss": -3009.413542,
  "nan_inf": false,
  "still_descending": false,
  "stability_flag": "stable",
  "diff_mu": 0.0006220118957571685,
  "diff_sigma": 1.0343704559545586e-08,
  "diff_mu_aggregate": 0.0006220118957571685,
  "diff_sigma_aggregate": 1.0343704559545586e-08,
  "diff_mu_per_k": [
    0.0006222293595783412,
    0.0006208071135915816,
    0.0006280297529883683,
    0.0006241482333280146,
    0.0006262924871407449,
    0.0006208934355527163,
    0.0006264901021495461,
    0.000616364530287683,
    0.0006204984383657575,
    0.0006198565242812037,
    0.00062398990849033,
    0.0006176920142024755,
    0.0006193805020302534,
    0.00061694165924564,
    0.0006238909554667771,
    0.0006246863049454987
  ],
  "diff_sigma_per_k": [
    1.0955231388720676e-08,
    1.2093741119656443e-08,
    9.973086356751537e-09,
    9.46204536944606e-09,
    9.962553448872313e-09,
    9.493549946171242e-09,
    1.098534241350535e-08,
    1.002917304759876e-08,
    9.74655911534228e-09,
    9.694166358542589e-09,
    1.126710014176524e-08,
    9.956940161259809e-09,
    1.0579931597476389e-08,
    1.0314758824847559e-08,
    1.0593328880759145e-08,
    1.0391770111084497e-08
  ],
  "variance_collapse": false,
  "k_report_idx": {
    "k1": 0,
    "k8": 7,
    "k15": 14
  },
  "spec": {
    "kind": "cell",
    "tag": "mag0.9_high",
    "cross": "high",
    "magnitude": 0.9,
    "baseline_key": [
      0.9,
      472,
      2048,
      128
    ],
    "params": {
      "period_P": 2048,
      "manifold_dim_D": 128,
      "continuity_center": 472,
      "fidelity_F": 0.97,
      "magnitude_M": 0.9,
      "locality_L": 0.9
    },
    "L_d_main": 1,
    "seed": 5,
    "perk": true,
    "label": "cell_mag0.9_high_s5",
    "out_file": "/mnt/c/Users/Jason/Desktop/Eridos/Weft 2/v2/results/phase1/pilot/_runs/cell_mag0.9_high_s5.json"
  }
}