{
  "label": "cell_mag0.7_mid_s2",
  "L_d_main": 1,
  "seed": 2,
  "wall_clock_s": 187.68,
  "steps_trained": 10000,
  "final_interval_loss": -2887.37453,
  "nan_inf": false,
  "still_descending": false,
  "stability_flag": "stable",
  "diff_mu": 0.007766934111714363,
  "diff_sigma": 3.1098683628272283e-09,
  "diff_mu_aggregate": 0.007766934111714363,
  "diff_sigma_aggregate": 3.1098683628272283e-09,
  "diff_mu_per_k": [
    0.007795447017997503,
    0.007709937635809183,
    0.0076932827942073345,
    0.007809779606759548,
    0.007705003954470158,
    0.007796638645231724,
    0.00777479587122798,
    0.007692933548241854,
    0.007911748252809048,
    0.007805323228240013,
    0.007763477507978678,
    0.007842625491321087,
    0.007694334723055363,
    0.007713609375059605,
    0.007907743565738201,
    0.007654269691556692
  ],
  "diff_sigma_per_k": [
    2.932283305057126e-09,
    4.370308559487057e-09,
    3.346782850854879e-09,
    2.9647884147721015e-09,
    2.8942708230061953e-09,
    2.529089382363736e-09,
    2.9732001305404765e-09,
    2.9474112039906686e-09,
    3.6393987823402085e-09,
    3.002683879316237e-09,
    3.0468108036529884e-09,
    2.1715396147925503e-09,
    2.9214419772216615e-09,
    3.0339593060091374e-09,
    3.629434308649593e-09,
    3.3544906852256418e-09
  ],
  "variance_collapse": true,
  "k_report_idx": {
    "k1": 0,
    "k8": 7,
    "k15": 14
  },
  "spec": {
    "kind": "cell",
    "tag": "mag0.7_mid",
    "cross": "mid",
    "magnitude": 0.7,
    "baseline_key": [
      0.5,
      39,
      256,
      16
    ],
    "params": {
      "period_P": 256,
      "manifold_dim_D": 16,
      "continuity_center": 39,
      "fidelity_F": 0.97,
      "magnitude_M": 0.7,
      "locality_L": 0.5
    },
    "L_d_main": 1,
    "seed": 2,
    "perk": true,
    "label": "cell_mag0.7_mid_s2",
    "out_file": "/mnt/c/Users/Jason/Desktop/Eridos/Weft 2/v2/results/phase1/pilot/_runs/cell_mag0.7_mid_s2.json"
  }
}