{
  "label": "cell_mag0.3_high_s6",
  "L_d_main": 1,
  "seed": 6,
  "wall_clock_s": 196.53,
  "steps_trained": 10000,
  "final_interval_loss": -3007.682758,
  "nan_inf": false,
  "still_descending": false,
  "stability_flag": "stable",
  "diff_mu": 0.008204648271203041,
  "diff_sigma": 1.088896306455922e-09,
  "diff_mu_aggregate": 0.008204648271203041,
  "diff_sigma_aggregate": 1.088896306455922e-09,
  "diff_mu_per_k": [
    0.025509154424071312,
    0.0007429297547787428,
    0.01858651451766491,
    0.02601032517850399,
    0.00255244760774076,
    0.0029726477805525064,
    0.00017430623120162636,
    0.01113007590174675,
    0.023976821452379227,
    0.00021518388530239463,
    0.001118148909881711,
    0.00012517224240582436,
    0.014306616969406605,
    0.003203284926712513,
    0.00036212074337527156,
    0.0002886058355215937
  ],
  "diff_sigma_per_k": [
    3.8726843953895695e-09,
    5.561486271510319e-10,
    9.527612032655952e-10,
    1.855163800357218e-09,
    1.4175384199788255e-09,
    1.4978672746579491e-09,
    7.211575225873901e-10,
    6.440742383873044e-10,
    9.987054516713556e-10,
    5.533718483441419e-10,
    1.251672765434364e-09,
    6.585778589141e-10,
    7.652052880224858e-10,
    4.460195546229784e-10,
    5.969922334259081e-10,
    6.344014757964089e-10
  ],
  "variance_collapse": true,
  "k_report_idx": {
    "k1": 0,
    "k8": 7,
    "k15": 14
  },
  "spec": {
    "kind": "cell",
    "tag": "mag0.3_high",
    "cross": "high",
    "magnitude": 0.3,
    "baseline_key": [
      0.9,
      472,
      2048,
      128
    ],
    "params": {
      "period_P": 2048,
      "manifold_dim_D": 128,
      "continuity_center": 472,
      "fidelity_F": 0.97,
      "magnitude_M": 0.3,
      "locality_L": 0.9
    },
    "L_d_main": 1,
    "seed": 6,
    "perk": true,
    "label": "cell_mag0.3_high_s6",
    "out_file": "/mnt/c/Users/Jason/Desktop/Eridos/Weft 2/v2/results/phase1/pilot/_runs/cell_mag0.3_high_s6.json"
  }
}