{
  "label": "cell_mag0.1_mid_s7",
  "L_d_main": 1,
  "seed": 7,
  "wall_clock_s": 200.8,
  "steps_trained": 10000,
  "final_interval_loss": -2882.27223,
  "nan_inf": false,
  "still_descending": true,
  "stability_flag": "stable",
  "diff_mu": 0.2617776095867157,
  "diff_sigma": 2.0815716084143787e-07,
  "diff_mu_aggregate": 0.2617776095867157,
  "diff_sigma_aggregate": 2.0815716084143787e-07,
  "diff_mu_per_k": [
    0.2594718039035797,
    0.2623353600502014,
    0.2606751620769501,
    0.2634665369987488,
    0.2609374225139618,
    0.26193949580192566,
    0.2610909640789032,
    0.25871741771698,
    0.26196640729904175,
    0.26312094926834106,
    0.26284024119377136,
    0.2614985704421997,
    0.265040785074234,
    0.260163813829422,
    0.26400214433670044,
    0.26117444038391113
  ],
  "diff_sigma_per_k": [
    1.9842471488118463e-07,
    2.2323287396375235e-07,
    2.1009378770031617e-07,
    2.2003573008078092e-07,
    1.9848867793825775e-07,
    1.8396625023342494e-07,
    1.9274433782356937e-07,
    2.0113650123221305e-07,
    2.3301535634345782e-07,
    2.1975596098400274e-07,
    2.0385562038427452e-07,
    1.9300520648357633e-07,
    1.8897745235335606e-07,
    2.0824890611947922e-07,
    2.3054134601352416e-07,
    2.2499186513869063e-07
  ],
  "variance_collapse": false,
  "k_report_idx": {
    "k1": 0,
    "k8": 7,
    "k15": 14
  },
  "spec": {
    "kind": "cell",
    "tag": "mag0.1_mid",
    "cross": "mid",
    "magnitude": 0.1,
    "baseline_key": [
      0.5,
      39,
      256,
      16
    ],
    "params": {
      "period_P": 256,
      "manifold_dim_D": 16,
      "continuity_center": 39,
      "fidelity_F": 0.97,
      "magnitude_M": 0.1,
      "locality_L": 0.5
    },
    "L_d_main": 1,
    "seed": 7,
    "perk": true,
    "label": "cell_mag0.1_mid_s7",
    "out_file": "/mnt/c/Users/Jason/Desktop/Eridos/Weft 2/v2/results/phase1/pilot/_runs/cell_mag0.1_mid_s7.json"
  }
}