{
  "label": "cell_mag0.3_high_s8",
  "L_d_main": 1,
  "seed": 8,
  "wall_clock_s": 197.35,
  "steps_trained": 10000,
  "final_interval_loss": -3009.100956,
  "nan_inf": false,
  "still_descending": false,
  "stability_flag": "stable",
  "diff_mu": 2.4083354219328612e-05,
  "diff_sigma": 6.06552030824048e-11,
  "diff_mu_aggregate": 2.4083354219328612e-05,
  "diff_sigma_aggregate": 6.06552030824048e-11,
  "diff_mu_per_k": [
    2.4549277441110462e-05,
    2.4058315830188803e-05,
    2.377481541770976e-05,
    2.4445371309411712e-05,
    2.5049756004591472e-05,
    2.4911259970394894e-05,
    2.3592880097567104e-05,
    2.2971818907535635e-05,
    2.3773965949658304e-05,
    2.3900012820377015e-05,
    2.3936103389132768e-05,
    2.4167220544768497e-05,
    2.3729531676508486e-05,
    2.4806999135762453e-05,
    2.3997343305381946e-05,
    2.3668957510381006e-05
  ],
  "diff_sigma_per_k": [
    6.078401670883693e-11,
    6.888414838535084e-11,
    5.601613270456163e-11,
    6.354047149548236e-11,
    6.133884372649945e-11,
    6.377508937616128e-11,
    5.410916506520813e-11,
    5.3872833277734955e-11,
    5.842881733997274e-11,
    6.049032802435406e-11,
    6.631774990273342e-11,
    6.245788608527647e-11,
    5.522745108454963e-11,
    5.833120098053257e-11,
    6.045847850133512e-11,
    6.645059502652373e-11
  ],
  "variance_collapse": true,
  "k_report_idx": {
    "k1": 0,
    "k8": 7,
    "k15": 14
  },
  "spec": {
    "kind": "cell",
    "tag": "mag0.3_high",
    "cross": "high",
    "magnitude": 0.3,
    "baseline_key": [
      0.9,
      472,
      2048,
      128
    ],
    "params": {
      "period_P": 2048,
      "manifold_dim_D": 128,
      "continuity_center": 472,
      "fidelity_F": 0.97,
      "magnitude_M": 0.3,
      "locality_L": 0.9
    },
    "L_d_main": 1,
    "seed": 8,
    "perk": true,
    "label": "cell_mag0.3_high_s8",
    "out_file": "/mnt/c/Users/Jason/Desktop/Eridos/Weft 2/v2/results/phase1/pilot/_runs/cell_mag0.3_high_s8.json"
  }
}