{
  "label": "cell_mag0.7_high_s0",
  "L_d_main": 1,
  "seed": 0,
  "wall_clock_s": 194.94,
  "steps_trained": 10000,
  "final_interval_loss": -2996.573333,
  "nan_inf": false,
  "still_descending": false,
  "stability_flag": "stable",
  "diff_mu": 5.00571659358684e-05,
  "diff_sigma": 4.800769851098785e-11,
  "diff_mu_aggregate": 5.00571659358684e-05,
  "diff_sigma_aggregate": 4.800769851098785e-11,
  "diff_mu_per_k": [
    6.34797615930438e-05,
    4.990553861716762e-05,
    4.4524371332954615e-05,
    4.4650161726167426e-05,
    5.533081275643781e-05,
    5.117966793477535e-05,
    4.5319146011024714e-05,
    4.590523531078361e-05,
    4.357363286544569e-05,
    5.4899017413845286e-05,
    6.368432514136657e-05,
    4.929980786982924e-05,
    4.280246503185481e-05,
    4.4410277041606605e-05,
    4.7848290705587715e-05,
    5.410215453593992e-05
  ],
  "diff_sigma_per_k": [
    6.519429440743352e-11,
    3.756012861844127e-11,
    3.6109081003044e-11,
    2.9680063962089775e-11,
    6.760499104974116e-11,
    5.4322921161364945e-11,
    4.298131989211029e-11,
    3.25514060151022e-11,
    3.640307499885864e-11,
    5.579615589001996e-11,
    6.190265661176753e-11,
    5.5581244468028146e-11,
    3.2047531295376075e-11,
    4.6364440065005397e-11,
    5.0580685473367026e-11,
    6.344318126405568e-11
  ],
  "variance_collapse": true,
  "k_report_idx": {
    "k1": 0,
    "k8": 7,
    "k15": 14
  },
  "spec": {
    "kind": "cell",
    "tag": "mag0.7_high",
    "cross": "high",
    "magnitude": 0.7,
    "baseline_key": [
      0.9,
      472,
      2048,
      128
    ],
    "params": {
      "period_P": 2048,
      "manifold_dim_D": 128,
      "continuity_center": 472,
      "fidelity_F": 0.97,
      "magnitude_M": 0.7,
      "locality_L": 0.9
    },
    "L_d_main": 1,
    "seed": 0,
    "perk": true,
    "label": "cell_mag0.7_high_s0",
    "out_file": "/mnt/c/Users/Jason/Desktop/Eridos/Weft 2/v2/results/phase1/pilot/_runs/cell_mag0.7_high_s0.json"
  }
}