{
  "label": "cell_mag0.9_mid_s7",
  "L_d_main": 1,
  "seed": 7,
  "wall_clock_s": 197.85,
  "steps_trained": 10000,
  "final_interval_loss": -2903.011168,
  "nan_inf": false,
  "still_descending": true,
  "stability_flag": "stable",
  "diff_mu": 0.0029064726550132036,
  "diff_sigma": 5.039513251148264e-09,
  "diff_mu_aggregate": 0.0029064726550132036,
  "diff_sigma_aggregate": 5.039513251148264e-09,
  "diff_mu_per_k": [
    0.002549320226535201,
    0.0030547676142305136,
    0.0033887240570038557,
    0.005540704354643822,
    0.0024644017685204744,
    0.002908217255026102,
    0.0023377316538244486,
    0.002347417175769806,
    0.002746670739725232,
    0.002884219866245985,
    0.002921283943578601,
    0.003057854250073433,
    0.0026570898480713367,
    0.0028500116895884275,
    0.0023012051824480295,
    0.002493937499821186
  ],
  "diff_sigma_per_k": [
    4.240196194160717e-09,
    5.006344672153773e-09,
    5.232840827318341e-09,
    1.1663441767950644e-08,
    4.085088267657966e-09,
    5.1316169091819575e-09,
    4.247875384777444e-09,
    4.187003632694086e-09,
    5.564397387303188e-09,
    4.791282925964424e-09,
    4.533385666860568e-09,
    3.93005361587484e-09,
    4.034862222113134e-09,
    4.787661822547307e-09,
    4.782099605193935e-09,
    4.414058007995436e-09
  ],
  "variance_collapse": true,
  "k_report_idx": {
    "k1": 0,
    "k8": 7,
    "k15": 14
  },
  "spec": {
    "kind": "cell",
    "tag": "mag0.9_mid",
    "cross": "mid",
    "magnitude": 0.9,
    "baseline_key": [
      0.5,
      39,
      256,
      16
    ],
    "params": {
      "period_P": 256,
      "manifold_dim_D": 16,
      "continuity_center": 39,
      "fidelity_F": 0.97,
      "magnitude_M": 0.9,
      "locality_L": 0.5
    },
    "L_d_main": 1,
    "seed": 7,
    "perk": true,
    "label": "cell_mag0.9_mid_s7",
    "out_file": "/mnt/c/Users/Jason/Desktop/Eridos/Weft 2/v2/results/phase1/pilot/_runs/cell_mag0.9_mid_s7.json"
  }
}