{
  "label": "cell_mag0.1_low_s4",
  "L_d_main": 1,
  "seed": 4,
  "wall_clock_s": 195.99,
  "steps_trained": 10000,
  "final_interval_loss": -2682.134189,
  "nan_inf": false,
  "still_descending": false,
  "stability_flag": "stable",
  "diff_mu": 0.5099831223487854,
  "diff_sigma": 2.489607311417785e-07,
  "diff_mu_aggregate": 0.5099831223487854,
  "diff_sigma_aggregate": 2.489607311417785e-07,
  "diff_mu_per_k": [
    0.4640807509422302,
    0.48330193758010864,
    0.5326459407806396,
    0.5456467270851135,
    0.5213103294372559,
    0.5034490823745728,
    0.47181710600852966,
    0.4671066701412201,
    0.4830709993839264,
    0.5241904258728027,
    0.552298367023468,
    0.5781624913215637,
    0.5570565462112427,
    0.5150971412658691,
    0.4867761433124542,
    0.47370821237564087
  ],
  "diff_sigma_per_k": [
    2.317652132433068e-07,
    1.9412840401855647e-07,
    2.2335019878028106e-07,
    2.463785904183169e-07,
    2.5984351736951794e-07,
    2.3332879095505632e-07,
    2.113661849989512e-07,
    2.4440501533717907e-07,
    2.305382906797604e-07,
    2.1731210608777474e-07,
    2.3218395028834493e-07,
    2.48327552299088e-07,
    2.501937217402883e-07,
    2.912035483859654e-07,
    3.1916573561829864e-07,
    3.4988099173460796e-07
  ],
  "variance_collapse": false,
  "k_report_idx": {
    "k1": 0,
    "k8": 7,
    "k15": 14
  },
  "spec": {
    "kind": "cell",
    "tag": "mag0.1_low",
    "cross": "low",
    "magnitude": 0.1,
    "baseline_key": [
      0.3,
      3,
      32,
      4
    ],
    "params": {
      "period_P": 32,
      "manifold_dim_D": 4,
      "continuity_center": 3,
      "fidelity_F": 0.97,
      "magnitude_M": 0.1,
      "locality_L": 0.3
    },
    "L_d_main": 1,
    "seed": 4,
    "perk": true,
    "label": "cell_mag0.1_low_s4",
    "out_file": "/mnt/c/Users/Jason/Desktop/Eridos/Weft 2/v2/results/phase1/pilot/_runs/cell_mag0.1_low_s4.json"
  }
}