{
  "label": "cell_mag0.3_mid_s5",
  "L_d_main": 1,
  "seed": 5,
  "wall_clock_s": 192.05,
  "steps_trained": 10000,
  "final_interval_loss": -2847.681067,
  "nan_inf": false,
  "still_descending": false,
  "stability_flag": "stable",
  "diff_mu": 0.018244313076138496,
  "diff_sigma": 4.4300298895905144e-07,
  "diff_mu_aggregate": 0.018244313076138496,
  "diff_sigma_aggregate": 4.4300298895905144e-07,
  "diff_mu_per_k": [
    0.021098865196108818,
    0.019439736381173134,
    0.019516851752996445,
    0.018367577344179153,
    0.01764931157231331,
    0.017730996012687683,
    0.016883734613656998,
    0.01689763553440571,
    0.018094703555107117,
    0.018775010481476784,
    0.018286632373929024,
    0.018282046541571617,
    0.018396705389022827,
    0.017967194318771362,
    0.01752431131899357,
    0.0169976893812418
  ],
  "diff_sigma_per_k": [
    3.96501803834326e-07,
    4.7529738367302343e-07,
    5.025462996854912e-07,
    4.1089350588663365e-07,
    3.635369125731813e-07,
    4.409454561482562e-07,
    4.368206703020405e-07,
    4.451729296306439e-07,
    5.018378033128101e-07,
    5.006514243177662e-07,
    4.4114173647358257e-07,
    3.958760714795062e-07,
    4.108126745450136e-07,
    4.5493192146750516e-07,
    4.343935984252312e-07,
    4.7668754632468335e-07
  ],
  "variance_collapse": false,
  "k_report_idx": {
    "k1": 0,
    "k8": 7,
    "k15": 14
  },
  "spec": {
    "kind": "cell",
    "tag": "mag0.3_mid",
    "cross": "mid",
    "magnitude": 0.3,
    "baseline_key": [
      0.5,
      39,
      256,
      16
    ],
    "params": {
      "period_P": 256,
      "manifold_dim_D": 16,
      "continuity_center": 39,
      "fidelity_F": 0.97,
      "magnitude_M": 0.3,
      "locality_L": 0.5
    },
    "L_d_main": 1,
    "seed": 5,
    "perk": true,
    "label": "cell_mag0.3_mid_s5",
    "out_file": "/mnt/c/Users/Jason/Desktop/Eridos/Weft 2/v2/results/phase1/pilot/_runs/cell_mag0.3_mid_s5.json"
  }
}