{
  "label": "cell_mag0.9_high_s3",
  "L_d_main": 1,
  "seed": 3,
  "wall_clock_s": 192.94,
  "steps_trained": 10000,
  "final_interval_loss": -3000.267471,
  "nan_inf": false,
  "still_descending": false,
  "stability_flag": "stable",
  "diff_mu": 2.972545917145908e-05,
  "diff_sigma": 1.254069070810715e-10,
  "diff_mu_aggregate": 2.972545917145908e-05,
  "diff_sigma_aggregate": 1.254069070810715e-10,
  "diff_mu_per_k": [
    3.008672865689732e-05,
    2.968288754345849e-05,
    2.9097209335304797e-05,
    2.9175627787481062e-05,
    3.0327693821163848e-05,
    3.114546416327357e-05,
    2.8989648853894323e-05,
    2.9485794584616087e-05,
    2.8967715479666367e-05,
    2.9758088203379884e-05,
    2.9949527743156068e-05,
    3.0034847441129386e-05,
    2.934211261163e-05,
    3.0301538572530262e-05,
    2.9032606107648462e-05,
    3.0229874028009363e-05
  ],
  "diff_sigma_per_k": [
    1.3529727338479347e-10,
    1.2309706032276324e-10,
    1.1035566904737948e-10,
    1.1959050416621153e-10,
    1.2473834465343003e-10,
    1.4125511871299068e-10,
    1.5132201047762806e-10,
    1.1921631737354943e-10,
    1.1491637502691887e-10,
    1.202395266686196e-10,
    1.2928172421489137e-10,
    1.2123718695633556e-10,
    1.1129421689792807e-10,
    1.240351849007837e-10,
    1.2061789067541184e-10,
    1.4001606818414558e-10
  ],
  "variance_collapse": true,
  "k_report_idx": {
    "k1": 0,
    "k8": 7,
    "k15": 14
  },
  "spec": {
    "kind": "cell",
    "tag": "mag0.9_high",
    "cross": "high",
    "magnitude": 0.9,
    "baseline_key": [
      0.9,
      472,
      2048,
      128
    ],
    "params": {
      "period_P": 2048,
      "manifold_dim_D": 128,
      "continuity_center": 472,
      "fidelity_F": 0.97,
      "magnitude_M": 0.9,
      "locality_L": 0.9
    },
    "L_d_main": 1,
    "seed": 3,
    "perk": true,
    "label": "cell_mag0.9_high_s3",
    "out_file": "/mnt/c/Users/Jason/Desktop/Eridos/Weft 2/v2/results/phase1/pilot/_runs/cell_mag0.9_high_s3.json"
  }
}