{
  "label": "cell_mag0.7_high_s6",
  "L_d_main": 1,
  "seed": 6,
  "wall_clock_s": 198.76,
  "steps_trained": 10000,
  "final_interval_loss": -3008.329939,
  "nan_inf": false,
  "still_descending": false,
  "stability_flag": "stable",
  "diff_mu": 0.0001923340023495257,
  "diff_sigma": 1.901949264748737e-09,
  "diff_mu_aggregate": 0.0001923340023495257,
  "diff_sigma_aggregate": 1.901949264748737e-09,
  "diff_mu_per_k": [
    0.00018682811059989035,
    0.00019787970813922584,
    0.00019381231686566025,
    0.00019558490021154284,
    0.00018757588986773044,
    0.0001882589713204652,
    0.00018845070735551417,
    0.0001961945090442896,
    0.00019846735813189298,
    0.00019438954768702388,
    0.0001881506177596748,
    0.00019221965339966118,
    0.00019165895355399698,
    0.00019270624034106731,
    0.0001948735589394346,
    0.00019029270333703607
  ],
  "diff_sigma_per_k": [
    1.832517249056309e-09,
    2.0543722278887344e-09,
    1.6559524862458375e-09,
    1.9952275387424834e-09,
    1.8573381721509463e-09,
    1.9907522297302194e-09,
    1.9257522243520953e-09,
    1.7197552271142058e-09,
    1.7542870489606344e-09,
    1.8676344915036225e-09,
    1.9809605067422353e-09,
    1.8072734420115921e-09,
    1.8227428455475092e-09,
    1.796415460830758e-09,
    2.0698509572980583e-09,
    2.300353241224684e-09
  ],
  "variance_collapse": true,
  "k_report_idx": {
    "k1": 0,
    "k8": 7,
    "k15": 14
  },
  "spec": {
    "kind": "cell",
    "tag": "mag0.7_high",
    "cross": "high",
    "magnitude": 0.7,
    "baseline_key": [
      0.9,
      472,
      2048,
      128
    ],
    "params": {
      "period_P": 2048,
      "manifold_dim_D": 128,
      "continuity_center": 472,
      "fidelity_F": 0.97,
      "magnitude_M": 0.7,
      "locality_L": 0.9
    },
    "L_d_main": 1,
    "seed": 6,
    "perk": true,
    "label": "cell_mag0.7_high_s6",
    "out_file": "/mnt/c/Users/Jason/Desktop/Eridos/Weft 2/v2/results/phase1/pilot/_runs/cell_mag0.7_high_s6.json"
  }
}