{
  "label": "cell_mag0.9_high_s7",
  "L_d_main": 1,
  "seed": 7,
  "wall_clock_s": 198.07,
  "steps_trained": 10000,
  "final_interval_loss": -3009.627435,
  "nan_inf": false,
  "still_descending": false,
  "stability_flag": "stable",
  "diff_mu": 0.00013552041491493583,
  "diff_sigma": 7.972964510827296e-10,
  "diff_mu_aggregate": 0.00013552041491493583,
  "diff_sigma_aggregate": 7.972964510827296e-10,
  "diff_mu_per_k": [
    0.0001356076536467299,
    0.00014293976710177958,
    0.00012987029913347214,
    0.00014080601977184415,
    0.0001329994120169431,
    0.00013642161502502859,
    0.00013862484775017947,
    0.00013661893899552524,
    0.0001363973569823429,
    0.0001345583877991885,
    0.00013422164192888886,
    0.0001369864185107872,
    0.00013114944158587605,
    0.0001390166871715337,
    0.00013048583059571683,
    0.00013162230607122183
  ],
  "diff_sigma_per_k": [
    9.56668300133856e-10,
    7.555570613604345e-10,
    7.32999161368042e-10,
    7.706862925616065e-10,
    7.758677034175321e-10,
    9.397778111264188e-10,
    7.49068640448769e-10,
    8.211102353605781e-10,
    7.994619966034122e-10,
    8.055667799489186e-10,
    8.315123589675011e-10,
    6.908583150000425e-10,
    7.198077134340508e-10,
    7.399184598355646e-10,
    8.778677229592802e-10,
    7.900141651973058e-10
  ],
  "variance_collapse": true,
  "k_report_idx": {
    "k1": 0,
    "k8": 7,
    "k15": 14
  },
  "spec": {
    "kind": "cell",
    "tag": "mag0.9_high",
    "cross": "high",
    "magnitude": 0.9,
    "baseline_key": [
      0.9,
      472,
      2048,
      128
    ],
    "params": {
      "period_P": 2048,
      "manifold_dim_D": 128,
      "continuity_center": 472,
      "fidelity_F": 0.97,
      "magnitude_M": 0.9,
      "locality_L": 0.9
    },
    "L_d_main": 1,
    "seed": 7,
    "perk": true,
    "label": "cell_mag0.9_high_s7",
    "out_file": "/mnt/c/Users/Jason/Desktop/Eridos/Weft 2/v2/results/phase1/pilot/_runs/cell_mag0.9_high_s7.json"
  }
}