{
  "label": "cell_mag0.7_low_s4",
  "L_d_main": 1,
  "seed": 4,
  "wall_clock_s": 191.4,
  "steps_trained": 10000,
  "final_interval_loss": -2617.149004,
  "nan_inf": false,
  "still_descending": false,
  "stability_flag": "stable",
  "diff_mu": 0.5509023070335388,
  "diff_sigma": 5.690833404514706e-07,
  "diff_mu_aggregate": 0.5509023070335388,
  "diff_sigma_aggregate": 5.690833404514706e-07,
  "diff_mu_per_k": [
    0.5271499156951904,
    0.6109783053398132,
    0.658848226070404,
    0.6254966855049133,
    0.5859101414680481,
    0.49581947922706604,
    0.45507657527923584,
    0.4360485076904297,
    0.4634377956390381,
    0.5388166904449463,
    0.6005194187164307,
    0.6215047240257263,
    0.6422756910324097,
    0.5767887830734253,
    0.5064083337783813,
    0.4693399965763092
  ],
  "diff_sigma_per_k": [
    4.89798367198091e-07,
    5.521266075447784e-07,
    5.541208452086721e-07,
    6.465110118369921e-07,
    5.386602310863964e-07,
    5.411420147538593e-07,
    5.019888362767233e-07,
    6.032696546753868e-07,
    6.436752073568641e-07,
    6.829138783359667e-07,
    6.360053248499753e-07,
    5.057124781160383e-07,
    5.436556307358842e-07,
    5.098925157653866e-07,
    5.510883624992857e-07,
    6.047734473213495e-07
  ],
  "variance_collapse": false,
  "k_report_idx": {
    "k1": 0,
    "k8": 7,
    "k15": 14
  },
  "spec": {
    "kind": "cell",
    "tag": "mag0.7_low",
    "cross": "low",
    "magnitude": 0.7,
    "baseline_key": [
      0.3,
      3,
      32,
      4
    ],
    "params": {
      "period_P": 32,
      "manifold_dim_D": 4,
      "continuity_center": 3,
      "fidelity_F": 0.97,
      "magnitude_M": 0.7,
      "locality_L": 0.3
    },
    "L_d_main": 1,
    "seed": 4,
    "perk": true,
    "label": "cell_mag0.7_low_s4",
    "out_file": "/mnt/c/Users/Jason/Desktop/Eridos/Weft 2/v2/results/phase1/pilot/_runs/cell_mag0.7_low_s4.json"
  }
}