{
  "label": "cell_mag0.1_mid_s9",
  "L_d_main": 1,
  "seed": 9,
  "wall_clock_s": 199.93,
  "steps_trained": 10000,
  "final_interval_loss": -2755.673765,
  "nan_inf": false,
  "still_descending": false,
  "stability_flag": "stable",
  "diff_mu": 0.018884457647800446,
  "diff_sigma": 5.387514789845227e-08,
  "diff_mu_aggregate": 0.018884457647800446,
  "diff_sigma_aggregate": 5.387514789845227e-08,
  "diff_mu_per_k": [
    0.019811568781733513,
    0.01989288069307804,
    0.020108379423618317,
    0.018252160400152206,
    0.018325721845030785,
    0.017805643379688263,
    0.017312560230493546,
    0.01780225895345211,
    0.01936515048146248,
    0.01930275931954384,
    0.019449546933174133,
    0.020543565973639488,
    0.018975522369146347,
    0.019891206175088882,
    0.01796528697013855,
    0.017347101122140884
  ],
  "diff_sigma_per_k": [
    6.019843823423798e-08,
    6.430772003795937e-08,
    6.042702693775936e-08,
    4.9209177177544916e-08,
    4.5417063887498443e-08,
    4.430891209494803e-08,
    4.1617621349132605e-08,
    5.5585260838597605e-08,
    6.066218816158653e-08,
    5.6783260760084886e-08,
    5.343015985204147e-08,
    5.507247280434058e-08,
    4.9075538299803156e-08,
    5.515648382470317e-08,
    5.2472167055839236e-08,
    5.8278843084735854e-08
  ],
  "variance_collapse": false,
  "k_report_idx": {
    "k1": 0,
    "k8": 7,
    "k15": 14
  },
  "spec": {
    "kind": "cell",
    "tag": "mag0.1_mid",
    "cross": "mid",
    "magnitude": 0.1,
    "baseline_key": [
      0.5,
      39,
      256,
      16
    ],
    "params": {
      "period_P": 256,
      "manifold_dim_D": 16,
      "continuity_center": 39,
      "fidelity_F": 0.97,
      "magnitude_M": 0.1,
      "locality_L": 0.5
    },
    "L_d_main": 1,
    "seed": 9,
    "perk": true,
    "label": "cell_mag0.1_mid_s9",
    "out_file": "/mnt/c/Users/Jason/Desktop/Eridos/Weft 2/v2/results/phase1/pilot/_runs/cell_mag0.1_mid_s9.json"
  }
}