{
  "label": "cell_mag0.3_high_s4",
  "L_d_main": 1,
  "seed": 4,
  "wall_clock_s": 197.94,
  "steps_trained": 10000,
  "final_interval_loss": -3009.240236,
  "nan_inf": false,
  "still_descending": false,
  "stability_flag": "stable",
  "diff_mu": 9.423306619282812e-05,
  "diff_sigma": 4.307141754367194e-09,
  "diff_mu_aggregate": 9.423306619282812e-05,
  "diff_sigma_aggregate": 4.307141754367194e-09,
  "diff_mu_per_k": [
    9.628516272641718e-05,
    9.408737241756171e-05,
    9.459291322855279e-05,
    9.355397196486592e-05,
    9.504090121481568e-05,
    9.363365825265646e-05,
    9.538346785120666e-05,
    9.38215889618732e-05,
    9.305658022640273e-05,
    9.445844625588506e-05,
    9.489262447459623e-05,
    9.317741933045909e-05,
    9.339849930256605e-05,
    9.45716819842346e-05,
    9.409306949237362e-05,
    9.368182509206235e-05
  ],
  "diff_sigma_per_k": [
    4.415859677919798e-09,
    4.580192669578764e-09,
    4.210307658070178e-09,
    4.058791525096694e-09,
    4.508975415262739e-09,
    4.203380754574937e-09,
    4.493846184061567e-09,
    4.138378972839973e-09,
    3.845869400720403e-09,
    4.59232030181056e-09,
    4.670825504149434e-09,
    4.125184638326118e-09,
    4.1829157915174164e-09,
    4.453296842399368e-09,
    3.923367852820547e-09,
    4.510752216191349e-09
  ],
  "variance_collapse": true,
  "k_report_idx": {
    "k1": 0,
    "k8": 7,
    "k15": 14
  },
  "spec": {
    "kind": "cell",
    "tag": "mag0.3_high",
    "cross": "high",
    "magnitude": 0.3,
    "baseline_key": [
      0.9,
      472,
      2048,
      128
    ],
    "params": {
      "period_P": 2048,
      "manifold_dim_D": 128,
      "continuity_center": 472,
      "fidelity_F": 0.97,
      "magnitude_M": 0.3,
      "locality_L": 0.9
    },
    "L_d_main": 1,
    "seed": 4,
    "perk": true,
    "label": "cell_mag0.3_high_s4",
    "out_file": "/mnt/c/Users/Jason/Desktop/Eridos/Weft 2/v2/results/phase1/pilot/_runs/cell_mag0.3_high_s4.json"
  }
}