{
  "label": "cell_mag0.3_low_s2",
  "L_d_main": 1,
  "seed": 2,
  "wall_clock_s": 195.89,
  "steps_trained": 10000,
  "final_interval_loss": -2274.303194,
  "nan_inf": false,
  "still_descending": false,
  "stability_flag": "stable",
  "diff_mu": 0.6977812051773071,
  "diff_sigma": 2.1119056327734143e-05,
  "diff_mu_aggregate": 0.6977812051773071,
  "diff_sigma_aggregate": 2.1119056327734143e-05,
  "diff_mu_per_k": [
    0.5797828435897827,
    0.7195805311203003,
    0.7620404362678528,
    0.7859073281288147,
    0.7583185434341431,
    0.7222405076026917,
    0.662107527256012,
    0.5451434254646301,
    0.5398951768875122,
    0.6558499932289124,
    0.7820910811424255,
    0.834365963935852,
    0.7889704704284668,
    0.7529722452163696,
    0.683927059173584,
    0.5913335084915161
  ],
  "diff_sigma_per_k": [
    2.142768607882317e-05,
    2.6241257728543133e-05,
    2.4485167159582488e-05,
    1.8982120309374295e-05,
    1.7371505236951634e-05,
    1.4184322026267182e-05,
    1.3258772924018558e-05,
    1.5281064406735823e-05,
    2.2264488507062197e-05,
    2.4836457669152878e-05,
    2.7714269890566356e-05,
    2.9496215574909e-05,
    2.4550756279495545e-05,
    1.9402577891014516e-05,
    1.8276523405802436e-05,
    2.0131707060500048e-05
  ],
  "variance_collapse": false,
  "k_report_idx": {
    "k1": 0,
    "k8": 7,
    "k15": 14
  },
  "spec": {
    "kind": "cell",
    "tag": "mag0.3_low",
    "cross": "low",
    "magnitude": 0.3,
    "baseline_key": [
      0.3,
      3,
      32,
      4
    ],
    "params": {
      "period_P": 32,
      "manifold_dim_D": 4,
      "continuity_center": 3,
      "fidelity_F": 0.97,
      "magnitude_M": 0.3,
      "locality_L": 0.3
    },
    "L_d_main": 1,
    "seed": 2,
    "perk": true,
    "label": "cell_mag0.3_low_s2",
    "out_file": "/mnt/c/Users/Jason/Desktop/Eridos/Weft 2/v2/results/phase1/pilot/_runs/cell_mag0.3_low_s2.json"
  }
}