{
  "label": "cell_contLow_mid_s8",
  "L_d_main": 1,
  "seed": 8,
  "wall_clock_s": 197.02,
  "steps_trained": 10000,
  "final_interval_loss": -2941.851322,
  "nan_inf": false,
  "still_descending": true,
  "stability_flag": "stable",
  "diff_mu": 0.05925387889146805,
  "diff_sigma": 4.38637783872764e-08,
  "diff_mu_aggregate": 0.05925387889146805,
  "diff_sigma_aggregate": 4.38637783872764e-08,
  "diff_mu_per_k": [
    0.058497052639722824,
    0.058856796473264694,
    0.05974859371781349,
    0.0592426173388958,
    0.05967003479599953,
    0.059434954077005386,
    0.05912481248378754,
    0.05804632231593132,
    0.05986539646983147,
    0.059052132070064545,
    0.059301797300577164,
    0.05865926668047905,
    0.06007745862007141,
    0.058902557939291,
    0.06049671024084091,
    0.05908564478158951
  ],
  "diff_sigma_per_k": [
    3.3718716707653584e-08,
    3.5545422605309795e-08,
    3.682225724332966e-08,
    3.980528617830714e-08,
    4.6670209030708065e-08,
    4.9368292565077354e-08,
    4.5391939096361966e-08,
    3.9893979675298397e-08,
    4.0776903631467576e-08,
    3.760316502621208e-08,
    3.459073028011517e-08,
    3.779637225420629e-08,
    4.3043360875572034e-08,
    5.349084730710274e-08,
    6.22239824110693e-08,
    6.507899996677224e-08
  ],
  "variance_collapse": false,
  "k_report_idx": {
    "k1": 0,
    "k8": 7,
    "k15": 14
  },
  "spec": {
    "kind": "cell",
    "tag": "contLow_mid",
    "cross": "mid",
    "magnitude": 0.3,
    "baseline_key": [
      0.5,
      19,
      256,
      16
    ],
    "params": {
      "period_P": 256,
      "manifold_dim_D": 16,
      "continuity_center": 19,
      "fidelity_F": 0.97,
      "magnitude_M": 0.3,
      "locality_L": 0.5
    },
    "L_d_main": 1,
    "seed": 8,
    "perk": true,
    "label": "cell_contLow_mid_s8",
    "out_file": "/mnt/c/Users/Jason/Desktop/Eridos/Weft 2/v2/results/phase1/pilot/_runs/cell_contLow_mid_s8.json"
  }
}