{
  "label": "cell_mag0.3_high_s3",
  "L_d_main": 1,
  "seed": 3,
  "wall_clock_s": 193.47,
  "steps_trained": 10000,
  "final_interval_loss": -3007.687065,
  "nan_inf": false,
  "still_descending": false,
  "stability_flag": "stable",
  "diff_mu": 5.00121277582366e-05,
  "diff_sigma": 5.369439337599147e-10,
  "diff_mu_aggregate": 5.00121277582366e-05,
  "diff_sigma_aggregate": 5.369439337599147e-10,
  "diff_mu_per_k": [
    5.140913708601147e-05,
    5.3998246585251763e-05,
    5.0289836508454755e-05,
    4.8998783313436434e-05,
    4.919479397358373e-05,
    4.899467603536323e-05,
    5.286774830892682e-05,
    5.290792978485115e-05,
    5.002292527933605e-05,
    4.9136593588627875e-05,
    4.8965433961711824e-05,
    4.9060774472309276e-05,
    5.031182081438601e-05,
    4.8891128244576976e-05,
    4.831808837479912e-05,
    4.682617509388365e-05
  ],
  "diff_sigma_per_k": [
    4.971615341631264e-10,
    6.088862192221711e-10,
    4.736043779374199e-10,
    5.9701621424324e-10,
    5.527968083285373e-10,
    5.478743014819543e-10,
    6.886801684480304e-10,
    4.1896419666898055e-10,
    4.721915636274332e-10,
    5.575666039980831e-10,
    5.155162963177418e-10,
    4.916725360182284e-10,
    5.349918286157163e-10,
    5.178441564446246e-10,
    6.546985176214548e-10,
    4.6163775579977084e-10
  ],
  "variance_collapse": true,
  "k_report_idx": {
    "k1": 0,
    "k8": 7,
    "k15": 14
  },
  "spec": {
    "kind": "cell",
    "tag": "mag0.3_high",
    "cross": "high",
    "magnitude": 0.3,
    "baseline_key": [
      0.9,
      472,
      2048,
      128
    ],
    "params": {
      "period_P": 2048,
      "manifold_dim_D": 128,
      "continuity_center": 472,
      "fidelity_F": 0.97,
      "magnitude_M": 0.3,
      "locality_L": 0.9
    },
    "L_d_main": 1,
    "seed": 3,
    "perk": true,
    "label": "cell_mag0.3_high_s3",
    "out_file": "/mnt/c/Users/Jason/Desktop/Eridos/Weft 2/v2/results/phase1/pilot/_runs/cell_mag0.3_high_s3.json"
  }
}