{
  "label": "cell_mag0.1_low_s3",
  "L_d_main": 1,
  "seed": 3,
  "wall_clock_s": 212.74,
  "steps_trained": 10000,
  "final_interval_loss": -2450.944354,
  "nan_inf": false,
  "still_descending": false,
  "stability_flag": "stable",
  "diff_mu": 7.584725379943848,
  "diff_sigma": 1.7509801182313822e-06,
  "diff_mu_aggregate": 7.584725379943848,
  "diff_sigma_aggregate": 1.7509801182313822e-06,
  "diff_mu_per_k": [
    6.871634006500244,
    7.296957015991211,
    7.913753509521484,
    7.938573837280273,
    7.834204196929932,
    7.7967634201049805,
    7.71331262588501,
    7.667494297027588,
    7.729342460632324,
    7.7396368980407715,
    7.566294193267822,
    7.563356876373291,
    7.317734241485596,
    7.317932605743408,
    7.4807448387146,
    7.60791540145874
  ],
  "diff_sigma_per_k": [
    1.2111740943510085e-06,
    1.503221369603125e-06,
    1.707853471089038e-06,
    2.1405326151580084e-06,
    1.9005644844583003e-06,
    1.88862190952932e-06,
    1.5790494671819033e-06,
    1.5678859881518292e-06,
    1.3708131518797018e-06,
    1.2764198800141457e-06,
    1.0373875056757242e-06,
    1.4176042668623268e-06,
    1.8710488802753389e-06,
    2.346455403312575e-06,
    2.315178335265955e-06,
    2.8818685677833855e-06
  ],
  "variance_collapse": false,
  "k_report_idx": {
    "k1": 0,
    "k8": 7,
    "k15": 14
  },
  "spec": {
    "kind": "cell",
    "tag": "mag0.1_low",
    "cross": "low",
    "magnitude": 0.1,
    "baseline_key": [
      0.3,
      3,
      32,
      4
    ],
    "params": {
      "period_P": 32,
      "manifold_dim_D": 4,
      "continuity_center": 3,
      "fidelity_F": 0.97,
      "magnitude_M": 0.1,
      "locality_L": 0.3
    },
    "L_d_main": 1,
    "seed": 3,
    "perk": true,
    "label": "cell_mag0.1_low_s3",
    "out_file": "/mnt/c/Users/Jason/Desktop/Eridos/Weft 2/v2/results/phase1/pilot/_runs/cell_mag0.1_low_s3.json"
  }
}