{
  "label": "cell_D4_mid_s6",
  "L_d_main": 1,
  "seed": 6,
  "wall_clock_s": 187.16,
  "steps_trained": 10000,
  "final_interval_loss": -2681.192655,
  "nan_inf": false,
  "still_descending": false,
  "stability_flag": "stable",
  "diff_mu": 0.041286900639534,
  "diff_sigma": 1.0649075932178675e-07,
  "diff_mu_aggregate": 0.041286900639534,
  "diff_sigma_aggregate": 1.0649075932178675e-07,
  "diff_mu_per_k": [
    0.03362346068024635,
    0.0355939045548439,
    0.058503925800323486,
    0.0741695910692215,
    0.047309137880802155,
    0.02510884962975979,
    0.021719351410865784,
    0.02796216495335102,
    0.04471196234226227,
    0.0655440241098404,
    0.05832769349217415,
    0.03710241988301277,
    0.020366638898849487,
    0.022072840481996536,
    0.024219706654548645,
    0.06425472348928452
  ],
  "diff_sigma_per_k": [
    2.1153810791929573e-07,
    8.468713019738061e-08,
    8.440048304692027e-08,
    1.3489152195234055e-07,
    9.547829904477112e-08,
    5.7296755784363995e-08,
    1.0729105071050071e-07,
    1.840022036958544e-07,
    8.500703074787452e-08,
    9.693340530247951e-08,
    9.222210195503067e-08,
    6.750806136324172e-08,
    6.20237514681321e-08,
    1.3748511662470264e-07,
    1.1391168897034731e-07,
    8.917543681263851e-08
  ],
  "variance_collapse": false,
  "k_report_idx": {
    "k1": 0,
    "k8": 7,
    "k15": 14
  },
  "spec": {
    "kind": "cell",
    "tag": "D4_mid",
    "cross": "mid",
    "magnitude": 0.3,
    "baseline_key": [
      0.5,
      39,
      256,
      4
    ],
    "params": {
      "period_P": 256,
      "manifold_dim_D": 4,
      "continuity_center": 39,
      "fidelity_F": 0.97,
      "magnitude_M": 0.3,
      "locality_L": 0.5
    },
    "L_d_main": 1,
    "seed": 6,
    "perk": true,
    "label": "cell_D4_mid_s6",
    "out_file": "/mnt/c/Users/Jason/Desktop/Eridos/Weft 2/v2/results/phase1/pilot/_runs/cell_D4_mid_s6.json"
  }
}