{
  "label": "cell_mag0.7_low_s6",
  "L_d_main": 1,
  "seed": 6,
  "wall_clock_s": 196.64,
  "steps_trained": 10000,
  "final_interval_loss": -2372.54241,
  "nan_inf": false,
  "still_descending": false,
  "stability_flag": "stable",
  "diff_mu": 1.027956485748291,
  "diff_sigma": 5.674702379110386e-07,
  "diff_mu_aggregate": 1.027956485748291,
  "diff_sigma_aggregate": 5.674702379110386e-07,
  "diff_mu_per_k": [
    0.8902679085731506,
    0.786409318447113,
    0.7908442616462708,
    0.8740073442459106,
    0.9376195669174194,
    1.026691198348999,
    1.0609283447265625,
    1.0402034521102905,
    0.926021158695221,
    1.0281434059143066,
    1.0267295837402344,
    1.2094403505325317,
    1.2820162773132324,
    1.0535619258880615,
    1.2065937519073486,
    1.3078190088272095
  ],
  "diff_sigma_per_k": [
    3.2095289270728244e-07,
    3.798082275352499e-07,
    3.858404227230494e-07,
    3.98341143181824e-07,
    3.848656149330054e-07,
    3.4787674962899473e-07,
    4.356483032097458e-07,
    5.007752861274639e-07,
    5.886888629902387e-07,
    4.708217886673083e-07,
    5.349003799892671e-07,
    6.780787771276664e-07,
    9.59917656473408e-07,
    9.492035246694286e-07,
    8.873728916114487e-07,
    8.564306881453376e-07
  ],
  "variance_collapse": false,
  "k_report_idx": {
    "k1": 0,
    "k8": 7,
    "k15": 14
  },
  "spec": {
    "kind": "cell",
    "tag": "mag0.7_low",
    "cross": "low",
    "magnitude": 0.7,
    "baseline_key": [
      0.3,
      3,
      32,
      4
    ],
    "params": {
      "period_P": 32,
      "manifold_dim_D": 4,
      "continuity_center": 3,
      "fidelity_F": 0.97,
      "magnitude_M": 0.7,
      "locality_L": 0.3
    },
    "L_d_main": 1,
    "seed": 6,
    "perk": true,
    "label": "cell_mag0.7_low_s6",
    "out_file": "/mnt/c/Users/Jason/Desktop/Eridos/Weft 2/v2/results/phase1/pilot/_runs/cell_mag0.7_low_s6.json"
  }
}