{
  "label": "cell_D4_mid_s5",
  "L_d_main": 1,
  "seed": 5,
  "wall_clock_s": 187.42,
  "steps_trained": 10000,
  "final_interval_loss": -2723.134612,
  "nan_inf": false,
  "still_descending": false,
  "stability_flag": "stable",
  "diff_mu": 0.025536663830280304,
  "diff_sigma": 3.369826373500473e-08,
  "diff_mu_aggregate": 0.025536663830280304,
  "diff_sigma_aggregate": 3.369826373500473e-08,
  "diff_mu_per_k": [
    0.023794757202267647,
    0.026004457846283913,
    0.029407206922769547,
    0.028497060760855675,
    0.023218246176838875,
    0.022022366523742676,
    0.023634172976017,
    0.025066973641514778,
    0.027847763150930405,
    0.028383499011397362,
    0.026321323588490486,
    0.02353266440331936,
    0.02158724144101143,
    0.023684954270720482,
    0.026182571426033974,
    0.029401319101452827
  ],
  "diff_sigma_per_k": [
    2.2420982404014467e-08,
    2.825222722435683e-08,
    4.2732459348826524e-08,
    5.087853338636705e-08,
    2.986811509231302e-08,
    2.3646704150337428e-08,
    2.308469149170378e-08,
    2.7649885936398277e-08,
    3.5417976107510185e-08,
    5.0083393432487355e-08,
    4.534913600195978e-08,
    3.842514573193512e-08,
    2.7363135757241253e-08,
    2.4605135706678993e-08,
    2.842078217213384e-08,
    4.0973958448375924e-08
  ],
  "variance_collapse": false,
  "k_report_idx": {
    "k1": 0,
    "k8": 7,
    "k15": 14
  },
  "spec": {
    "kind": "cell",
    "tag": "D4_mid",
    "cross": "mid",
    "magnitude": 0.3,
    "baseline_key": [
      0.5,
      39,
      256,
      4
    ],
    "params": {
      "period_P": 256,
      "manifold_dim_D": 4,
      "continuity_center": 39,
      "fidelity_F": 0.97,
      "magnitude_M": 0.3,
      "locality_L": 0.5
    },
    "L_d_main": 1,
    "seed": 5,
    "perk": true,
    "label": "cell_D4_mid_s5",
    "out_file": "/mnt/c/Users/Jason/Desktop/Eridos/Weft 2/v2/results/phase1/pilot/_runs/cell_D4_mid_s5.json"
  }
}