{
  "label": "cell_mag0.9_high_s2",
  "L_d_main": 1,
  "seed": 2,
  "wall_clock_s": 193.85,
  "steps_trained": 10000,
  "final_interval_loss": -3009.030812,
  "nan_inf": false,
  "still_descending": false,
  "stability_flag": "stable",
  "diff_mu": 0.00019389782391954213,
  "diff_sigma": 3.231473533205076e-09,
  "diff_mu_aggregate": 0.00019389782391954213,
  "diff_sigma_aggregate": 3.231473533205076e-09,
  "diff_mu_per_k": [
    0.00019937116303481162,
    0.00018915266264230013,
    0.0001885932870209217,
    0.0001957843342097476,
    0.00019785246695391834,
    0.00019248222815804183,
    0.0001917397603392601,
    0.00018951966194435954,
    0.000193167055840604,
    0.000189115249668248,
    0.00019599187362473458,
    0.00019838522712234408,
    0.00018675393948797137,
    0.00019613729091361165,
    0.00019923814397770911,
    0.00019908082322217524
  ],
  "diff_sigma_per_k": [
    3.2996771981430584e-09,
    3.4556979500166563e-09,
    3.2094180646424775e-09,
    3.4731513220975785e-09,
    3.403428872061909e-09,
    3.2953553219527976e-09,
    3.3708371649510127e-09,
    2.907952767472466e-09,
    3.064875908620479e-09,
    3.4263605286355414e-09,
    3.2668443505912137e-09,
    3.5683089816274105e-09,
    3.0100628656271056e-09,
    2.842246882295285e-09,
    3.15787485050123e-09,
    2.9514815036435493e-09
  ],
  "variance_collapse": true,
  "k_report_idx": {
    "k1": 0,
    "k8": 7,
    "k15": 14
  },
  "spec": {
    "kind": "cell",
    "tag": "mag0.9_high",
    "cross": "high",
    "magnitude": 0.9,
    "baseline_key": [
      0.9,
      472,
      2048,
      128
    ],
    "params": {
      "period_P": 2048,
      "manifold_dim_D": 128,
      "continuity_center": 472,
      "fidelity_F": 0.97,
      "magnitude_M": 0.9,
      "locality_L": 0.9
    },
    "L_d_main": 1,
    "seed": 2,
    "perk": true,
    "label": "cell_mag0.9_high_s2",
    "out_file": "/mnt/c/Users/Jason/Desktop/Eridos/Weft 2/v2/results/phase1/pilot/_runs/cell_mag0.9_high_s2.json"
  }
}