{
  "label": "cell_mag0.1_high_s8",
  "L_d_main": 1,
  "seed": 8,
  "wall_clock_s": 195.15,
  "steps_trained": 10000,
  "final_interval_loss": -3009.768079,
  "nan_inf": false,
  "still_descending": false,
  "stability_flag": "stable",
  "diff_mu": 2.9894483304815367e-05,
  "diff_sigma": 2.1239718317467293e-11,
  "diff_mu_aggregate": 2.9894483304815367e-05,
  "diff_sigma_aggregate": 2.1239718317467293e-11,
  "diff_mu_per_k": [
    3.14498865918722e-05,
    3.175298115820624e-05,
    3.0097773560555652e-05,
    2.9910899684182368e-05,
    2.8432297767722048e-05,
    3.061574534513056e-05,
    2.9833781809429638e-05,
    2.8701142582576722e-05,
    2.972124821098987e-05,
    2.850733835657593e-05,
    3.245031621190719e-05,
    3.0293951567728072e-05,
    3.0235221856855787e-05,
    2.859200867533218e-05,
    2.925883927673567e-05,
    2.845830204023514e-05
  ],
  "diff_sigma_per_k": [
    1.814031043434472e-11,
    1.8102484788951045e-11,
    2.018925998603649e-11,
    2.110394498044954e-11,
    2.8481545247260875e-11,
    2.059819155519893e-11,
    1.6331281812997922e-11,
    2.241079370690624e-11,
    1.908058606947538e-11,
    3.1160445751465815e-11,
    1.7875411220669157e-11,
    1.982032420133617e-11,
    1.6631352545148914e-11,
    2.1046303588789783e-11,
    2.4700240117137007e-11,
    2.416303095109651e-11
  ],
  "variance_collapse": true,
  "k_report_idx": {
    "k1": 0,
    "k8": 7,
    "k15": 14
  },
  "spec": {
    "kind": "cell",
    "tag": "mag0.1_high",
    "cross": "high",
    "magnitude": 0.1,
    "baseline_key": [
      0.9,
      472,
      2048,
      128
    ],
    "params": {
      "period_P": 2048,
      "manifold_dim_D": 128,
      "continuity_center": 472,
      "fidelity_F": 0.97,
      "magnitude_M": 0.1,
      "locality_L": 0.9
    },
    "L_d_main": 1,
    "seed": 8,
    "perk": true,
    "label": "cell_mag0.1_high_s8",
    "out_file": "/mnt/c/Users/Jason/Desktop/Eridos/Weft 2/v2/results/phase1/pilot/_runs/cell_mag0.1_high_s8.json"
  }
}