{
  "label": "cell_mag0.3_mid_s2",
  "L_d_main": 1,
  "seed": 2,
  "wall_clock_s": 196.01,
  "steps_trained": 10000,
  "final_interval_loss": -2853.008961,
  "nan_inf": false,
  "still_descending": false,
  "stability_flag": "stable",
  "diff_mu": 0.005548225250095129,
  "diff_sigma": 1.810253280609686e-08,
  "diff_mu_aggregate": 0.005548225250095129,
  "diff_sigma_aggregate": 1.810253280609686e-08,
  "diff_mu_per_k": [
    0.0030272153671830893,
    0.004164567217230797,
    0.004632459953427315,
    0.00541166914626956,
    0.007703927345573902,
    0.007371012587100267,
    0.006161945406347513,
    0.005520619917660952,
    0.0044390796683728695,
    0.0043293870985507965,
    0.0047655473463237286,
    0.005732349120080471,
    0.00544765405356884,
    0.006459805648773909,
    0.007240094244480133,
    0.006364273838698864
  ],
  "diff_sigma_per_k": [
    1.0528257377018235e-08,
    1.8093215814474206e-08,
    1.885652700650553e-08,
    1.8513386379481744e-08,
    2.112543384669152e-08,
    2.0991421934013488e-08,
    1.9232956560699677e-08,
    1.754935219366871e-08,
    1.7931979456875524e-08,
    1.7336207136509074e-08,
    1.691744344611834e-08,
    1.7934382867679233e-08,
    1.7243975136693734e-08,
    1.5389183261049766e-08,
    2.3311097052669538e-08,
    1.8685732072754035e-08
  ],
  "variance_collapse": false,
  "k_report_idx": {
    "k1": 0,
    "k8": 7,
    "k15": 14
  },
  "spec": {
    "kind": "cell",
    "tag": "mag0.3_mid",
    "cross": "mid",
    "magnitude": 0.3,
    "baseline_key": [
      0.5,
      39,
      256,
      16
    ],
    "params": {
      "period_P": 256,
      "manifold_dim_D": 16,
      "continuity_center": 39,
      "fidelity_F": 0.97,
      "magnitude_M": 0.3,
      "locality_L": 0.5
    },
    "L_d_main": 1,
    "seed": 2,
    "perk": true,
    "label": "cell_mag0.3_mid_s2",
    "out_file": "/mnt/c/Users/Jason/Desktop/Eridos/Weft 2/v2/results/phase1/pilot/_runs/cell_mag0.3_mid_s2.json"
  }
}