{
  "label": "cell_mag0.3_low_s0",
  "L_d_main": 1,
  "seed": 0,
  "wall_clock_s": 194.86,
  "steps_trained": 10000,
  "final_interval_loss": -2774.1321,
  "nan_inf": false,
  "still_descending": true,
  "stability_flag": "stable",
  "diff_mu": 0.7120190858840942,
  "diff_sigma": 1.0512513881621999e-06,
  "diff_mu_aggregate": 0.7120190858840942,
  "diff_sigma_aggregate": 1.0512513881621999e-06,
  "diff_mu_per_k": [
    0.6959565877914429,
    0.7175971269607544,
    0.6909388303756714,
    0.6967613697052002,
    0.7189359664916992,
    0.7050377130508423,
    0.7379580736160278,
    0.7643072009086609,
    0.7709050178527832,
    0.7602680325508118,
    0.7110358476638794,
    0.7052671909332275,
    0.6702397465705872,
    0.6652541756629944,
    0.6938726305961609,
    0.6879695057868958
  ],
  "diff_sigma_per_k": [
    8.939339295466198e-07,
    9.079518576982082e-07,
    9.169798431685194e-07,
    8.970219482762332e-07,
    1.003058628157305e-06,
    1.0112726158695295e-06,
    1.1204724614799488e-06,
    1.023791810439434e-06,
    1.0829406846823986e-06,
    9.025171152643452e-07,
    1.0054295671579894e-06,
    9.025181384458847e-07,
    1.120601041293412e-06,
    1.1999923117400613e-06,
    1.2687681874012924e-06,
    1.5627722405042732e-06
  ],
  "variance_collapse": false,
  "k_report_idx": {
    "k1": 0,
    "k8": 7,
    "k15": 14
  },
  "spec": {
    "kind": "cell",
    "tag": "mag0.3_low",
    "cross": "low",
    "magnitude": 0.3,
    "baseline_key": [
      0.3,
      3,
      32,
      4
    ],
    "params": {
      "period_P": 32,
      "manifold_dim_D": 4,
      "continuity_center": 3,
      "fidelity_F": 0.97,
      "magnitude_M": 0.3,
      "locality_L": 0.3
    },
    "L_d_main": 1,
    "seed": 0,
    "perk": true,
    "label": "cell_mag0.3_low_s0",
    "out_file": "/mnt/c/Users/Jason/Desktop/Eridos/Weft 2/v2/results/phase1/pilot/_runs/cell_mag0.3_low_s0.json"
  }
}