{
  "label": "cell_mag0.1_low_s9",
  "L_d_main": 1,
  "seed": 9,
  "wall_clock_s": 195.44,
  "steps_trained": 10000,
  "final_interval_loss": -2702.138602,
  "nan_inf": false,
  "still_descending": true,
  "stability_flag": "stable",
  "diff_mu": 0.9896746873855591,
  "diff_sigma": 3.911461305960984e-07,
  "diff_mu_aggregate": 0.9896746873855591,
  "diff_sigma_aggregate": 3.911461305960984e-07,
  "diff_mu_per_k": [
    1.1882573366165161,
    0.8653020262718201,
    0.6894815564155579,
    0.7596437931060791,
    0.8777357935905457,
    1.0434696674346924,
    1.431404948234558,
    1.4887182712554932,
    1.3937370777130127,
    1.2835980653762817,
    0.8804612159729004,
    0.7396527528762817,
    0.7248825430870056,
    0.8025281429290771,
    0.7800508141517639,
    0.8858059048652649
  ],
  "diff_sigma_per_k": [
    4.876638399764488e-07,
    3.568435431589023e-07,
    2.1236409963876213e-07,
    2.499859874660615e-07,
    2.670856815711886e-07,
    3.3830065149231814e-07,
    3.73810081555348e-07,
    4.569990892377973e-07,
    4.283231191948289e-07,
    4.462125104964798e-07,
    4.028268563160964e-07,
    3.6621824506255507e-07,
    3.2798578786241706e-07,
    3.36909550924247e-07,
    4.7154921389847004e-07,
    7.352598458965076e-07
  ],
  "variance_collapse": false,
  "k_report_idx": {
    "k1": 0,
    "k8": 7,
    "k15": 14
  },
  "spec": {
    "kind": "cell",
    "tag": "mag0.1_low",
    "cross": "low",
    "magnitude": 0.1,
    "baseline_key": [
      0.3,
      3,
      32,
      4
    ],
    "params": {
      "period_P": 32,
      "manifold_dim_D": 4,
      "continuity_center": 3,
      "fidelity_F": 0.97,
      "magnitude_M": 0.1,
      "locality_L": 0.3
    },
    "L_d_main": 1,
    "seed": 9,
    "perk": true,
    "label": "cell_mag0.1_low_s9",
    "out_file": "/mnt/c/Users/Jason/Desktop/Eridos/Weft 2/v2/results/phase1/pilot/_runs/cell_mag0.1_low_s9.json"
  }
}