{
  "label": "cell_mag0.9_low_s3",
  "L_d_main": 1,
  "seed": 3,
  "wall_clock_s": 195.04,
  "steps_trained": 10000,
  "final_interval_loss": -2481.191403,
  "nan_inf": false,
  "still_descending": false,
  "stability_flag": "stable",
  "diff_mu": 1.716598629951477,
  "diff_sigma": 5.537011475098552e-06,
  "diff_mu_aggregate": 1.716598629951477,
  "diff_sigma_aggregate": 5.537011475098552e-06,
  "diff_mu_per_k": [
    1.8051502704620361,
    1.8592959642410278,
    1.8399481773376465,
    1.745551347732544,
    1.1967544555664062,
    0.7133656740188599,
    0.7009619474411011,
    0.8996637463569641,
    1.4671745300292969,
    2.493264675140381,
    3.0112292766571045,
    2.867243766784668,
    2.6197781562805176,
    1.8685815334320068,
    1.2786307334899902,
    1.098997950553894
  ],
  "diff_sigma_per_k": [
    4.991014975530561e-06,
    5.976739885227289e-06,
    5.978599347145064e-06,
    5.809657523059286e-06,
    5.175783826416591e-06,
    4.9636569201538805e-06,
    3.946607193938689e-06,
    3.6852054563496495e-06,
    4.869321401201887e-06,
    6.938314072613139e-06,
    6.720993951603305e-06,
    7.432364782289369e-06,
    6.323004527075682e-06,
    5.025268364988733e-06,
    5.03078672409174e-06,
    5.724866696255049e-06
  ],
  "variance_collapse": false,
  "k_report_idx": {
    "k1": 0,
    "k8": 7,
    "k15": 14
  },
  "spec": {
    "kind": "cell",
    "tag": "mag0.9_low",
    "cross": "low",
    "magnitude": 0.9,
    "baseline_key": [
      0.3,
      3,
      32,
      4
    ],
    "params": {
      "period_P": 32,
      "manifold_dim_D": 4,
      "continuity_center": 3,
      "fidelity_F": 0.97,
      "magnitude_M": 0.9,
      "locality_L": 0.3
    },
    "L_d_main": 1,
    "seed": 3,
    "perk": true,
    "label": "cell_mag0.9_low_s3",
    "out_file": "/mnt/c/Users/Jason/Desktop/Eridos/Weft 2/v2/results/phase1/pilot/_runs/cell_mag0.9_low_s3.json"
  }
}