{
  "label": "cell_mag0.3_low_s8",
  "L_d_main": 1,
  "seed": 8,
  "wall_clock_s": 192.17,
  "steps_trained": 10000,
  "final_interval_loss": -2600.451311,
  "nan_inf": false,
  "still_descending": false,
  "stability_flag": "stable",
  "diff_mu": 0.8419862985610962,
  "diff_sigma": 7.007909630374343e-08,
  "diff_mu_aggregate": 0.8419862985610962,
  "diff_sigma_aggregate": 7.007909630374343e-08,
  "diff_mu_per_k": [
    0.7442326545715332,
    0.7849681377410889,
    0.8528227806091309,
    0.8783265352249146,
    0.8735124468803406,
    0.8644512891769409,
    0.8579748868942261,
    0.8369584083557129,
    0.8048723936080933,
    0.8285967707633972,
    0.7941498160362244,
    0.8276050686836243,
    0.8589648008346558,
    0.8755942583084106,
    0.8821254968643188,
    0.9066230654716492
  ],
  "diff_sigma_per_k": [
    5.52312720003556e-08,
    4.308996892632422e-08,
    4.997311364718371e-08,
    5.731454422175375e-08,
    5.08615656258371e-08,
    6.313735667617948e-08,
    6.029369359339398e-08,
    6.910684646754817e-08,
    6.050611744967682e-08,
    7.239106025735964e-08,
    6.861450430051264e-08,
    8.751495528258602e-08,
    9.735123995824324e-08,
    9.741562223553046e-08,
    9.51921350633711e-08,
    9.327158778660305e-08
  ],
  "variance_collapse": false,
  "k_report_idx": {
    "k1": 0,
    "k8": 7,
    "k15": 14
  },
  "spec": {
    "kind": "cell",
    "tag": "mag0.3_low",
    "cross": "low",
    "magnitude": 0.3,
    "baseline_key": [
      0.3,
      3,
      32,
      4
    ],
    "params": {
      "period_P": 32,
      "manifold_dim_D": 4,
      "continuity_center": 3,
      "fidelity_F": 0.97,
      "magnitude_M": 0.3,
      "locality_L": 0.3
    },
    "L_d_main": 1,
    "seed": 8,
    "perk": true,
    "label": "cell_mag0.3_low_s8",
    "out_file": "/mnt/c/Users/Jason/Desktop/Eridos/Weft 2/v2/results/phase1/pilot/_runs/cell_mag0.3_low_s8.json"
  }
}