{
  "label": "cell_mag0.3_high_s9",
  "L_d_main": 1,
  "seed": 9,
  "wall_clock_s": 195.88,
  "steps_trained": 10000,
  "final_interval_loss": -3002.628121,
  "nan_inf": false,
  "still_descending": false,
  "stability_flag": "stable",
  "diff_mu": 0.00013786314229946584,
  "diff_sigma": 2.6058948332519094e-09,
  "diff_mu_aggregate": 0.00013786314229946584,
  "diff_sigma_aggregate": 2.6058948332519094e-09,
  "diff_mu_per_k": [
    0.00014041934628039598,
    0.0001392389094689861,
    0.00013258664694149047,
    0.00013823436165694147,
    0.00013960106298327446,
    0.0001373967679683119,
    0.00013707129983231425,
    0.0001396763400407508,
    0.0001362721814075485,
    0.00013766718620900065,
    0.00013728206977248192,
    0.00013511296128854156,
    0.00013672969362232834,
    0.00014130256022326648,
    0.00013749024947173893,
    0.00013972833403386176
  ],
  "diff_sigma_per_k": [
    2.613084859603987e-09,
    2.653599784352423e-09,
    2.657434494679478e-09,
    2.2363855212148565e-09,
    2.5023467742357752e-09,
    2.6416757670233437e-09,
    2.4718453950356434e-09,
    2.5880102505482228e-09,
    2.69531041929838e-09,
    2.6024498112064975e-09,
    2.7800208801664894e-09,
    2.6041901968199e-09,
    2.37291541971274e-09,
    2.8130251461533362e-09,
    2.6315059020731724e-09,
    2.8305171539955154e-09
  ],
  "variance_collapse": true,
  "k_report_idx": {
    "k1": 0,
    "k8": 7,
    "k15": 14
  },
  "spec": {
    "kind": "cell",
    "tag": "mag0.3_high",
    "cross": "high",
    "magnitude": 0.3,
    "baseline_key": [
      0.9,
      472,
      2048,
      128
    ],
    "params": {
      "period_P": 2048,
      "manifold_dim_D": 128,
      "continuity_center": 472,
      "fidelity_F": 0.97,
      "magnitude_M": 0.3,
      "locality_L": 0.9
    },
    "L_d_main": 1,
    "seed": 9,
    "perk": true,
    "label": "cell_mag0.3_high_s9",
    "out_file": "/mnt/c/Users/Jason/Desktop/Eridos/Weft 2/v2/results/phase1/pilot/_runs/cell_mag0.3_high_s9.json"
  }
}