{
  "label": "cell_mag0.7_high_s5",
  "L_d_main": 1,
  "seed": 5,
  "wall_clock_s": 190.13,
  "steps_trained": 10000,
  "final_interval_loss": -3010.087092,
  "nan_inf": false,
  "still_descending": false,
  "stability_flag": "stable",
  "diff_mu": 3.2384115911554545e-05,
  "diff_sigma": 1.0827890667419737e-10,
  "diff_mu_aggregate": 3.2384115911554545e-05,
  "diff_sigma_aggregate": 1.0827890667419737e-10,
  "diff_mu_per_k": [
    3.2758285669842735e-05,
    3.219337668269873e-05,
    3.244448089390062e-05,
    3.226478656870313e-05,
    3.2277752325171605e-05,
    3.265686973463744e-05,
    3.2026084227254614e-05,
    3.247110726078972e-05,
    3.268678119638935e-05,
    3.175934762111865e-05,
    3.208662383258343e-05,
    3.2796862797113135e-05,
    3.165696398355067e-05,
    3.274294067523442e-05,
    3.226867556804791e-05,
    3.3054900995921344e-05
  ],
  "diff_sigma_per_k": [
    1.0538608874455235e-10,
    1.256560550055852e-10,
    1.0495388585995968e-10,
    1.0388900850699656e-10,
    9.314120308356877e-11,
    1.1077314066021415e-10,
    1.1319940818044216e-10,
    1.0996534238749689e-10,
    1.0445074666298737e-10,
    1.0017461860023502e-10,
    1.0586980597748763e-10,
    9.553422636310316e-11,
    1.1050753367936039e-10,
    1.1025761553762337e-10,
    1.1345948486285451e-10,
    1.2524431491911514e-10
  ],
  "variance_collapse": true,
  "k_report_idx": {
    "k1": 0,
    "k8": 7,
    "k15": 14
  },
  "spec": {
    "kind": "cell",
    "tag": "mag0.7_high",
    "cross": "high",
    "magnitude": 0.7,
    "baseline_key": [
      0.9,
      472,
      2048,
      128
    ],
    "params": {
      "period_P": 2048,
      "manifold_dim_D": 128,
      "continuity_center": 472,
      "fidelity_F": 0.97,
      "magnitude_M": 0.7,
      "locality_L": 0.9
    },
    "L_d_main": 1,
    "seed": 5,
    "perk": true,
    "label": "cell_mag0.7_high_s5",
    "out_file": "/mnt/c/Users/Jason/Desktop/Eridos/Weft 2/v2/results/phase1/pilot/_runs/cell_mag0.7_high_s5.json"
  }
}