{
  "label": "cell_mag0.9_mid_s5",
  "L_d_main": 1,
  "seed": 5,
  "wall_clock_s": 192.25,
  "steps_trained": 10000,
  "final_interval_loss": -2810.889457,
  "nan_inf": false,
  "still_descending": false,
  "stability_flag": "stable",
  "diff_mu": 0.01843172125518322,
  "diff_sigma": 2.515130681501887e-08,
  "diff_mu_aggregate": 0.01843172125518322,
  "diff_sigma_aggregate": 2.515130681501887e-08,
  "diff_mu_per_k": [
    0.01831056922674179,
    0.019030742347240448,
    0.019353659823536873,
    0.019093384966254234,
    0.01780938357114792,
    0.017923865467309952,
    0.018045904114842415,
    0.01843048445880413,
    0.018568232655525208,
    0.018482806161046028,
    0.01830122619867325,
    0.01868661306798458,
    0.01876724138855934,
    0.018414141610264778,
    0.017692560330033302,
    0.017996756359934807
  ],
  "diff_sigma_per_k": [
    2.4121904473872746e-08,
    2.863563075550246e-08,
    3.07094438767308e-08,
    2.6021041321655503e-08,
    1.9268263429239596e-08,
    2.1945828265756973e-08,
    2.2331457572022373e-08,
    2.682227950856486e-08,
    2.7163981286548733e-08,
    2.6553490073411012e-08,
    2.3168592377942332e-08,
    2.3583799801940586e-08,
    2.598334880588027e-08,
    2.473994165086424e-08,
    2.4036996393306254e-08,
    2.733491832884738e-08
  ],
  "variance_collapse": false,
  "k_report_idx": {
    "k1": 0,
    "k8": 7,
    "k15": 14
  },
  "spec": {
    "kind": "cell",
    "tag": "mag0.9_mid",
    "cross": "mid",
    "magnitude": 0.9,
    "baseline_key": [
      0.5,
      39,
      256,
      16
    ],
    "params": {
      "period_P": 256,
      "manifold_dim_D": 16,
      "continuity_center": 39,
      "fidelity_F": 0.97,
      "magnitude_M": 0.9,
      "locality_L": 0.5
    },
    "L_d_main": 1,
    "seed": 5,
    "perk": true,
    "label": "cell_mag0.9_mid_s5",
    "out_file": "/mnt/c/Users/Jason/Desktop/Eridos/Weft 2/v2/results/phase1/pilot/_runs/cell_mag0.9_mid_s5.json"
  }
}