{
  "label": "cell_mag0.3_low_s4",
  "L_d_main": 1,
  "seed": 4,
  "wall_clock_s": 194.19,
  "steps_trained": 10000,
  "final_interval_loss": -2715.832816,
  "nan_inf": false,
  "still_descending": true,
  "stability_flag": "stable",
  "diff_mu": 0.8059250116348267,
  "diff_sigma": 2.4969673972918827e-07,
  "diff_mu_aggregate": 0.8059250116348267,
  "diff_sigma_aggregate": 2.4969673972918827e-07,
  "diff_mu_per_k": [
    0.8404321670532227,
    0.8428032398223877,
    0.8339565396308899,
    0.8131580352783203,
    0.7487951517105103,
    0.7364159822463989,
    0.685279369354248,
    0.6820868849754333,
    0.6857002377510071,
    0.6771281361579895,
    0.6849271655082703,
    0.7821557521820068,
    0.8722080588340759,
    0.9395424723625183,
    1.018991470336914,
    1.0512359142303467
  ],
  "diff_sigma_per_k": [
    1.9930179462335218e-07,
    1.7389938022915885e-07,
    1.7612588010251784e-07,
    1.7246146910565585e-07,
    1.8825456038484845e-07,
    2.3148820105234336e-07,
    2.0428863933830144e-07,
    2.529768039494229e-07,
    2.6041141154564684e-07,
    2.2009569988767907e-07,
    2.4716857183193497e-07,
    2.68890374854891e-07,
    2.8448283728721435e-07,
    3.565983206499368e-07,
    3.5823896382680687e-07,
    4.0046495541901095e-07
  ],
  "variance_collapse": false,
  "k_report_idx": {
    "k1": 0,
    "k8": 7,
    "k15": 14
  },
  "spec": {
    "kind": "cell",
    "tag": "mag0.3_low",
    "cross": "low",
    "magnitude": 0.3,
    "baseline_key": [
      0.3,
      3,
      32,
      4
    ],
    "params": {
      "period_P": 32,
      "manifold_dim_D": 4,
      "continuity_center": 3,
      "fidelity_F": 0.97,
      "magnitude_M": 0.3,
      "locality_L": 0.3
    },
    "L_d_main": 1,
    "seed": 4,
    "perk": true,
    "label": "cell_mag0.3_low_s4",
    "out_file": "/mnt/c/Users/Jason/Desktop/Eridos/Weft 2/v2/results/phase1/pilot/_runs/cell_mag0.3_low_s4.json"
  }
}