{
  "label": "cell_D4_mid_s2",
  "L_d_main": 1,
  "seed": 2,
  "wall_clock_s": 189.69,
  "steps_trained": 10000,
  "final_interval_loss": -2633.969419,
  "nan_inf": false,
  "still_descending": false,
  "stability_flag": "stable",
  "diff_mu": 0.04407084360718727,
  "diff_sigma": 6.644557970503229e-08,
  "diff_mu_aggregate": 0.04407084360718727,
  "diff_sigma_aggregate": 6.644557970503229e-08,
  "diff_mu_per_k": [
    0.025824813172221184,
    0.053732652217149734,
    0.07596829533576965,
    0.052765876054763794,
    0.02683067135512829,
    0.038576021790504456,
    0.033349864184856415,
    0.03286484256386757,
    0.0647977888584137,
    0.07304111123085022,
    0.04022692143917084,
    0.025589469820261,
    0.035461924970149994,
    0.023578602820634842,
    0.0401766262948513,
    0.062348056584596634
  ],
  "diff_sigma_per_k": [
    3.5832158573612105e-08,
    8.106528071039065e-08,
    9.479041551685441e-08,
    8.317456945405866e-08,
    6.596889789989291e-08,
    4.972479672460395e-08,
    3.0471600354076145e-08,
    5.4278828542919655e-08,
    9.819663659982325e-08,
    9.54847720890939e-08,
    8.29376816113836e-08,
    6.143343256326261e-08,
    3.793731551127166e-08,
    3.50604310028757e-08,
    6.701986166035567e-08,
    8.975260357146908e-08
  ],
  "variance_collapse": false,
  "k_report_idx": {
    "k1": 0,
    "k8": 7,
    "k15": 14
  },
  "spec": {
    "kind": "cell",
    "tag": "D4_mid",
    "cross": "mid",
    "magnitude": 0.3,
    "baseline_key": [
      0.5,
      39,
      256,
      4
    ],
    "params": {
      "period_P": 256,
      "manifold_dim_D": 4,
      "continuity_center": 39,
      "fidelity_F": 0.97,
      "magnitude_M": 0.3,
      "locality_L": 0.5
    },
    "L_d_main": 1,
    "seed": 2,
    "perk": true,
    "label": "cell_D4_mid_s2",
    "out_file": "/mnt/c/Users/Jason/Desktop/Eridos/Weft 2/v2/results/phase1/pilot/_runs/cell_D4_mid_s2.json"
  }
}