{
  "label": "cell_mag0.1_mid_s4",
  "L_d_main": 1,
  "seed": 4,
  "wall_clock_s": 201.49,
  "steps_trained": 10000,
  "final_interval_loss": -2917.648299,
  "nan_inf": false,
  "still_descending": true,
  "stability_flag": "stable",
  "diff_mu": 0.07967355102300644,
  "diff_sigma": 3.807024384627766e-08,
  "diff_mu_aggregate": 0.07967355102300644,
  "diff_sigma_aggregate": 3.807024384627766e-08,
  "diff_mu_per_k": [
    0.08005207031965256,
    0.07944343984127045,
    0.0778515562415123,
    0.0794188529253006,
    0.08052552491426468,
    0.08040109276771545,
    0.08107370138168335,
    0.08083033561706543,
    0.07769031822681427,
    0.08071721345186234,
    0.07969219237565994,
    0.07943148165941238,
    0.07992984354496002,
    0.07948287576436996,
    0.07757766544818878,
    0.08065862953662872
  ],
  "diff_sigma_per_k": [
    3.451640750995466e-08,
    4.050101765074032e-08,
    4.5733504094869204e-08,
    3.710223239750121e-08,
    3.8661895018776704e-08,
    3.590566421962649e-08,
    2.8943833996208923e-08,
    4.009988074926696e-08,
    4.099927153333738e-08,
    4.248488494340563e-08,
    4.057481106656269e-08,
    3.496058909036037e-08,
    3.401918391432446e-08,
    3.8805538338237966e-08,
    3.5517466301371314e-08,
    4.029770295232993e-08
  ],
  "variance_collapse": false,
  "k_report_idx": {
    "k1": 0,
    "k8": 7,
    "k15": 14
  },
  "spec": {
    "kind": "cell",
    "tag": "mag0.1_mid",
    "cross": "mid",
    "magnitude": 0.1,
    "baseline_key": [
      0.5,
      39,
      256,
      16
    ],
    "params": {
      "period_P": 256,
      "manifold_dim_D": 16,
      "continuity_center": 39,
      "fidelity_F": 0.97,
      "magnitude_M": 0.1,
      "locality_L": 0.5
    },
    "L_d_main": 1,
    "seed": 4,
    "perk": true,
    "label": "cell_mag0.1_mid_s4",
    "out_file": "/mnt/c/Users/Jason/Desktop/Eridos/Weft 2/v2/results/phase1/pilot/_runs/cell_mag0.1_mid_s4.json"
  }
}