{
  "label": "cell_mag0.9_mid_s4",
  "L_d_main": 1,
  "seed": 4,
  "wall_clock_s": 192.54,
  "steps_trained": 10000,
  "final_interval_loss": -2924.101726,
  "nan_inf": false,
  "still_descending": false,
  "stability_flag": "stable",
  "diff_mu": 0.0030864274594932795,
  "diff_sigma": 3.3546900812808644e-09,
  "diff_mu_aggregate": 0.0030864274594932795,
  "diff_sigma_aggregate": 3.3546900812808644e-09,
  "diff_mu_per_k": [
    0.003196139121428132,
    0.003158767009153962,
    0.0031345225870609283,
    0.0030790239106863737,
    0.0030740047805011272,
    0.0030028147157281637,
    0.003082320559769869,
    0.003095685038715601,
    0.0030940184369683266,
    0.003131603356450796,
    0.0031221488025039434,
    0.003059941343963146,
    0.0030311252921819687,
    0.003057205816730857,
    0.003043122822418809,
    0.003020395990461111
  ],
  "diff_sigma_per_k": [
    3.467084175312607e-09,
    3.938665837921462e-09,
    2.945967469969446e-09,
    2.910873320161045e-09,
    2.9668651979619654e-09,
    3.1540556832965194e-09,
    3.745439514091231e-09,
    3.4668985460228896e-09,
    4.583125878809824e-09,
    3.993303021587735e-09,
    3.2277318595674842e-09,
    2.607708937674147e-09,
    2.6417239507026125e-09,
    3.15469095291121e-09,
    3.3037337310304338e-09,
    3.5671723352947993e-09
  ],
  "variance_collapse": true,
  "k_report_idx": {
    "k1": 0,
    "k8": 7,
    "k15": 14
  },
  "spec": {
    "kind": "cell",
    "tag": "mag0.9_mid",
    "cross": "mid",
    "magnitude": 0.9,
    "baseline_key": [
      0.5,
      39,
      256,
      16
    ],
    "params": {
      "period_P": 256,
      "manifold_dim_D": 16,
      "continuity_center": 39,
      "fidelity_F": 0.97,
      "magnitude_M": 0.9,
      "locality_L": 0.5
    },
    "L_d_main": 1,
    "seed": 4,
    "perk": true,
    "label": "cell_mag0.9_mid_s4",
    "out_file": "/mnt/c/Users/Jason/Desktop/Eridos/Weft 2/v2/results/phase1/pilot/_runs/cell_mag0.9_mid_s4.json"
  }
}