{
  "label": "cell_mag0.9_high_s0",
  "L_d_main": 1,
  "seed": 0,
  "wall_clock_s": 196.03,
  "steps_trained": 10000,
  "final_interval_loss": -3001.102464,
  "nan_inf": false,
  "still_descending": false,
  "stability_flag": "stable",
  "diff_mu": 0.0008562324801459908,
  "diff_sigma": 3.822385963303532e-09,
  "diff_mu_aggregate": 0.0008562324801459908,
  "diff_sigma_aggregate": 3.822385963303532e-09,
  "diff_mu_per_k": [
    0.0028330974746495485,
    0.0005373575841076672,
    0.0009819393744692206,
    0.0004318466526456177,
    0.0010818718001246452,
    0.0009400007547810674,
    0.0004525589174591005,
    0.0004500131180975586,
    0.0003819051489699632,
    0.0010175126371905208,
    0.0013946212129667401,
    0.0004561608948279172,
    0.00046541186748072505,
    0.0004040764761157334,
    0.0010214823996648192,
    0.000849863572511822
  ],
  "diff_sigma_per_k": [
    7.203137197819842e-09,
    3.2367231117547135e-09,
    2.1193746757575127e-09,
    2.76098965912297e-09,
    4.598110336928585e-09,
    5.604415154181197e-09,
    2.977179613949943e-09,
    2.7205135921803958e-09,
    2.706477264524665e-09,
    4.728730296221784e-09,
    4.9107113930801916e-09,
    2.633008699959305e-09,
    2.498905748993252e-09,
    2.6056434787591343e-09,
    5.077680942378038e-09,
    4.776570694531301e-09
  ],
  "variance_collapse": true,
  "k_report_idx": {
    "k1": 0,
    "k8": 7,
    "k15": 14
  },
  "spec": {
    "kind": "cell",
    "tag": "mag0.9_high",
    "cross": "high",
    "magnitude": 0.9,
    "baseline_key": [
      0.9,
      472,
      2048,
      128
    ],
    "params": {
      "period_P": 2048,
      "manifold_dim_D": 128,
      "continuity_center": 472,
      "fidelity_F": 0.97,
      "magnitude_M": 0.9,
      "locality_L": 0.9
    },
    "L_d_main": 1,
    "seed": 0,
    "perk": true,
    "label": "cell_mag0.9_high_s0",
    "out_file": "/mnt/c/Users/Jason/Desktop/Eridos/Weft 2/v2/results/phase1/pilot/_runs/cell_mag0.9_high_s0.json"
  }
}