{
  "label": "cell_mag0.9_high_s8",
  "L_d_main": 1,
  "seed": 8,
  "wall_clock_s": 200.08,
  "steps_trained": 10000,
  "final_interval_loss": -3010.039517,
  "nan_inf": false,
  "still_descending": false,
  "stability_flag": "stable",
  "diff_mu": 2.6845968022826128e-05,
  "diff_sigma": 2.4410470866875755e-10,
  "diff_mu_aggregate": 2.6845968022826128e-05,
  "diff_sigma_aggregate": 2.4410470866875755e-10,
  "diff_mu_per_k": [
    2.690255678317044e-05,
    2.7352401957614347e-05,
    2.745202618825715e-05,
    2.583294735813979e-05,
    2.7278427296550944e-05,
    2.6178613552474417e-05,
    2.8742100766976364e-05,
    2.6508942028158344e-05,
    2.6870800866163336e-05,
    2.6613281079335138e-05,
    2.7650818083202466e-05,
    2.5786855985643342e-05,
    2.6636076654540375e-05,
    2.7005695301340893e-05,
    2.5942374122678302e-05,
    2.678150667634327e-05
  ],
  "diff_sigma_per_k": [
    2.582891400759735e-10,
    2.766572249068844e-10,
    2.072965132882132e-10,
    2.4774388096560074e-10,
    2.2462458282301867e-10,
    2.4784213570328006e-10,
    2.46809461756925e-10,
    2.053938130686106e-10,
    2.328900960968383e-10,
    2.6366622773998927e-10,
    2.5959565053135236e-10,
    2.384291930557225e-10,
    2.2206367300547925e-10,
    2.370895424430586e-10,
    2.473827254156902e-10,
    2.8990154721242334e-10
  ],
  "variance_collapse": true,
  "k_report_idx": {
    "k1": 0,
    "k8": 7,
    "k15": 14
  },
  "spec": {
    "kind": "cell",
    "tag": "mag0.9_high",
    "cross": "high",
    "magnitude": 0.9,
    "baseline_key": [
      0.9,
      472,
      2048,
      128
    ],
    "params": {
      "period_P": 2048,
      "manifold_dim_D": 128,
      "continuity_center": 472,
      "fidelity_F": 0.97,
      "magnitude_M": 0.9,
      "locality_L": 0.9
    },
    "L_d_main": 1,
    "seed": 8,
    "perk": true,
    "label": "cell_mag0.9_high_s8",
    "out_file": "/mnt/c/Users/Jason/Desktop/Eridos/Weft 2/v2/results/phase1/pilot/_runs/cell_mag0.9_high_s8.json"
  }
}