{
  "label": "cell_mag0.1_high_s1",
  "L_d_main": 1,
  "seed": 1,
  "wall_clock_s": 194.52,
  "steps_trained": 10000,
  "final_interval_loss": -3010.589484,
  "nan_inf": false,
  "still_descending": false,
  "stability_flag": "stable",
  "diff_mu": 8.191597589757293e-05,
  "diff_sigma": 1.224275791855689e-09,
  "diff_mu_aggregate": 8.191597589757293e-05,
  "diff_sigma_aggregate": 1.224275791855689e-09,
  "diff_mu_per_k": [
    8.26400937512517e-05,
    8.033670746954158e-05,
    8.165348845068365e-05,
    8.206350321415812e-05,
    8.179000724339858e-05,
    8.157018601195887e-05,
    8.140379941323772e-05,
    8.19399137981236e-05,
    8.203901234082878e-05,
    8.17498512333259e-05,
    8.225929195759818e-05,
    8.197677379939705e-05,
    8.168102795025334e-05,
    8.17787877167575e-05,
    8.414986223215237e-05,
    8.162318408722058e-05
  ],
  "diff_sigma_per_k": [
    1.3475653926064979e-09,
    1.2152009398747055e-09,
    1.170591068522242e-09,
    1.1634115892888985e-09,
    1.1364333918351122e-09,
    1.2825522865966832e-09,
    1.2284642192383899e-09,
    1.0667807748276914e-09,
    1.164026430799936e-09,
    1.244067071581867e-09,
    1.398367754923413e-09,
    1.2471663701774105e-09,
    1.1846501557499778e-09,
    1.2024804485477603e-09,
    1.2234248059073138e-09,
    1.3132311904584526e-09
  ],
  "variance_collapse": true,
  "k_report_idx": {
    "k1": 0,
    "k8": 7,
    "k15": 14
  },
  "spec": {
    "kind": "cell",
    "tag": "mag0.1_high",
    "cross": "high",
    "magnitude": 0.1,
    "baseline_key": [
      0.9,
      472,
      2048,
      128
    ],
    "params": {
      "period_P": 2048,
      "manifold_dim_D": 128,
      "continuity_center": 472,
      "fidelity_F": 0.97,
      "magnitude_M": 0.1,
      "locality_L": 0.9
    },
    "L_d_main": 1,
    "seed": 1,
    "perk": true,
    "label": "cell_mag0.1_high_s1",
    "out_file": "/mnt/c/Users/Jason/Desktop/Eridos/Weft 2/v2/results/phase1/pilot/_runs/cell_mag0.1_high_s1.json"
  }
}