{
  "label": "cell_mag0.9_mid_s2",
  "L_d_main": 1,
  "seed": 2,
  "wall_clock_s": 190.0,
  "steps_trained": 10000,
  "final_interval_loss": -2835.365632,
  "nan_inf": false,
  "still_descending": false,
  "stability_flag": "stable",
  "diff_mu": 0.028252655640244484,
  "diff_sigma": 1.3490290662332427e-08,
  "diff_mu_aggregate": 0.028252655640244484,
  "diff_sigma_aggregate": 1.3490290662332427e-08,
  "diff_mu_per_k": [
    0.028554636985063553,
    0.027624746784567833,
    0.027934808284044266,
    0.028013739734888077,
    0.028434092178940773,
    0.028953280299901962,
    0.028462527319788933,
    0.02852500043809414,
    0.02789960242807865,
    0.028065573424100876,
    0.02786216139793396,
    0.02829565852880478,
    0.028069155290722847,
    0.028399061411619186,
    0.02834726870059967,
    0.028601232916116714
  ],
  "diff_sigma_per_k": [
    1.0513182324700665e-08,
    1.465386922916423e-08,
    1.4579629059596755e-08,
    1.3170149415486776e-08,
    1.264539228884587e-08,
    1.2840246199630201e-08,
    1.3581550994956615e-08,
    1.4360685085534897e-08,
    1.3373745666456216e-08,
    1.4942038717435935e-08,
    1.3587817981886019e-08,
    1.1578532799205732e-08,
    1.3073506721639205e-08,
    1.1912097086508311e-08,
    1.4831586625518867e-08,
    1.620062661800148e-08
  ],
  "variance_collapse": false,
  "k_report_idx": {
    "k1": 0,
    "k8": 7,
    "k15": 14
  },
  "spec": {
    "kind": "cell",
    "tag": "mag0.9_mid",
    "cross": "mid",
    "magnitude": 0.9,
    "baseline_key": [
      0.5,
      39,
      256,
      16
    ],
    "params": {
      "period_P": 256,
      "manifold_dim_D": 16,
      "continuity_center": 39,
      "fidelity_F": 0.97,
      "magnitude_M": 0.9,
      "locality_L": 0.5
    },
    "L_d_main": 1,
    "seed": 2,
    "perk": true,
    "label": "cell_mag0.9_mid_s2",
    "out_file": "/mnt/c/Users/Jason/Desktop/Eridos/Weft 2/v2/results/phase1/pilot/_runs/cell_mag0.9_mid_s2.json"
  }
}