{
  "label": "cell_mag0.9_low_s0",
  "L_d_main": 1,
  "seed": 0,
  "wall_clock_s": 199.36,
  "steps_trained": 10000,
  "final_interval_loss": -2581.324872,
  "nan_inf": false,
  "still_descending": false,
  "stability_flag": "stable",
  "diff_mu": 1.2510695457458496,
  "diff_sigma": 2.1103741687511501e-07,
  "diff_mu_aggregate": 1.2510695457458496,
  "diff_sigma_aggregate": 2.1103741687511501e-07,
  "diff_mu_per_k": [
    0.8503509163856506,
    0.8621746897697449,
    0.8530426621437073,
    0.8826357126235962,
    0.9578437805175781,
    0.9689933061599731,
    1.0664979219436646,
    1.3094580173492432,
    1.6873050928115845,
    2.0959911346435547,
    2.1180648803710938,
    1.758103370666504,
    1.4573352336883545,
    1.1832195520401,
    1.054819107055664,
    0.9112051725387573
  ],
  "diff_sigma_per_k": [
    2.0436092995623767e-07,
    1.8514114685785898e-07,
    1.5816608822660783e-07,
    1.4553239680026309e-07,
    1.3674100785010523e-07,
    1.1496589280568514e-07,
    1.1348716100201273e-07,
    1.4550387561484968e-07,
    1.9873114354140853e-07,
    2.6635859740054e-07,
    2.853208229680604e-07,
    2.8121684181314777e-07,
    3.001741788466461e-07,
    2.610986200579646e-07,
    2.896262571994157e-07,
    2.901737445881736e-07
  ],
  "variance_collapse": false,
  "k_report_idx": {
    "k1": 0,
    "k8": 7,
    "k15": 14
  },
  "spec": {
    "kind": "cell",
    "tag": "mag0.9_low",
    "cross": "low",
    "magnitude": 0.9,
    "baseline_key": [
      0.3,
      3,
      32,
      4
    ],
    "params": {
      "period_P": 32,
      "manifold_dim_D": 4,
      "continuity_center": 3,
      "fidelity_F": 0.97,
      "magnitude_M": 0.9,
      "locality_L": 0.3
    },
    "L_d_main": 1,
    "seed": 0,
    "perk": true,
    "label": "cell_mag0.9_low_s0",
    "out_file": "/mnt/c/Users/Jason/Desktop/Eridos/Weft 2/v2/results/phase1/pilot/_runs/cell_mag0.9_low_s0.json"
  }
}