{
  "label": "cell_mag0.9_mid_s0",
  "L_d_main": 1,
  "seed": 0,
  "wall_clock_s": 185.15,
  "steps_trained": 10000,
  "final_interval_loss": -2818.248791,
  "nan_inf": false,
  "still_descending": true,
  "stability_flag": "stable",
  "diff_mu": 0.07796946167945862,
  "diff_sigma": 1.2958425088527292e-07,
  "diff_mu_aggregate": 0.07796946167945862,
  "diff_sigma_aggregate": 1.2958425088527292e-07,
  "diff_mu_per_k": [
    0.07774186879396439,
    0.07889305055141449,
    0.07873959839344025,
    0.07714922726154327,
    0.07750076055526733,
    0.07884392887353897,
    0.07584764063358307,
    0.07867233455181122,
    0.07838017493486404,
    0.07748115807771683,
    0.07773402333259583,
    0.07704169303178787,
    0.07864385098218918,
    0.07819961756467819,
    0.07921982556581497,
    0.07742258906364441
  ],
  "diff_sigma_per_k": [
    1.1952619161093025e-07,
    1.3902995021908282e-07,
    1.4520666979933594e-07,
    1.3263596088108898e-07,
    1.3194748760270159e-07,
    9.870378647747202e-08,
    1.1385014175857577e-07,
    1.2078628230938193e-07,
    1.26461330296479e-07,
    1.5864725355640985e-07,
    1.295947811286169e-07,
    1.0922268955937398e-07,
    1.182577022973419e-07,
    1.235606390537214e-07,
    1.5434783051659906e-07,
    1.5156943788952049e-07
  ],
  "variance_collapse": false,
  "k_report_idx": {
    "k1": 0,
    "k8": 7,
    "k15": 14
  },
  "spec": {
    "kind": "cell",
    "tag": "mag0.9_mid",
    "cross": "mid",
    "magnitude": 0.9,
    "baseline_key": [
      0.5,
      39,
      256,
      16
    ],
    "params": {
      "period_P": 256,
      "manifold_dim_D": 16,
      "continuity_center": 39,
      "fidelity_F": 0.97,
      "magnitude_M": 0.9,
      "locality_L": 0.5
    },
    "L_d_main": 1,
    "seed": 0,
    "perk": true,
    "label": "cell_mag0.9_mid_s0",
    "out_file": "/mnt/c/Users/Jason/Desktop/Eridos/Weft 2/v2/results/phase1/pilot/_runs/cell_mag0.9_mid_s0.json"
  }
}