{
  "label": "cell_mag0.9_low_s1",
  "L_d_main": 1,
  "seed": 1,
  "wall_clock_s": 199.93,
  "steps_trained": 10000,
  "final_interval_loss": -2665.786997,
  "nan_inf": false,
  "still_descending": false,
  "stability_flag": "stable",
  "diff_mu": 0.6377898454666138,
  "diff_sigma": 1.0067960687365485e-07,
  "diff_mu_aggregate": 0.6377898454666138,
  "diff_sigma_aggregate": 1.0067960687365485e-07,
  "diff_mu_per_k": [
    0.7945266962051392,
    0.9216522574424744,
    0.9046330451965332,
    0.857361912727356,
    0.6596254706382751,
    0.5294355750083923,
    0.40981465578079224,
    0.3781232237815857,
    0.48837634921073914,
    0.5439485311508179,
    0.7376372814178467,
    0.7026103734970093,
    0.588965117931366,
    0.5734680891036987,
    0.5887665152549744,
    0.5256432294845581
  ],
  "diff_sigma_per_k": [
    5.819894610681331e-08,
    7.649099842410578e-08,
    9.10554547317588e-08,
    1.0338122535813454e-07,
    9.968776026880732e-08,
    9.539491685472967e-08,
    7.120291201090367e-08,
    5.563535765418237e-08,
    5.720824702848404e-08,
    7.871530982583863e-08,
    8.478196633632251e-08,
    1.1694614698853911e-07,
    1.3516725516637962e-07,
    1.568236882576457e-07,
    1.5851402679345483e-07,
    1.7166948396152293e-07
  ],
  "variance_collapse": false,
  "k_report_idx": {
    "k1": 0,
    "k8": 7,
    "k15": 14
  },
  "spec": {
    "kind": "cell",
    "tag": "mag0.9_low",
    "cross": "low",
    "magnitude": 0.9,
    "baseline_key": [
      0.3,
      3,
      32,
      4
    ],
    "params": {
      "period_P": 32,
      "manifold_dim_D": 4,
      "continuity_center": 3,
      "fidelity_F": 0.97,
      "magnitude_M": 0.9,
      "locality_L": 0.3
    },
    "L_d_main": 1,
    "seed": 1,
    "perk": true,
    "label": "cell_mag0.9_low_s1",
    "out_file": "/mnt/c/Users/Jason/Desktop/Eridos/Weft 2/v2/results/phase1/pilot/_runs/cell_mag0.9_low_s1.json"
  }
}