{
  "label": "cell_mag0.3_high_s7",
  "L_d_main": 1,
  "seed": 7,
  "wall_clock_s": 196.93,
  "steps_trained": 10000,
  "final_interval_loss": -3005.84278,
  "nan_inf": false,
  "still_descending": false,
  "stability_flag": "stable",
  "diff_mu": 0.00011351356079103425,
  "diff_sigma": 1.2355918510564834e-09,
  "diff_mu_aggregate": 0.00011351356079103425,
  "diff_sigma_aggregate": 1.2355918510564834e-09,
  "diff_mu_per_k": [
    0.00011523802822921425,
    0.00011815631296485662,
    0.00011826071568066254,
    0.00011299277684884146,
    0.00011164948955411091,
    0.00011480962712084875,
    0.00011328670370858163,
    0.00011700978211592883,
    0.0001106692579924129,
    0.0001125173075706698,
    0.00010999762162100524,
    0.0001120796732720919,
    0.0001127885261666961,
    0.00011106704914709553,
    0.00011263218038948253,
    0.00011306192755000666
  ],
  "diff_sigma_per_k": [
    1.3228923512187407e-09,
    1.2914557201426646e-09,
    1.213505185226893e-09,
    1.1516466669192482e-09,
    1.1777397945778034e-09,
    1.34942479412814e-09,
    1.3004183285758586e-09,
    1.2901913981622215e-09,
    1.255190062998679e-09,
    1.2017316031176506e-09,
    1.2292523665635713e-09,
    1.2288042805508326e-09,
    1.2007614902387331e-09,
    1.1971762470253111e-09,
    1.2447041175533968e-09,
    1.1145754319485945e-09
  ],
  "variance_collapse": true,
  "k_report_idx": {
    "k1": 0,
    "k8": 7,
    "k15": 14
  },
  "spec": {
    "kind": "cell",
    "tag": "mag0.3_high",
    "cross": "high",
    "magnitude": 0.3,
    "baseline_key": [
      0.9,
      472,
      2048,
      128
    ],
    "params": {
      "period_P": 2048,
      "manifold_dim_D": 128,
      "continuity_center": 472,
      "fidelity_F": 0.97,
      "magnitude_M": 0.3,
      "locality_L": 0.9
    },
    "L_d_main": 1,
    "seed": 7,
    "perk": true,
    "label": "cell_mag0.3_high_s7",
    "out_file": "/mnt/c/Users/Jason/Desktop/Eridos/Weft 2/v2/results/phase1/pilot/_runs/cell_mag0.3_high_s7.json"
  }
}