{
  "label": "cell_contLow_mid_s1",
  "L_d_main": 1,
  "seed": 1,
  "wall_clock_s": 198.4,
  "steps_trained": 10000,
  "final_interval_loss": -2950.321268,
  "nan_inf": false,
  "still_descending": false,
  "stability_flag": "stable",
  "diff_mu": 0.17885799705982208,
  "diff_sigma": 1.5254579466272844e-07,
  "diff_mu_aggregate": 0.17885799705982208,
  "diff_sigma_aggregate": 1.5254579466272844e-07,
  "diff_mu_per_k": [
    0.17826339602470398,
    0.178888201713562,
    0.18172508478164673,
    0.18048547208309174,
    0.17957264184951782,
    0.17991569638252258,
    0.17741090059280396,
    0.179215207695961,
    0.17740321159362793,
    0.17702284455299377,
    0.17832550406455994,
    0.17984794080257416,
    0.17836420238018036,
    0.17929582297801971,
    0.17850616574287415,
    0.17748548090457916
  ],
  "diff_sigma_per_k": [
    1.1604029737100063e-07,
    1.3366840789785783e-07,
    1.520192682846755e-07,
    1.8809818413956236e-07,
    1.5887400195424561e-07,
    1.7076263247872703e-07,
    1.2777542224284844e-07,
    1.2383812020289042e-07,
    1.1081856854389116e-07,
    1.030760614639803e-07,
    1.1879733108344226e-07,
    1.223071848244217e-07,
    1.5735854219656176e-07,
    2.0037293779751053e-07,
    2.1376463621436415e-07,
    2.431612244890857e-07
  ],
  "variance_collapse": false,
  "k_report_idx": {
    "k1": 0,
    "k8": 7,
    "k15": 14
  },
  "spec": {
    "kind": "cell",
    "tag": "contLow_mid",
    "cross": "mid",
    "magnitude": 0.3,
    "baseline_key": [
      0.5,
      19,
      256,
      16
    ],
    "params": {
      "period_P": 256,
      "manifold_dim_D": 16,
      "continuity_center": 19,
      "fidelity_F": 0.97,
      "magnitude_M": 0.3,
      "locality_L": 0.5
    },
    "L_d_main": 1,
    "seed": 1,
    "perk": true,
    "label": "cell_contLow_mid_s1",
    "out_file": "/mnt/c/Users/Jason/Desktop/Eridos/Weft 2/v2/results/phase1/pilot/_runs/cell_contLow_mid_s1.json"
  }
}