{
  "label": "cell_mag0.7_low_s7",
  "L_d_main": 1,
  "seed": 7,
  "wall_clock_s": 196.44,
  "steps_trained": 10000,
  "final_interval_loss": -2511.810622,
  "nan_inf": false,
  "still_descending": false,
  "stability_flag": "stable",
  "diff_mu": 1.4899746179580688,
  "diff_sigma": 6.089973112466396e-07,
  "diff_mu_aggregate": 1.4899746179580688,
  "diff_sigma_aggregate": 6.089973112466396e-07,
  "diff_mu_per_k": [
    1.540961503982544,
    1.6069415807724,
    1.597691535949707,
    1.5991761684417725,
    1.4060741662979126,
    1.2044620513916016,
    1.013422966003418,
    1.051958441734314,
    1.120571255683899,
    1.2560936212539673,
    1.3029451370239258,
    1.4827574491500854,
    1.8094370365142822,
    2.0489799976348877,
    2.0102713108062744,
    1.7879548072814941
  ],
  "diff_sigma_per_k": [
    6.881536478431372e-07,
    6.349602017508005e-07,
    6.876284146528633e-07,
    6.83652956467995e-07,
    5.66493611131591e-07,
    6.121785531831847e-07,
    4.900128942608717e-07,
    3.208273255950189e-07,
    3.4106216162399505e-07,
    3.184884462825721e-07,
    5.087442218609795e-07,
    5.739031507800973e-07,
    6.717904739161895e-07,
    7.930597121230676e-07,
    8.707593792678381e-07,
    9.822415449889377e-07
  ],
  "variance_collapse": false,
  "k_report_idx": {
    "k1": 0,
    "k8": 7,
    "k15": 14
  },
  "spec": {
    "kind": "cell",
    "tag": "mag0.7_low",
    "cross": "low",
    "magnitude": 0.7,
    "baseline_key": [
      0.3,
      3,
      32,
      4
    ],
    "params": {
      "period_P": 32,
      "manifold_dim_D": 4,
      "continuity_center": 3,
      "fidelity_F": 0.97,
      "magnitude_M": 0.7,
      "locality_L": 0.3
    },
    "L_d_main": 1,
    "seed": 7,
    "perk": true,
    "label": "cell_mag0.7_low_s7",
    "out_file": "/mnt/c/Users/Jason/Desktop/Eridos/Weft 2/v2/results/phase1/pilot/_runs/cell_mag0.7_low_s7.json"
  }
}