{
  "label": "cell_contLow_mid_s3",
  "L_d_main": 1,
  "seed": 3,
  "wall_clock_s": 205.68,
  "steps_trained": 10000,
  "final_interval_loss": -2935.264125,
  "nan_inf": false,
  "still_descending": true,
  "stability_flag": "stable",
  "diff_mu": 0.24653169512748718,
  "diff_sigma": 6.52932641287407e-08,
  "diff_mu_aggregate": 0.24653169512748718,
  "diff_sigma_aggregate": 6.52932641287407e-08,
  "diff_mu_per_k": [
    0.14012405276298523,
    0.18418730795383453,
    0.24205532670021057,
    0.27083319425582886,
    0.2748629152774811,
    0.3023034632205963,
    0.2819562256336212,
    0.2609052062034607,
    0.2503182590007782,
    0.26244238018989563,
    0.26578453183174133,
    0.21323427557945251,
    0.2458900809288025,
    0.2669936418533325,
    0.2311910092830658,
    0.2514234185218811
  ],
  "diff_sigma_per_k": [
    5.658697688204484e-08,
    4.955981225407413e-08,
    6.334673940955327e-08,
    5.8333512242825236e-08,
    6.284351883323325e-08,
    6.068196256592273e-08,
    6.163243426726694e-08,
    4.9452523853688035e-08,
    5.1589370997362494e-08,
    5.815464376723867e-08,
    5.2874920442036455e-08,
    5.7560452404459284e-08,
    6.817155195903979e-08,
    8.056620970364747e-08,
    1.1720118209268549e-07,
    9.613639662120477e-08
  ],
  "variance_collapse": false,
  "k_report_idx": {
    "k1": 0,
    "k8": 7,
    "k15": 14
  },
  "spec": {
    "kind": "cell",
    "tag": "contLow_mid",
    "cross": "mid",
    "magnitude": 0.3,
    "baseline_key": [
      0.5,
      19,
      256,
      16
    ],
    "params": {
      "period_P": 256,
      "manifold_dim_D": 16,
      "continuity_center": 19,
      "fidelity_F": 0.97,
      "magnitude_M": 0.3,
      "locality_L": 0.5
    },
    "L_d_main": 1,
    "seed": 3,
    "perk": true,
    "label": "cell_contLow_mid_s3",
    "out_file": "/mnt/c/Users/Jason/Desktop/Eridos/Weft 2/v2/results/phase1/pilot/_runs/cell_contLow_mid_s3.json"
  }
}