{
  "label": "cell_D4_mid_s3",
  "L_d_main": 1,
  "seed": 3,
  "wall_clock_s": 189.84,
  "steps_trained": 10000,
  "final_interval_loss": -2779.846274,
  "nan_inf": false,
  "still_descending": true,
  "stability_flag": "stable",
  "diff_mu": 0.10912177711725235,
  "diff_sigma": 1.110241711899107e-07,
  "diff_mu_aggregate": 0.10912177711725235,
  "diff_sigma_aggregate": 1.110241711899107e-07,
  "diff_mu_per_k": [
    0.1554979383945465,
    0.13018527626991272,
    0.05021532624959946,
    0.18016038835048676,
    0.20230770111083984,
    0.03683646768331528,
    0.09680995345115662,
    0.09065163880586624,
    0.041488680988550186,
    0.10239317268133163,
    0.19412797689437866,
    0.18134824931621552,
    0.02340194582939148,
    0.1414085179567337,
    0.07882998883724213,
    0.04028544947504997
  ],
  "diff_sigma_per_k": [
    1.1812465317007081e-07,
    1.1037769098720673e-07,
    8.320892419533266e-08,
    1.5547892928680085e-07,
    1.7216385117535538e-07,
    7.777550337095818e-08,
    1.341876583182966e-07,
    8.977268350918166e-08,
    5.055212781712726e-08,
    1.1859387427648471e-07,
    1.679380119412599e-07,
    1.9499488246310648e-07,
    4.826010524539015e-08,
    1.1097846908114661e-07,
    6.886613590495472e-08,
    7.511329158660374e-08
  ],
  "variance_collapse": false,
  "k_report_idx": {
    "k1": 0,
    "k8": 7,
    "k15": 14
  },
  "spec": {
    "kind": "cell",
    "tag": "D4_mid",
    "cross": "mid",
    "magnitude": 0.3,
    "baseline_key": [
      0.5,
      39,
      256,
      4
    ],
    "params": {
      "period_P": 256,
      "manifold_dim_D": 4,
      "continuity_center": 39,
      "fidelity_F": 0.97,
      "magnitude_M": 0.3,
      "locality_L": 0.5
    },
    "L_d_main": 1,
    "seed": 3,
    "perk": true,
    "label": "cell_D4_mid_s3",
    "out_file": "/mnt/c/Users/Jason/Desktop/Eridos/Weft 2/v2/results/phase1/pilot/_runs/cell_D4_mid_s3.json"
  }
}