{
  "label": "cell_mag0.9_low_s7",
  "L_d_main": 1,
  "seed": 7,
  "wall_clock_s": 196.95,
  "steps_trained": 10000,
  "final_interval_loss": -2636.275521,
  "nan_inf": false,
  "still_descending": false,
  "stability_flag": "stable",
  "diff_mu": 1.7636202573776245,
  "diff_sigma": 6.78741344017908e-07,
  "diff_mu_aggregate": 1.7636202573776245,
  "diff_sigma_aggregate": 6.78741344017908e-07,
  "diff_mu_per_k": [
    2.117952823638916,
    2.3574583530426025,
    2.1611711978912354,
    1.6503880023956299,
    1.2566453218460083,
    1.1920251846313477,
    1.2595198154449463,
    1.4964854717254639,
    1.7969168424606323,
    1.904874563217163,
    2.1543123722076416,
    2.2455830574035645,
    2.0984363555908203,
    1.6504887342453003,
    1.5227588415145874,
    1.3529165983200073
  ],
  "diff_sigma_per_k": [
    6.86462215071515e-07,
    6.153920821816428e-07,
    4.96905443014839e-07,
    5.1384427024459e-07,
    5.278903927319334e-07,
    5.119113666296471e-07,
    5.094624384582858e-07,
    6.341887797134405e-07,
    1.0019440424002823e-06,
    1.1084359812230105e-06,
    6.650863610957458e-07,
    5.124716722093581e-07,
    5.363782520362292e-07,
    7.490626785511267e-07,
    8.036653298404417e-07,
    9.867598009805079e-07
  ],
  "variance_collapse": false,
  "k_report_idx": {
    "k1": 0,
    "k8": 7,
    "k15": 14
  },
  "spec": {
    "kind": "cell",
    "tag": "mag0.9_low",
    "cross": "low",
    "magnitude": 0.9,
    "baseline_key": [
      0.3,
      3,
      32,
      4
    ],
    "params": {
      "period_P": 32,
      "manifold_dim_D": 4,
      "continuity_center": 3,
      "fidelity_F": 0.97,
      "magnitude_M": 0.9,
      "locality_L": 0.3
    },
    "L_d_main": 1,
    "seed": 7,
    "perk": true,
    "label": "cell_mag0.9_low_s7",
    "out_file": "/mnt/c/Users/Jason/Desktop/Eridos/Weft 2/v2/results/phase1/pilot/_runs/cell_mag0.9_low_s7.json"
  }
}