{
  "label": "cell_mag0.1_mid_s3",
  "L_d_main": 1,
  "seed": 3,
  "wall_clock_s": 200.55,
  "steps_trained": 10000,
  "final_interval_loss": -2848.684925,
  "nan_inf": false,
  "still_descending": true,
  "stability_flag": "stable",
  "diff_mu": 0.04617675393819809,
  "diff_sigma": 3.1736175287733204e-07,
  "diff_mu_aggregate": 0.04617675393819809,
  "diff_sigma_aggregate": 3.1736175287733204e-07,
  "diff_mu_per_k": [
    0.04618934169411659,
    0.04748952388763428,
    0.04617145285010338,
    0.04678503796458244,
    0.045588210225105286,
    0.046075817197561264,
    0.04503273591399193,
    0.046270690858364105,
    0.04557236284017563,
    0.047679074108600616,
    0.04549665004014969,
    0.04601403325796127,
    0.045648738741874695,
    0.04636266827583313,
    0.045976657420396805,
    0.04647516459226608
  ],
  "diff_sigma_per_k": [
    2.971011099361931e-07,
    3.6127707403466047e-07,
    3.1190506888378877e-07,
    3.539066426583304e-07,
    3.0542415174750204e-07,
    3.010278248893883e-07,
    2.8016117425977427e-07,
    3.3226558571186615e-07,
    3.216447908016562e-07,
    3.5813658882943855e-07,
    2.804408723022789e-07,
    2.8260043904992926e-07,
    2.872293123346026e-07,
    2.9826122727172333e-07,
    3.6502294165075e-07,
    3.4138290061491716e-07
  ],
  "variance_collapse": false,
  "k_report_idx": {
    "k1": 0,
    "k8": 7,
    "k15": 14
  },
  "spec": {
    "kind": "cell",
    "tag": "mag0.1_mid",
    "cross": "mid",
    "magnitude": 0.1,
    "baseline_key": [
      0.5,
      39,
      256,
      16
    ],
    "params": {
      "period_P": 256,
      "manifold_dim_D": 16,
      "continuity_center": 39,
      "fidelity_F": 0.97,
      "magnitude_M": 0.1,
      "locality_L": 0.5
    },
    "L_d_main": 1,
    "seed": 3,
    "perk": true,
    "label": "cell_mag0.1_mid_s3",
    "out_file": "/mnt/c/Users/Jason/Desktop/Eridos/Weft 2/v2/results/phase1/pilot/_runs/cell_mag0.1_mid_s3.json"
  }
}