{
  "label": "cell_contLow_mid_s0",
  "L_d_main": 1,
  "seed": 0,
  "wall_clock_s": 198.22,
  "steps_trained": 10000,
  "final_interval_loss": -2934.372534,
  "nan_inf": false,
  "still_descending": false,
  "stability_flag": "stable",
  "diff_mu": 0.03656012937426567,
  "diff_sigma": 3.626943723133991e-08,
  "diff_mu_aggregate": 0.03656012937426567,
  "diff_sigma_aggregate": 3.626943723133991e-08,
  "diff_mu_per_k": [
    0.036901939660310745,
    0.036602314561605453,
    0.03652816638350487,
    0.03679577633738518,
    0.036967262625694275,
    0.03623567149043083,
    0.036766745150089264,
    0.03708687424659729,
    0.03621872141957283,
    0.03743439540266991,
    0.03619614988565445,
    0.03654038533568382,
    0.03600488603115082,
    0.03626272827386856,
    0.036286015063524246,
    0.03613404929637909
  ],
  "diff_sigma_per_k": [
    2.7752335540753847e-08,
    3.1225301455606314e-08,
    3.510738011414105e-08,
    4.1278340745520836e-08,
    4.0730228079155495e-08,
    3.639405932176487e-08,
    3.422098870942136e-08,
    3.619606303573164e-08,
    2.1865673716092715e-08,
    2.8377428407111438e-08,
    2.663518827716871e-08,
    2.5715230833611713e-08,
    3.9162852516483326e-08,
    4.5458818931365386e-08,
    5.2563130736871244e-08,
    5.762799659692064e-08
  ],
  "variance_collapse": false,
  "k_report_idx": {
    "k1": 0,
    "k8": 7,
    "k15": 14
  },
  "spec": {
    "kind": "cell",
    "tag": "contLow_mid",
    "cross": "mid",
    "magnitude": 0.3,
    "baseline_key": [
      0.5,
      19,
      256,
      16
    ],
    "params": {
      "period_P": 256,
      "manifold_dim_D": 16,
      "continuity_center": 19,
      "fidelity_F": 0.97,
      "magnitude_M": 0.3,
      "locality_L": 0.5
    },
    "L_d_main": 1,
    "seed": 0,
    "perk": true,
    "label": "cell_contLow_mid_s0",
    "out_file": "/mnt/c/Users/Jason/Desktop/Eridos/Weft 2/v2/results/phase1/pilot/_runs/cell_contLow_mid_s0.json"
  }
}