{
  "label": "cell_D4_mid_s0",
  "L_d_main": 1,
  "seed": 0,
  "wall_clock_s": 193.14,
  "steps_trained": 10000,
  "final_interval_loss": -2804.626344,
  "nan_inf": false,
  "still_descending": false,
  "stability_flag": "stable",
  "diff_mu": 0.036429982632398605,
  "diff_sigma": 6.0928879719313045e-09,
  "diff_mu_aggregate": 0.036429982632398605,
  "diff_sigma_aggregate": 6.0928879719313045e-09,
  "diff_mu_per_k": [
    0.03912297636270523,
    0.042815279215574265,
    0.042041901499032974,
    0.03519156575202942,
    0.029240069910883904,
    0.0249216016381979,
    0.03466745465993881,
    0.04058491811156273,
    0.04181816801428795,
    0.03994668647646904,
    0.0338541641831398,
    0.026479367166757584,
    0.030752623453736305,
    0.036394815891981125,
    0.043132077902555466,
    0.041916072368621826
  ],
  "diff_sigma_per_k": [
    7.630520215684555e-09,
    4.478830639698117e-09,
    5.821949145001781e-09,
    6.381648098852111e-09,
    6.207547365022492e-09,
    4.136757159045601e-09,
    8.961380082439518e-09,
    6.559349063905984e-09,
    4.114229401608327e-09,
    5.16374543124698e-09,
    6.686259546029305e-09,
    5.2392912230914135e-09,
    7.257459966325541e-09,
    8.31942603696234e-09,
    5.936933167305369e-09,
    4.590884561395114e-09
  ],
  "variance_collapse": true,
  "k_report_idx": {
    "k1": 0,
    "k8": 7,
    "k15": 14
  },
  "spec": {
    "kind": "cell",
    "tag": "D4_mid",
    "cross": "mid",
    "magnitude": 0.3,
    "baseline_key": [
      0.5,
      39,
      256,
      4
    ],
    "params": {
      "period_P": 256,
      "manifold_dim_D": 4,
      "continuity_center": 39,
      "fidelity_F": 0.97,
      "magnitude_M": 0.3,
      "locality_L": 0.5
    },
    "L_d_main": 1,
    "seed": 0,
    "perk": true,
    "label": "cell_D4_mid_s0",
    "out_file": "/mnt/c/Users/Jason/Desktop/Eridos/Weft 2/v2/results/phase1/pilot/_runs/cell_D4_mid_s0.json"
  }
}