{
  "label": "cell_mag0.7_low_s9",
  "L_d_main": 1,
  "seed": 9,
  "wall_clock_s": 198.54,
  "steps_trained": 10000,
  "final_interval_loss": -2708.280548,
  "nan_inf": false,
  "still_descending": true,
  "stability_flag": "stable",
  "diff_mu": 0.23635625839233398,
  "diff_sigma": 6.71354291625903e-06,
  "diff_mu_aggregate": 0.23635625839233398,
  "diff_sigma_aggregate": 6.71354291625903e-06,
  "diff_mu_per_k": [
    0.2726156413555145,
    0.25857532024383545,
    0.23641793429851532,
    0.23019173741340637,
    0.1893826723098755,
    0.18122543394565582,
    0.21010857820510864,
    0.20840108394622803,
    0.21535314619541168,
    0.2314891368150711,
    0.24845130741596222,
    0.24508421123027802,
    0.2457638382911682,
    0.26880717277526855,
    0.2690318822860718,
    0.2708059847354889
  ],
  "diff_sigma_per_k": [
    1.1804033420048654e-05,
    7.960988114064094e-06,
    5.831898306496441e-06,
    6.319101430563023e-06,
    2.6246393645124044e-06,
    2.559901759013883e-06,
    1.928518713611993e-06,
    2.5497161004750524e-06,
    3.5150626445101807e-06,
    6.782860964449355e-06,
    4.731596163765062e-06,
    6.466101694968529e-06,
    8.710513611731585e-06,
    1.1293796887912322e-05,
    1.1467103831819259e-05,
    1.287085615331307e-05
  ],
  "variance_collapse": false,
  "k_report_idx": {
    "k1": 0,
    "k8": 7,
    "k15": 14
  },
  "spec": {
    "kind": "cell",
    "tag": "mag0.7_low",
    "cross": "low",
    "magnitude": 0.7,
    "baseline_key": [
      0.3,
      3,
      32,
      4
    ],
    "params": {
      "period_P": 32,
      "manifold_dim_D": 4,
      "continuity_center": 3,
      "fidelity_F": 0.97,
      "magnitude_M": 0.7,
      "locality_L": 0.3
    },
    "L_d_main": 1,
    "seed": 9,
    "perk": true,
    "label": "cell_mag0.7_low_s9",
    "out_file": "/mnt/c/Users/Jason/Desktop/Eridos/Weft 2/v2/results/phase1/pilot/_runs/cell_mag0.7_low_s9.json"
  }
}