{
  "label": "cell_mag0.7_low_s1",
  "L_d_main": 1,
  "seed": 1,
  "wall_clock_s": 186.22,
  "steps_trained": 10000,
  "final_interval_loss": -2636.263321,
  "nan_inf": false,
  "still_descending": false,
  "stability_flag": "stable",
  "diff_mu": 0.7065386176109314,
  "diff_sigma": 5.41404688192415e-07,
  "diff_mu_aggregate": 0.7065386176109314,
  "diff_sigma_aggregate": 5.41404688192415e-07,
  "diff_mu_per_k": [
    0.7595312595367432,
    0.7357215285301208,
    0.737882673740387,
    0.7133912444114685,
    0.7304618954658508,
    0.682213544845581,
    0.7132732272148132,
    0.6921753883361816,
    0.6638432145118713,
    0.6433299779891968,
    0.6566193699836731,
    0.6644049882888794,
    0.6824503540992737,
    0.7304245829582214,
    0.7450741529464722,
    0.7538183331489563
  ],
  "diff_sigma_per_k": [
    4.801931368092482e-07,
    3.509604482587747e-07,
    2.827865159815701e-07,
    3.6686913063022075e-07,
    3.2348049217034713e-07,
    3.3283617995039094e-07,
    4.0487739738637174e-07,
    4.596669214151916e-07,
    5.906313731429691e-07,
    7.055236324049474e-07,
    6.934902216926275e-07,
    5.880900175725401e-07,
    6.183751111166202e-07,
    7.109390480763977e-07,
    8.121646146719286e-07,
    9.415907697984949e-07
  ],
  "variance_collapse": false,
  "k_report_idx": {
    "k1": 0,
    "k8": 7,
    "k15": 14
  },
  "spec": {
    "kind": "cell",
    "tag": "mag0.7_low",
    "cross": "low",
    "magnitude": 0.7,
    "baseline_key": [
      0.3,
      3,
      32,
      4
    ],
    "params": {
      "period_P": 32,
      "manifold_dim_D": 4,
      "continuity_center": 3,
      "fidelity_F": 0.97,
      "magnitude_M": 0.7,
      "locality_L": 0.3
    },
    "L_d_main": 1,
    "seed": 1,
    "perk": true,
    "label": "cell_mag0.7_low_s1",
    "out_file": "/mnt/c/Users/Jason/Desktop/Eridos/Weft 2/v2/results/phase1/pilot/_runs/cell_mag0.7_low_s1.json"
  }
}