{
  "label": "cell_mag0.1_high_s5",
  "L_d_main": 1,
  "seed": 5,
  "wall_clock_s": 192.65,
  "steps_trained": 10000,
  "final_interval_loss": -3010.314553,
  "nan_inf": false,
  "still_descending": false,
  "stability_flag": "stable",
  "diff_mu": 3.781957639148459e-05,
  "diff_sigma": 9.534089073781615e-10,
  "diff_mu_aggregate": 3.781957639148459e-05,
  "diff_sigma_aggregate": 9.534089073781615e-10,
  "diff_mu_per_k": [
    3.804720472544432e-05,
    3.766211375477724e-05,
    3.734868732863106e-05,
    3.849315544357523e-05,
    3.809588815784082e-05,
    3.755235593416728e-05,
    3.790808477788232e-05,
    3.764756547752768e-05,
    3.72102003893815e-05,
    3.746299626072869e-05,
    3.853339876513928e-05,
    3.780769111472182e-05,
    3.751083932002075e-05,
    3.7736972444690764e-05,
    3.79622433683835e-05,
    3.8133843190735206e-05
  ],
  "diff_sigma_per_k": [
    9.870152473112626e-10,
    1.0743114176037238e-09,
    9.250936128246678e-10,
    9.18867260057965e-10,
    9.66535851354422e-10,
    9.055718952488689e-10,
    9.75852065820959e-10,
    9.233416808918093e-10,
    9.068200079731525e-10,
    9.44296640881248e-10,
    1.0003740058550648e-09,
    8.986315025438785e-10,
    8.442819776632859e-10,
    9.114513588315276e-10,
    9.181018723047885e-10,
    1.1539967870177747e-09
  ],
  "variance_collapse": true,
  "k_report_idx": {
    "k1": 0,
    "k8": 7,
    "k15": 14
  },
  "spec": {
    "kind": "cell",
    "tag": "mag0.1_high",
    "cross": "high",
    "magnitude": 0.1,
    "baseline_key": [
      0.9,
      472,
      2048,
      128
    ],
    "params": {
      "period_P": 2048,
      "manifold_dim_D": 128,
      "continuity_center": 472,
      "fidelity_F": 0.97,
      "magnitude_M": 0.1,
      "locality_L": 0.9
    },
    "L_d_main": 1,
    "seed": 5,
    "perk": true,
    "label": "cell_mag0.1_high_s5",
    "out_file": "/mnt/c/Users/Jason/Desktop/Eridos/Weft 2/v2/results/phase1/pilot/_runs/cell_mag0.1_high_s5.json"
  }
}