{
  "label": "cell_mag0.3_mid_s9",
  "L_d_main": 1,
  "seed": 9,
  "wall_clock_s": 189.95,
  "steps_trained": 10000,
  "final_interval_loss": -2889.981911,
  "nan_inf": false,
  "still_descending": false,
  "stability_flag": "stable",
  "diff_mu": 0.06429252028465271,
  "diff_sigma": 8.439955223593643e-08,
  "diff_mu_aggregate": 0.06429252028465271,
  "diff_sigma_aggregate": 8.439955223593643e-08,
  "diff_mu_per_k": [
    0.06425239890813828,
    0.06442084908485413,
    0.06427888572216034,
    0.06483089923858643,
    0.06394094228744507,
    0.06408248096704483,
    0.06331944465637207,
    0.06352689117193222,
    0.06467662006616592,
    0.06497562676668167,
    0.06339433044195175,
    0.06373486667871475,
    0.0643918439745903,
    0.06486189365386963,
    0.06474404036998749,
    0.06524836272001266
  ],
  "diff_sigma_per_k": [
    9.150472379815255e-08,
    8.432371600974875e-08,
    8.623937475249477e-08,
    8.61859774659024e-08,
    8.628501291241264e-08,
    7.277227354052229e-08,
    7.73416886090672e-08,
    8.282936647674433e-08,
    9.013322710416105e-08,
    9.70978746295259e-08,
    7.529033041464572e-08,
    7.282242364681224e-08,
    7.651122047036552e-08,
    7.91897818430698e-08,
    9.37760091801465e-08,
    9.808985623749322e-08
  ],
  "variance_collapse": false,
  "k_report_idx": {
    "k1": 0,
    "k8": 7,
    "k15": 14
  },
  "spec": {
    "kind": "cell",
    "tag": "mag0.3_mid",
    "cross": "mid",
    "magnitude": 0.3,
    "baseline_key": [
      0.5,
      39,
      256,
      16
    ],
    "params": {
      "period_P": 256,
      "manifold_dim_D": 16,
      "continuity_center": 39,
      "fidelity_F": 0.97,
      "magnitude_M": 0.3,
      "locality_L": 0.5
    },
    "L_d_main": 1,
    "seed": 9,
    "perk": true,
    "label": "cell_mag0.3_mid_s9",
    "out_file": "/mnt/c/Users/Jason/Desktop/Eridos/Weft 2/v2/results/phase1/pilot/_runs/cell_mag0.3_mid_s9.json"
  }
}