{
  "label": "cell_mag0.7_mid_s5",
  "L_d_main": 1,
  "seed": 5,
  "wall_clock_s": 190.7,
  "steps_trained": 10000,
  "final_interval_loss": -2805.562656,
  "nan_inf": false,
  "still_descending": false,
  "stability_flag": "stable",
  "diff_mu": 0.01382572390139103,
  "diff_sigma": 5.4332108589960626e-08,
  "diff_mu_aggregate": 0.01382572390139103,
  "diff_sigma_aggregate": 5.4332108589960626e-08,
  "diff_mu_per_k": [
    0.013413051143288612,
    0.013875024393200874,
    0.014287552796304226,
    0.013413949869573116,
    0.013825018890202045,
    0.013939561322331429,
    0.013784138485789299,
    0.01383607741445303,
    0.01411912590265274,
    0.014007778838276863,
    0.013560858555138111,
    0.013777224346995354,
    0.01383074652403593,
    0.013975379057228565,
    0.013641584664583206,
    0.013924513012170792
  ],
  "diff_sigma_per_k": [
    5.294303306868642e-08,
    5.616753639969829e-08,
    5.912881917424784e-08,
    4.84267772549174e-08,
    5.181350459793066e-08,
    5.4060567578062546e-08,
    5.305009054268339e-08,
    6.057401691350606e-08,
    6.202570546065544e-08,
    5.886505860530633e-08,
    4.5877445842279485e-08,
    4.7640597244935634e-08,
    5.209822973029077e-08,
    5.347482456841135e-08,
    5.5552270339376264e-08,
    5.761525301295478e-08
  ],
  "variance_collapse": false,
  "k_report_idx": {
    "k1": 0,
    "k8": 7,
    "k15": 14
  },
  "spec": {
    "kind": "cell",
    "tag": "mag0.7_mid",
    "cross": "mid",
    "magnitude": 0.7,
    "baseline_key": [
      0.5,
      39,
      256,
      16
    ],
    "params": {
      "period_P": 256,
      "manifold_dim_D": 16,
      "continuity_center": 39,
      "fidelity_F": 0.97,
      "magnitude_M": 0.7,
      "locality_L": 0.5
    },
    "L_d_main": 1,
    "seed": 5,
    "perk": true,
    "label": "cell_mag0.7_mid_s5",
    "out_file": "/mnt/c/Users/Jason/Desktop/Eridos/Weft 2/v2/results/phase1/pilot/_runs/cell_mag0.7_mid_s5.json"
  }
}