{
  "label": "cell_mag0.1_mid_s5",
  "L_d_main": 1,
  "seed": 5,
  "wall_clock_s": 200.79,
  "steps_trained": 10000,
  "final_interval_loss": -2897.40574,
  "nan_inf": false,
  "still_descending": true,
  "stability_flag": "stable",
  "diff_mu": 0.192865788936615,
  "diff_sigma": 3.4575580798446026e-07,
  "diff_mu_aggregate": 0.192865788936615,
  "diff_sigma_aggregate": 3.4575580798446026e-07,
  "diff_mu_per_k": [
    0.193504199385643,
    0.19376976788043976,
    0.19406360387802124,
    0.1944885402917862,
    0.19195003807544708,
    0.193228617310524,
    0.19285354018211365,
    0.1920040398836136,
    0.19235612452030182,
    0.19236651062965393,
    0.19225826859474182,
    0.19369398057460785,
    0.19190208613872528,
    0.19253061711788177,
    0.19203020632266998,
    0.19285225868225098
  ],
  "diff_sigma_per_k": [
    3.5665465247802786e-07,
    4.224527287988167e-07,
    3.633393532709306e-07,
    3.279883458162658e-07,
    2.678279997780919e-07,
    2.8701472842840303e-07,
    3.446888854341523e-07,
    3.716325522873376e-07,
    3.638631369540235e-07,
    3.7801427765771223e-07,
    3.3563742363185156e-07,
    3.225177067633922e-07,
    3.338574856570631e-07,
    3.367818237620668e-07,
    3.252479814364051e-07,
    3.945736182231485e-07
  ],
  "variance_collapse": false,
  "k_report_idx": {
    "k1": 0,
    "k8": 7,
    "k15": 14
  },
  "spec": {
    "kind": "cell",
    "tag": "mag0.1_mid",
    "cross": "mid",
    "magnitude": 0.1,
    "baseline_key": [
      0.5,
      39,
      256,
      16
    ],
    "params": {
      "period_P": 256,
      "manifold_dim_D": 16,
      "continuity_center": 39,
      "fidelity_F": 0.97,
      "magnitude_M": 0.1,
      "locality_L": 0.5
    },
    "L_d_main": 1,
    "seed": 5,
    "perk": true,
    "label": "cell_mag0.1_mid_s5",
    "out_file": "/mnt/c/Users/Jason/Desktop/Eridos/Weft 2/v2/results/phase1/pilot/_runs/cell_mag0.1_mid_s5.json"
  }
}