{
  "label": "cell_mag0.3_mid_s1",
  "L_d_main": 1,
  "seed": 1,
  "wall_clock_s": 198.38,
  "steps_trained": 10000,
  "final_interval_loss": -2934.488052,
  "nan_inf": false,
  "still_descending": false,
  "stability_flag": "stable",
  "diff_mu": 1.7543818950653076,
  "diff_sigma": 9.335037134405866e-07,
  "diff_mu_aggregate": 1.7543818950653076,
  "diff_sigma_aggregate": 9.335037134405866e-07,
  "diff_mu_per_k": [
    1.7642829418182373,
    1.7475407123565674,
    1.785972237586975,
    1.7808347940444946,
    1.7329057455062866,
    1.747359037399292,
    1.6980735063552856,
    1.7134264707565308,
    1.7435803413391113,
    1.7925727367401123,
    1.7781370878219604,
    1.77183997631073,
    1.7763266563415527,
    1.7342185974121094,
    1.7601583003997803,
    1.7428784370422363
  ],
  "diff_sigma_per_k": [
    8.675144727021689e-07,
    9.81972675617726e-07,
    1.0537816024225322e-06,
    9.922244998961105e-07,
    8.546400636078033e-07,
    8.002301683518454e-07,
    7.49872413052799e-07,
    8.477256869809935e-07,
    9.438875849809847e-07,
    1.1077046337959473e-06,
    9.668765414971858e-07,
    8.370836326321296e-07,
    9.33517412704532e-07,
    9.661355306889163e-07,
    9.591901743988274e-07,
    1.07370249224914e-06
  ],
  "variance_collapse": false,
  "k_report_idx": {
    "k1": 0,
    "k8": 7,
    "k15": 14
  },
  "spec": {
    "kind": "cell",
    "tag": "mag0.3_mid",
    "cross": "mid",
    "magnitude": 0.3,
    "baseline_key": [
      0.5,
      39,
      256,
      16
    ],
    "params": {
      "period_P": 256,
      "manifold_dim_D": 16,
      "continuity_center": 39,
      "fidelity_F": 0.97,
      "magnitude_M": 0.3,
      "locality_L": 0.5
    },
    "L_d_main": 1,
    "seed": 1,
    "perk": true,
    "label": "cell_mag0.3_mid_s1",
    "out_file": "/mnt/c/Users/Jason/Desktop/Eridos/Weft 2/v2/results/phase1/pilot/_runs/cell_mag0.3_mid_s1.json"
  }
}