{
  "label": "cell_mag0.1_mid_s8",
  "L_d_main": 1,
  "seed": 8,
  "wall_clock_s": 199.67,
  "steps_trained": 10000,
  "final_interval_loss": -2905.650216,
  "nan_inf": false,
  "still_descending": false,
  "stability_flag": "stable",
  "diff_mu": 0.14759114384651184,
  "diff_sigma": 6.284217590746266e-08,
  "diff_mu_aggregate": 0.14759114384651184,
  "diff_sigma_aggregate": 6.284217590746266e-08,
  "diff_mu_per_k": [
    0.14636240899562836,
    0.14775295555591583,
    0.148780956864357,
    0.14686726033687592,
    0.1485048234462738,
    0.1451006680727005,
    0.1472732573747635,
    0.148269385099411,
    0.14886441826820374,
    0.14794638752937317,
    0.14743037521839142,
    0.14695937931537628,
    0.14769615232944489,
    0.14734619855880737,
    0.14883744716644287,
    0.14746645092964172
  ],
  "diff_sigma_per_k": [
    6.167358890252217e-08,
    6.313737799246155e-08,
    7.023002268624623e-08,
    7.022998005368208e-08,
    5.275480674526989e-08,
    5.552834281274954e-08,
    5.442811001898917e-08,
    6.213693382051133e-08,
    7.05251608223989e-08,
    7.303121662971535e-08,
    5.979347150741887e-08,
    5.4662123716298083e-08,
    5.554907644977902e-08,
    6.41610284901617e-08,
    6.234881055888764e-08,
    7.528473844331529e-08
  ],
  "variance_collapse": false,
  "k_report_idx": {
    "k1": 0,
    "k8": 7,
    "k15": 14
  },
  "spec": {
    "kind": "cell",
    "tag": "mag0.1_mid",
    "cross": "mid",
    "magnitude": 0.1,
    "baseline_key": [
      0.5,
      39,
      256,
      16
    ],
    "params": {
      "period_P": 256,
      "manifold_dim_D": 16,
      "continuity_center": 39,
      "fidelity_F": 0.97,
      "magnitude_M": 0.1,
      "locality_L": 0.5
    },
    "L_d_main": 1,
    "seed": 8,
    "perk": true,
    "label": "cell_mag0.1_mid_s8",
    "out_file": "/mnt/c/Users/Jason/Desktop/Eridos/Weft 2/v2/results/phase1/pilot/_runs/cell_mag0.1_mid_s8.json"
  }
}