{
  "label": "cell_mag0.3_high_s2",
  "L_d_main": 1,
  "seed": 2,
  "wall_clock_s": 192.11,
  "steps_trained": 10000,
  "final_interval_loss": -3007.575118,
  "nan_inf": false,
  "still_descending": false,
  "stability_flag": "stable",
  "diff_mu": 0.0001760898157954216,
  "diff_sigma": 2.0554180579779313e-09,
  "diff_mu_aggregate": 0.0001760898157954216,
  "diff_sigma_aggregate": 2.0554180579779313e-09,
  "diff_mu_per_k": [
    0.0002964662271551788,
    0.00016873634012881666,
    0.00010783178004203364,
    0.00018762267427518964,
    0.0003214579774066806,
    0.00019929683185182512,
    0.0001308860955759883,
    0.00011612816888373345,
    0.00012416591926012188,
    0.00020305265206843615,
    0.00019605847774073482,
    0.00011298683239147067,
    9.896601113723591e-05,
    0.00012467788474168628,
    0.00022124918177723885,
    0.00020785430388059467
  ],
  "diff_sigma_per_k": [
    2.8738271762307477e-09,
    1.1419898360287561e-09,
    1.4505884271542868e-09,
    2.3813142568940293e-09,
    3.5393592501264948e-09,
    2.39874231588999e-09,
    1.2562033635532543e-09,
    1.3310503810259888e-09,
    1.8572683391226974e-09,
    2.3964461526304603e-09,
    2.5747450838053965e-09,
    1.439877883591123e-09,
    1.448490993816165e-09,
    1.9452577326717346e-09,
    2.5897739508451423e-09,
    2.261755449595171e-09
  ],
  "variance_collapse": true,
  "k_report_idx": {
    "k1": 0,
    "k8": 7,
    "k15": 14
  },
  "spec": {
    "kind": "cell",
    "tag": "mag0.3_high",
    "cross": "high",
    "magnitude": 0.3,
    "baseline_key": [
      0.9,
      472,
      2048,
      128
    ],
    "params": {
      "period_P": 2048,
      "manifold_dim_D": 128,
      "continuity_center": 472,
      "fidelity_F": 0.97,
      "magnitude_M": 0.3,
      "locality_L": 0.9
    },
    "L_d_main": 1,
    "seed": 2,
    "perk": true,
    "label": "cell_mag0.3_high_s2",
    "out_file": "/mnt/c/Users/Jason/Desktop/Eridos/Weft 2/v2/results/phase1/pilot/_runs/cell_mag0.3_high_s2.json"
  }
}