{
  "label": "cell_mag0.9_mid_s6",
  "L_d_main": 1,
  "seed": 6,
  "wall_clock_s": 197.19,
  "steps_trained": 10000,
  "final_interval_loss": -2869.386221,
  "nan_inf": false,
  "still_descending": true,
  "stability_flag": "stable",
  "diff_mu": 0.15803782641887665,
  "diff_sigma": 1.332118131358584e-07,
  "diff_mu_aggregate": 0.15803782641887665,
  "diff_sigma_aggregate": 1.332118131358584e-07,
  "diff_mu_per_k": [
    0.15716291964054108,
    0.15876980125904083,
    0.15862177312374115,
    0.1607881784439087,
    0.1586865335702896,
    0.15830154716968536,
    0.15707433223724365,
    0.15535210072994232,
    0.15747614204883575,
    0.15839500725269318,
    0.15870985388755798,
    0.1583007276058197,
    0.1597851663827896,
    0.15764166414737701,
    0.15843135118484497,
    0.15510819852352142
  ],
  "diff_sigma_per_k": [
    1.2732103016332985e-07,
    1.5178797241333086e-07,
    1.4239996914966468e-07,
    1.432084104635578e-07,
    1.2951026917562558e-07,
    1.1554516277101357e-07,
    1.2944080651777767e-07,
    1.44719962236195e-07,
    1.4067782672100293e-07,
    1.3489224670593103e-07,
    1.3644374519117264e-07,
    1.296458265187539e-07,
    1.2666323812027258e-07,
    1.1658337228936944e-07,
    1.3134797427483136e-07,
    1.3120110509134975e-07
  ],
  "variance_collapse": false,
  "k_report_idx": {
    "k1": 0,
    "k8": 7,
    "k15": 14
  },
  "spec": {
    "kind": "cell",
    "tag": "mag0.9_mid",
    "cross": "mid",
    "magnitude": 0.9,
    "baseline_key": [
      0.5,
      39,
      256,
      16
    ],
    "params": {
      "period_P": 256,
      "manifold_dim_D": 16,
      "continuity_center": 39,
      "fidelity_F": 0.97,
      "magnitude_M": 0.9,
      "locality_L": 0.5
    },
    "L_d_main": 1,
    "seed": 6,
    "perk": true,
    "label": "cell_mag0.9_mid_s6",
    "out_file": "/mnt/c/Users/Jason/Desktop/Eridos/Weft 2/v2/results/phase1/pilot/_runs/cell_mag0.9_mid_s6.json"
  }
}