{
  "label": "cell_mag0.1_high_s6",
  "L_d_main": 1,
  "seed": 6,
  "wall_clock_s": 193.24,
  "steps_trained": 10000,
  "final_interval_loss": -3007.945351,
  "nan_inf": false,
  "still_descending": false,
  "stability_flag": "stable",
  "diff_mu": 3.709056545631029e-05,
  "diff_sigma": 1.4094519995566657e-10,
  "diff_mu_aggregate": 3.709056545631029e-05,
  "diff_sigma_aggregate": 1.4094519995566657e-10,
  "diff_mu_per_k": [
    3.9206905057653785e-05,
    3.818263940047473e-05,
    4.0423932659905404e-05,
    3.500413004076108e-05,
    3.4866705391323194e-05,
    3.841209763777442e-05,
    3.676454070955515e-05,
    3.6270939745008945e-05,
    3.6678382457466796e-05,
    3.566832310752943e-05,
    3.623891461757012e-05,
    3.861476216115989e-05,
    3.8646852772217244e-05,
    3.5813500289805233e-05,
    3.683741306304e-05,
    3.581905912142247e-05
  ],
  "diff_sigma_per_k": [
    1.3801663978352252e-10,
    1.592384141213543e-10,
    1.3333889548050593e-10,
    1.3705915569151017e-10,
    1.434466156968739e-10,
    1.3750722782646108e-10,
    1.5706802525272678e-10,
    1.3378766150484722e-10,
    1.2745815514136893e-10,
    1.3947916432943686e-10,
    1.4438067408306665e-10,
    1.2677078831124788e-10,
    1.4970642780998134e-10,
    1.2601206189621905e-10,
    1.5115732276971272e-10,
    1.5069603898076878e-10
  ],
  "variance_collapse": true,
  "k_report_idx": {
    "k1": 0,
    "k8": 7,
    "k15": 14
  },
  "spec": {
    "kind": "cell",
    "tag": "mag0.1_high",
    "cross": "high",
    "magnitude": 0.1,
    "baseline_key": [
      0.9,
      472,
      2048,
      128
    ],
    "params": {
      "period_P": 2048,
      "manifold_dim_D": 128,
      "continuity_center": 472,
      "fidelity_F": 0.97,
      "magnitude_M": 0.1,
      "locality_L": 0.9
    },
    "L_d_main": 1,
    "seed": 6,
    "perk": true,
    "label": "cell_mag0.1_high_s6",
    "out_file": "/mnt/c/Users/Jason/Desktop/Eridos/Weft 2/v2/results/phase1/pilot/_runs/cell_mag0.1_high_s6.json"
  }
}