{
  "label": "cell_mag0.1_mid_s0",
  "L_d_main": 1,
  "seed": 0,
  "wall_clock_s": 203.72,
  "steps_trained": 10000,
  "final_interval_loss": -2927.250721,
  "nan_inf": false,
  "still_descending": true,
  "stability_flag": "stable",
  "diff_mu": 0.3979712724685669,
  "diff_sigma": 8.586351896155975e-07,
  "diff_mu_aggregate": 0.3979712724685669,
  "diff_sigma_aggregate": 8.586351896155975e-07,
  "diff_mu_per_k": [
    0.39972567558288574,
    0.3948853313922882,
    0.39682257175445557,
    0.4011211097240448,
    0.39497122168540955,
    0.39633259177207947,
    0.3984542489051819,
    0.40415239334106445,
    0.39820194244384766,
    0.39938482642173767,
    0.39699628949165344,
    0.39565104246139526,
    0.39718642830848694,
    0.3956148624420166,
    0.39797261357307434,
    0.40006643533706665
  ],
  "diff_sigma_per_k": [
    8.224321845773375e-07,
    9.474070452597516e-07,
    1.2364080248516984e-06,
    9.9669239261857e-07,
    8.085509080046904e-07,
    7.138138471418642e-07,
    6.587683856196236e-07,
    8.756225611250557e-07,
    9.99622102426656e-07,
    9.877467164187692e-07,
    7.483103559025039e-07,
    6.008400532664382e-07,
    8.270447438007977e-07,
    7.927625347292633e-07,
    8.637929340693518e-07,
    8.583475050727429e-07
  ],
  "variance_collapse": false,
  "k_report_idx": {
    "k1": 0,
    "k8": 7,
    "k15": 14
  },
  "spec": {
    "kind": "cell",
    "tag": "mag0.1_mid",
    "cross": "mid",
    "magnitude": 0.1,
    "baseline_key": [
      0.5,
      39,
      256,
      16
    ],
    "params": {
      "period_P": 256,
      "manifold_dim_D": 16,
      "continuity_center": 39,
      "fidelity_F": 0.97,
      "magnitude_M": 0.1,
      "locality_L": 0.5
    },
    "L_d_main": 1,
    "seed": 0,
    "perk": true,
    "label": "cell_mag0.1_mid_s0",
    "out_file": "/mnt/c/Users/Jason/Desktop/Eridos/Weft 2/v2/results/phase1/pilot/_runs/cell_mag0.1_mid_s0.json"
  }
}