{
  "label": "cell_mag0.3_low_s5",
  "L_d_main": 1,
  "seed": 5,
  "wall_clock_s": 194.47,
  "steps_trained": 10000,
  "final_interval_loss": -2617.389949,
  "nan_inf": false,
  "still_descending": false,
  "stability_flag": "stable",
  "diff_mu": 0.9353441596031189,
  "diff_sigma": 1.917012923513539e-06,
  "diff_mu_aggregate": 0.9353441596031189,
  "diff_sigma_aggregate": 1.917012923513539e-06,
  "diff_mu_per_k": [
    1.0584278106689453,
    1.2395741939544678,
    1.326030969619751,
    1.2977807521820068,
    1.1354618072509766,
    1.0508211851119995,
    0.863135576248169,
    0.5288344025611877,
    0.45872268080711365,
    0.560351550579071,
    0.6927752494812012,
    0.8025829792022705,
    0.9152936935424805,
    0.9675759077072144,
    1.0113041400909424,
    1.056826114654541
  ],
  "diff_sigma_per_k": [
    1.2217886933285627e-06,
    1.5481330137845362e-06,
    1.4925113873687224e-06,
    1.3668960718860035e-06,
    1.425312802894041e-06,
    1.3576020592154237e-06,
    1.530455506326689e-06,
    1.5477934312002617e-06,
    1.3241937040220364e-06,
    1.3399697991189896e-06,
    1.7091804238589248e-06,
    2.291689497724292e-06,
    3.184402203260106e-06,
    3.059097707591718e-06,
    3.3430164876335766e-06,
    2.9301634185685543e-06
  ],
  "variance_collapse": false,
  "k_report_idx": {
    "k1": 0,
    "k8": 7,
    "k15": 14
  },
  "spec": {
    "kind": "cell",
    "tag": "mag0.3_low",
    "cross": "low",
    "magnitude": 0.3,
    "baseline_key": [
      0.3,
      3,
      32,
      4
    ],
    "params": {
      "period_P": 32,
      "manifold_dim_D": 4,
      "continuity_center": 3,
      "fidelity_F": 0.97,
      "magnitude_M": 0.3,
      "locality_L": 0.3
    },
    "L_d_main": 1,
    "seed": 5,
    "perk": true,
    "label": "cell_mag0.3_low_s5",
    "out_file": "/mnt/c/Users/Jason/Desktop/Eridos/Weft 2/v2/results/phase1/pilot/_runs/cell_mag0.3_low_s5.json"
  }
}