{
  "label": "cell_mag0.7_high_s1",
  "L_d_main": 1,
  "seed": 1,
  "wall_clock_s": 197.7,
  "steps_trained": 10000,
  "final_interval_loss": -3010.842742,
  "nan_inf": false,
  "still_descending": false,
  "stability_flag": "stable",
  "diff_mu": 3.417882908252068e-05,
  "diff_sigma": 1.798448334699998e-10,
  "diff_mu_aggregate": 3.417882908252068e-05,
  "diff_sigma_aggregate": 1.798448334699998e-10,
  "diff_mu_per_k": [
    4.9322250561090186e-05,
    3.100504181929864e-05,
    3.408491829759441e-05,
    3.157983155688271e-05,
    3.388365075807087e-05,
    3.850513166980818e-05,
    3.4420932934153825e-05,
    3.1775289244251326e-05,
    3.069266676902771e-05,
    3.289695087005384e-05,
    3.5676213883562014e-05,
    2.990150278492365e-05,
    2.9528098821174353e-05,
    3.1724252039566636e-05,
    3.449458017712459e-05,
    3.7369933124864474e-05
  ],
  "diff_sigma_per_k": [
    1.7044021749512694e-10,
    1.990628495374125e-10,
    1.9406927453946565e-10,
    1.5100262706901901e-10,
    1.6803328173331522e-10,
    1.813034028463889e-10,
    1.7342573210843426e-10,
    1.872661747892579e-10,
    1.831377410832502e-10,
    1.8420918956874033e-10,
    1.8721621475314976e-10,
    1.7755598380464477e-10,
    1.6222259646703208e-10,
    1.795832232920347e-10,
    1.7661226647813777e-10,
    2.0237649056564777e-10
  ],
  "variance_collapse": true,
  "k_report_idx": {
    "k1": 0,
    "k8": 7,
    "k15": 14
  },
  "spec": {
    "kind": "cell",
    "tag": "mag0.7_high",
    "cross": "high",
    "magnitude": 0.7,
    "baseline_key": [
      0.9,
      472,
      2048,
      128
    ],
    "params": {
      "period_P": 2048,
      "manifold_dim_D": 128,
      "continuity_center": 472,
      "fidelity_F": 0.97,
      "magnitude_M": 0.7,
      "locality_L": 0.9
    },
    "L_d_main": 1,
    "seed": 1,
    "perk": true,
    "label": "cell_mag0.7_high_s1",
    "out_file": "/mnt/c/Users/Jason/Desktop/Eridos/Weft 2/v2/results/phase1/pilot/_runs/cell_mag0.7_high_s1.json"
  }
}