{
  "label": "cell_mag0.9_high_s9",
  "L_d_main": 1,
  "seed": 9,
  "wall_clock_s": 198.73,
  "steps_trained": 10000,
  "final_interval_loss": -3008.315502,
  "nan_inf": false,
  "still_descending": false,
  "stability_flag": "stable",
  "diff_mu": 0.00010945296526188031,
  "diff_sigma": 1.0460517868571273e-10,
  "diff_mu_aggregate": 0.00010945296526188031,
  "diff_sigma_aggregate": 1.0460517868571273e-10,
  "diff_mu_per_k": [
    0.0001365785428788513,
    0.00014641895540989935,
    0.00013868337555322796,
    7.419547182507813e-05,
    8.404103573411703e-05,
    0.00010239566472591832,
    0.00012289546430110931,
    0.000153638597112149,
    8.470925240544602e-05,
    7.807894871803e-05,
    0.00010309231583960354,
    0.00011537988029886037,
    0.00014570823987014592,
    9.1130546934437e-05,
    8.286927186418325e-05,
    9.143185161519796e-05
  ],
  "diff_sigma_per_k": [
    4.587185839510788e-11,
    1.433892587998642e-10,
    2.3783944258504164e-10,
    6.786388812018984e-11,
    6.184377315809897e-11,
    2.694726039531581e-11,
    1.0162667929414226e-10,
    1.627141893445483e-10,
    1.5570048028656913e-10,
    7.480787517222254e-11,
    5.604786773583115e-11,
    9.271144268963027e-11,
    2.1756688117768874e-10,
    1.1108890890509926e-10,
    6.360655058212927e-11,
    5.4056464166007956e-11
  ],
  "variance_collapse": true,
  "k_report_idx": {
    "k1": 0,
    "k8": 7,
    "k15": 14
  },
  "spec": {
    "kind": "cell",
    "tag": "mag0.9_high",
    "cross": "high",
    "magnitude": 0.9,
    "baseline_key": [
      0.9,
      472,
      2048,
      128
    ],
    "params": {
      "period_P": 2048,
      "manifold_dim_D": 128,
      "continuity_center": 472,
      "fidelity_F": 0.97,
      "magnitude_M": 0.9,
      "locality_L": 0.9
    },
    "L_d_main": 1,
    "seed": 9,
    "perk": true,
    "label": "cell_mag0.9_high_s9",
    "out_file": "/mnt/c/Users/Jason/Desktop/Eridos/Weft 2/v2/results/phase1/pilot/_runs/cell_mag0.9_high_s9.json"
  }
}