{
  "label": "cell_mag0.9_mid_s8",
  "L_d_main": 1,
  "seed": 8,
  "wall_clock_s": 194.12,
  "steps_trained": 10000,
  "final_interval_loss": -2952.682809,
  "nan_inf": false,
  "still_descending": true,
  "stability_flag": "stable",
  "diff_mu": 0.07643482834100723,
  "diff_sigma": 4.4967130463646754e-08,
  "diff_mu_aggregate": 0.07643482834100723,
  "diff_sigma_aggregate": 4.4967130463646754e-08,
  "diff_mu_per_k": [
    0.07561129331588745,
    0.07548913359642029,
    0.07573774456977844,
    0.07753506302833557,
    0.07697006314992905,
    0.07631746679544449,
    0.07526043802499771,
    0.07592495530843735,
    0.07717369496822357,
    0.0772981122136116,
    0.07664184272289276,
    0.07583381980657578,
    0.07651881128549576,
    0.07605370879173279,
    0.07736226916313171,
    0.07722882926464081
  ],
  "diff_sigma_per_k": [
    4.443146650601193e-08,
    4.7440995132319586e-08,
    4.725929514393101e-08,
    4.7672497061057584e-08,
    3.880706955783353e-08,
    3.961532257790168e-08,
    3.61548941896217e-08,
    4.615483106817919e-08,
    4.6875243242539e-08,
    5.233926003711531e-08,
    4.549592702574046e-08,
    4.029879363542932e-08,
    4.286337684789032e-08,
    4.6117794028077697e-08,
    4.9570317628422345e-08,
    4.83769539982859e-08
  ],
  "variance_collapse": false,
  "k_report_idx": {
    "k1": 0,
    "k8": 7,
    "k15": 14
  },
  "spec": {
    "kind": "cell",
    "tag": "mag0.9_mid",
    "cross": "mid",
    "magnitude": 0.9,
    "baseline_key": [
      0.5,
      39,
      256,
      16
    ],
    "params": {
      "period_P": 256,
      "manifold_dim_D": 16,
      "continuity_center": 39,
      "fidelity_F": 0.97,
      "magnitude_M": 0.9,
      "locality_L": 0.5
    },
    "L_d_main": 1,
    "seed": 8,
    "perk": true,
    "label": "cell_mag0.9_mid_s8",
    "out_file": "/mnt/c/Users/Jason/Desktop/Eridos/Weft 2/v2/results/phase1/pilot/_runs/cell_mag0.9_mid_s8.json"
  }
}