{
  "label": "cell_mag0.7_high_s3",
  "L_d_main": 1,
  "seed": 3,
  "wall_clock_s": 190.15,
  "steps_trained": 10000,
  "final_interval_loss": -2999.223099,
  "nan_inf": false,
  "still_descending": false,
  "stability_flag": "stable",
  "diff_mu": 0.0001752148091327399,
  "diff_sigma": 3.8475236330270945e-09,
  "diff_mu_aggregate": 0.0001752148091327399,
  "diff_sigma_aggregate": 3.8475236330270945e-09,
  "diff_mu_per_k": [
    0.00016870627587195486,
    0.0001603655837243423,
    0.00017725552606862038,
    0.0001724813337204978,
    0.00018249294953420758,
    0.00017835116886999458,
    0.00016687963216099888,
    0.00017159813432954252,
    0.00018264220852870494,
    0.0001866454113041982,
    0.00018957241263706237,
    0.00017386392573826015,
    0.00016890665574464947,
    0.0001696392719168216,
    0.00017805819516070187,
    0.00017597842088434845
  ],
  "diff_sigma_per_k": [
    3.906020840105384e-09,
    3.8902538967988676e-09,
    3.4633742540535195e-09,
    3.5574008183658634e-09,
    4.129169450806103e-09,
    4.172338030627998e-09,
    4.217680427132109e-09,
    3.5897316230659726e-09,
    3.6425744642798463e-09,
    3.6916667500719313e-09,
    3.862674624599549e-09,
    3.910588297628692e-09,
    3.5133882470006483e-09,
    3.833593442692518e-09,
    4.224410599107387e-09,
    3.955511029829495e-09
  ],
  "variance_collapse": true,
  "k_report_idx": {
    "k1": 0,
    "k8": 7,
    "k15": 14
  },
  "spec": {
    "kind": "cell",
    "tag": "mag0.7_high",
    "cross": "high",
    "magnitude": 0.7,
    "baseline_key": [
      0.9,
      472,
      2048,
      128
    ],
    "params": {
      "period_P": 2048,
      "manifold_dim_D": 128,
      "continuity_center": 472,
      "fidelity_F": 0.97,
      "magnitude_M": 0.7,
      "locality_L": 0.9
    },
    "L_d_main": 1,
    "seed": 3,
    "perk": true,
    "label": "cell_mag0.7_high_s3",
    "out_file": "/mnt/c/Users/Jason/Desktop/Eridos/Weft 2/v2/results/phase1/pilot/_runs/cell_mag0.7_high_s3.json"
  }
}