{
  "label": "cell_mag0.7_mid_s4",
  "L_d_main": 1,
  "seed": 4,
  "wall_clock_s": 189.04,
  "steps_trained": 10000,
  "final_interval_loss": -2945.939334,
  "nan_inf": false,
  "still_descending": false,
  "stability_flag": "stable",
  "diff_mu": 0.05779070034623146,
  "diff_sigma": 1.3713346902477497e-07,
  "diff_mu_aggregate": 0.05779070034623146,
  "diff_sigma_aggregate": 1.3713346902477497e-07,
  "diff_mu_per_k": [
    0.057994093745946884,
    0.05773068219423294,
    0.05804074555635452,
    0.05830094590783119,
    0.05844172090291977,
    0.05738744139671326,
    0.057440776377916336,
    0.05817973613739014,
    0.0581904835999012,
    0.0577007494866848,
    0.058363400399684906,
    0.05720718204975128,
    0.057162705808877945,
    0.058034930378198624,
    0.057257842272520065,
    0.05721772462129593
  ],
  "diff_sigma_per_k": [
    1.3098984652515355e-07,
    1.3352939731703373e-07,
    1.6137180125497252e-07,
    1.3188625302973378e-07,
    1.3384877206590318e-07,
    1.2526550108304946e-07,
    1.235698050550127e-07,
    1.490061407594112e-07,
    1.545968899563377e-07,
    1.4501318901238847e-07,
    1.32399293306662e-07,
    1.1702167768135041e-07,
    1.2154056605595542e-07,
    1.4664507830275397e-07,
    1.4839311290870683e-07,
    1.390582440308208e-07
  ],
  "variance_collapse": false,
  "k_report_idx": {
    "k1": 0,
    "k8": 7,
    "k15": 14
  },
  "spec": {
    "kind": "cell",
    "tag": "mag0.7_mid",
    "cross": "mid",
    "magnitude": 0.7,
    "baseline_key": [
      0.5,
      39,
      256,
      16
    ],
    "params": {
      "period_P": 256,
      "manifold_dim_D": 16,
      "continuity_center": 39,
      "fidelity_F": 0.97,
      "magnitude_M": 0.7,
      "locality_L": 0.5
    },
    "L_d_main": 1,
    "seed": 4,
    "perk": true,
    "label": "cell_mag0.7_mid_s4",
    "out_file": "/mnt/c/Users/Jason/Desktop/Eridos/Weft 2/v2/results/phase1/pilot/_runs/cell_mag0.7_mid_s4.json"
  }
}