{
  "label": "cell_mag0.1_mid_s2",
  "L_d_main": 1,
  "seed": 2,
  "wall_clock_s": 202.47,
  "steps_trained": 10000,
  "final_interval_loss": -2916.895006,
  "nan_inf": false,
  "still_descending": true,
  "stability_flag": "stable",
  "diff_mu": 0.1351783722639084,
  "diff_sigma": 3.533355652507453e-07,
  "diff_mu_aggregate": 0.1351783722639084,
  "diff_sigma_aggregate": 3.533355652507453e-07,
  "diff_mu_per_k": [
    0.13413847982883453,
    0.1442401111125946,
    0.1412562131881714,
    0.1350330412387848,
    0.13228492438793182,
    0.13244189321994781,
    0.1313363015651703,
    0.13252559304237366,
    0.1367097645998001,
    0.13620975613594055,
    0.13774362206459045,
    0.1348119080066681,
    0.1333078294992447,
    0.13153934478759766,
    0.13249653577804565,
    0.13677874207496643
  ],
  "diff_sigma_per_k": [
    3.2135409355760203e-07,
    4.671003637213289e-07,
    3.9682791452833044e-07,
    3.178376175583253e-07,
    3.171097091581032e-07,
    2.9018053737672744e-07,
    3.315748244858696e-07,
    3.544473656802438e-07,
    4.1635087200120324e-07,
    3.919801088159147e-07,
    3.8475394603665336e-07,
    3.0113099569462065e-07,
    3.0968956821197935e-07,
    2.7047462936025113e-07,
    3.677220945519366e-07,
    4.148344885379629e-07
  ],
  "variance_collapse": false,
  "k_report_idx": {
    "k1": 0,
    "k8": 7,
    "k15": 14
  },
  "spec": {
    "kind": "cell",
    "tag": "mag0.1_mid",
    "cross": "mid",
    "magnitude": 0.1,
    "baseline_key": [
      0.5,
      39,
      256,
      16
    ],
    "params": {
      "period_P": 256,
      "manifold_dim_D": 16,
      "continuity_center": 39,
      "fidelity_F": 0.97,
      "magnitude_M": 0.1,
      "locality_L": 0.5
    },
    "L_d_main": 1,
    "seed": 2,
    "perk": true,
    "label": "cell_mag0.1_mid_s2",
    "out_file": "/mnt/c/Users/Jason/Desktop/Eridos/Weft 2/v2/results/phase1/pilot/_runs/cell_mag0.1_mid_s2.json"
  }
}