{
  "label": "cell_mag0.9_high_s6",
  "L_d_main": 1,
  "seed": 6,
  "wall_clock_s": 197.59,
  "steps_trained": 10000,
  "final_interval_loss": -3006.463265,
  "nan_inf": false,
  "still_descending": false,
  "stability_flag": "stable",
  "diff_mu": 7.371308311121538e-05,
  "diff_sigma": 3.9429304266036524e-10,
  "diff_mu_aggregate": 7.371308311121538e-05,
  "diff_sigma_aggregate": 3.9429304266036524e-10,
  "diff_mu_per_k": [
    7.885705417720601e-05,
    6.882059824420139e-05,
    7.216064113890752e-05,
    7.528042624471709e-05,
    7.492779695894569e-05,
    7.693833322264254e-05,
    7.377246947726235e-05,
    7.150603050831705e-05,
    7.269345951499417e-05,
    7.318845018744469e-05,
    7.538055069744587e-05,
    7.234865915961564e-05,
    7.319327414734289e-05,
    7.188027666416019e-05,
    7.598791125928983e-05,
    7.247323810588568e-05
  ],
  "diff_sigma_per_k": [
    3.856646946243103e-10,
    3.8433245475033573e-10,
    3.769943246467733e-10,
    4.408756970608607e-10,
    4.3157527551684893e-10,
    4.0035638693147746e-10,
    3.8921554867954455e-10,
    3.7912481487545335e-10,
    3.9376615856845376e-10,
    3.7908504113559616e-10,
    3.897612232961478e-10,
    3.870183340470845e-10,
    3.577178553371141e-10,
    3.8043504457796473e-10,
    4.1928774341393193e-10,
    4.1347772428146357e-10
  ],
  "variance_collapse": true,
  "k_report_idx": {
    "k1": 0,
    "k8": 7,
    "k15": 14
  },
  "spec": {
    "kind": "cell",
    "tag": "mag0.9_high",
    "cross": "high",
    "magnitude": 0.9,
    "baseline_key": [
      0.9,
      472,
      2048,
      128
    ],
    "params": {
      "period_P": 2048,
      "manifold_dim_D": 128,
      "continuity_center": 472,
      "fidelity_F": 0.97,
      "magnitude_M": 0.9,
      "locality_L": 0.9
    },
    "L_d_main": 1,
    "seed": 6,
    "perk": true,
    "label": "cell_mag0.9_high_s6",
    "out_file": "/mnt/c/Users/Jason/Desktop/Eridos/Weft 2/v2/results/phase1/pilot/_runs/cell_mag0.9_high_s6.json"
  }
}