{
  "label": "cell_mag0.7_mid_s3",
  "L_d_main": 1,
  "seed": 3,
  "wall_clock_s": 188.69,
  "steps_trained": 10000,
  "final_interval_loss": -2872.879658,
  "nan_inf": false,
  "still_descending": false,
  "stability_flag": "stable",
  "diff_mu": 0.12141329795122147,
  "diff_sigma": 1.2803754998458317e-06,
  "diff_mu_aggregate": 0.12141329795122147,
  "diff_sigma_aggregate": 1.2803754998458317e-06,
  "diff_mu_per_k": [
    0.11880084127187729,
    0.1211029589176178,
    0.11834155023097992,
    0.11924263089895248,
    0.12389971315860748,
    0.12653839588165283,
    0.12807250022888184,
    0.12258750945329666,
    0.1217096820473671,
    0.11846011877059937,
    0.11819221824407578,
    0.11775866895914078,
    0.1163201853632927,
    0.12515424191951752,
    0.12397076189517975,
    0.12246065586805344
  ],
  "diff_sigma_per_k": [
    1.1789037444032147e-06,
    1.5769801393616945e-06,
    1.4008137441123836e-06,
    1.3006476820009993e-06,
    1.2323113196544e-06,
    1.006068032438634e-06,
    1.253985374205513e-06,
    1.2774943343174527e-06,
    1.518715748716204e-06,
    1.259746795767569e-06,
    1.227434040629305e-06,
    1.1847652103824657e-06,
    1.228512132911419e-06,
    1.194391870740219e-06,
    1.344516590506828e-06,
    1.3007202142034657e-06
  ],
  "variance_collapse": false,
  "k_report_idx": {
    "k1": 0,
    "k8": 7,
    "k15": 14
  },
  "spec": {
    "kind": "cell",
    "tag": "mag0.7_mid",
    "cross": "mid",
    "magnitude": 0.7,
    "baseline_key": [
      0.5,
      39,
      256,
      16
    ],
    "params": {
      "period_P": 256,
      "manifold_dim_D": 16,
      "continuity_center": 39,
      "fidelity_F": 0.97,
      "magnitude_M": 0.7,
      "locality_L": 0.5
    },
    "L_d_main": 1,
    "seed": 3,
    "perk": true,
    "label": "cell_mag0.7_mid_s3",
    "out_file": "/mnt/c/Users/Jason/Desktop/Eridos/Weft 2/v2/results/phase1/pilot/_runs/cell_mag0.7_mid_s3.json"
  }
}