{
  "label": "cell_mag0.7_low_s8",
  "L_d_main": 1,
  "seed": 8,
  "wall_clock_s": 199.32,
  "steps_trained": 10000,
  "final_interval_loss": -2750.211889,
  "nan_inf": false,
  "still_descending": false,
  "stability_flag": "stable",
  "diff_mu": 0.6629111766815186,
  "diff_sigma": 3.9016288155835355e-07,
  "diff_mu_aggregate": 0.6629111766815186,
  "diff_sigma_aggregate": 3.9016288155835355e-07,
  "diff_mu_per_k": [
    0.6763523817062378,
    0.6858402490615845,
    0.6252136826515198,
    0.5710628032684326,
    0.5661041140556335,
    0.5623738169670105,
    0.5861109495162964,
    0.658083975315094,
    0.7179967761039734,
    0.7522546648979187,
    0.7773157358169556,
    0.7669090032577515,
    0.7290869951248169,
    0.6688425540924072,
    0.6858944892883301,
    0.5771428942680359
  ],
  "diff_sigma_per_k": [
    3.47715115367464e-07,
    2.690041469577409e-07,
    2.1982124565056438e-07,
    1.8408424296012527e-07,
    1.830797344837265e-07,
    1.8165592052810098e-07,
    2.1046800213753158e-07,
    2.770825346942729e-07,
    3.180453518325521e-07,
    3.397426553419791e-07,
    3.0046336974010046e-07,
    3.9091924008971546e-07,
    5.302293857312179e-07,
    5.729632448492339e-07,
    9.2389717565311e-07,
    9.934348099704948e-07
  ],
  "variance_collapse": false,
  "k_report_idx": {
    "k1": 0,
    "k8": 7,
    "k15": 14
  },
  "spec": {
    "kind": "cell",
    "tag": "mag0.7_low",
    "cross": "low",
    "magnitude": 0.7,
    "baseline_key": [
      0.3,
      3,
      32,
      4
    ],
    "params": {
      "period_P": 32,
      "manifold_dim_D": 4,
      "continuity_center": 3,
      "fidelity_F": 0.97,
      "magnitude_M": 0.7,
      "locality_L": 0.3
    },
    "L_d_main": 1,
    "seed": 8,
    "perk": true,
    "label": "cell_mag0.7_low_s8",
    "out_file": "/mnt/c/Users/Jason/Desktop/Eridos/Weft 2/v2/results/phase1/pilot/_runs/cell_mag0.7_low_s8.json"
  }
}