{
  "label": "cell_mag0.9_low_s2",
  "L_d_main": 1,
  "seed": 2,
  "wall_clock_s": 195.85,
  "steps_trained": 10000,
  "final_interval_loss": -2228.546486,
  "nan_inf": false,
  "still_descending": false,
  "stability_flag": "stable",
  "diff_mu": 1.2669594287872314,
  "diff_sigma": 1.1785631386374007e-06,
  "diff_mu_aggregate": 1.2669594287872314,
  "diff_sigma_aggregate": 1.1785631386374007e-06,
  "diff_mu_per_k": [
    0.8849904537200928,
    0.9861670732498169,
    1.1460695266723633,
    1.2692067623138428,
    1.3864517211914062,
    1.8482366800308228,
    2.1041345596313477,
    1.7595101594924927,
    1.1304495334625244,
    0.9707149267196655,
    0.9661446809768677,
    0.919370174407959,
    0.9548478722572327,
    1.0637459754943848,
    1.4318230152130127,
    1.4494646787643433
  ],
  "diff_sigma_per_k": [
    7.392671932393569e-07,
    7.451561145899177e-07,
    5.831427642988274e-07,
    6.776781447115354e-07,
    1.016325313685229e-06,
    1.0878814009629423e-06,
    1.3527721876016585e-06,
    1.1169381650688592e-06,
    8.555830959267041e-07,
    6.487014161393745e-07,
    5.485102860802726e-07,
    7.236868100335414e-07,
    1.09087739019742e-06,
    1.7379339851686382e-06,
    2.789151949400548e-06,
    3.143404001093586e-06
  ],
  "variance_collapse": false,
  "k_report_idx": {
    "k1": 0,
    "k8": 7,
    "k15": 14
  },
  "spec": {
    "kind": "cell",
    "tag": "mag0.9_low",
    "cross": "low",
    "magnitude": 0.9,
    "baseline_key": [
      0.3,
      3,
      32,
      4
    ],
    "params": {
      "period_P": 32,
      "manifold_dim_D": 4,
      "continuity_center": 3,
      "fidelity_F": 0.97,
      "magnitude_M": 0.9,
      "locality_L": 0.3
    },
    "L_d_main": 1,
    "seed": 2,
    "perk": true,
    "label": "cell_mag0.9_low_s2",
    "out_file": "/mnt/c/Users/Jason/Desktop/Eridos/Weft 2/v2/results/phase1/pilot/_runs/cell_mag0.9_low_s2.json"
  }
}