{
  "label": "cell_mag0.1_low_s7",
  "L_d_main": 1,
  "seed": 7,
  "wall_clock_s": 194.33,
  "steps_trained": 10000,
  "final_interval_loss": -2636.47264,
  "nan_inf": false,
  "still_descending": false,
  "stability_flag": "stable",
  "diff_mu": 0.49179789423942566,
  "diff_sigma": 2.1024902707722504e-07,
  "diff_mu_aggregate": 0.49179789423942566,
  "diff_sigma_aggregate": 2.1024902707722504e-07,
  "diff_mu_per_k": [
    0.6046401262283325,
    0.6118696928024292,
    0.5409611463546753,
    0.46543312072753906,
    0.4258161187171936,
    0.4186178147792816,
    0.39112237095832825,
    0.44752782583236694,
    0.528999924659729,
    0.5808997750282288,
    0.5656161308288574,
    0.5211418271064758,
    0.46670034527778625,
    0.4311186373233795,
    0.42253395915031433,
    0.4457630217075348
  ],
  "diff_sigma_per_k": [
    2.0684795742909046e-07,
    1.2603435095570603e-07,
    1.1966452007072803e-07,
    1.6107247802210622e-07,
    1.8096928044997185e-07,
    1.5556673815808608e-07,
    1.750833433789012e-07,
    2.6190278390458843e-07,
    2.6279411713403533e-07,
    1.9721812805073569e-07,
    1.8525111045164522e-07,
    1.8831035220046033e-07,
    2.4409717980233836e-07,
    2.7171580541107687e-07,
    2.3792037495695695e-07,
    3.895361260219943e-07
  ],
  "variance_collapse": false,
  "k_report_idx": {
    "k1": 0,
    "k8": 7,
    "k15": 14
  },
  "spec": {
    "kind": "cell",
    "tag": "mag0.1_low",
    "cross": "low",
    "magnitude": 0.1,
    "baseline_key": [
      0.3,
      3,
      32,
      4
    ],
    "params": {
      "period_P": 32,
      "manifold_dim_D": 4,
      "continuity_center": 3,
      "fidelity_F": 0.97,
      "magnitude_M": 0.1,
      "locality_L": 0.3
    },
    "L_d_main": 1,
    "seed": 7,
    "perk": true,
    "label": "cell_mag0.1_low_s7",
    "out_file": "/mnt/c/Users/Jason/Desktop/Eridos/Weft 2/v2/results/phase1/pilot/_runs/cell_mag0.1_low_s7.json"
  }
}