{
  "label": "cell_mag0.9_mid_s9",
  "L_d_main": 1,
  "seed": 9,
  "wall_clock_s": 191.88,
  "steps_trained": 10000,
  "final_interval_loss": -2920.615353,
  "nan_inf": false,
  "still_descending": false,
  "stability_flag": "stable",
  "diff_mu": 0.06965497881174088,
  "diff_sigma": 3.1724397331345244e-07,
  "diff_mu_aggregate": 0.06965497881174088,
  "diff_sigma_aggregate": 3.1724397331345244e-07,
  "diff_mu_per_k": [
    0.070265032351017,
    0.06914391368627548,
    0.06986381113529205,
    0.06985332816839218,
    0.06919687986373901,
    0.06888802349567413,
    0.06917541474103928,
    0.06970163434743881,
    0.06976646929979324,
    0.06951809674501419,
    0.0702742487192154,
    0.06912712007761002,
    0.06941131502389908,
    0.07044143229722977,
    0.06925112754106522,
    0.07060181349515915
  ],
  "diff_sigma_per_k": [
    2.9340992568904767e-07,
    2.9370025345087925e-07,
    3.220922053515096e-07,
    3.3835067370091565e-07,
    3.12756867515418e-07,
    3.076036136917537e-07,
    2.883163006117684e-07,
    3.314071932436491e-07,
    2.8196362222843163e-07,
    3.651450981578819e-07,
    2.7754586540140735e-07,
    3.284208958120871e-07,
    2.7870464691659436e-07,
    3.591349013731815e-07,
    3.3725095249792503e-07,
    3.6010052895107947e-07
  ],
  "variance_collapse": false,
  "k_report_idx": {
    "k1": 0,
    "k8": 7,
    "k15": 14
  },
  "spec": {
    "kind": "cell",
    "tag": "mag0.9_mid",
    "cross": "mid",
    "magnitude": 0.9,
    "baseline_key": [
      0.5,
      39,
      256,
      16
    ],
    "params": {
      "period_P": 256,
      "manifold_dim_D": 16,
      "continuity_center": 39,
      "fidelity_F": 0.97,
      "magnitude_M": 0.9,
      "locality_L": 0.5
    },
    "L_d_main": 1,
    "seed": 9,
    "perk": true,
    "label": "cell_mag0.9_mid_s9",
    "out_file": "/mnt/c/Users/Jason/Desktop/Eridos/Weft 2/v2/results/phase1/pilot/_runs/cell_mag0.9_mid_s9.json"
  }
}