{
  "label": "cell_mag0.3_low_s1",
  "L_d_main": 1,
  "seed": 1,
  "wall_clock_s": 192.38,
  "steps_trained": 10000,
  "final_interval_loss": -2686.318961,
  "nan_inf": false,
  "still_descending": false,
  "stability_flag": "stable",
  "diff_mu": 1.5203149318695068,
  "diff_sigma": 1.1694417878516106e-07,
  "diff_mu_aggregate": 1.5203149318695068,
  "diff_sigma_aggregate": 1.1694417878516106e-07,
  "diff_mu_per_k": [
    1.5279854536056519,
    1.7038793563842773,
    1.7380152940750122,
    1.784338355064392,
    1.7707273960113525,
    1.7711892127990723,
    1.713341474533081,
    1.471636414527893,
    1.3053131103515625,
    1.2351748943328857,
    1.2112033367156982,
    1.1810591220855713,
    1.31918466091156,
    1.5054328441619873,
    1.5613490343093872,
    1.5251336097717285
  ],
  "diff_sigma_per_k": [
    1.0478037637540183e-07,
    7.848726824022378e-08,
    7.774639954050144e-08,
    7.28517903780812e-08,
    1.0180505682910734e-07,
    1.3924940844844969e-07,
    1.3851132507625152e-07,
    1.4579389073787752e-07,
    1.5949930798342393e-07,
    1.622039320636759e-07,
    1.4989571184287342e-07,
    1.2076181121756235e-07,
    9.519186505713151e-08,
    8.626980729786737e-08,
    1.0262545657724331e-07,
    1.3543343868605007e-07
  ],
  "variance_collapse": false,
  "k_report_idx": {
    "k1": 0,
    "k8": 7,
    "k15": 14
  },
  "spec": {
    "kind": "cell",
    "tag": "mag0.3_low",
    "cross": "low",
    "magnitude": 0.3,
    "baseline_key": [
      0.3,
      3,
      32,
      4
    ],
    "params": {
      "period_P": 32,
      "manifold_dim_D": 4,
      "continuity_center": 3,
      "fidelity_F": 0.97,
      "magnitude_M": 0.3,
      "locality_L": 0.3
    },
    "L_d_main": 1,
    "seed": 1,
    "perk": true,
    "label": "cell_mag0.3_low_s1",
    "out_file": "/mnt/c/Users/Jason/Desktop/Eridos/Weft 2/v2/results/phase1/pilot/_runs/cell_mag0.3_low_s1.json"
  }
}