{
  "label": "cell_mag0.7_low_s2",
  "L_d_main": 1,
  "seed": 2,
  "wall_clock_s": 189.25,
  "steps_trained": 10000,
  "final_interval_loss": -2638.094137,
  "nan_inf": false,
  "still_descending": false,
  "stability_flag": "stable",
  "diff_mu": 1.393788456916809,
  "diff_sigma": 8.253323358076159e-07,
  "diff_mu_aggregate": 1.393788456916809,
  "diff_sigma_aggregate": 8.253323358076159e-07,
  "diff_mu_per_k": [
    1.2071232795715332,
    1.1747030019760132,
    1.1996848583221436,
    1.4142770767211914,
    1.597244143486023,
    1.7124698162078857,
    1.6883755922317505,
    1.490024209022522,
    1.40950345993042,
    1.2733054161071777,
    1.210127353668213,
    1.1590290069580078,
    1.2547837495803833,
    1.3943040370941162,
    1.4801558256149292,
    1.6354924440383911
  ],
  "diff_sigma_per_k": [
    8.434094525000546e-07,
    6.678264981019311e-07,
    6.757672963431105e-07,
    5.989326723465638e-07,
    4.758673810556502e-07,
    6.064572062314255e-07,
    7.249316809065931e-07,
    8.870630381352385e-07,
    9.194253607347491e-07,
    8.743263606447726e-07,
    7.643145636393456e-07,
    1.0172226438953658e-06,
    1.2060639846822596e-06,
    1.07023208784085e-06,
    1.0673495580704184e-06,
    8.06127729902073e-07
  ],
  "variance_collapse": false,
  "k_report_idx": {
    "k1": 0,
    "k8": 7,
    "k15": 14
  },
  "spec": {
    "kind": "cell",
    "tag": "mag0.7_low",
    "cross": "low",
    "magnitude": 0.7,
    "baseline_key": [
      0.3,
      3,
      32,
      4
    ],
    "params": {
      "period_P": 32,
      "manifold_dim_D": 4,
      "continuity_center": 3,
      "fidelity_F": 0.97,
      "magnitude_M": 0.7,
      "locality_L": 0.3
    },
    "L_d_main": 1,
    "seed": 2,
    "perk": true,
    "label": "cell_mag0.7_low_s2",
    "out_file": "/mnt/c/Users/Jason/Desktop/Eridos/Weft 2/v2/results/phase1/pilot/_runs/cell_mag0.7_low_s2.json"
  }
}