{
  "label": "cell_mag0.7_high_s7",
  "L_d_main": 1,
  "seed": 7,
  "wall_clock_s": 199.06,
  "steps_trained": 10000,
  "final_interval_loss": -3008.101855,
  "nan_inf": false,
  "still_descending": false,
  "stability_flag": "stable",
  "diff_mu": 3.5635108361020684e-05,
  "diff_sigma": 1.4270473691624375e-10,
  "diff_mu_aggregate": 3.5635108361020684e-05,
  "diff_sigma_aggregate": 1.4270473691624375e-10,
  "diff_mu_per_k": [
    3.6039506085217e-05,
    3.450278381933458e-05,
    3.5808658140012994e-05,
    3.488542279228568e-05,
    3.568828833522275e-05,
    3.635633402154781e-05,
    3.565795486792922e-05,
    3.590187770896591e-05,
    3.513327465043403e-05,
    3.5234417737228796e-05,
    3.664183896034956e-05,
    3.576266681193374e-05,
    3.62651699106209e-05,
    3.502257095533423e-05,
    3.556965384632349e-05,
    3.5691398807102814e-05
  ],
  "diff_sigma_per_k": [
    1.618976480655121e-10,
    1.4780020263227556e-10,
    1.3962234146625008e-10,
    1.3310368085495128e-10,
    1.3577271251730139e-10,
    1.4631479361426614e-10,
    1.475658623073528e-10,
    1.4473174048124093e-10,
    1.3591987257921545e-10,
    1.4296414052594741e-10,
    1.4060033692864238e-10,
    1.456055970239234e-10,
    1.4103188061831418e-10,
    1.356001144703356e-10,
    1.409488081804966e-10,
    1.4379626656069178e-10
  ],
  "variance_collapse": true,
  "k_report_idx": {
    "k1": 0,
    "k8": 7,
    "k15": 14
  },
  "spec": {
    "kind": "cell",
    "tag": "mag0.7_high",
    "cross": "high",
    "magnitude": 0.7,
    "baseline_key": [
      0.9,
      472,
      2048,
      128
    ],
    "params": {
      "period_P": 2048,
      "manifold_dim_D": 128,
      "continuity_center": 472,
      "fidelity_F": 0.97,
      "magnitude_M": 0.7,
      "locality_L": 0.9
    },
    "L_d_main": 1,
    "seed": 7,
    "perk": true,
    "label": "cell_mag0.7_high_s7",
    "out_file": "/mnt/c/Users/Jason/Desktop/Eridos/Weft 2/v2/results/phase1/pilot/_runs/cell_mag0.7_high_s7.json"
  }
}