{
  "label": "cell_mag0.7_low_s3",
  "L_d_main": 1,
  "seed": 3,
  "wall_clock_s": 190.68,
  "steps_trained": 10000,
  "final_interval_loss": -2286.806107,
  "nan_inf": false,
  "still_descending": false,
  "stability_flag": "stable",
  "diff_mu": 1.0803747177124023,
  "diff_sigma": 1.1078154784627259e-06,
  "diff_mu_aggregate": 1.0803747177124023,
  "diff_sigma_aggregate": 1.1078154784627259e-06,
  "diff_mu_per_k": [
    1.0044670104980469,
    0.7857025861740112,
    0.7949300408363342,
    1.176796317100525,
    1.2773752212524414,
    1.334825038909912,
    1.305172324180603,
    1.1780998706817627,
    1.2939153909683228,
    1.280562162399292,
    1.060359239578247,
    0.9437862634658813,
    1.010646104812622,
    1.0173420906066895,
    0.9502673149108887,
    0.8717866539955139
  ],
  "diff_sigma_per_k": [
    6.314120355455088e-07,
    5.26501253261813e-07,
    3.2413683470622345e-07,
    2.759288975084928e-07,
    2.7371038413548376e-07,
    4.1386263660569966e-07,
    6.252228104131063e-07,
    1.609914647815458e-06,
    1.7056323713404709e-06,
    1.739580625326198e-06,
    1.4020735079611768e-06,
    1.5869884464336792e-06,
    1.5181982462308952e-06,
    1.5724781405879185e-06,
    1.9746153157029767e-06,
    1.544790848129196e-06
  ],
  "variance_collapse": false,
  "k_report_idx": {
    "k1": 0,
    "k8": 7,
    "k15": 14
  },
  "spec": {
    "kind": "cell",
    "tag": "mag0.7_low",
    "cross": "low",
    "magnitude": 0.7,
    "baseline_key": [
      0.3,
      3,
      32,
      4
    ],
    "params": {
      "period_P": 32,
      "manifold_dim_D": 4,
      "continuity_center": 3,
      "fidelity_F": 0.97,
      "magnitude_M": 0.7,
      "locality_L": 0.3
    },
    "L_d_main": 1,
    "seed": 3,
    "perk": true,
    "label": "cell_mag0.7_low_s3",
    "out_file": "/mnt/c/Users/Jason/Desktop/Eridos/Weft 2/v2/results/phase1/pilot/_runs/cell_mag0.7_low_s3.json"
  }
}