{
  "label": "cell_D4_mid_s7",
  "L_d_main": 1,
  "seed": 7,
  "wall_clock_s": 187.08,
  "steps_trained": 10000,
  "final_interval_loss": -2802.066926,
  "nan_inf": false,
  "still_descending": false,
  "stability_flag": "stable",
  "diff_mu": 0.789255678653717,
  "diff_sigma": 2.5440719753078156e-08,
  "diff_mu_aggregate": 0.789255678653717,
  "diff_sigma_aggregate": 2.5440719753078156e-08,
  "diff_mu_per_k": [
    1.226907730102539,
    0.9246708154678345,
    0.6041290760040283,
    0.39331817626953125,
    0.3847998380661011,
    0.7327145934104919,
    1.1747660636901855,
    1.0852910280227661,
    0.7961398959159851,
    0.5193705558776855,
    0.38143667578697205,
    0.5378621816635132,
    1.0630258321762085,
    1.167621374130249,
    0.9973681569099426,
    0.6386688351631165
  ],
  "diff_sigma_per_k": [
    2.7626114729173423e-08,
    2.408848054358259e-08,
    1.7601440305270444e-08,
    1.693296702853786e-08,
    2.4115005103908516e-08,
    2.9311324922787207e-08,
    2.8154344633435358e-08,
    3.140444349014615e-08,
    2.080375161028769e-08,
    1.8071826701770988e-08,
    2.02669845350556e-08,
    3.068199205813471e-08,
    3.541836690601485e-08,
    3.2288976825611826e-08,
    2.9486765029673734e-08,
    2.0798733402216385e-08
  ],
  "variance_collapse": false,
  "k_report_idx": {
    "k1": 0,
    "k8": 7,
    "k15": 14
  },
  "spec": {
    "kind": "cell",
    "tag": "D4_mid",
    "cross": "mid",
    "magnitude": 0.3,
    "baseline_key": [
      0.5,
      39,
      256,
      4
    ],
    "params": {
      "period_P": 256,
      "manifold_dim_D": 4,
      "continuity_center": 39,
      "fidelity_F": 0.97,
      "magnitude_M": 0.3,
      "locality_L": 0.5
    },
    "L_d_main": 1,
    "seed": 7,
    "perk": true,
    "label": "cell_D4_mid_s7",
    "out_file": "/mnt/c/Users/Jason/Desktop/Eridos/Weft 2/v2/results/phase1/pilot/_runs/cell_D4_mid_s7.json"
  }
}