{
  "label": "cell_mag0.1_low_s2",
  "L_d_main": 1,
  "seed": 2,
  "wall_clock_s": 212.3,
  "steps_trained": 10000,
  "final_interval_loss": -2514.313715,
  "nan_inf": false,
  "still_descending": true,
  "stability_flag": "stable",
  "diff_mu": 1.0933507680892944,
  "diff_sigma": 2.2055316151181614e-07,
  "diff_mu_aggregate": 1.0933507680892944,
  "diff_sigma_aggregate": 2.2055316151181614e-07,
  "diff_mu_per_k": [
    1.1790965795516968,
    1.2186846733093262,
    1.1704272031784058,
    1.125431776046753,
    1.0384353399276733,
    1.0115623474121094,
    1.0429925918579102,
    1.0686731338500977,
    1.0775909423828125,
    1.0941576957702637,
    1.0983268022537231,
    1.0510789155960083,
    1.0291019678115845,
    1.0559368133544922,
    1.0999289751052856,
    1.132181167602539
  ],
  "diff_sigma_per_k": [
    2.4045993995969184e-07,
    1.6023314231006225e-07,
    9.409938428461828e-08,
    8.212112589944809e-08,
    1.1560356227846569e-07,
    1.535608475933259e-07,
    1.5286033772099472e-07,
    1.9596501488194917e-07,
    2.1291931773248507e-07,
    1.6338425723461114e-07,
    1.372050064674113e-07,
    1.3036155621648504e-07,
    2.0873120831765846e-07,
    2.764485316220089e-07,
    5.44006923064444e-07,
    6.608904641325353e-07
  ],
  "variance_collapse": false,
  "k_report_idx": {
    "k1": 0,
    "k8": 7,
    "k15": 14
  },
  "spec": {
    "kind": "cell",
    "tag": "mag0.1_low",
    "cross": "low",
    "magnitude": 0.1,
    "baseline_key": [
      0.3,
      3,
      32,
      4
    ],
    "params": {
      "period_P": 32,
      "manifold_dim_D": 4,
      "continuity_center": 3,
      "fidelity_F": 0.97,
      "magnitude_M": 0.1,
      "locality_L": 0.3
    },
    "L_d_main": 1,
    "seed": 2,
    "perk": true,
    "label": "cell_mag0.1_low_s2",
    "out_file": "/mnt/c/Users/Jason/Desktop/Eridos/Weft 2/v2/results/phase1/pilot/_runs/cell_mag0.1_low_s2.json"
  }
}