{
  "label": "cell_mag0.1_high_s0",
  "L_d_main": 1,
  "seed": 0,
  "wall_clock_s": 194.68,
  "steps_trained": 10000,
  "final_interval_loss": -3003.057551,
  "nan_inf": false,
  "still_descending": false,
  "stability_flag": "stable",
  "diff_mu": 0.0003504402411635965,
  "diff_sigma": 1.2025794804415568e-09,
  "diff_mu_aggregate": 0.0003504402411635965,
  "diff_sigma_aggregate": 1.2025794804415568e-09,
  "diff_mu_per_k": [
    0.00036850356264039874,
    0.0003604010562412441,
    0.00033794212504290044,
    0.00034017214784398675,
    0.00034599145874381065,
    0.0003572186396922916,
    0.0003533807466737926,
    0.00034376370604149997,
    0.0003375575179234147,
    0.0003511940303724259,
    0.0003612633445300162,
    0.00035550445318222046,
    0.00034347097971476614,
    0.00034652583417482674,
    0.0003396507818251848,
    0.00036450341576710343
  ],
  "diff_sigma_per_k": [
    1.1370596686433032e-09,
    1.3371431739628292e-09,
    1.1414313938473697e-09,
    1.1818482859027313e-09,
    1.138833249925142e-09,
    1.2998561116361884e-09,
    1.2176805119779033e-09,
    1.1861372994914632e-09,
    1.1219621898206356e-09,
    1.282434602956073e-09,
    1.2307455055093897e-09,
    1.1534795341106019e-09,
    1.1154754897546582e-09,
    1.1517874431987707e-09,
    1.1937397736971889e-09,
    1.3516567864968465e-09
  ],
  "variance_collapse": true,
  "k_report_idx": {
    "k1": 0,
    "k8": 7,
    "k15": 14
  },
  "spec": {
    "kind": "cell",
    "tag": "mag0.1_high",
    "cross": "high",
    "magnitude": 0.1,
    "baseline_key": [
      0.9,
      472,
      2048,
      128
    ],
    "params": {
      "period_P": 2048,
      "manifold_dim_D": 128,
      "continuity_center": 472,
      "fidelity_F": 0.97,
      "magnitude_M": 0.1,
      "locality_L": 0.9
    },
    "L_d_main": 1,
    "seed": 0,
    "perk": true,
    "label": "cell_mag0.1_high_s0",
    "out_file": "/mnt/c/Users/Jason/Desktop/Eridos/Weft 2/v2/results/phase1/pilot/_runs/cell_mag0.1_high_s0.json"
  }
}