{
  "label": "cell_contLow_mid_s9",
  "L_d_main": 1,
  "seed": 9,
  "wall_clock_s": 198.84,
  "steps_trained": 10000,
  "final_interval_loss": -2913.46704,
  "nan_inf": false,
  "still_descending": true,
  "stability_flag": "stable",
  "diff_mu": 0.16104887425899506,
  "diff_sigma": 6.997661330387928e-07,
  "diff_mu_aggregate": 0.16104887425899506,
  "diff_sigma_aggregate": 6.997661330387928e-07,
  "diff_mu_per_k": [
    0.16133159399032593,
    0.1604076474905014,
    0.16208520531654358,
    0.16111284494400024,
    0.16112591326236725,
    0.16338540613651276,
    0.16202783584594727,
    0.16005676984786987,
    0.16101235151290894,
    0.1608695685863495,
    0.16010822355747223,
    0.16213677823543549,
    0.16136111319065094,
    0.15995585918426514,
    0.16008572280406952,
    0.15971902012825012
  ],
  "diff_sigma_per_k": [
    6.183024652273161e-07,
    5.829917881783331e-07,
    6.803876431149547e-07,
    6.956425409043732e-07,
    6.350806529553665e-07,
    7.792031055942061e-07,
    8.318186814904038e-07,
    7.610915417899378e-07,
    5.314176405590842e-07,
    6.586296876776032e-07,
    6.125480922491988e-07,
    6.634816713813052e-07,
    7.32057969798916e-07,
    7.065833642627695e-07,
    8.0877447317107e-07,
    8.982469807961024e-07
  ],
  "variance_collapse": false,
  "k_report_idx": {
    "k1": 0,
    "k8": 7,
    "k15": 14
  },
  "spec": {
    "kind": "cell",
    "tag": "contLow_mid",
    "cross": "mid",
    "magnitude": 0.3,
    "baseline_key": [
      0.5,
      19,
      256,
      16
    ],
    "params": {
      "period_P": 256,
      "manifold_dim_D": 16,
      "continuity_center": 19,
      "fidelity_F": 0.97,
      "magnitude_M": 0.3,
      "locality_L": 0.5
    },
    "L_d_main": 1,
    "seed": 9,
    "perk": true,
    "label": "cell_contLow_mid_s9",
    "out_file": "/mnt/c/Users/Jason/Desktop/Eridos/Weft 2/v2/results/phase1/pilot/_runs/cell_contLow_mid_s9.json"
  }
}