{
  "label": "cell_mag0.1_low_s5",
  "L_d_main": 1,
  "seed": 5,
  "wall_clock_s": 197.61,
  "steps_trained": 10000,
  "final_interval_loss": -2775.353253,
  "nan_inf": false,
  "still_descending": false,
  "stability_flag": "stable",
  "diff_mu": 0.7349820733070374,
  "diff_sigma": 2.818086613842752e-06,
  "diff_mu_aggregate": 0.7349820733070374,
  "diff_sigma_aggregate": 2.818086613842752e-06,
  "diff_mu_per_k": [
    0.7611665725708008,
    0.7204257845878601,
    0.7251209020614624,
    0.7107632160186768,
    0.6974892020225525,
    0.6811981797218323,
    0.6865891814231873,
    0.6834186911582947,
    0.6818763017654419,
    0.6990412473678589,
    0.7376427054405212,
    0.7710554003715515,
    0.7928285598754883,
    0.780656635761261,
    0.7808993458747864,
    0.8495482802391052
  ],
  "diff_sigma_per_k": [
    1.7503531353213475e-06,
    1.626383891562e-06,
    1.6611867295068805e-06,
    1.688752718109754e-06,
    1.7031935612976667e-06,
    1.954716026375536e-06,
    2.275908400406479e-06,
    2.5120405098277843e-06,
    3.2540854135731934e-06,
    3.034051360373269e-06,
    3.091437065450009e-06,
    4.492087555263424e-06,
    4.11135442845989e-06,
    3.891071628459031e-06,
    4.267297299520578e-06,
    3.775464392674621e-06
  ],
  "variance_collapse": false,
  "k_report_idx": {
    "k1": 0,
    "k8": 7,
    "k15": 14
  },
  "spec": {
    "kind": "cell",
    "tag": "mag0.1_low",
    "cross": "low",
    "magnitude": 0.1,
    "baseline_key": [
      0.3,
      3,
      32,
      4
    ],
    "params": {
      "period_P": 32,
      "manifold_dim_D": 4,
      "continuity_center": 3,
      "fidelity_F": 0.97,
      "magnitude_M": 0.1,
      "locality_L": 0.3
    },
    "L_d_main": 1,
    "seed": 5,
    "perk": true,
    "label": "cell_mag0.1_low_s5",
    "out_file": "/mnt/c/Users/Jason/Desktop/Eridos/Weft 2/v2/results/phase1/pilot/_runs/cell_mag0.1_low_s5.json"
  }
}