{
  "label": "cell_D4_mid_s9",
  "L_d_main": 1,
  "seed": 9,
  "wall_clock_s": 187.97,
  "steps_trained": 10000,
  "final_interval_loss": -2790.801355,
  "nan_inf": false,
  "still_descending": false,
  "stability_flag": "stable",
  "diff_mu": 0.5971075892448425,
  "diff_sigma": 2.57375472045851e-08,
  "diff_mu_aggregate": 0.5971075892448425,
  "diff_sigma_aggregate": 2.57375472045851e-08,
  "diff_mu_per_k": [
    0.7157834768295288,
    0.7377769947052002,
    0.7973172068595886,
    0.6332136392593384,
    0.3807058334350586,
    0.2868117392063141,
    0.5461652278900146,
    0.6937215328216553,
    0.7776569128036499,
    0.6468860507011414,
    0.43893226981163025,
    0.37816256284713745,
    0.3475186824798584,
    0.639725923538208,
    0.7150472402572632,
    0.8182946443557739
  ],
  "diff_sigma_per_k": [
    2.3132129101099963e-08,
    2.2663773080466854e-08,
    3.236635137682242e-08,
    4.270877340672996e-08,
    2.2538806376815046e-08,
    8.9215692611333e-09,
    1.732538024157293e-08,
    2.2660890053316507e-08,
    2.731350079443473e-08,
    2.7847299577388185e-08,
    4.928190833197732e-08,
    1.367320479062073e-08,
    1.548048267352442e-08,
    1.9726215327864338e-08,
    2.4714182700336096e-08,
    4.144629528468613e-08
  ],
  "variance_collapse": false,
  "k_report_idx": {
    "k1": 0,
    "k8": 7,
    "k15": 14
  },
  "spec": {
    "kind": "cell",
    "tag": "D4_mid",
    "cross": "mid",
    "magnitude": 0.3,
    "baseline_key": [
      0.5,
      39,
      256,
      4
    ],
    "params": {
      "period_P": 256,
      "manifold_dim_D": 4,
      "continuity_center": 39,
      "fidelity_F": 0.97,
      "magnitude_M": 0.3,
      "locality_L": 0.5
    },
    "L_d_main": 1,
    "seed": 9,
    "perk": true,
    "label": "cell_D4_mid_s9",
    "out_file": "/mnt/c/Users/Jason/Desktop/Eridos/Weft 2/v2/results/phase1/pilot/_runs/cell_D4_mid_s9.json"
  }
}