{
  "label": "cell_mag0.9_low_s6",
  "L_d_main": 1,
  "seed": 6,
  "wall_clock_s": 201.93,
  "steps_trained": 10000,
  "final_interval_loss": -2810.172146,
  "nan_inf": false,
  "still_descending": true,
  "stability_flag": "stable",
  "diff_mu": 0.7202640771865845,
  "diff_sigma": 5.895142152212429e-08,
  "diff_mu_aggregate": 0.7202640771865845,
  "diff_sigma_aggregate": 5.895142152212429e-08,
  "diff_mu_per_k": [
    0.5230087041854858,
    0.5007053017616272,
    0.629401683807373,
    0.7028176188468933,
    0.7616829872131348,
    0.8723224997520447,
    0.8649265766143799,
    0.8832578063011169,
    0.707821249961853,
    0.6330850124359131,
    0.5313567519187927,
    0.5374454259872437,
    0.7149490118026733,
    0.8233451247215271,
    0.8952909708023071,
    0.9428185820579529
  ],
  "diff_sigma_per_k": [
    5.541739866998796e-08,
    6.898508786434832e-08,
    6.250142803310155e-08,
    8.575599963478453e-08,
    5.727201823901851e-08,
    5.14855180711038e-08,
    4.847904833127359e-08,
    3.335179243890707e-08,
    2.6060281044237854e-08,
    2.6492863014482282e-08,
    5.324492491354249e-08,
    8.016677099931258e-08,
    8.80302977179781e-08,
    7.59382174919665e-08,
    7.275205859968992e-08,
    5.728900731583053e-08
  ],
  "variance_collapse": false,
  "k_report_idx": {
    "k1": 0,
    "k8": 7,
    "k15": 14
  },
  "spec": {
    "kind": "cell",
    "tag": "mag0.9_low",
    "cross": "low",
    "magnitude": 0.9,
    "baseline_key": [
      0.3,
      3,
      32,
      4
    ],
    "params": {
      "period_P": 32,
      "manifold_dim_D": 4,
      "continuity_center": 3,
      "fidelity_F": 0.97,
      "magnitude_M": 0.9,
      "locality_L": 0.3
    },
    "L_d_main": 1,
    "seed": 6,
    "perk": true,
    "label": "cell_mag0.9_low_s6",
    "out_file": "/mnt/c/Users/Jason/Desktop/Eridos/Weft 2/v2/results/phase1/pilot/_runs/cell_mag0.9_low_s6.json"
  }
}