{
  "label": "cell_contLow_mid_s6",
  "L_d_main": 1,
  "seed": 6,
  "wall_clock_s": 197.44,
  "steps_trained": 10000,
  "final_interval_loss": -2944.058442,
  "nan_inf": false,
  "still_descending": false,
  "stability_flag": "stable",
  "diff_mu": 0.08969630300998688,
  "diff_sigma": 5.2485887636066764e-08,
  "diff_mu_aggregate": 0.08969630300998688,
  "diff_sigma_aggregate": 5.2485887636066764e-08,
  "diff_mu_per_k": [
    0.08850111812353134,
    0.0896594375371933,
    0.09026416391134262,
    0.09049724042415619,
    0.08932599425315857,
    0.09018892049789429,
    0.0891701951622963,
    0.09034412354230881,
    0.09023794531822205,
    0.0896550789475441,
    0.08991974592208862,
    0.09120433777570724,
    0.09039955586194992,
    0.08849991112947464,
    0.08920488506555557,
    0.08806827664375305
  ],
  "diff_sigma_per_k": [
    4.360235905664922e-08,
    4.3475523625602364e-08,
    4.122564689623687e-08,
    5.1256520805509354e-08,
    6.351520198677463e-08,
    5.698655058949953e-08,
    5.574425898657864e-08,
    5.080376297428302e-08,
    4.3018211215439806e-08,
    4.224608574077138e-08,
    3.480408494738185e-08,
    5.1288324698361976e-08,
    5.940870551057742e-08,
    5.3520981424526326e-08,
    7.201765583886299e-08,
    7.686031722187181e-08
  ],
  "variance_collapse": false,
  "k_report_idx": {
    "k1": 0,
    "k8": 7,
    "k15": 14
  },
  "spec": {
    "kind": "cell",
    "tag": "contLow_mid",
    "cross": "mid",
    "magnitude": 0.3,
    "baseline_key": [
      0.5,
      19,
      256,
      16
    ],
    "params": {
      "period_P": 256,
      "manifold_dim_D": 16,
      "continuity_center": 19,
      "fidelity_F": 0.97,
      "magnitude_M": 0.3,
      "locality_L": 0.5
    },
    "L_d_main": 1,
    "seed": 6,
    "perk": true,
    "label": "cell_contLow_mid_s6",
    "out_file": "/mnt/c/Users/Jason/Desktop/Eridos/Weft 2/v2/results/phase1/pilot/_runs/cell_contLow_mid_s6.json"
  }
}