{
  "label": "cell_mag0.9_low_s4",
  "L_d_main": 1,
  "seed": 4,
  "wall_clock_s": 204.76,
  "steps_trained": 10000,
  "final_interval_loss": -2629.897275,
  "nan_inf": false,
  "still_descending": false,
  "stability_flag": "stable",
  "diff_mu": 1.2917966842651367,
  "diff_sigma": 2.5459095809310384e-07,
  "diff_mu_aggregate": 1.2917966842651367,
  "diff_sigma_aggregate": 2.5459095809310384e-07,
  "diff_mu_per_k": [
    1.2585304975509644,
    1.264920711517334,
    1.337646245956421,
    1.3804576396942139,
    1.3565220832824707,
    1.3252336978912354,
    1.2364792823791504,
    1.176435112953186,
    1.2538657188415527,
    1.3901114463806152,
    1.3291436433792114,
    1.279585361480713,
    1.3575628995895386,
    1.3054819107055664,
    1.2429003715515137,
    1.1738566160202026
  ],
  "diff_sigma_per_k": [
    2.0433181191492622e-07,
    2.1982391729125084e-07,
    2.559563654358499e-07,
    2.3457735665033397e-07,
    2.246223971269501e-07,
    2.3420442119004292e-07,
    2.0503918563008483e-07,
    1.7060581569694477e-07,
    1.7012195030474686e-07,
    1.9358225245014182e-07,
    2.4115124119816755e-07,
    2.9498514209080895e-07,
    3.1463534355680167e-07,
    3.29422903178056e-07,
    3.902099763308797e-07,
    3.9018505049170926e-07
  ],
  "variance_collapse": false,
  "k_report_idx": {
    "k1": 0,
    "k8": 7,
    "k15": 14
  },
  "spec": {
    "kind": "cell",
    "tag": "mag0.9_low",
    "cross": "low",
    "magnitude": 0.9,
    "baseline_key": [
      0.3,
      3,
      32,
      4
    ],
    "params": {
      "period_P": 32,
      "manifold_dim_D": 4,
      "continuity_center": 3,
      "fidelity_F": 0.97,
      "magnitude_M": 0.9,
      "locality_L": 0.3
    },
    "L_d_main": 1,
    "seed": 4,
    "perk": true,
    "label": "cell_mag0.9_low_s4",
    "out_file": "/mnt/c/Users/Jason/Desktop/Eridos/Weft 2/v2/results/phase1/pilot/_runs/cell_mag0.9_low_s4.json"
  }
}