{
  "label": "cell_mag0.1_mid_s6",
  "L_d_main": 1,
  "seed": 6,
  "wall_clock_s": 200.08,
  "steps_trained": 10000,
  "final_interval_loss": -2902.864178,
  "nan_inf": false,
  "still_descending": true,
  "stability_flag": "stable",
  "diff_mu": 0.043387748301029205,
  "diff_sigma": 1.6963349480647594e-06,
  "diff_mu_aggregate": 0.043387748301029205,
  "diff_sigma_aggregate": 1.6963349480647594e-06,
  "diff_mu_per_k": [
    0.0416918620467186,
    0.04105345532298088,
    0.04354938864707947,
    0.04396490380167961,
    0.04509458318352699,
    0.044862013310194016,
    0.04435991123318672,
    0.044251929968595505,
    0.042418982833623886,
    0.041686393320560455,
    0.042100466787815094,
    0.04183320701122284,
    0.04294511303305626,
    0.04445245862007141,
    0.04624838009476662,
    0.04369096830487251
  ],
  "diff_sigma_per_k": [
    1.5843305618545855e-06,
    1.8154398730985122e-06,
    1.9014595409316826e-06,
    1.6596492287135334e-06,
    1.5978940837158007e-06,
    1.4313394558485015e-06,
    1.590018314345798e-06,
    1.7379271639583749e-06,
    1.7103610616686638e-06,
    1.7858832279671333e-06,
    1.649317368901393e-06,
    1.8749723267319496e-06,
    1.6572953427385073e-06,
    1.5068517313920893e-06,
    1.8654706082088524e-06,
    1.7731508705765009e-06
  ],
  "variance_collapse": false,
  "k_report_idx": {
    "k1": 0,
    "k8": 7,
    "k15": 14
  },
  "spec": {
    "kind": "cell",
    "tag": "mag0.1_mid",
    "cross": "mid",
    "magnitude": 0.1,
    "baseline_key": [
      0.5,
      39,
      256,
      16
    ],
    "params": {
      "period_P": 256,
      "manifold_dim_D": 16,
      "continuity_center": 39,
      "fidelity_F": 0.97,
      "magnitude_M": 0.1,
      "locality_L": 0.5
    },
    "L_d_main": 1,
    "seed": 6,
    "perk": true,
    "label": "cell_mag0.1_mid_s6",
    "out_file": "/mnt/c/Users/Jason/Desktop/Eridos/Weft 2/v2/results/phase1/pilot/_runs/cell_mag0.1_mid_s6.json"
  }
}