{
  "label": "cell_mag0.7_mid_s9",
  "L_d_main": 1,
  "seed": 9,
  "wall_clock_s": 183.82,
  "steps_trained": 10000,
  "final_interval_loss": -2916.69115,
  "nan_inf": false,
  "still_descending": false,
  "stability_flag": "stable",
  "diff_mu": 0.11195766180753708,
  "diff_sigma": 6.43953796952701e-08,
  "diff_mu_aggregate": 0.11195766180753708,
  "diff_sigma_aggregate": 6.43953796952701e-08,
  "diff_mu_per_k": [
    0.12187357991933823,
    0.11331577599048615,
    0.10558997094631195,
    0.10361313819885254,
    0.11228921264410019,
    0.11017667502164841,
    0.11590294539928436,
    0.11765562742948532,
    0.11918119341135025,
    0.11737123876810074,
    0.10866599529981613,
    0.10181768983602524,
    0.1078270748257637,
    0.10711877048015594,
    0.10937308520078659,
    0.11955074965953827
  ],
  "diff_sigma_per_k": [
    6.823314180337547e-08,
    8.433929110651661e-08,
    7.5487463391255e-08,
    6.360249926729011e-08,
    5.278133485830949e-08,
    4.5229395340129486e-08,
    5.6028852668532636e-08,
    6.060239599037232e-08,
    7.254897838038232e-08,
    6.512577499506733e-08,
    7.177262517643612e-08,
    6.495245230553337e-08,
    5.629051003097629e-08,
    5.937585001447587e-08,
    5.63503697037504e-08,
    7.76052004880512e-08
  ],
  "variance_collapse": false,
  "k_report_idx": {
    "k1": 0,
    "k8": 7,
    "k15": 14
  },
  "spec": {
    "kind": "cell",
    "tag": "mag0.7_mid",
    "cross": "mid",
    "magnitude": 0.7,
    "baseline_key": [
      0.5,
      39,
      256,
      16
    ],
    "params": {
      "period_P": 256,
      "manifold_dim_D": 16,
      "continuity_center": 39,
      "fidelity_F": 0.97,
      "magnitude_M": 0.7,
      "locality_L": 0.5
    },
    "L_d_main": 1,
    "seed": 9,
    "perk": true,
    "label": "cell_mag0.7_mid_s9",
    "out_file": "/mnt/c/Users/Jason/Desktop/Eridos/Weft 2/v2/results/phase1/pilot/_runs/cell_mag0.7_mid_s9.json"
  }
}