{
  "label": "cell_mag0.9_low_s8",
  "L_d_main": 1,
  "seed": 8,
  "wall_clock_s": 197.46,
  "steps_trained": 10000,
  "final_interval_loss": -2753.655442,
  "nan_inf": false,
  "still_descending": false,
  "stability_flag": "stable",
  "diff_mu": 0.5795095562934875,
  "diff_sigma": 7.793632903485559e-07,
  "diff_mu_aggregate": 0.5795095562934875,
  "diff_sigma_aggregate": 7.793632903485559e-07,
  "diff_mu_per_k": [
    0.5425240993499756,
    0.5732490420341492,
    0.5582861304283142,
    0.5242164731025696,
    0.5344558954238892,
    0.5397890210151672,
    0.6086000800132751,
    0.6151727437973022,
    0.6156042218208313,
    0.5929306745529175,
    0.5970891714096069,
    0.60906982421875,
    0.5970783829689026,
    0.5843515396118164,
    0.5959231853485107,
    0.5838115215301514
  ],
  "diff_sigma_per_k": [
    6.817489861532522e-07,
    6.255214088923822e-07,
    5.601199291049852e-07,
    6.2080914631224e-07,
    6.820541784691159e-07,
    6.990986776145292e-07,
    7.815670528543706e-07,
    7.190125757006172e-07,
    7.389667189272586e-07,
    8.057575655584515e-07,
    7.200417257990921e-07,
    7.505685175601684e-07,
    7.978977123457298e-07,
    9.229420356859919e-07,
    1.0237167771265376e-06,
    1.3399898080024286e-06
  ],
  "variance_collapse": false,
  "k_report_idx": {
    "k1": 0,
    "k8": 7,
    "k15": 14
  },
  "spec": {
    "kind": "cell",
    "tag": "mag0.9_low",
    "cross": "low",
    "magnitude": 0.9,
    "baseline_key": [
      0.3,
      3,
      32,
      4
    ],
    "params": {
      "period_P": 32,
      "manifold_dim_D": 4,
      "continuity_center": 3,
      "fidelity_F": 0.97,
      "magnitude_M": 0.9,
      "locality_L": 0.3
    },
    "L_d_main": 1,
    "seed": 8,
    "perk": true,
    "label": "cell_mag0.9_low_s8",
    "out_file": "/mnt/c/Users/Jason/Desktop/Eridos/Weft 2/v2/results/phase1/pilot/_runs/cell_mag0.9_low_s8.json"
  }
}