{
  "label": "cell_D4_mid_s4",
  "L_d_main": 1,
  "seed": 4,
  "wall_clock_s": 186.59,
  "steps_trained": 10000,
  "final_interval_loss": -2864.760581,
  "nan_inf": false,
  "still_descending": true,
  "stability_flag": "stable",
  "diff_mu": 0.010664072819054127,
  "diff_sigma": 3.787525404419512e-09,
  "diff_mu_aggregate": 0.010664072819054127,
  "diff_sigma_aggregate": 3.787525404419512e-09,
  "diff_mu_per_k": [
    0.009771144017577171,
    0.006719455122947693,
    0.018583353608846664,
    0.021002909168601036,
    0.012579808011651039,
    0.0035714195109903812,
    0.007701086346060038,
    0.005615763831883669,
    0.006471656728535891,
    0.022082051262259483,
    0.021091928705573082,
    0.008474180474877357,
    0.004068310372531414,
    0.009996242821216583,
    0.0032861456274986267,
    0.009609692730009556
  ],
  "diff_sigma_per_k": [
    1.8097735532407455e-09,
    4.098565931087705e-09,
    6.295552523738479e-09,
    4.940653219875912e-09,
    5.314529261113421e-09,
    2.439129787035199e-09,
    1.6430462546068725e-09,
    1.5979705336732763e-09,
    4.392911812090006e-09,
    5.993493701339503e-09,
    5.68600455608248e-09,
    4.5172887652711324e-09,
    2.1107853243051977e-09,
    1.7730088508471908e-09,
    2.454185299427536e-09,
    5.533506985955228e-09
  ],
  "variance_collapse": true,
  "k_report_idx": {
    "k1": 0,
    "k8": 7,
    "k15": 14
  },
  "spec": {
    "kind": "cell",
    "tag": "D4_mid",
    "cross": "mid",
    "magnitude": 0.3,
    "baseline_key": [
      0.5,
      39,
      256,
      4
    ],
    "params": {
      "period_P": 256,
      "manifold_dim_D": 4,
      "continuity_center": 39,
      "fidelity_F": 0.97,
      "magnitude_M": 0.3,
      "locality_L": 0.5
    },
    "L_d_main": 1,
    "seed": 4,
    "perk": true,
    "label": "cell_D4_mid_s4",
    "out_file": "/mnt/c/Users/Jason/Desktop/Eridos/Weft 2/v2/results/phase1/pilot/_runs/cell_D4_mid_s4.json"
  }
}