{
  "label": "cell_mag0.1_low_s6",
  "L_d_main": 1,
  "seed": 6,
  "wall_clock_s": 194.95,
  "steps_trained": 10000,
  "final_interval_loss": -2690.241995,
  "nan_inf": false,
  "still_descending": false,
  "stability_flag": "stable",
  "diff_mu": 0.9725258946418762,
  "diff_sigma": 1.4760610156372422e-07,
  "diff_mu_aggregate": 0.9725258946418762,
  "diff_sigma_aggregate": 1.4760610156372422e-07,
  "diff_mu_per_k": [
    1.159331202507019,
    1.0482978820800781,
    0.9961565732955933,
    0.9716665148735046,
    0.905825138092041,
    0.8801231384277344,
    0.8970829844474792,
    0.9100180864334106,
    0.9218902587890625,
    0.9594011306762695,
    0.9615005850791931,
    0.982961118221283,
    1.0321892499923706,
    0.9446061253547668,
    0.9649510383605957,
    1.0244166851043701
  ],
  "diff_sigma_per_k": [
    1.9538549622666324e-07,
    1.2910939517496445e-07,
    9.176632431717735e-08,
    6.379581662940836e-08,
    8.117670802221255e-08,
    1.2145866890023171e-07,
    1.7956192266410653e-07,
    2.2976252012085752e-07,
    2.324081833648961e-07,
    2.1683334239241958e-07,
    1.7346121694572503e-07,
    8.109590510230191e-08,
    6.921077044808044e-08,
    1.0418945350920694e-07,
    1.6173730443824752e-07,
    2.3074473176620813e-07
  ],
  "variance_collapse": false,
  "k_report_idx": {
    "k1": 0,
    "k8": 7,
    "k15": 14
  },
  "spec": {
    "kind": "cell",
    "tag": "mag0.1_low",
    "cross": "low",
    "magnitude": 0.1,
    "baseline_key": [
      0.3,
      3,
      32,
      4
    ],
    "params": {
      "period_P": 32,
      "manifold_dim_D": 4,
      "continuity_center": 3,
      "fidelity_F": 0.97,
      "magnitude_M": 0.1,
      "locality_L": 0.3
    },
    "L_d_main": 1,
    "seed": 6,
    "perk": true,
    "label": "cell_mag0.1_low_s6",
    "out_file": "/mnt/c/Users/Jason/Desktop/Eridos/Weft 2/v2/results/phase1/pilot/_runs/cell_mag0.1_low_s6.json"
  }
}