{
  "label": "cell_mag0.3_low_s9",
  "L_d_main": 1,
  "seed": 9,
  "wall_clock_s": 192.39,
  "steps_trained": 10000,
  "final_interval_loss": -2587.850299,
  "nan_inf": false,
  "still_descending": true,
  "stability_flag": "stable",
  "diff_mu": 0.28874069452285767,
  "diff_sigma": 1.239433913724497e-06,
  "diff_mu_aggregate": 0.28874069452285767,
  "diff_sigma_aggregate": 1.239433913724497e-06,
  "diff_mu_per_k": [
    0.2968901991844177,
    0.2921927273273468,
    0.2846093475818634,
    0.27730050683021545,
    0.2756288945674896,
    0.2747623920440674,
    0.2706345319747925,
    0.28974688053131104,
    0.30428773164749146,
    0.30720221996307373,
    0.31112027168273926,
    0.30638161301612854,
    0.29200345277786255,
    0.2835583984851837,
    0.27773889899253845,
    0.2757921814918518
  ],
  "diff_sigma_per_k": [
    1.1479460226837546e-06,
    1.0454886023580912e-06,
    6.889550263622368e-07,
    8.297610634144803e-07,
    7.225996796478285e-07,
    7.036378519842401e-07,
    9.163469485429232e-07,
    9.058985028786992e-07,
    9.319026617049531e-07,
    1.1289484973531216e-06,
    1.345448936262983e-06,
    1.6446085737698013e-06,
    1.6713157720005256e-06,
    1.8570462998468429e-06,
    2.1211965304246405e-06,
    2.1698408545489656e-06
  ],
  "variance_collapse": false,
  "k_report_idx": {
    "k1": 0,
    "k8": 7,
    "k15": 14
  },
  "spec": {
    "kind": "cell",
    "tag": "mag0.3_low",
    "cross": "low",
    "magnitude": 0.3,
    "baseline_key": [
      0.3,
      3,
      32,
      4
    ],
    "params": {
      "period_P": 32,
      "manifold_dim_D": 4,
      "continuity_center": 3,
      "fidelity_F": 0.97,
      "magnitude_M": 0.3,
      "locality_L": 0.3
    },
    "L_d_main": 1,
    "seed": 9,
    "perk": true,
    "label": "cell_mag0.3_low_s9",
    "out_file": "/mnt/c/Users/Jason/Desktop/Eridos/Weft 2/v2/results/phase1/pilot/_runs/cell_mag0.3_low_s9.json"
  }
}