{
  "label": "cell_mag0.3_high_s1",
  "L_d_main": 1,
  "seed": 1,
  "wall_clock_s": 191.02,
  "steps_trained": 10000,
  "final_interval_loss": -3011.384257,
  "nan_inf": false,
  "still_descending": false,
  "stability_flag": "stable",
  "diff_mu": 3.006635779456701e-05,
  "diff_sigma": 1.4975046203069553e-10,
  "diff_mu_aggregate": 3.006635779456701e-05,
  "diff_sigma_aggregate": 1.4975046203069553e-10,
  "diff_mu_per_k": [
    3.100547837675549e-05,
    3.028126411663834e-05,
    2.9957020160509273e-05,
    3.1149666028795764e-05,
    3.0469840567093343e-05,
    2.9266548153827898e-05,
    3.0067058105487376e-05,
    3.078396912314929e-05,
    2.991275687236339e-05,
    3.019102950929664e-05,
    2.9337832529563457e-05,
    3.005705730174668e-05,
    2.9548697057180107e-05,
    3.0288090783869848e-05,
    2.9578433895949274e-05,
    2.9167002139729448e-05
  ],
  "diff_sigma_per_k": [
    1.4185938534971854e-10,
    1.4952036830884197e-10,
    1.5366999339683218e-10,
    1.4431708605933125e-10,
    1.4346157595213072e-10,
    1.6409815173368258e-10,
    1.4992561359061796e-10,
    1.427605950121702e-10,
    1.4083714749979492e-10,
    1.502038077250134e-10,
    1.641772273686115e-10,
    1.3784580421560833e-10,
    1.563710133600793e-10,
    1.3574978641184288e-10,
    1.599430726750839e-10,
    1.6126673607619324e-10
  ],
  "variance_collapse": true,
  "k_report_idx": {
    "k1": 0,
    "k8": 7,
    "k15": 14
  },
  "spec": {
    "kind": "cell",
    "tag": "mag0.3_high",
    "cross": "high",
    "magnitude": 0.3,
    "baseline_key": [
      0.9,
      472,
      2048,
      128
    ],
    "params": {
      "period_P": 2048,
      "manifold_dim_D": 128,
      "continuity_center": 472,
      "fidelity_F": 0.97,
      "magnitude_M": 0.3,
      "locality_L": 0.9
    },
    "L_d_main": 1,
    "seed": 1,
    "perk": true,
    "label": "cell_mag0.3_high_s1",
    "out_file": "/mnt/c/Users/Jason/Desktop/Eridos/Weft 2/v2/results/phase1/pilot/_runs/cell_mag0.3_high_s1.json"
  }
}