{
  "label": "cell_mag0.9_low_s5",
  "L_d_main": 1,
  "seed": 5,
  "wall_clock_s": 199.94,
  "steps_trained": 10000,
  "final_interval_loss": -2604.068487,
  "nan_inf": false,
  "still_descending": false,
  "stability_flag": "stable",
  "diff_mu": 1.3365100622177124,
  "diff_sigma": 8.093959422694752e-07,
  "diff_mu_aggregate": 1.3365100622177124,
  "diff_sigma_aggregate": 8.093959422694752e-07,
  "diff_mu_per_k": [
    1.4314000606536865,
    1.3390380144119263,
    1.3484450578689575,
    1.2728573083877563,
    1.1725305318832397,
    1.0831490755081177,
    1.005110502243042,
    0.8909681439399719,
    0.8815122246742249,
    0.9608696103096008,
    1.1393458843231201,
    1.4724290370941162,
    1.6272802352905273,
    1.9757554531097412,
    1.9009298086166382,
    1.8825860023498535
  ],
  "diff_sigma_per_k": [
    5.687543875865231e-07,
    5.254076427263499e-07,
    4.950519496560446e-07,
    5.356189944905054e-07,
    7.014008929218107e-07,
    9.65927370089048e-07,
    1.1650153055597912e-06,
    8.902782724362623e-07,
    7.928787795208336e-07,
    6.136041861282138e-07,
    5.77289199554798e-07,
    6.36403228782001e-07,
    8.897071666069678e-07,
    1.1100155461463146e-06,
    1.145702981375507e-06,
    1.3372790590437944e-06
  ],
  "variance_collapse": false,
  "k_report_idx": {
    "k1": 0,
    "k8": 7,
    "k15": 14
  },
  "spec": {
    "kind": "cell",
    "tag": "mag0.9_low",
    "cross": "low",
    "magnitude": 0.9,
    "baseline_key": [
      0.3,
      3,
      32,
      4
    ],
    "params": {
      "period_P": 32,
      "manifold_dim_D": 4,
      "continuity_center": 3,
      "fidelity_F": 0.97,
      "magnitude_M": 0.9,
      "locality_L": 0.3
    },
    "L_d_main": 1,
    "seed": 5,
    "perk": true,
    "label": "cell_mag0.9_low_s5",
    "out_file": "/mnt/c/Users/Jason/Desktop/Eridos/Weft 2/v2/results/phase1/pilot/_runs/cell_mag0.9_low_s5.json"
  }
}