{
  "label": "cell_mag0.9_high_s1",
  "L_d_main": 1,
  "seed": 1,
  "wall_clock_s": 195.79,
  "steps_trained": 10000,
  "final_interval_loss": -3011.124091,
  "nan_inf": false,
  "still_descending": false,
  "stability_flag": "stable",
  "diff_mu": 1.623007483431138e-05,
  "diff_sigma": 2.469632831569868e-11,
  "diff_mu_aggregate": 1.623007483431138e-05,
  "diff_sigma_aggregate": 2.469632831569868e-11,
  "diff_mu_per_k": [
    1.6924974261200987e-05,
    1.6248544852714986e-05,
    1.5886773326201364e-05,
    1.6500967831234448e-05,
    1.595821595401503e-05,
    1.631574377825018e-05,
    1.632428029552102e-05,
    1.6278478142339736e-05,
    1.5819136024219915e-05,
    1.593622801010497e-05,
    1.607249942026101e-05,
    1.6210475223488174e-05,
    1.6352969396393746e-05,
    1.6581745512667112e-05,
    1.6050602425821126e-05,
    1.6219566532527097e-05
  ],
  "diff_sigma_per_k": [
    2.697243643712266e-11,
    2.5285133362085155e-11,
    2.235586195331596e-11,
    2.472059536240412e-11,
    2.2763220128285688e-11,
    2.5623343724578973e-11,
    2.5235518535948742e-11,
    2.2885030676045304e-11,
    2.2842847405279976e-11,
    2.2558644188763743e-11,
    2.849025702855723e-11,
    2.4849700422380216e-11,
    2.369547093261648e-11,
    2.5120055341387726e-11,
    2.5886829138621614e-11,
    2.585628239293314e-11
  ],
  "variance_collapse": true,
  "k_report_idx": {
    "k1": 0,
    "k8": 7,
    "k15": 14
  },
  "spec": {
    "kind": "cell",
    "tag": "mag0.9_high",
    "cross": "high",
    "magnitude": 0.9,
    "baseline_key": [
      0.9,
      472,
      2048,
      128
    ],
    "params": {
      "period_P": 2048,
      "manifold_dim_D": 128,
      "continuity_center": 472,
      "fidelity_F": 0.97,
      "magnitude_M": 0.9,
      "locality_L": 0.9
    },
    "L_d_main": 1,
    "seed": 1,
    "perk": true,
    "label": "cell_mag0.9_high_s1",
    "out_file": "/mnt/c/Users/Jason/Desktop/Eridos/Weft 2/v2/results/phase1/pilot/_runs/cell_mag0.9_high_s1.json"
  }
}