{
  "label": "cell_mag0.7_high_s9",
  "L_d_main": 1,
  "seed": 9,
  "wall_clock_s": 196.35,
  "steps_trained": 10000,
  "final_interval_loss": -3005.426947,
  "nan_inf": false,
  "still_descending": false,
  "stability_flag": "stable",
  "diff_mu": 4.764183904626407e-05,
  "diff_sigma": 4.32345464984607e-10,
  "diff_mu_aggregate": 4.764183904626407e-05,
  "diff_sigma_aggregate": 4.32345464984607e-10,
  "diff_mu_per_k": [
    4.7803081542951986e-05,
    4.751245432998985e-05,
    5.040039468440227e-05,
    4.383749546832405e-05,
    4.762077878694981e-05,
    4.558188811643049e-05,
    4.76956156489905e-05,
    4.91047503601294e-05,
    4.8409969167551026e-05,
    4.820381582248956e-05,
    4.769976294483058e-05,
    4.922930747852661e-05,
    4.902496948488988e-05,
    4.61596209788695e-05,
    4.626135341823101e-05,
    4.7724137402838096e-05
  ],
  "diff_sigma_per_k": [
    4.4886219741080424e-10,
    4.2535233668594685e-10,
    4.186726798582896e-10,
    4.658248786704178e-10,
    4.2820072487792515e-10,
    4.368055916970093e-10,
    4.3577375041792266e-10,
    3.913919743858685e-10,
    4.306677237053691e-10,
    4.396422670360778e-10,
    4.279647747296167e-10,
    4.442228807022275e-10,
    4.134804443278739e-10,
    4.12241740743724e-10,
    4.485322946390369e-10,
    4.498910688433e-10
  ],
  "variance_collapse": true,
  "k_report_idx": {
    "k1": 0,
    "k8": 7,
    "k15": 14
  },
  "spec": {
    "kind": "cell",
    "tag": "mag0.7_high",
    "cross": "high",
    "magnitude": 0.7,
    "baseline_key": [
      0.9,
      472,
      2048,
      128
    ],
    "params": {
      "period_P": 2048,
      "manifold_dim_D": 128,
      "continuity_center": 472,
      "fidelity_F": 0.97,
      "magnitude_M": 0.7,
      "locality_L": 0.9
    },
    "L_d_main": 1,
    "seed": 9,
    "perk": true,
    "label": "cell_mag0.7_high_s9",
    "out_file": "/mnt/c/Users/Jason/Desktop/Eridos/Weft 2/v2/results/phase1/pilot/_runs/cell_mag0.7_high_s9.json"
  }
}