{
  "label": "cell_mag0.7_high_s8",
  "L_d_main": 1,
  "seed": 8,
  "wall_clock_s": 197.36,
  "steps_trained": 10000,
  "final_interval_loss": -3007.889739,
  "nan_inf": false,
  "still_descending": false,
  "stability_flag": "stable",
  "diff_mu": 0.00020660563313867897,
  "diff_sigma": 9.538809742082321e-10,
  "diff_mu_aggregate": 0.00020660563313867897,
  "diff_sigma_aggregate": 9.538809742082321e-10,
  "diff_mu_per_k": [
    0.00020638920250348747,
    0.00020492351904977113,
    0.00020685936033260077,
    0.00021137432486284524,
    0.0002031232725130394,
    0.00020483303524088115,
    0.00020645794575102627,
    0.0002083626895910129,
    0.00021106249187141657,
    0.00020884160767309368,
    0.00020513017079792917,
    0.00020261737518012524,
    0.00020681586465798318,
    0.00020668827346526086,
    0.00020704219059552997,
    0.000205168966203928
  ],
  "diff_sigma_per_k": [
    1.016437045642249e-09,
    9.276688861525884e-10,
    9.102133491367681e-10,
    9.514576904123828e-10,
    9.260212041617422e-10,
    9.343579243648037e-10,
    9.179391691205296e-10,
    9.108324094952991e-10,
    8.810268070646998e-10,
    1.004840988194644e-09,
    1.002830152252443e-09,
    8.593981637439185e-10,
    1.0110836612398089e-09,
    9.78913505811363e-10,
    1.0064435951306905e-09,
    1.02263131296354e-09
  ],
  "variance_collapse": true,
  "k_report_idx": {
    "k1": 0,
    "k8": 7,
    "k15": 14
  },
  "spec": {
    "kind": "cell",
    "tag": "mag0.7_high",
    "cross": "high",
    "magnitude": 0.7,
    "baseline_key": [
      0.9,
      472,
      2048,
      128
    ],
    "params": {
      "period_P": 2048,
      "manifold_dim_D": 128,
      "continuity_center": 472,
      "fidelity_F": 0.97,
      "magnitude_M": 0.7,
      "locality_L": 0.9
    },
    "L_d_main": 1,
    "seed": 8,
    "perk": true,
    "label": "cell_mag0.7_high_s8",
    "out_file": "/mnt/c/Users/Jason/Desktop/Eridos/Weft 2/v2/results/phase1/pilot/_runs/cell_mag0.7_high_s8.json"
  }
}