{
  "label": "cell_mag0.1_low_s0",
  "L_d_main": 1,
  "seed": 0,
  "wall_clock_s": 214.9,
  "steps_trained": 10000,
  "final_interval_loss": -2618.427557,
  "nan_inf": false,
  "still_descending": true,
  "stability_flag": "stable",
  "diff_mu": 0.5214390754699707,
  "diff_sigma": 4.642948567834537e-07,
  "diff_mu_aggregate": 0.5214390754699707,
  "diff_sigma_aggregate": 4.642948567834537e-07,
  "diff_mu_per_k": [
    0.5644290447235107,
    0.3683479130268097,
    0.2744196355342865,
    0.25814947485923767,
    0.4723379611968994,
    0.68446284532547,
    0.883747398853302,
    0.8742353320121765,
    0.779450535774231,
    0.6885887980461121,
    0.5759062170982361,
    0.33308759331703186,
    0.27596989274024963,
    0.3316248655319214,
    0.42444849014282227,
    0.5538196563720703
  ],
  "diff_sigma_per_k": [
    4.3276310179862776e-07,
    2.37941080172277e-07,
    1.4534369086049992e-07,
    1.9533584350028832e-07,
    3.370524837009725e-07,
    5.185082727621193e-07,
    8.097719046418206e-07,
    7.786008495713759e-07,
    5.627532004837121e-07,
    5.802708074043039e-07,
    4.5329386466619326e-07,
    3.216381401216495e-07,
    3.597838258428965e-07,
    4.4631642026615737e-07,
    5.078360345578403e-07,
    7.415080176542688e-07
  ],
  "variance_collapse": false,
  "k_report_idx": {
    "k1": 0,
    "k8": 7,
    "k15": 14
  },
  "spec": {
    "kind": "cell",
    "tag": "mag0.1_low",
    "cross": "low",
    "magnitude": 0.1,
    "baseline_key": [
      0.3,
      3,
      32,
      4
    ],
    "params": {
      "period_P": 32,
      "manifold_dim_D": 4,
      "continuity_center": 3,
      "fidelity_F": 0.97,
      "magnitude_M": 0.1,
      "locality_L": 0.3
    },
    "L_d_main": 1,
    "seed": 0,
    "perk": true,
    "label": "cell_mag0.1_low_s0",
    "out_file": "/mnt/c/Users/Jason/Desktop/Eridos/Weft 2/v2/results/phase1/pilot/_runs/cell_mag0.1_low_s0.json"
  }
}