{
  "label": "cell_mag0.7_low_s0",
  "L_d_main": 1,
  "seed": 0,
  "wall_clock_s": 187.29,
  "steps_trained": 10000,
  "final_interval_loss": -2528.902387,
  "nan_inf": false,
  "still_descending": false,
  "stability_flag": "stable",
  "diff_mu": 0.11475078761577606,
  "diff_sigma": 2.169587560274522e-06,
  "diff_mu_aggregate": 0.11475078761577606,
  "diff_sigma_aggregate": 2.169587560274522e-06,
  "diff_mu_per_k": [
    0.09344694018363953,
    0.1013822853565216,
    0.11025431007146835,
    0.10682110488414764,
    0.10585775226354599,
    0.09868483245372772,
    0.0908573642373085,
    0.0846530944108963,
    0.08545180410146713,
    0.09302700310945511,
    0.09344817698001862,
    0.09971768409013748,
    0.12922336161136627,
    0.1938072144985199,
    0.21631725132465363,
    0.13306179642677307
  ],
  "diff_sigma_per_k": [
    2.2173703655425925e-06,
    2.3924258130136877e-06,
    2.211454784628586e-06,
    2.2580145468964474e-06,
    1.9029354234589846e-06,
    1.826941570470808e-06,
    1.8036249684882932e-06,
    1.762956003403815e-06,
    1.682934453128837e-06,
    2.216488383055548e-06,
    2.3648410660825903e-06,
    2.530091933294898e-06,
    3.059448090425576e-06,
    2.006646127483691e-06,
    1.7916090655489825e-06,
    2.685619392650551e-06
  ],
  "variance_collapse": false,
  "k_report_idx": {
    "k1": 0,
    "k8": 7,
    "k15": 14
  },
  "spec": {
    "kind": "cell",
    "tag": "mag0.7_low",
    "cross": "low",
    "magnitude": 0.7,
    "baseline_key": [
      0.3,
      3,
      32,
      4
    ],
    "params": {
      "period_P": 32,
      "manifold_dim_D": 4,
      "continuity_center": 3,
      "fidelity_F": 0.97,
      "magnitude_M": 0.7,
      "locality_L": 0.3
    },
    "L_d_main": 1,
    "seed": 0,
    "perk": true,
    "label": "cell_mag0.7_low_s0",
    "out_file": "/mnt/c/Users/Jason/Desktop/Eridos/Weft 2/v2/results/phase1/pilot/_runs/cell_mag0.7_low_s0.json"
  }
}