{
  "label": "cell_mag0.3_high_s0",
  "L_d_main": 1,
  "seed": 0,
  "wall_clock_s": 192.76,
  "steps_trained": 10000,
  "final_interval_loss": -3000.672355,
  "nan_inf": false,
  "still_descending": false,
  "stability_flag": "stable",
  "diff_mu": 0.00016564842371735722,
  "diff_sigma": 8.075346502600667e-10,
  "diff_mu_aggregate": 0.00016564842371735722,
  "diff_sigma_aggregate": 8.075346502600667e-10,
  "diff_mu_per_k": [
    0.00011414939945098013,
    0.0006604752270504832,
    0.00020181694708298892,
    7.386737706838176e-05,
    0.00019984050595667213,
    7.329507934628054e-05,
    0.00022695341613143682,
    0.0003435751423239708,
    4.0750153857516125e-05,
    8.429551962763071e-05,
    7.692521467106417e-05,
    0.00010095550533151254,
    0.000260341155808419,
    4.287692718207836e-05,
    7.306338375201449e-05,
    7.719428685959429e-05
  ],
  "diff_sigma_per_k": [
    8.166213816274137e-10,
    7.813483748897454e-10,
    6.282607212249047e-10,
    7.68454522237505e-10,
    7.462928053314499e-10,
    8.637562887159334e-10,
    9.870769757114317e-10,
    6.788673512225785e-10,
    6.364707649808565e-10,
    7.900275988959038e-10,
    1.0126738336779795e-09,
    9.00445606966116e-10,
    8.912809934535915e-10,
    8.062679413001206e-10,
    7.186725103913716e-10,
    8.940369555787697e-10
  ],
  "variance_collapse": true,
  "k_report_idx": {
    "k1": 0,
    "k8": 7,
    "k15": 14
  },
  "spec": {
    "kind": "cell",
    "tag": "mag0.3_high",
    "cross": "high",
    "magnitude": 0.3,
    "baseline_key": [
      0.9,
      472,
      2048,
      128
    ],
    "params": {
      "period_P": 2048,
      "manifold_dim_D": 128,
      "continuity_center": 472,
      "fidelity_F": 0.97,
      "magnitude_M": 0.3,
      "locality_L": 0.9
    },
    "L_d_main": 1,
    "seed": 0,
    "perk": true,
    "label": "cell_mag0.3_high_s0",
    "out_file": "/mnt/c/Users/Jason/Desktop/Eridos/Weft 2/v2/results/phase1/pilot/_runs/cell_mag0.3_high_s0.json"
  }
}