{
  "label": "cell_mag0.1_high_s7",
  "L_d_main": 1,
  "seed": 7,
  "wall_clock_s": 191.09,
  "steps_trained": 10000,
  "final_interval_loss": -3009.603635,
  "nan_inf": false,
  "still_descending": false,
  "stability_flag": "stable",
  "diff_mu": 0.000774484477005899,
  "diff_sigma": 9.615146900898708e-09,
  "diff_mu_aggregate": 0.000774484477005899,
  "diff_sigma_aggregate": 9.615146900898708e-09,
  "diff_mu_per_k": [
    0.0007757737766951323,
    0.0007542269886471331,
    0.0007698372355662286,
    0.0007780005689710379,
    0.0007898559560999274,
    0.0007701939903199673,
    0.0007655749213881791,
    0.0007886567618697882,
    0.000771628285292536,
    0.0007819124148227274,
    0.0007796483114361763,
    0.0007665761513635516,
    0.00076495879329741,
    0.0007850521942600608,
    0.0007798019796609879,
    0.0007700526621192694
  ],
  "diff_sigma_per_k": [
    1.0096387725866407e-08,
    9.50682466083208e-09,
    8.946025253919743e-09,
    8.4993310167647e-09,
    9.510157994441215e-09,
    1.0089808100133268e-08,
    9.308211978975578e-09,
    1.0468046873768344e-08,
    9.589776972518393e-09,
    9.424928393286791e-09,
    1.0615954337822586e-08,
    9.14385278605323e-09,
    9.566581304909505e-09,
    9.964537639461923e-09,
    9.488628549547684e-09,
    9.623291497007358e-09
  ],
  "variance_collapse": true,
  "k_report_idx": {
    "k1": 0,
    "k8": 7,
    "k15": 14
  },
  "spec": {
    "kind": "cell",
    "tag": "mag0.1_high",
    "cross": "high",
    "magnitude": 0.1,
    "baseline_key": [
      0.9,
      472,
      2048,
      128
    ],
    "params": {
      "period_P": 2048,
      "manifold_dim_D": 128,
      "continuity_center": 472,
      "fidelity_F": 0.97,
      "magnitude_M": 0.1,
      "locality_L": 0.9
    },
    "L_d_main": 1,
    "seed": 7,
    "perk": true,
    "label": "cell_mag0.1_high_s7",
    "out_file": "/mnt/c/Users/Jason/Desktop/Eridos/Weft 2/v2/results/phase1/pilot/_runs/cell_mag0.1_high_s7.json"
  }
}