{
  "label": "cell_mag0.7_high_s2",
  "L_d_main": 1,
  "seed": 2,
  "wall_clock_s": 190.51,
  "steps_trained": 10000,
  "final_interval_loss": -3004.963873,
  "nan_inf": false,
  "still_descending": false,
  "stability_flag": "stable",
  "diff_mu": 3.985890361946076e-05,
  "diff_sigma": 1.0094769464785713e-10,
  "diff_mu_aggregate": 3.985890361946076e-05,
  "diff_sigma_aggregate": 1.0094769464785713e-10,
  "diff_mu_per_k": [
    4.768568396684714e-05,
    4.114510738872923e-05,
    3.4675555070862174e-05,
    3.997233943664469e-05,
    4.136638017371297e-05,
    4.311788870836608e-05,
    3.98587180825416e-05,
    3.7604851968353614e-05,
    3.522001497913152e-05,
    3.707126234075986e-05,
    4.183050259598531e-05,
    3.816157186520286e-05,
    3.682100577862002e-05,
    4.010694465250708e-05,
    3.905890480382368e-05,
    4.404575520311482e-05
  ],
  "diff_sigma_per_k": [
    8.820616459459529e-11,
    1.0764209662506019e-10,
    1.0030091340818004e-10,
    9.196535893929436e-11,
    1.1529272675447899e-10,
    1.086121192983569e-10,
    1.182599296267739e-10,
    8.601959422538386e-11,
    9.097476938446647e-11,
    9.46191736073132e-11,
    1.0198605154831952e-10,
    1.1287795698144976e-10,
    9.756214586209566e-11,
    9.239149029172111e-11,
    1.0001265787762392e-10,
    1.084400208517522e-10
  ],
  "variance_collapse": true,
  "k_report_idx": {
    "k1": 0,
    "k8": 7,
    "k15": 14
  },
  "spec": {
    "kind": "cell",
    "tag": "mag0.7_high",
    "cross": "high",
    "magnitude": 0.7,
    "baseline_key": [
      0.9,
      472,
      2048,
      128
    ],
    "params": {
      "period_P": 2048,
      "manifold_dim_D": 128,
      "continuity_center": 472,
      "fidelity_F": 0.97,
      "magnitude_M": 0.7,
      "locality_L": 0.9
    },
    "L_d_main": 1,
    "seed": 2,
    "perk": true,
    "label": "cell_mag0.7_high_s2",
    "out_file": "/mnt/c/Users/Jason/Desktop/Eridos/Weft 2/v2/results/phase1/pilot/_runs/cell_mag0.7_high_s2.json"
  }
}