{
  "step": 50000,
  "mean_loss_last_1k": -61237.30865234375,
  "mean_log_var_last_1k": -8.532565657138825,
  "predictor_weight_l2_norm_total": 963.4509750988655,
  "bank_size": 49986,
  "timestamp": "2026-05-13T03:07:32Z",
  "git_commit": "a7d79a51aa6cd3aaa02a6e0e08ca43e91c7625e3"
}