{
  "step": 30000,
  "mean_loss_last_1k": -61338.27934375,
  "mean_log_var_last_1k": -8.543096880435943,
  "predictor_weight_l2_norm_total": 790.2871242379958,
  "bank_size": 29986,
  "timestamp": "2026-05-13T03:04:29Z",
  "git_commit": "a7d79a51aa6cd3aaa02a6e0e08ca43e91c7625e3"
}