{
  "step": 95721,
  "mean_loss_last_1k": -62606.72425390625,
  "mean_log_var_last_1k": -8.66358399438858,
  "predictor_weight_l2_norm_total": 1270.528370488758,
  "bank_size": 95707,
  "timestamp": "2026-05-13T03:14:31Z",
  "git_commit": "a7d79a51aa6cd3aaa02a6e0e08ca43e91c7625e3"
}