{
  "step": 90000,
  "mean_loss_last_1k": -62321.076171875,
  "mean_log_var_last_1k": -8.638138051986694,
  "predictor_weight_l2_norm_total": 1234.2202674712858,
  "bank_size": 89986,
  "timestamp": "2026-05-13T03:13:36Z",
  "git_commit": "a7d79a51aa6cd3aaa02a6e0e08ca43e91c7625e3"
}