{
  "step": 60000,
  "mean_loss_last_1k": -61393.38051171875,
  "mean_log_var_last_1k": -8.560419245243072,
  "predictor_weight_l2_norm_total": 1036.5897950194933,
  "bank_size": 59986,
  "timestamp": "2026-05-13T03:09:02Z",
  "git_commit": "a7d79a51aa6cd3aaa02a6e0e08ca43e91c7625e3"
}