{
  "step": 40000,
  "mean_loss_last_1k": -61229.0053515625,
  "mean_log_var_last_1k": -8.529657987594604,
  "predictor_weight_l2_norm_total": 886.5521234858841,
  "bank_size": 39986,
  "timestamp": "2026-05-13T03:05:58Z",
  "git_commit": "a7d79a51aa6cd3aaa02a6e0e08ca43e91c7625e3"
}