{
  "checkpoint": "results/inner_pam_v0/phase1_main/ckpt_70000.pt",
  "phase": "phase1",
  "step": 70000,
  "git_commit_at_save": "a7d79a51aa6cd3aaa02a6e0e08ca43e91c7625e3",
  "git_commit_at_eval": "a7d79a51aa6cd3aaa02a6e0e08ca43e91c7625e3",
  "held_out_region": [
    95722,
    100000
  ],
  "n_probes": {
    "steady": 250,
    "cue": 46,
    "total": 296
  },
  "tau_used": 8.125267505645752,
  "rep_counts_at_step": {
    "steady:item_1": 153,
    "steady:item_2": 153,
    "steady:item_3": 153,
    "steady:item_4": 153,
    "steady:item_5": 152,
    "cue:item_1": 153,
    "cue:item_2": 153,
    "cue:item_3": 153,
    "cue:item_4": 153,
    "cue:item_5": 152
  },
  "M1_centreline_accuracy": {
    "per_cluster": {
      "steady:item_1": {
        "mean_per_k": [
          0.7413246035575867,
          0.7272710204124451,
          0.7086833715438843,
          0.6902770400047302,
          0.6860915422439575,
          0.6799783110618591,
          0.6756865978240967,
          0.7011651396751404,
          0.7076595425605774,
          0.7037563323974609,
          0.6877799034118652,
          0.6739216446876526,
          0.6511940956115723,
          0.5959305763244629,
          0.566256582736969,
          0.5307315587997437
        ],
        "std_per_k": [
          0.002045400906354189,
          0.005741901695728302,
          0.01203667651861906,
          0.023093808442354202,
          0.03680286929011345,
          0.054134875535964966,
          0.05750173702836037,
          0.052200134843587875,
          0.04316083714365959,
          0.028951862826943398,
          0.033009450882673264,
          0.02899559773504734,
          0.025088131427764893,
          0.017447281628847122,
          0.01426226831972599,
          0.015802688896656036
        ],
        "n": 50
      },
      "steady:item_2": {
        "mean_per_k": [
          0.6089184284210205,
          0.5573466420173645,
          0.5190954804420471,
          0.4776386618614197,
          0.5051521062850952,
          0.5142716765403748,
          0.5149603486061096,
          0.5097810626029968,
          0.5335661172866821,
          0.570279061794281,
          0.5553654432296753,
          0.5569297671318054,
          0.536252498626709,
          0.47971004247665405,
          0.4876272678375244,
          0.43685516715049744
        ],
        "std_per_k": [
          0.00602672528475523,
          0.028788266703486443,
          0.059298474341630936,
          0.08823610842227936,
          0.10160534828901291,
          0.0968700647354126,
          0.08454110473394394,
          0.09707596153020859,
          0.10632646828889847,
          0.09399782866239548,
          0.10584993660449982,
          0.09795307368040085,
          0.08305954933166504,
          0.07106534391641617,
          0.03367990255355835,
          0.029105907306075096
        ],
        "n": 50
      },
      "steady:item_3": {
        "mean_per_k": [
          0.6253873109817505,
          0.5854373574256897,
          0.5317555665969849,
          0.49627435207366943,
          0.47394490242004395,
          0.4514714181423187,
          0.4208334684371948,
          0.4156772494316101,
          0.3982129395008087,
          0.3792099356651306,
          0.3755817711353302,
          0.3557662069797516,
          0.3477829694747925,
          0.33122169971466064,
          0.3398783802986145,
          0.33929184079170227
        ],
        "std_per_k": [
          0.013453121297061443,
          0.004533685743808746,
          0.026288848370313644,
          0.0458037368953228,
          0.06228635087609291,
          0.07809583842754364,
          0.10292265564203262,
          0.1066955178976059,
          0.09933435916900635,
          0.08971399813890457,
          0.0825352743268013,
          0.07710739970207214,
          0.07733843475580215,
          0.08164336532354355,
          0.08402299135923386,
          0.07606692612171173
        ],
        "n": 50
      },
      "steady:item_4": {
        "mean_per_k": [
          0.5526803731918335,
          0.5216706991195679,
          0.4505554139614105,
          0.41388624906539917,
          0.43781334161758423,
          0.46091488003730774,
          0.4753255546092987,
          0.46814098954200745,
          0.46525895595550537,
          0.4812144339084625,
          0.4586896598339081,
          0.44983261823654175,
          0.48778918385505676,
          0.47344014048576355,
          0.5059666633605957,
          0.47904902696609497
        ],
        "std_per_k": [
          0.015813065692782402,
          0.028510596603155136,
          0.05198574811220169,
          0.0742945522069931,
          0.08779554814100266,
          0.0829850360751152,
          0.06060327589511871,
          0.04095858708024025,
          0.046349309384822845,
          0.04961835965514183,
          0.06206035986542702,
          0.06424525380134583,
          0.06542801856994629,
          0.07648360729217529,
          0.06450796127319336,
          0.04911154881119728
        ],
        "n": 50
      },
      "steady:item_5": {
        "mean_per_k": [
          0.7158957123756409,
          0.7073774933815002,
          0.7088062167167664,
          0.7086266279220581,
          0.6935778856277466,
          0.6803756952285767,
          0.6543135643005371,
          0.6279251575469971,
          0.6085569858551025,
          0.6075741648674011,
          0.6145757436752319,
          0.6049689054489136,
          0.598992645740509,
          0.6125830411911011,
          0.5947436690330505,
          0.5967406630516052
        ],
        "std_per_k": [
          0.006599788554012775,
          0.019115693867206573,
          0.015866579487919807,
          0.01556664239615202,
          0.010089612565934658,
          0.01485325675457716,
          0.049298495054244995,
          0.07303603738546371,
          0.0864998996257782,
          0.07392819225788116,
          0.07232475280761719,
          0.07962602376937866,
          0.08243710547685623,
          0.07583736628293991,
          0.08117862045764923,
          0.08135633170604706
        ],
        "n": 50
      },
      "cue:item_1": {
        "mean_per_k": [
          0.7011075615882874,
          0.6867753863334656,
          0.6456909775733948,
          0.6092190146446228,
          0.6069445610046387,
          0.6236439347267151,
          0.5878004431724548,
          0.6060602068901062,
          0.6172560453414917,
          0.750333845615387,
          0.753512442111969,
          0.7409830093383789,
          0.7648996710777283,
          0.7011069655418396,
          0.7005760073661804,
          0.6588959097862244
        ],
        "std_per_k": [
          0.0,
          5.960464477539063e-08,
          0.0,
          0.0,
          0.0,
          5.960464477539063e-08,
          5.960464477539063e-08,
          5.960464477539063e-08,
          5.960464477539063e-08,
          5.960464477539063e-08,
          5.960464477539063e-08,
          0.0,
          5.960464477539063e-08,
          5.960464477539063e-08,
          5.960464477539063e-08,
          0.0
        ],
        "n": 10
      },
      "cue:item_2": {
        "mean_per_k": [
          0.5910491347312927,
          0.551576554775238,
          0.5285487771034241,
          0.4940982460975647,
          0.4710981547832489,
          0.5579862594604492,
          0.6039593815803528,
          0.5858418941497803,
          0.5699681639671326,
          0.6526554226875305,
          0.6591809391975403,
          0.663457453250885,
          0.6187936663627625,
          0.596730649471283,
          0.5607643723487854,
          0.4598753750324249
        ],