{
  "checkpoint": "results/inner_pam_v0/phase1_main/ckpt_95721.pt",
  "phase": "phase1",
  "step": 95721,
  "git_commit_at_save": "a7d79a51aa6cd3aaa02a6e0e08ca43e91c7625e3",
  "git_commit_at_eval": "a7d79a51aa6cd3aaa02a6e0e08ca43e91c7625e3",
  "held_out_region": [
    95722,
    100000
  ],
  "n_probes": {
    "steady": 250,
    "cue": 46,
    "total": 296
  },
  "tau_used": 8.125267505645752,
  "rep_counts_at_step": {
    "steady:item_1": 209,
    "steady:item_2": 209,
    "steady:item_3": 209,
    "steady:item_4": 209,
    "steady:item_5": 209,
    "cue:item_1": 209,
    "cue:item_2": 209,
    "cue:item_3": 209,
    "cue:item_4": 209,
    "cue:item_5": 209
  },
  "M1_centreline_accuracy": {
    "per_cluster": {
      "steady:item_1": {
        "mean_per_k": [
          0.7879968285560608,
          0.7515221238136292,
          0.7010452747344971,
          0.6662130951881409,
          0.631589412689209,
          0.6208152174949646,
          0.6071523427963257,
          0.6317091584205627,
          0.6443517804145813,
          0.6387441158294678,
          0.6438946723937988,
          0.6392418146133423,
          0.6039597392082214,
          0.6103933453559875,
          0.5967689752578735,
          0.6038461923599243
        ],
        "std_per_k": [
          0.0008102364954538643,
          0.007286976091563702,
          0.013861997984349728,
          0.015349017456173897,
          0.04299545660614967,
          0.07439057528972626,
          0.08902348577976227,
          0.08856858313083649,
          0.07691515982151031,
          0.07966290414333344,
          0.08561740815639496,
          0.08191035687923431,
          0.0836237221956253,
          0.07758517563343048,
          0.06759129464626312,
          0.06763310730457306
        ],
        "n": 50
      },
      "steady:item_2": {
        "mean_per_k": [
          0.6365196704864502,
          0.5796878337860107,
          0.5147920250892639,
          0.5058169960975647,
          0.5066084265708923,
          0.5154656767845154,
          0.5297940373420715,
          0.5792847871780396,
          0.6436500549316406,
          0.6480881571769714,
          0.6542521119117737,
          0.6613384485244751,
          0.6456870436668396,
          0.6510573625564575,
          0.7038361430168152,
          0.7109405994415283
        ],
        "std_per_k": [
          0.020713169127702713,
          0.06592440605163574,
          0.0913645550608635,
          0.0910971611738205,
          0.10502060502767563,
          0.10454931855201721,
          0.09838053584098816,
          0.09224351495504379,
          0.06527755409479141,
          0.047638438642024994,
          0.06524460762739182,
          0.05286327376961708,
          0.06517045944929123,
          0.06339200586080551,
          0.04692273959517479,
          0.05851179361343384
        ],
        "n": 50
      },
      "steady:item_3": {
        "mean_per_k": [
          0.6164774894714355,
          0.5261741280555725,
          0.4626654386520386,
          0.44827044010162354,
          0.4246053993701935,
          0.4338969886302948,
          0.4499209523200989,
          0.4533730447292328,
          0.46634232997894287,
          0.43738287687301636,
          0.4121435880661011,
          0.4098958671092987,
          0.40847378969192505,
          0.42553067207336426,
          0.41617512702941895,
          0.411020427942276
        ],
        "std_per_k": [
          0.003011218272149563,
          0.023721730336546898,
          0.06126226484775543,
          0.06643830984830856,
          0.07850650697946548,
          0.07696960121393204,
          0.07100869715213776,
          0.06878510862588882,
          0.05944038927555084,
          0.07342555373907089,
          0.09452865272760391,
          0.11101225018501282,
          0.1262580305337906,
          0.131142258644104,
          0.13535301387310028,
          0.13281245529651642
        ],
        "n": 50
      },
      "steady:item_4": {
        "mean_per_k": [
          0.6372864842414856,
          0.5535147190093994,
          0.5076294541358948,
          0.46399223804473877,
          0.4750070571899414,
          0.47357574105262756,
          0.503070056438446,
          0.5468897819519043,
          0.5600153207778931,
          0.5882177948951721,
          0.6007343530654907,
          0.64152991771698,
          0.6451508402824402,
          0.6514875888824463,
          0.6631734371185303,
          0.6547737121582031
        ],
        "std_per_k": [
          0.02383287250995636,
          0.06306280940771103,
          0.08562102913856506,
          0.1174946203827858,
          0.13679540157318115,
          0.14971372485160828,
          0.14861679077148438,
          0.13846972584724426,
          0.14256735146045685,
          0.12144503742456436,
          0.11980397254228592,
          0.09762291610240936,
          0.08773524314165115,
          0.08428789675235748,
          0.07030858844518661,
          0.05777382105588913
        ],
        "n": 50
      },
      "steady:item_5": {
        "mean_per_k": [
          0.7123698592185974,
          0.6184750199317932,
          0.5444567203521729,
          0.4942447543144226,
          0.4686243534088135,
          0.4541105628013611,
          0.44584202766418457,
          0.4944308400154114,
          0.5481979846954346,
          0.587816059589386,
          0.6382184624671936,
          0.6774899363517761,
          0.6935306787490845,
          0.7075865864753723,
          0.6894378066062927,
          0.6802186369895935
        ],
        "std_per_k": [
          0.0411505363881588,
          0.07688203454017639,
          0.10865913331508636,
          0.12053664028644562,
          0.12114827334880829,
          0.14494644105434418,
          0.17470857501029968,
          0.19100648164749146,
          0.18526993691921234,
          0.17572933435440063,
          0.15554487705230713,
          0.12586861848831177,
          0.10796579718589783,
          0.09341199696063995,
          0.0869709849357605,
          0.08271294087171555
        ],
        "n": 50
      },
      "cue:item_1": {
        "mean_per_k": [
          0.68483966588974,
          0.6373493075370789,
          0.5940864682197571,
          0.5719656348228455,
          0.5509361624717712,
          0.5433005690574646,
          0.45533132553100586,
          0.48216599225997925,
          0.4587847590446472,
          0.7257924675941467,
          0.7314329147338867,
          0.7725420594215393,
          0.7846809029579163,
          0.7990198135375977,
          0.7965521812438965,
          0.7747493386268616
        ],
        "std_per_k": [
          5.960464477539063e-08,
          5.960464477539063e-08,
          5.960464477539063e-08,
          5.960464477539063e-08,
          5.960464477539063e-08,
          5.960464477539063e-08,
          0.0,
          0.0,
          2.9802322387695312e-08,
          0.0,
          0.0,
          5.960464477539063e-08,
          5.960464477539063e-08,
          0.0,
          0.0,
          5.960464477539063e-08
        ],
        "n": 10
      },
      "cue:item_2": {
        "mean_per_k": [
          0.7797604203224182,
          0.7444148063659668,
          0.7074158191680908,
          0.5814123749732971,
          0.5945842862129211,
          0.6730833649635315,
          0.6894947290420532,
          0.6877671480178833,
          0.6213259696960449,
          0.7442657947540283,
          0.7630355358123779,
          0.801193356513977,
          0.7388284206390381,
          0.77633136510849,
          0.7708253860473633,
          0.7197444438934326
        ],