{
  "checkpoint": "results/inner_pam_v0/phase1_main/ckpt_50000.pt",
  "phase": "phase1",
  "step": 50000,
  "git_commit_at_save": "a7d79a51aa6cd3aaa02a6e0e08ca43e91c7625e3",
  "git_commit_at_eval": "a7d79a51aa6cd3aaa02a6e0e08ca43e91c7625e3",
  "held_out_region": [
    95722,
    100000
  ],
  "n_probes": {
    "steady": 250,
    "cue": 46,
    "total": 296
  },
  "tau_used": 8.125267505645752,
  "rep_counts_at_step": {
    "steady:item_1": 110,
    "steady:item_2": 110,
    "steady:item_3": 109,
    "steady:item_4": 109,
    "steady:item_5": 109,
    "cue:item_1": 110,
    "cue:item_2": 109,
    "cue:item_3": 109,
    "cue:item_4": 109,
    "cue:item_5": 109
  },
  "M1_centreline_accuracy": {
    "per_cluster": {
      "steady:item_1": {
        "mean_per_k": [
          0.2957397401332855,
          0.3414411246776581,
          0.3297285735607147,
          0.30405277013778687,
          0.3101843595504761,
          0.2789159119129181,
          0.2732658088207245,
          0.27155372500419617,
          0.2567498981952667,
          0.23863497376441956,
          0.2447964996099472,
          0.23667408525943756,
          0.2548257112503052,
          0.26077765226364136,
          0.2737855911254883,
          0.3005257248878479
        ],
        "std_per_k": [
          0.00929087121039629,
          0.018918324261903763,
          0.02364262379705906,
          0.01970057003200054,
          0.014870848506689072,
          0.01913878321647644,
          0.026715850457549095,
          0.03388061374425888,
          0.04203960299491882,
          0.04247162863612175,
          0.05273905023932457,
          0.05302276462316513,
          0.054882925003767014,
          0.06606558710336685,
          0.08113940060138702,
          0.10510585457086563
        ],
        "n": 50
      },
      "steady:item_2": {
        "mean_per_k": [
          0.7671950459480286,
          0.790270984172821,
          0.7989548444747925,
          0.8243409991264343,
          0.8451082706451416,
          0.8665863275527954,
          0.8643840551376343,
          0.8299156427383423,
          0.7904800176620483,
          0.7323200106620789,
          0.7108100652694702,
          0.6662756204605103,
          0.6356913447380066,
          0.6049502491950989,
          0.6166239380836487,
          0.6161435842514038
        ],
        "std_per_k": [
          0.018520338460803032,
          0.03646884486079216,
          0.03312906622886658,
          0.016259891912341118,
          0.007987476885318756,
          0.05020275339484215,
          0.08594111353158951,
          0.12614046037197113,
          0.14198037981987,
          0.16288244724273682,
          0.15441741049289703,
          0.14750386774539948,
          0.1349310427904129,
          0.10295179486274719,
          0.040298834443092346,
          0.061247989535331726
        ],
        "n": 50
      },
      "steady:item_3": {
        "mean_per_k": [
          0.26648592948913574,
          0.2346184402704239,
          0.2590748071670532,
          0.2576013505458832,
          0.25867411494255066,
          0.2804560959339142,
          0.2913138270378113,
          0.29537835717201233,
          0.30043962597846985,
          0.2956801652908325,
          0.29821693897247314,
          0.3052874505519867,
          0.3322024941444397,
          0.34000319242477417,
          0.3521895706653595,
          0.3502539098262787
        ],
        "std_per_k": [
          0.0026011832524091005,
          0.0049875713884830475,
          0.005586518906056881,
          0.006166695151478052,
          0.01029957178980112,
          0.014186214655637741,
          0.018580470234155655,
          0.01624753512442112,
          0.02417050115764141,
          0.029048822820186615,
          0.03560657054185867,
          0.04480312019586563,
          0.042184438556432724,
          0.039413996040821075,
          0.04382765665650368,
          0.04370447248220444
        ],
        "n": 50
      },
      "steady:item_4": {
        "mean_per_k": [
          0.43542587757110596,
          0.44837233424186707,
          0.42370274662971497,
          0.4572325050830841,
          0.47513386607170105,
          0.4932234585285187,
          0.5068770051002502,
          0.5345362424850464,
          0.5354146957397461,
          0.5309513211250305,
          0.5446876287460327,
          0.5530937910079956,
          0.5606272220611572,
          0.5707187056541443,
          0.5603625774383545,
          0.5612149834632874
        ],
        "std_per_k": [
          0.009583593346178532,
          0.033448658883571625,
          0.038389261811971664,
          0.044618114829063416,
          0.054295577108860016,
          0.057872530072927475,
          0.05278242751955986,
          0.047662947326898575,
          0.04618071764707565,
          0.03433995693922043,
          0.027127061039209366,
          0.02369033545255661,
          0.02332146093249321,
          0.028032978996634483,
          0.026972534134984016,
          0.028979016467928886
        ],
        "n": 50
      },
      "steady:item_5": {
        "mean_per_k": [
          0.10154052823781967,
          0.12091714888811111,
          0.14904475212097168,
          0.16303588449954987,
          0.18079015612602234,
          0.19305190443992615,
          0.19878701865673065,
          0.21021032333374023,
          0.2224155217409134,
          0.2210124135017395,
          0.232546865940094,
          0.22607818245887756,
          0.2388201355934143,
          0.23655830323696136,
          0.2373216599225998,
          0.2145676463842392
        ],
        "std_per_k": [
          0.01962479203939438,
          0.02614542469382286,
          0.027981985360383987,
          0.034443557262420654,
          0.026922570541501045,
          0.033436622470617294,
          0.03597266599535942,
          0.030823439359664917,
          0.030935712158679962,
          0.020851382985711098,
          0.01724441535770893,
          0.02102668397128582,
          0.022463127970695496,
          0.018491005524992943,
          0.01454119011759758,
          0.020022384822368622
        ],
        "n": 50
      },
      "cue:item_1": {
        "mean_per_k": [
          0.043629832565784454,
          0.005245059262961149,
          -0.024366095662117004,
          0.016193287447094917,
          0.05784844607114792,
          0.14658261835575104,
          0.19229185581207275,
          0.32541659474372864,
          0.23418620228767395,
          0.5335474014282227,
          0.5704440474510193,
          0.6464336514472961,
          0.6920453906059265,
          0.7126641273498535,
          0.7540460824966431,
          0.7305746078491211
        ],
        "std_per_k": [
          3.725290298461914e-09,
          4.656612873077393e-10,
          0.0,
          1.862645149230957e-09,
          3.725290298461914e-09,
          0.0,
          0.0,
          0.0,
          0.0,
          0.0,
          5.960464477539063e-08,
          5.960464477539063e-08,
          5.960464477539063e-08,
          0.0,
          5.960464477539063e-08,
          0.0
        ],
        "n": 10
      },
      "cue:item_2": {
        "mean_per_k": [
          0.7693842649459839,
          0.6696162819862366,
          0.6401352882385254,
          0.36051028966903687,
          0.3619353473186493,
          0.4552144408226013,
          0.5142431259155273,
          0.48459938168525696,
          0.4332716763019562,
          0.5738863348960876,
          0.6013813614845276,
          0.6573073267936707,
          0.57350754737854,
          0.6179589629173279,
          0.6170303225517273,
          0.5375152230262756
        ],