{
  "checkpoint": "results/inner_pam_v0/phase1_main/ckpt_40000.pt",
  "phase": "phase1",
  "step": 40000,
  "git_commit_at_save": "a7d79a51aa6cd3aaa02a6e0e08ca43e91c7625e3",
  "git_commit_at_eval": "a7d79a51aa6cd3aaa02a6e0e08ca43e91c7625e3",
  "held_out_region": [
    95722,
    100000
  ],
  "n_probes": {
    "steady": 250,
    "cue": 46,
    "total": 296
  },
  "tau_used": 8.125267505645752,
  "rep_counts_at_step": {
    "steady:item_1": 88,
    "steady:item_2": 88,
    "steady:item_3": 87,
    "steady:item_4": 87,
    "steady:item_5": 87,
    "cue:item_1": 88,
    "cue:item_2": 88,
    "cue:item_3": 87,
    "cue:item_4": 87,
    "cue:item_5": 87
  },
  "M1_centreline_accuracy": {
    "per_cluster": {
      "steady:item_1": {
        "mean_per_k": [
          0.43646925687789917,
          0.42381492257118225,
          0.43191519379615784,
          0.41399258375167847,
          0.40549343824386597,
          0.42536479234695435,
          0.39555495977401733,
          0.40380507707595825,
          0.429631769657135,
          0.42624470591545105,
          0.4125610291957855,
          0.4231562316417694,
          0.42171478271484375,
          0.39241543412208557,
          0.3760409951210022,
          0.3727542757987976
        ],
        "std_per_k": [
          0.0007842612685635686,
          0.003340979805216193,
          0.005159929394721985,
          0.010864135809242725,
          0.010304835624992847,
          0.010929834097623825,
          0.02155919559299946,
          0.02938557043671608,
          0.03586842492222786,
          0.04746617004275322,
          0.0517970435321331,
          0.051459211856126785,
          0.05618186295032501,
          0.06114772707223892,
          0.06346439570188522,
          0.05801911652088165
        ],
        "n": 50
      },
      "steady:item_2": {
        "mean_per_k": [
          0.4892251193523407,
          0.4057137668132782,
          0.3639093041419983,
          0.36374348402023315,
          0.4033870995044708,
          0.4219481647014618,
          0.43557822704315186,
          0.4351756274700165,
          0.43889468908309937,
          0.4591270387172699,
          0.4983499050140381,
          0.4608272314071655,
          0.45347583293914795,
          0.5068544149398804,
          0.5178672075271606,
          0.5078760981559753
        ],
        "std_per_k": [
          0.019945647567510605,
          0.005659849848598242,
          0.045025620609521866,
          0.04379631206393242,
          0.03517448529601097,
          0.018400222063064575,
          0.008589684963226318,
          0.02349039353430271,
          0.03809085115790367,
          0.04600349813699722,
          0.04080940783023834,
          0.04630570486187935,
          0.03632152080535889,
          0.02571445144712925,
          0.02828969806432724,
          0.04197383299469948
        ],
        "n": 50
      },
      "steady:item_3": {
        "mean_per_k": [
          0.37601661682128906,
          0.3246563673019409,
          0.32618314027786255,
          0.3253951370716095,
          0.33194947242736816,
          0.34440505504608154,
          0.35615551471710205,
          0.38858580589294434,
          0.4236074388027191,
          0.4264388978481293,
          0.4339836835861206,
          0.44874322414398193,
          0.4647035598754883,
          0.5023391246795654,
          0.530505359172821,
          0.5563153624534607
        ],
        "std_per_k": [
          0.004310741554945707,
          0.020926058292388916,
          0.03672356903553009,
          0.046153947710990906,
          0.04147716239094734,
          0.045327913016080856,
          0.0605335459113121,
          0.07029590755701065,
          0.07207592576742172,
          0.07478790730237961,
          0.07786238938570023,
          0.0842055007815361,
          0.07650118321180344,
          0.06069038435816765,
          0.048527851700782776,
          0.04480291157960892
        ],
        "n": 50
      },
      "steady:item_4": {
        "mean_per_k": [
          0.5654943585395813,
          0.5249860286712646,
          0.5083838701248169,
          0.5323097109794617,
          0.5610489845275879,
          0.5888019800186157,
          0.610382080078125,
          0.6494179368019104,
          0.6506789922714233,
          0.6661423444747925,
          0.6824060082435608,
          0.6902108788490295,
          0.714414656162262,
          0.7231210470199585,
          0.7159578204154968,
          0.6861853003501892
        ],
        "std_per_k": [
          0.01225457526743412,
          0.04935656115412712,
          0.051270872354507446,
          0.06923344731330872,
          0.06177309527993202,
          0.06530909240245819,
          0.05573311075568199,
          0.04785139113664627,
          0.0199300367385149,
          0.0227030199021101,
          0.029223430901765823,
          0.028725726529955864,
          0.02749435231089592,
          0.022899556905031204,
          0.024714238941669464,
          0.03128189966082573
        ],
        "n": 50
      },
      "steady:item_5": {
        "mean_per_k": [
          0.218157559633255,
          0.22019298374652863,
          0.235661581158638,
          0.2531713545322418,
          0.2481868714094162,
          0.27311334013938904,
          0.2432754933834076,
          0.2504826784133911,
          0.27165594696998596,
          0.2581803500652313,
          0.27037131786346436,
          0.28046393394470215,
          0.2884255647659302,
          0.30069100856781006,
          0.3156861960887909,
          0.34476134181022644
        ],
        "std_per_k": [
          0.02667398191988468,
          0.033622533082962036,
          0.03566763550043106,
          0.021412668749690056,
          0.010467974469065666,
          0.01399542111903429,
          0.023168116807937622,
          0.03293152526021004,
          0.04702338948845863,
          0.05156729742884636,
          0.050139546394348145,
          0.05450828745961189,
          0.050970856100320816,
          0.045450564473867416,
          0.04220344126224518,
          0.04225796461105347
        ],
        "n": 50
      },
      "cue:item_1": {
        "mean_per_k": [
          0.13706155121326447,
          0.0997777059674263,
          0.10206364095211029,
          0.11414818465709686,
          0.1631564050912857,
          0.1963745504617691,
          0.23321446776390076,
          0.3240770399570465,
          0.3578307330608368,
          0.5512809157371521,
          0.512179434299469,
          0.4458675980567932,
          0.4252437949180603,
          0.4305405020713806,
          0.4326891303062439,
          0.4779486060142517
        ],
        "std_per_k": [
          1.4901161193847656e-08,
          0.0,
          0.0,
          1.4901161193847656e-08,
          0.0,
          1.4901161193847656e-08,
          2.9802322387695312e-08,
          2.9802322387695312e-08,
          0.0,
          5.960464477539063e-08,
          5.960464477539063e-08,
          5.960464477539063e-08,
          5.960464477539063e-08,
          2.9802322387695312e-08,
          0.0,
          5.960464477539063e-08
        ],
        "n": 10
      },
      "cue:item_2": {
        "mean_per_k": [
          0.4707489013671875,
          0.5200077891349792,
          0.5599239468574524,
          0.3422088921070099,
          0.36596012115478516,
          0.5151486992835999,
          0.5817814469337463,
          0.569122850894928,
          0.48619338870048523,
          0.5957241654396057,
          0.5779533982276917,
          0.5865311026573181,
          0.539861261844635,
          0.5509903430938721,
          0.5462084412574768,
          0.5334434509277344
        ],