{
  "phase": "phase1",
  "final_step": 95721,
  "n_main_ckpts": 10,
  "n_shuffle_ckpts": 10,
  "probes": {
    "n_steady": 250,
    "n_cue": 46,
    "held_out_region": [
      95722,
      100000
    ]
  },
  "G1_1": {
    "predictor_state_any_non_finite": false,
    "predictor_state_non_finite_keys": [],
    "final_loss_finite": true,
    "verdict": "PASS"
  },
  "G1_2": {
    "first_ckpt": 10000,
    "first_ckpt_mean_loss_last_1k": -59541.713453125,
    "final_ckpt": 95721,
    "final_ckpt_mean_loss_last_1k": -62606.72425390625,
    "decrease": 3065.0108007812523,
    "verdict": "PASS"
  },
  "G1_3": {
    "final_step": 95721,
    "steady_mean_log_var": -8.256107521057128,
    "cue_mean_log_var": -8.39866764649101,
    "separation_cue_minus_steady": -0.14256012543388152,
    "scaffolding_threshold": 0.3,
    "verdict_against_scaffolding_threshold": "FAIL",
    "note": "SCAFFOLDING threshold (+0.3 separation). Pause for experiment-chat review per session-2 protocol."
  },
  "G1_4": {
    "final_step": 95721,
    "n_steady_probes": 250,
    "n_cue_probes": 46,
    "per_k": {
      "k_1_steady": {
        "n": 250,
        "mean_diff": -0.30238103127479554,
        "std_diff": 0.08828870266469419,
        "shapiro_stat": 0.7294390032141951,
        "shapiro_p": 6.639777368293883e-20,
        "test": "wilcoxon",
        "p_value": 1.0,
        "pass_at_p_lt_01": false
      },
      "k_8_steady": {
        "n": 250,
        "mean_diff": -0.3589765304327011,
        "std_diff": 0.21625184154362967,
        "shapiro_stat": 0.9437681159039013,
        "shapiro_p": 3.278211197535257e-08,
        "test": "wilcoxon",
        "p_value": 1.0,
        "pass_at_p_lt_01": false
      },
      "k_16_steady": {
        "n": 250,
        "mean_diff": -0.2500148401260376,
        "std_diff": 0.1658164929919309,
        "shapiro_stat": 0.9209803570763998,
        "shapiro_p": 2.92420367404946e-10,
        "test": "wilcoxon",
        "p_value": 1.0,
        "pass_at_p_lt_01": false
      }
    },
    "gated_horizon_k": 8,
    "diagnostic_horizons": [
      1,
      16
    ],
    "verdict_at_gated_horizon": "FAIL"
  },
  "G1_5": {
    "sharpness_per_checkpoint": [
      {
        "step": 10000,
        "sharpness": 0.008351974049484179
      },
      {
        "step": 20000,
        "sharpness": 0.02247969972501962
      },
      {
        "step": 30000,
        "sharpness": 0.025238886257685222
      },
      {
        "step": 40000,
        "sharpness": 0.0668688308622799
      },
      {
        "step": 50000,
        "sharpness": 0.08569845513432772
      },
      {
        "step": 60000,
        "sharpness": 0.18412379057773243
      },
      {
        "step": 70000,
        "sharpness": 0.23346217653822166
      },
      {
        "step": 80000,
        "sharpness": 0.3586973128716473
      },
      {
        "step": 90000,
        "sharpness": 0.29663914066905905
      },
      {
        "step": 95721,
        "sharpness": 0.32494999759241117
      }
    ],
    "sharpness_first": 0.008351974049484179,
    "sharpness_final": 0.32494999759241117,
    "sharpness_grew": true,
    "trajectory_monotonic_check": {
      "n_transitions_considered": 9,
      "n_non_decreasing": 8,
      "n_dips_allowed": 2,
      "criterion_pass": true
    },
    "scaffolding_floor": 0.1,
    "floor_pass": true,
    "verdict_against_scaffolding_threshold": "PASS",
    "note": "SCAFFOLDING floor (>0.10). Trajectory criterion: monotonically non-decreasing on >=7 of last 9 transitions. Pause for experiment-chat review per session-2 protocol."
  },
  "shuffle_sanity_check": {
    "S1": {
      "n": 4736,
      "mean": -9.165352821350098,
      "std": 0.47308245301246643,
      "min": -10.0,
      "max": -8.354876518249512,
      "median": -9.127523422241211
    },
    "S2": {
      "n_probes": 296,
      "mean_aggregate": 0.9100176692008972,
      "std_aggregate": 0.08850640803575516,
      "mean_per_k": [
        0.9782013893127441,
        0.959391713142395,
        0.9528970718383789,
        0.9467750787734985,
        0.9338202476501465,
        0.923884928226471,
        0.9121588468551636,
        0.9020175337791443,
        0.8911756277084351,
        0.8915768265724182,
        0.8822702765464783,
        0.8803690075874329,
        0.8786869645118713,
        0.8806207180023193,
        0.8754321932792664,
        0.8710070252418518
      ],
      "std_per_k": [
        0.04024963080883026,
        0.0719633549451828,
        0.07231693714857101,
        0.07358546555042267,
        0.08257089555263519,
        0.08316253125667572,
        0.08741452544927597,
        0.08211386948823929,
        0.07578212022781372,
        0.07081307470798492,
        0.07812824100255966,
        0.08589239418506622,
        0.0947505459189415,
        0.09847015887498856,
        0.09252104163169861,
        0.10142909735441208
      ]
    },
    "S3": {
      "within_cluster_cosine_mean": 1.0000000331063492,
      "cross_cluster_cosine_mean": 0.5137933777795953,
      "cluster_sharpness": 0.4862066553267539,
      "within_per_cluster": {
        "steady:item_1": 0.9999998807907104,
        "steady:item_2": 1.0000003576278687,
        "steady:item_3": 1.0000001192092896,
        "steady:item_4": 0.9999998807907104,
        "steady:item_5": 0.9999998807907104,
        "cue:item_1": 1.0,
        "cue:item_2": 1.0,
        "cue:item_3": 0.9999997615814209,
        "cue:item_4": 0.9999998807907104,
        "cue:item_5": 1.0
      },
      "steady_state_mean_log_var": -9.14802074432373,
      "n_clusters": 10
    },
    "S4": {
      "n_probes": 296,
      "mean_pred_norm": 0.9603234529495239,
      "mean_pred_log_var": -9.165352821350098,
      "threshold_norm_max": 0.15,
      "threshold_log_var_min": 0.4,
      "quantitative_verdict": "non_collapse",
      "qualitative_samples": [
        {
          "probe_type": "cue",
          "from_item": 1,
          "pred_norm_per_k": [
            1.0099409818649292,
            1.0256530046463013,
            0.9961991310119629,
            0.9771086573600769,
            0.9475931525230408,
            0.921932578086853,
            0.8932103514671326,
            0.8992428183555603,
            0.9233368039131165,
            0.9681087136268616,
            0.9697702527046204,
            0.9942021369934082,
            1.0052248239517212,
            0.9866679906845093,
            0.9544759392738342,
            0.9526993036270142
          ],
          "pred_log_var_per_k": [
            -9.866340637207031,
            -9.840391159057617,
            -9.495356559753418,
            -9.154858589172363,
            -8.891029357910156,
            -8.622576713562012,
            -8.51616382598877,
            -8.592508316040039,
            -8.794157028198242,
            -9.039796829223633,
            -9.295015335083008,
            -9.607780456542969,
            -9.667025566101074,
            -9.629849433898926,
            -9.713833808898926,
            -9.71474552154541
          ]
        },
        {
          "probe_type": "steady",
          "from_item": 5,
          "pred_norm_per_k": [
            0.9780820608139038,
            0.9779202938079834,
            0.9731050729751587,
            1.000759243965149,
            1.0287504196166992,
            1.0119131803512573,
            1.0123450756072998,
            0.9926504492759705,
            0.9633539319038391,
            0.9497617483139038,
            0.9470313787460327,
            0.9345331788063049,
            0.932490348815918,
            0.9178791046142578,
            0.9220591187477112,
            0.9330170750617981
          ],