{
  "step": 10000,
  "mean_loss_last_1k": -59541.713453125,
  "mean_log_var_last_1k": -8.325300890922547,
  "predictor_weight_l2_norm_total": 654.2301974314197,
  "bank_size": 9986,
  "timestamp": "2026-05-13T03:01:35Z",
  "git_commit": "a7d79a51aa6cd3aaa02a6e0e08ca43e91c7625e3"
}