{
  "step": 80000,
  "mean_loss_last_1k": -61799.7620078125,
  "mean_log_var_last_1k": -8.590770711898804,
  "predictor_weight_l2_norm_total": 1170.8310775322316,
  "bank_size": 79986,
  "timestamp": "2026-05-13T03:12:01Z",
  "git_commit": "a7d79a51aa6cd3aaa02a6e0e08ca43e91c7625e3"
}