{
  "step": 70000,
  "mean_loss_last_1k": -61484.69866015625,
  "mean_log_var_last_1k": -8.565520967006684,
  "predictor_weight_l2_norm_total": 1103.8297904483268,
  "bank_size": 69986,
  "timestamp": "2026-05-13T03:10:31Z",
  "git_commit": "a7d79a51aa6cd3aaa02a6e0e08ca43e91c7625e3"
}