{
  "step": 20000,
  "mean_loss_last_1k": -60938.20866015625,
  "mean_log_var_last_1k": -8.485280508041383,
  "predictor_weight_l2_norm_total": 699.7712413940013,
  "bank_size": 19986,
  "timestamp": "2026-05-13T03:03:05Z",
  "git_commit": "a7d79a51aa6cd3aaa02a6e0e08ca43e91c7625e3"
}