{
  "checkpoint": "results/inner_pam_v0/phase1_main/ckpt_90000.pt",
  "phase": "phase1",
  "step": 90000,
  "git_commit_at_save": "a7d79a51aa6cd3aaa02a6e0e08ca43e91c7625e3",
  "git_commit_at_eval": "a7d79a51aa6cd3aaa02a6e0e08ca43e91c7625e3",
  "held_out_region": [
    95722,
    100000
  ],
  "n_probes": {
    "steady": 250,
    "cue": 46,
    "total": 296
  },
  "tau_used": 8.125267505645752,
  "rep_counts_at_step": {
    "steady:item_1": 197,
    "steady:item_2": 197,
    "steady:item_3": 197,
    "steady:item_4": 196,
    "steady:item_5": 196,
    "cue:item_1": 197,
    "cue:item_2": 197,
    "cue:item_3": 197,
    "cue:item_4": 196,
    "cue:item_5": 196
  },
  "M1_centreline_accuracy": {
    "per_cluster": {
      "steady:item_1": {
        "mean_per_k": [
          0.773265540599823,
          0.7502724528312683,
          0.7230638265609741,
          0.6900461316108704,
          0.6502922177314758,
          0.6285553574562073,
          0.630742073059082,
          0.619966447353363,
          0.6301702260971069,
          0.6317719221115112,
          0.6287662386894226,
          0.6191654205322266,
          0.5849385261535645,
          0.5697351098060608,
          0.5250014662742615,
          0.5019978880882263
        ],
        "std_per_k": [
          0.00017177480913233012,
          0.0022986396215856075,
          0.002449052408337593,
          0.008917827159166336,
          0.037044160068035126,
          0.06985924392938614,
          0.07394295185804367,
          0.07754436135292053,
          0.08216528594493866,
          0.08386433124542236,
          0.07088816910982132,
          0.0722041204571724,
          0.08371670544147491,
          0.08170536905527115,
          0.08860156685113907,
          0.10052520781755447
        ],
        "n": 50
      },
      "steady:item_2": {
        "mean_per_k": [
          0.6305774450302124,
          0.629080593585968,
          0.5972583889961243,
          0.5426090359687805,
          0.5464340448379517,
          0.5537722706794739,
          0.583838164806366,
          0.6040278077125549,
          0.6185829043388367,
          0.632481038570404,
          0.6244447231292725,
          0.6016677618026733,
          0.5930179357528687,
          0.5945534110069275,
          0.5783495903015137,
          0.5707090497016907
        ],
        "std_per_k": [
          0.005952708888798952,
          0.008182003162801266,
          0.04752757027745247,
          0.09086694568395615,
          0.1217871680855751,
          0.13038688898086548,
          0.13342230021953583,
          0.11647216975688934,
          0.10265332460403442,
          0.10158215463161469,
          0.08532467484474182,
          0.06405574083328247,
          0.059195928275585175,
          0.04640264809131622,
          0.025222398340702057,
          0.028009945526719093
        ],
        "n": 50
      },
      "steady:item_3": {
        "mean_per_k": [
          0.9462692737579346,
          0.9299018383026123,
          0.9209017753601074,
          0.9077497124671936,
          0.8938938975334167,
          0.8739201426506042,
          0.8544194102287292,
          0.8395636677742004,
          0.8358189463615417,
          0.7978853583335876,
          0.7959499359130859,
          0.7824859619140625,
          0.78119957447052,
          0.7726342678070068,
          0.7690837383270264,
          0.76129549741745
        ],
        "std_per_k": [
          0.020823536440730095,
          0.022486701607704163,
          0.020351557061076164,
          0.006506260950118303,
          0.030524080619215965,
          0.05489985644817352,
          0.07883953303098679,
          0.10269851982593536,
          0.11022469401359558,
          0.1254192739725113,
          0.12446866184473038,
          0.11721786856651306,
          0.09950444102287292,
          0.0803590938448906,
          0.07736849784851074,
          0.11464253813028336
        ],
        "n": 50
      },
      "steady:item_4": {
        "mean_per_k": [
          0.5835303664207458,
          0.5317583084106445,
          0.48633769154548645,
          0.4637494683265686,
          0.486329585313797,
          0.5126459002494812,
          0.5473001599311829,
          0.5844663381576538,
          0.6066513657569885,
          0.5954408049583435,
          0.5925486087799072,
          0.5660578012466431,
          0.5535324811935425,
          0.5590553879737854,
          0.5061180591583252,
          0.48535433411598206
        ],
        "std_per_k": [
          0.018283408135175705,
          0.06086929142475128,
          0.08220896124839783,
          0.108855240046978,
          0.11308453232049942,
          0.11874822527170181,
          0.10532715916633606,
          0.09140964597463608,
          0.07574416697025299,
          0.0642126128077507,
          0.03358471021056175,
          0.03263494744896889,
          0.030167877674102783,
          0.042978622019290924,
          0.043187595903873444,
          0.07155974954366684
        ],
        "n": 50
      },
      "steady:item_5": {
        "mean_per_k": [
          0.5292807221412659,
          0.5141976475715637,
          0.540147066116333,
          0.535332202911377,
          0.5331807136535645,
          0.5407209992408752,
          0.5566442608833313,
          0.5660328269004822,
          0.5584623217582703,
          0.5560806393623352,
          0.5670949816703796,
          0.5704519748687744,
          0.5716544985771179,
          0.5804515480995178,
          0.591334342956543,
          0.5658466219902039
        ],
        "std_per_k": [
          0.023598099127411842,
          0.0395168699324131,
          0.04593062400817871,
          0.05620359629392624,
          0.05825606733560562,
          0.07284287363290787,
          0.0848659947514534,
          0.09482387453317642,
          0.0939825251698494,
          0.09122658520936966,
          0.0807000994682312,
          0.06862428039312363,
          0.059476595371961594,
          0.055016033351421356,
          0.04309680685400963,
          0.03835388645529747
        ],
        "n": 50
      },
      "cue:item_1": {
        "mean_per_k": [
          0.662763774394989,
          0.6183584928512573,
          0.5918064117431641,
          0.5707268714904785,
          0.5854906439781189,
          0.5710870623588562,
          0.5118188261985779,
          0.5580673217773438,
          0.609698474407196,
          0.7027926445007324,
          0.716386616230011,
          0.7475886344909668,
          0.735321581363678,
          0.7060399651527405,
          0.6662468314170837,
          0.6430598497390747
        ],
        "std_per_k": [
          5.960464477539063e-08,
          5.960464477539063e-08,
          0.0,
          0.0,
          5.960464477539063e-08,
          5.960464477539063e-08,
          5.960464477539063e-08,
          0.0,
          5.960464477539063e-08,
          0.0,
          5.960464477539063e-08,
          0.0,
          5.960464477539063e-08,
          5.960464477539063e-08,
          0.0,
          5.960464477539063e-08
        ],
        "n": 10
      },
      "cue:item_2": {
        "mean_per_k": [
          0.6681363582611084,
          0.598134458065033,
          0.6068663001060486,
          0.5572218298912048,
          0.5559463500976562,
          0.6319735050201416,
          0.6944251656532288,
          0.6615023016929626,
          0.6349011063575745,
          0.7078638076782227,
          0.7182316184043884,
          0.7272701859474182,
          0.6726257801055908,
          0.723970890045166,
          0.6599492430686951,
          0.5847723484039307
        ],