{
  "checkpoint": "results/inner_pam_v0/phase1_main/ckpt_10000.pt",
  "phase": "phase1",
  "step": 10000,
  "git_commit_at_save": "a7d79a51aa6cd3aaa02a6e0e08ca43e91c7625e3",
  "git_commit_at_eval": "a7d79a51aa6cd3aaa02a6e0e08ca43e91c7625e3",
  "held_out_region": [
    95722,
    100000
  ],
  "n_probes": {
    "steady": 250,
    "cue": 46,
    "total": 296
  },
  "tau_used": 8.125267505645752,
  "rep_counts_at_step": {
    "steady:item_1": 22,
    "steady:item_2": 22,
    "steady:item_3": 22,
    "steady:item_4": 22,
    "steady:item_5": 21,
    "cue:item_1": 22,
    "cue:item_2": 22,
    "cue:item_3": 22,
    "cue:item_4": 22,
    "cue:item_5": 21
  },
  "M1_centreline_accuracy": {
    "per_cluster": {
      "steady:item_1": {
        "mean_per_k": [
          0.6470547318458557,
          0.6451380252838135,
          0.6548595428466797,
          0.6321767568588257,
          0.6217000484466553,
          0.597022294998169,
          0.5885547399520874,
          0.5850739479064941,
          0.5959805250167847,
          0.6052003502845764,
          0.5880644917488098,
          0.558958888053894,
          0.5542185306549072,
          0.5441806316375732,
          0.5226601958274841,
          0.48041245341300964
        ],
        "std_per_k": [
          0.0031946860253810883,
          0.004844834096729755,
          0.00430759834125638,
          0.009347775019705296,
          0.015128951519727707,
          0.02089529111981392,
          0.030701033771038055,
          0.03860664367675781,
          0.041619714349508286,
          0.04435117915272713,
          0.04505358636379242,
          0.046368930488824844,
          0.05842170864343643,
          0.06254125386476517,
          0.06567315757274628,
          0.08326850831508636
        ],
        "n": 50
      },
      "steady:item_2": {
        "mean_per_k": [
          0.4701959490776062,
          0.5061941742897034,
          0.5171811580657959,
          0.46441367268562317,
          0.423024982213974,
          0.39414456486701965,
          0.3546021580696106,
          0.29875901341438293,
          0.2935643792152405,
          0.2928960621356964,
          0.2984903156757355,
          0.270828515291214,
          0.30157753825187683,
          0.3425501883029938,
          0.32897618412971497,
          0.31156349182128906
        ],
        "std_per_k": [
          0.003025044221431017,
          0.008276859298348427,
          0.011055494658648968,
          0.004607079550623894,
          0.0070824651047587395,
          0.009723364375531673,
          0.0063764131627976894,
          0.008965205401182175,
          0.015982775017619133,
          0.020879026502370834,
          0.02326572872698307,
          0.031942855566740036,
          0.03213820978999138,
          0.02748991921544075,
          0.03490763157606125,
          0.03874015063047409
        ],
        "n": 50
      },
      "steady:item_3": {
        "mean_per_k": [
          0.45849645137786865,
          0.45468416810035706,
          0.4458605647087097,
          0.43344393372535706,
          0.44029462337493896,
          0.43871864676475525,
          0.42919662594795227,
          0.43339240550994873,
          0.4403265416622162,
          0.45581120252609253,
          0.4653001129627228,
          0.44928956031799316,
          0.4498916268348694,
          0.4560248851776123,
          0.449447900056839,
          0.43019816279411316
        ],
        "std_per_k": [
          0.0014997398247942328,
          0.005631922744214535,
          0.007156301289796829,
          0.02312631718814373,
          0.023824861273169518,
          0.026012293994426727,
          0.02358022890985012,
          0.017405595630407333,
          0.023235220462083817,
          0.024283429607748985,
          0.021983982995152473,
          0.02495439723134041,
          0.02686724252998829,
          0.039995890110731125,
          0.04984799772500992,
          0.06175476685166359
        ],
        "n": 50
      },
      "steady:item_4": {
        "mean_per_k": [
          0.47065556049346924,
          0.47582775354385376,
          0.4983752369880676,
          0.43574509024620056,
          0.4091637134552002,
          0.392704039812088,
          0.3699246942996979,
          0.32899266481399536,
          0.3292634189128876,
          0.3448376953601837,
          0.35793551802635193,
          0.3437207341194153,
          0.36147844791412354,
          0.3705427050590515,
          0.32809266448020935,
          0.31169503927230835
        ],
        "std_per_k": [
          0.011375847272574902,
          0.00793233048170805,
          0.012151285074651241,
          0.014640871435403824,
          0.011439664289355278,
          0.01213560625910759,
          0.01349222008138895,
          0.013542333617806435,
          0.02023589424788952,
          0.026762178167700768,
          0.01692630536854267,
          0.018943071365356445,
          0.019640404731035233,
          0.015959737822413445,
          0.014660440385341644,
          0.02038748189806938
        ],
        "n": 50
      },
      "steady:item_5": {
        "mean_per_k": [
          0.6579811573028564,
          0.6693938970565796,
          0.7158184051513672,
          0.7567411661148071,
          0.762938916683197,
          0.7468892931938171,
          0.723914384841919,
          0.7052086591720581,
          0.6881515383720398,
          0.6805449724197388,
          0.6690659523010254,
          0.659773588180542,
          0.6486473083496094,
          0.6474626660346985,
          0.658626914024353,
          0.6602770090103149
        ],
        "std_per_k": [
          0.012414333410561085,
          0.01434906106442213,
          0.005967254284769297,
          0.004823509603738785,
          0.013170357793569565,
          0.02873506210744381,
          0.06481670588254929,
          0.08107396215200424,
          0.1023407131433487,
          0.09037911146879196,
          0.0831533819437027,
          0.08057606220245361,
          0.07514078170061111,
          0.07047239691019058,
          0.07216369360685349,
          0.0681799128651619
        ],
        "n": 50
      },
      "cue:item_1": {
        "mean_per_k": [
          0.5259252190589905,
          0.5242143273353577,
          0.5387460589408875,
          0.5232589840888977,
          0.463920533657074,
          0.46619367599487305,
          0.305661678314209,
          0.2728099822998047,
          0.35282233357429504,
          0.3236303925514221,
          0.34771469235420227,
          0.3005762994289398,
          0.3089614808559418,
          0.37649306654930115,
          0.3529982268810272,
          0.31112271547317505
        ],
        "std_per_k": [
          0.0,
          5.960464477539063e-08,
          5.960464477539063e-08,
          5.960464477539063e-08,
          2.9802322387695312e-08,
          0.0,
          0.0,
          0.0,
          2.9802322387695312e-08,
          2.9802322387695312e-08,
          2.9802322387695312e-08,
          2.9802322387695312e-08,
          2.9802322387695312e-08,
          2.9802322387695312e-08,
          2.9802322387695312e-08,
          2.9802322387695312e-08
        ],
        "n": 10
      },
      "cue:item_2": {
        "mean_per_k": [
          0.4703977406024933,
          0.4968104958534241,
          0.5127087235450745,
          0.373937726020813,
          0.33000966906547546,
          0.430905818939209,
          0.42786550521850586,
          0.38058945536613464,
          0.3516468405723572,
          0.3773305118083954,
          0.3873491585254669,
          0.3527996242046356,
          0.4047060012817383,
          0.4412720203399658,
          0.41910287737846375,
          0.39218270778656006
        ],