{
  "checkpoint": "results/inner_pam_v0/phase1_main/ckpt_60000.pt",
  "phase": "phase1",
  "step": 60000,
  "git_commit_at_save": "a7d79a51aa6cd3aaa02a6e0e08ca43e91c7625e3",
  "git_commit_at_eval": "a7d79a51aa6cd3aaa02a6e0e08ca43e91c7625e3",
  "held_out_region": [
    95722,
    100000
  ],
  "n_probes": {
    "steady": 250,
    "cue": 46,
    "total": 296
  },
  "tau_used": 8.125267505645752,
  "rep_counts_at_step": {
    "steady:item_1": 132,
    "steady:item_2": 131,
    "steady:item_3": 131,
    "steady:item_4": 131,
    "steady:item_5": 131,
    "cue:item_1": 131,
    "cue:item_2": 131,
    "cue:item_3": 131,
    "cue:item_4": 131,
    "cue:item_5": 131
  },
  "M1_centreline_accuracy": {
    "per_cluster": {
      "steady:item_1": {
        "mean_per_k": [
          0.5707308053970337,
          0.47736725211143494,
          0.4411516487598419,
          0.4128318130970001,
          0.43882060050964355,
          0.4471222758293152,
          0.43195560574531555,
          0.4367644488811493,
          0.4732874631881714,
          0.5031977891921997,
          0.5065421462059021,
          0.5369429588317871,
          0.5375030040740967,
          0.5293276309967041,
          0.5209580063819885,
          0.5102333426475525
        ],
        "std_per_k": [
          0.0015146471560001373,
          0.0018361229449510574,
          0.009856044314801693,
          0.011959690600633621,
          0.03291993588209152,
          0.054714135825634,
          0.05787941440939903,
          0.06525254249572754,
          0.06651320308446884,
          0.06336954236030579,
          0.04393581673502922,
          0.024464674293994904,
          0.01713903620839119,
          0.029278580099344254,
          0.03153746947646141,
          0.04214148968458176
        ],
        "n": 50
      },
      "steady:item_2": {
        "mean_per_k": [
          0.3547498285770416,
          0.34615784883499146,
          0.34501999616622925,
          0.33443206548690796,
          0.36248207092285156,
          0.368019700050354,
          0.38784268498420715,
          0.40951821208000183,
          0.4364256262779236,
          0.46860405802726746,
          0.49061185121536255,
          0.4684382677078247,
          0.4222019612789154,
          0.3696849048137665,
          0.3414873480796814,
          0.28672051429748535
        ],
        "std_per_k": [
          0.020709052681922913,
          0.05157219618558884,
          0.049616966396570206,
          0.06332758814096451,
          0.0753847062587738,
          0.08046238124370575,
          0.08199426531791687,
          0.09057600051164627,
          0.08980848640203476,
          0.07165412604808807,
          0.07490748912096024,
          0.06188361346721649,
          0.0346955880522728,
          0.022984176874160767,
          0.03819785267114639,
          0.05141442269086838
        ],
        "n": 50
      },
      "steady:item_3": {
        "mean_per_k": [
          0.7264807820320129,
          0.7180843949317932,
          0.6925971508026123,
          0.6760591268539429,
          0.6435783505439758,
          0.6259497404098511,
          0.6301987171173096,
          0.6349048018455505,
          0.6099206805229187,
          0.5826396346092224,
          0.5272640585899353,
          0.44503703713417053,
          0.40895718336105347,
          0.3978198170661926,
          0.3869756758213043,
          0.38283705711364746
        ],
        "std_per_k": [
          0.0076905214227736,
          0.0044790348038077354,
          0.011994878761470318,
          0.024236779659986496,
          0.0243561789393425,
          0.02798517793416977,
          0.03902217745780945,
          0.04155799746513367,
          0.04020421579480171,
          0.032672200351953506,
          0.02741575986146927,
          0.055835574865341187,
          0.08938710391521454,
          0.12492509186267853,
          0.15284866094589233,
          0.15760554373264313
        ],
        "n": 50
      },
      "steady:item_4": {
        "mean_per_k": [
          0.4221110939979553,
          0.33321118354797363,
          0.3370784521102905,
          0.3423745334148407,
          0.3741646707057953,
          0.4174766540527344,
          0.44457095861434937,
          0.4687708616256714,
          0.46073174476623535,
          0.458720326423645,
          0.4642743170261383,
          0.4770243167877197,
          0.4974614083766937,
          0.49897944927215576,
          0.4991476833820343,
          0.47665104269981384
        ],
        "std_per_k": [
          0.01041135098785162,
          0.052997346967458725,
          0.06273456662893295,
          0.07600293308496475,
          0.07187440246343613,
          0.06560837477445602,
          0.0571855828166008,
          0.03492104634642601,
          0.023214420303702354,
          0.033244967460632324,
          0.034890614449977875,
          0.03770070895552635,
          0.028573939576745033,
          0.03787705674767494,
          0.029410626739263535,
          0.03795137628912926
        ],
        "n": 50
      },
      "steady:item_5": {
        "mean_per_k": [
          0.5319559574127197,
          0.503478467464447,
          0.5507209897041321,
          0.5620189905166626,
          0.5997720956802368,
          0.6325496435165405,
          0.6317598223686218,
          0.6340942978858948,
          0.6743016242980957,
          0.6959666609764099,
          0.7055484652519226,
          0.6638681292533875,
          0.6473217010498047,
          0.5844939947128296,
          0.5393038392066956,
          0.5218018293380737
        ],
        "std_per_k": [
          0.020980974659323692,
          0.0543043278157711,
          0.06112244725227356,
          0.07820761948823929,
          0.076987124979496,
          0.08553854376077652,
          0.08623823523521423,
          0.08661199361085892,
          0.06335576623678207,
          0.049569565802812576,
          0.038578081876039505,
          0.05199131742119789,
          0.0711868479847908,
          0.07758267223834991,
          0.10016253590583801,
          0.10290398448705673
        ],
        "n": 50
      },
      "cue:item_1": {
        "mean_per_k": [
          0.4667993187904358,
          0.39397522807121277,
          0.4077019691467285,
          0.42462223768234253,
          0.4614561200141907,
          0.477356493473053,
          0.4911878705024719,
          0.5551000237464905,
          0.4929465651512146,
          0.6778388619422913,
          0.6923922300338745,
          0.7202643156051636,
          0.7200672030448914,
          0.6806086301803589,
          0.645986020565033,
          0.6198325753211975
        ],
        "std_per_k": [
          5.960464477539063e-08,
          2.9802322387695312e-08,
          0.0,
          2.9802322387695312e-08,
          0.0,
          5.960464477539063e-08,
          5.960464477539063e-08,
          5.960464477539063e-08,
          0.0,
          5.960464477539063e-08,
          5.960464477539063e-08,
          5.960464477539063e-08,
          5.960464477539063e-08,
          5.960464477539063e-08,
          0.0,
          5.960464477539063e-08
        ],
        "n": 10
      },
      "cue:item_2": {
        "mean_per_k": [
          0.6068837642669678,
          0.559596598148346,
          0.5430030822753906,
          0.5152378678321838,
          0.48457008600234985,
          0.5189757943153381,
          0.5511723160743713,
          0.5753288865089417,
          0.5056586265563965,
          0.5749682784080505,
          0.6143674254417419,
          0.5943024754524231,
          0.5192651152610779,
          0.5377874970436096,
          0.5094729065895081,
          0.4533417522907257
        ],