{
  "checkpoint": "results/inner_pam_v0/phase1_main/ckpt_80000.pt",
  "phase": "phase1",
  "step": 80000,
  "git_commit_at_save": "a7d79a51aa6cd3aaa02a6e0e08ca43e91c7625e3",
  "git_commit_at_eval": "a7d79a51aa6cd3aaa02a6e0e08ca43e91c7625e3",
  "held_out_region": [
    95722,
    100000
  ],
  "n_probes": {
    "steady": 250,
    "cue": 46,
    "total": 296
  },
  "tau_used": 8.125267505645752,
  "rep_counts_at_step": {
    "steady:item_1": 175,
    "steady:item_2": 175,
    "steady:item_3": 175,
    "steady:item_4": 175,
    "steady:item_5": 174,
    "cue:item_1": 175,
    "cue:item_2": 175,
    "cue:item_3": 175,
    "cue:item_4": 175,
    "cue:item_5": 174
  },
  "M1_centreline_accuracy": {
    "per_cluster": {
      "steady:item_1": {
        "mean_per_k": [
          0.776267409324646,
          0.7357314229011536,
          0.6818130612373352,
          0.6363711357116699,
          0.6159136295318604,
          0.6443522572517395,
          0.6713809370994568,
          0.66819167137146,
          0.6614410877227783,
          0.641753077507019,
          0.5698502063751221,
          0.5130223035812378,
          0.46802860498428345,
          0.46591368317604065,
          0.4329523742198944,
          0.4184650480747223
        ],
        "std_per_k": [
          0.0011652944376692176,
          0.008280356414616108,
          0.015343787148594856,
          0.018901923671364784,
          0.05000341311097145,
          0.08768294006586075,
          0.09818504005670547,
          0.09286429733037949,
          0.09512355923652649,
          0.07845459878444672,
          0.06289426982402802,
          0.06326787173748016,
          0.07762461155653,
          0.07567976415157318,
          0.08463882654905319,
          0.09180668741464615
        ],
        "n": 50
      },
      "steady:item_2": {
        "mean_per_k": [
          0.7515436410903931,
          0.6840076446533203,
          0.6110521554946899,
          0.5795139074325562,
          0.5610575675964355,
          0.5489716529846191,
          0.5838043093681335,
          0.6093804836273193,
          0.6479887366294861,
          0.6791254281997681,
          0.709830641746521,
          0.7175486087799072,
          0.6978685855865479,
          0.674052894115448,
          0.6743358373641968,
          0.6603922843933105
        ],
        "std_per_k": [
          0.01239852886646986,
          0.007579301483929157,
          0.04250553622841835,
          0.05152269825339317,
          0.07928673923015594,
          0.0899423211812973,
          0.10027287900447845,
          0.11586663872003555,
          0.1187172532081604,
          0.1000267043709755,
          0.09792954474687576,
          0.09058359265327454,
          0.0932331457734108,
          0.06208043172955513,
          0.04268417879939079,
          0.050244998186826706
        ],
        "n": 50
      },
      "steady:item_3": {
        "mean_per_k": [
          0.6668720841407776,
          0.6303695440292358,
          0.6027976870536804,
          0.5967652201652527,
          0.5977007746696472,
          0.6121883988380432,
          0.6120317578315735,
          0.6021902561187744,
          0.5952047109603882,
          0.5419355630874634,
          0.5116599202156067,
          0.47790253162384033,
          0.46675410866737366,
          0.49360355734825134,
          0.522161602973938,
          0.5688946843147278
        ],
        "std_per_k": [
          8.482083649141714e-05,
          0.021125691011548042,
          0.04570300132036209,
          0.06374894827604294,
          0.05369481444358826,
          0.047880955040454865,
          0.058426763862371445,
          0.07127577811479568,
          0.07211001217365265,
          0.0864715576171875,
          0.09572536498308182,
          0.1203361302614212,
          0.14603032171726227,
          0.1634027361869812,
          0.17128883302211761,
          0.17891640961170197
        ],
        "n": 50
      },
      "steady:item_4": {
        "mean_per_k": [
          0.9379444718360901,
          0.8585820198059082,
          0.7783902883529663,
          0.673664391040802,
          0.6263113021850586,
          0.6046662330627441,
          0.6030496954917908,
          0.6300647854804993,
          0.6397895216941833,
          0.6849785447120667,
          0.7474572062492371,
          0.7925524115562439,
          0.8146476745605469,
          0.8389410972595215,
          0.8606525659561157,
          0.8589933514595032
        ],
        "std_per_k": [
          0.01657782681286335,
          0.019547462463378906,
          0.06726887077093124,
          0.12086861580610275,
          0.17502909898757935,
          0.21511977910995483,
          0.22761216759681702,
          0.23852190375328064,
          0.2495255470275879,
          0.23184296488761902,
          0.1933746486902237,
          0.15892894566059113,
          0.13493472337722778,
          0.11137327551841736,
          0.06964358687400818,
          0.051007043570280075
        ],
        "n": 50
      },
      "steady:item_5": {
        "mean_per_k": [
          0.7081636786460876,
          0.6326675415039062,
          0.6044074892997742,
          0.5609161853790283,
          0.5198919773101807,
          0.5026232600212097,
          0.4703609049320221,
          0.45310071110725403,
          0.46347466111183167,
          0.49593406915664673,
          0.4830460846424103,
          0.46574947237968445,
          0.49757179617881775,
          0.5317930579185486,
          0.5290887355804443,
          0.5497778058052063
        ],
        "std_per_k": [
          0.003955349791795015,
          0.035117343068122864,
          0.047367122024297714,
          0.06449777632951736,
          0.07084152102470398,
          0.09028614312410355,
          0.10644666105508804,
          0.13076865673065186,
          0.12917549908161163,
          0.11292611807584763,
          0.10394252836704254,
          0.08889494091272354,
          0.07034590095281601,
          0.05827469751238823,
          0.05399069935083389,
          0.05138052999973297
        ],
        "n": 50
      },
      "cue:item_1": {
        "mean_per_k": [
          0.5750536322593689,
          0.5288005471229553,
          0.5283671617507935,
          0.5504651665687561,
          0.5638623833656311,
          0.6255130767822266,
          0.5883374810218811,
          0.5612934231758118,
          0.5630002617835999,
          0.7490897178649902,
          0.7251986861228943,
          0.752339780330658,
          0.7217736840248108,
          0.7007295489311218,
          0.6951199769973755,
          0.6895299553871155
        ],
        "std_per_k": [
          5.960464477539063e-08,
          0.0,
          5.960464477539063e-08,
          5.960464477539063e-08,
          5.960464477539063e-08,
          0.0,
          0.0,
          5.960464477539063e-08,
          5.960464477539063e-08,
          0.0,
          0.0,
          5.960464477539063e-08,
          0.0,
          5.960464477539063e-08,
          5.960464477539063e-08,
          0.0
        ],
        "n": 10
      },
      "cue:item_2": {
        "mean_per_k": [
          0.6450457572937012,
          0.6301584243774414,
          0.6271647810935974,
          0.6675901412963867,
          0.661198616027832,
          0.7614396810531616,
          0.7856077551841736,
          0.7776269912719727,
          0.7634391188621521,
          0.8177865743637085,
          0.8421321511268616,
          0.8293581604957581,
          0.7933297753334045,
          0.7921252250671387,
          0.7502579092979431,
          0.6938151717185974
        ],