{
  "checkpoint": "results/inner_pam_v0/phase1_main/ckpt_30000.pt",
  "phase": "phase1",
  "step": 30000,
  "git_commit_at_save": "a7d79a51aa6cd3aaa02a6e0e08ca43e91c7625e3",
  "git_commit_at_eval": "a7d79a51aa6cd3aaa02a6e0e08ca43e91c7625e3",
  "held_out_region": [
    95722,
    100000
  ],
  "n_probes": {
    "steady": 250,
    "cue": 46,
    "total": 296
  },
  "tau_used": 8.125267505645752,
  "rep_counts_at_step": {
    "steady:item_1": 66,
    "steady:item_2": 66,
    "steady:item_3": 66,
    "steady:item_4": 65,
    "steady:item_5": 65,
    "cue:item_1": 66,
    "cue:item_2": 66,
    "cue:item_3": 66,
    "cue:item_4": 65,
    "cue:item_5": 65
  },
  "M1_centreline_accuracy": {
    "per_cluster": {
      "steady:item_1": {
        "mean_per_k": [
          0.43516141176223755,
          0.4387294054031372,
          0.4285406172275543,
          0.44102638959884644,
          0.45722824335098267,
          0.46351224184036255,
          0.4455292820930481,
          0.45424050092697144,
          0.49526795744895935,
          0.5120016932487488,
          0.5379192233085632,
          0.5411360263824463,
          0.5513689517974854,
          0.5643934011459351,
          0.531555712223053,
          0.5158947706222534
        ],
        "std_per_k": [
          0.0038431421853601933,
          0.006839502137154341,
          0.008984016254544258,
          0.013183247298002243,
          0.01543157547712326,
          0.0189615897834301,
          0.019238686189055443,
          0.018306449055671692,
          0.022888755425810814,
          0.025858400389552116,
          0.030520280823111534,
          0.03695134446024895,
          0.036431021988391876,
          0.044909100979566574,
          0.056394003331661224,
          0.05981146916747093
        ],
        "n": 50
      },
      "steady:item_2": {
        "mean_per_k": [
          0.27401700615882874,
          0.25976020097732544,
          0.25022754073143005,
          0.23292317986488342,
          0.23670770227909088,
          0.26286086440086365,
          0.24652571976184845,
          0.2650225758552551,
          0.2878146171569824,
          0.3265743553638458,
          0.3453048765659332,
          0.36499354243278503,
          0.3931029140949249,
          0.4428829252719879,
          0.4627080261707306,
          0.5104338526725769
        ],
        "std_per_k": [
          0.012070149183273315,
          0.01606665924191475,
          0.0065175010822713375,
          0.006379417143762112,
          0.011913063935935497,
          0.016633015125989914,
          0.026181021705269814,
          0.022055158391594887,
          0.019986314699053764,
          0.025700947269797325,
          0.03501594066619873,
          0.03882664442062378,
          0.03749719262123108,
          0.031969550997018814,
          0.03492070361971855,
          0.03227074444293976
        ],
        "n": 50
      },
      "steady:item_3": {
        "mean_per_k": [
          0.9746147990226746,
          0.959766149520874,
          0.9450658559799194,
          0.942310094833374,
          0.9346705079078674,
          0.9157431125640869,
          0.8831972479820251,
          0.8664950728416443,
          0.8592210412025452,
          0.8486515879631042,
          0.8321840763092041,
          0.8324832320213318,
          0.8158496618270874,
          0.8033663034439087,
          0.7867081165313721,
          0.7844815254211426
        ],
        "std_per_k": [
          0.033632051199674606,
          0.054181668907403946,
          0.05613378435373306,
          0.051223307847976685,
          0.024011623114347458,
          0.019520223140716553,
          0.051728177815675735,
          0.06993131339550018,
          0.08421286195516586,
          0.09571626782417297,
          0.1167929619550705,
          0.12507258355617523,
          0.1221388652920723,
          0.10250334441661835,
          0.06430043280124664,
          0.07109813392162323
        ],
        "n": 50
      },
      "steady:item_4": {
        "mean_per_k": [
          0.2970764636993408,
          0.2925221920013428,
          0.27463725209236145,
          0.2596376836299896,
          0.2814001142978668,
          0.29953011870384216,
          0.3058431148529053,
          0.34527072310447693,
          0.3805132210254669,
          0.41220325231552124,
          0.4252566993236542,
          0.4581211805343628,
          0.47342735528945923,
          0.4944007396697998,
          0.5264131426811218,
          0.5863593816757202
        ],
        "std_per_k": [
          0.006929667200893164,
          0.015914062038064003,
          0.008850160986185074,
          0.013049060478806496,
          0.01635410264134407,
          0.018935775384306908,
          0.02386702410876751,
          0.01775341108441353,
          0.02049054577946663,
          0.01869746297597885,
          0.03020702861249447,
          0.03403808921575546,
          0.030106691643595695,
          0.0324171744287014,
          0.031077951192855835,
          0.0352228507399559
        ],
        "n": 50
      },
      "steady:item_5": {
        "mean_per_k": [
          0.4211258590221405,
          0.41324225068092346,
          0.4093306064605713,
          0.433089941740036,
          0.4225956201553345,
          0.42887839674949646,
          0.44005733728408813,
          0.4407972991466522,
          0.4568365216255188,
          0.4693184792995453,
          0.47193053364753723,
          0.49744468927383423,
          0.5161235928535461,
          0.5005353689193726,
          0.48855578899383545,
          0.4725753664970398
        ],
        "std_per_k": [
          0.009141488000750542,
          0.028920140117406845,
          0.04201747477054596,
          0.04995286837220192,
          0.0540802963078022,
          0.06483276933431625,
          0.0739268958568573,
          0.0718337893486023,
          0.0567067451775074,
          0.046060096472501755,
          0.0369555726647377,
          0.03232686221599579,
          0.020875103771686554,
          0.017821766436100006,
          0.019532185047864914,
          0.021542666479945183
        ],
        "n": 50
      },
      "cue:item_1": {
        "mean_per_k": [
          0.37004366517066956,
          0.3674292266368866,
          0.35107746720314026,
          0.3212328255176544,
          0.3616683781147003,
          0.36687204241752625,
          0.3696245551109314,
          0.429310142993927,
          0.41678738594055176,
          0.42458242177963257,
          0.4010092616081238,
          0.4626273512840271,
          0.5120012164115906,
          0.5458865761756897,
          0.5769976377487183,
          0.5828366875648499
        ],
        "std_per_k": [
          2.9802322387695312e-08,
          2.9802322387695312e-08,
          2.9802322387695312e-08,
          2.9802322387695312e-08,
          0.0,
          2.9802322387695312e-08,
          2.9802322387695312e-08,
          0.0,
          0.0,
          2.9802322387695312e-08,
          2.9802322387695312e-08,
          5.960464477539063e-08,
          5.960464477539063e-08,
          5.960464477539063e-08,
          5.960464477539063e-08,
          5.960464477539063e-08
        ],
        "n": 10
      },
      "cue:item_2": {
        "mean_per_k": [
          0.3146093189716339,
          0.32713696360588074,
          0.37861156463623047,
          0.35242435336112976,
          0.36198690533638,
          0.38646724820137024,
          0.4298854470252991,
          0.4305430054664612,
          0.4500878155231476,
          0.5322757363319397,
          0.5147858262062073,
          0.5532815456390381,
          0.551642656326294,
          0.6012710928916931,
          0.6368483901023865,
          0.5603809952735901
        ],