{
  "checkpoint": "results/inner_pam_v0/phase1_main/ckpt_20000.pt",
  "phase": "phase1",
  "step": 20000,
  "git_commit_at_save": "a7d79a51aa6cd3aaa02a6e0e08ca43e91c7625e3",
  "git_commit_at_eval": "a7d79a51aa6cd3aaa02a6e0e08ca43e91c7625e3",
  "held_out_region": [
    95722,
    100000
  ],
  "n_probes": {
    "steady": 250,
    "cue": 46,
    "total": 296
  },
  "tau_used": 8.125267505645752,
  "rep_counts_at_step": {
    "steady:item_1": 44,
    "steady:item_2": 44,
    "steady:item_3": 44,
    "steady:item_4": 44,
    "steady:item_5": 43,
    "cue:item_1": 44,
    "cue:item_2": 44,
    "cue:item_3": 44,
    "cue:item_4": 44,
    "cue:item_5": 43
  },
  "M1_centreline_accuracy": {
    "per_cluster": {
      "steady:item_1": {
        "mean_per_k": [
          0.46269190311431885,
          0.4670273959636688,
          0.4176174998283386,
          0.3910715579986572,
          0.4048619568347931,
          0.3757180869579315,
          0.3240886330604553,
          0.3201715052127838,
          0.3145586848258972,
          0.28411683440208435,
          0.280897319316864,
          0.30940523743629456,
          0.302908718585968,
          0.33300068974494934,
          0.3598571717739105,
          0.3485066890716553
        ],
        "std_per_k": [
          0.0027512290980666876,
          0.00400376645848155,
          0.011643674224615097,
          0.01722658798098564,
          0.017562901601195335,
          0.03191965073347092,
          0.04272419959306717,
          0.046453673392534256,
          0.047159962356090546,
          0.04693352431058884,
          0.046283427625894547,
          0.04179222509264946,
          0.03862074017524719,
          0.03913303464651108,
          0.03456621989607811,
          0.029916569590568542
        ],
        "n": 50
      },
      "steady:item_2": {
        "mean_per_k": [
          0.6175431609153748,
          0.6136480569839478,
          0.6116213202476501,
          0.6000536680221558,
          0.6140825748443604,
          0.6002399921417236,
          0.5815739035606384,
          0.5674248337745667,
          0.5752736330032349,
          0.582947850227356,
          0.5754517316818237,
          0.5849898457527161,
          0.56234210729599,
          0.551713764667511,
          0.5646843910217285,
          0.5739908218383789
        ],
        "std_per_k": [
          0.02389184758067131,
          0.04617908596992493,
          0.03231181204319,
          0.014127004891633987,
          0.035611219704151154,
          0.016248878091573715,
          0.00964607484638691,
          0.012079821899533272,
          0.021562326699495316,
          0.0210567619651556,
          0.031864576041698456,
          0.045690421015024185,
          0.07545632123947144,
          0.0606197714805603,
          0.035142842680215836,
          0.06433418393135071
        ],
        "n": 50
      },
      "steady:item_3": {
        "mean_per_k": [
          0.2959798574447632,
          0.3156198263168335,
          0.3362595736980438,
          0.35831135511398315,
          0.3569406270980835,
          0.3636227548122406,
          0.36199286580085754,
          0.3639601767063141,
          0.35818564891815186,
          0.3678380250930786,
          0.3531518578529358,
          0.34880608320236206,
          0.3377896547317505,
          0.36591029167175293,
          0.38564738631248474,
          0.387287974357605
        ],
        "std_per_k": [
          0.003445300040766597,
          0.012876833789050579,
          0.022169863805174828,
          0.014312992803752422,
          0.004855916369706392,
          0.00962817296385765,
          0.017771437764167786,
          0.023573575541377068,
          0.02539900131523609,
          0.03385377675294876,
          0.03147857263684273,
          0.03540078550577164,
          0.03703271970152855,
          0.04679277166724205,
          0.04117593914270401,
          0.027117429301142693
        ],
        "n": 50
      },
      "steady:item_4": {
        "mean_per_k": [
          0.908734142780304,
          0.8787657022476196,
          0.8267602324485779,
          0.7719302177429199,
          0.7756078839302063,
          0.7464874386787415,
          0.7145810723304749,
          0.723537266254425,
          0.7305854558944702,
          0.7296149730682373,
          0.7520589232444763,
          0.8013240694999695,
          0.8247703313827515,
          0.8522905111312866,
          0.8772313594818115,
          0.8834825158119202
        ],
        "std_per_k": [
          0.016673102974891663,
          0.009440526366233826,
          0.02637113258242607,
          0.058664463460445404,
          0.07816208899021149,
          0.1257091909646988,
          0.15870347619056702,
          0.17735758423805237,
          0.18408066034317017,
          0.1960252970457077,
          0.18793360888957977,
          0.15236929059028625,
          0.1378505676984787,
          0.10576344281435013,
          0.06780009716749191,
          0.059155937284231186
        ],
        "n": 50
      },
      "steady:item_5": {
        "mean_per_k": [
          0.20043441653251648,
          0.21578796207904816,
          0.213858962059021,
          0.23489134013652802,
          0.2580704092979431,
          0.27787166833877563,
          0.2667902708053589,
          0.27488717436790466,
          0.25128135085105896,
          0.25372982025146484,
          0.2411114126443863,
          0.24545499682426453,
          0.24568723142147064,
          0.2634875774383545,
          0.28141728043556213,
          0.26673075556755066
        ],
        "std_per_k": [
          0.0037069336976855993,
          0.007096149493008852,
          0.018982619047164917,
          0.019511554390192032,
          0.015384540893137455,
          0.02480989322066307,
          0.029321447014808655,
          0.029507145285606384,
          0.03274735435843468,
          0.02971501648426056,
          0.027042560279369354,
          0.024908998981118202,
          0.01985754445195198,
          0.01657964289188385,
          0.015502999536693096,
          0.008013018406927586
        ],
        "n": 50
      },
      "cue:item_1": {
        "mean_per_k": [
          0.3260328769683838,
          0.32253000140190125,
          0.31035950779914856,
          0.3394181728363037,
          0.34355708956718445,
          0.39907267689704895,
          0.35024669766426086,
          0.39837098121643066,
          0.37028786540031433,
          0.5944953560829163,
          0.5490275025367737,
          0.6097413301467896,
          0.5823864936828613,
          0.5942714810371399,
          0.6028059124946594,
          0.6342588067054749
        ],
        "std_per_k": [
          0.0,
          0.0,
          2.9802322387695312e-08,
          0.0,
          2.9802322387695312e-08,
          2.9802322387695312e-08,
          2.9802322387695312e-08,
          0.0,
          2.9802322387695312e-08,
          0.0,
          5.960464477539063e-08,
          5.960464477539063e-08,
          0.0,
          5.960464477539063e-08,
          5.960464477539063e-08,
          5.960464477539063e-08
        ],
        "n": 10
      },
      "cue:item_2": {
        "mean_per_k": [
          0.4338526427745819,
          0.4249541759490967,
          0.43860700726509094,
          0.29738950729370117,
          0.3355916738510132,
          0.5027437806129456,
          0.5483776926994324,
          0.5175918936729431,
          0.4686104953289032,
          0.5475664138793945,
          0.4889948070049286,
          0.5019006729125977,
          0.44577768445014954,
          0.4683201014995575,
          0.4997254014015198,
          0.4662265181541443
        ],