{
  "phase": "phase1",
  "final_step": 95721,
  "n_main_ckpts": 10,
  "n_shuffle_ckpts": 10,
  "probes": {
    "n_steady": 250,
    "n_cue": 46,
    "held_out_region": [
      95722,
      100000
    ]
  },
  "G1_1": {
    "predictor_state_any_non_finite": false,
    "predictor_state_non_finite_keys": [],
    "final_loss_finite": true,
    "verdict": "PASS"
  },
  "G1_2": {
    "first_ckpt": 10000,
    "first_ckpt_mean_loss_last_1k": -59541.713453125,
    "final_ckpt": 95721,
    "final_ckpt_mean_loss_last_1k": -62606.72425390625,
    "decrease": 3065.0108007812523,
    "verdict": "PASS"
  },
  "G1_3": {
    "final_step": 95721,
    "main": {
      "steady_mean_log_var": -8.256107521057128,
      "cue_mean_log_var": -8.39866764649101,
      "separation_cue_minus_steady": -0.14256012543388152
    },
    "scaffolding_threshold_absolute": 0.3,
    "verdict_against_scaffolding_threshold_absolute": "FAIL",
    "note": "SCAFFOLDING threshold (+0.3 absolute separation, cue > steady). Pause for experiment-chat review per session-2 protocol.",
    "shuffle": {
      "steady_mean_log_var": -7.477318477630615,
      "cue_mean_log_var": -7.477129034374071,
      "separation_cue_minus_steady": 0.00018944325654413063
    },
    "main_minus_shuffle_log_var": {
      "steady": -0.7787890434265128,
      "cue": -0.9215386121169384
    }
  },
  "G1_4": {
    "final_step": 95721,
    "n_steady_probes": 250,
    "n_cue_probes": 46,
    "per_k": {
      "k_1_steady": {
        "n": 250,
        "mean_diff": 0.039481353521347046,
        "std_diff": 0.15468416839312488,
        "shapiro_stat": 0.8355492481832442,
        "shapiro_p": 1.398223035200814e-15,
        "test": "wilcoxon",
        "p_value": 1.7408327292299176e-05,
        "pass_at_p_lt_01": true
      },
      "k_8_steady": {
        "n": 250,
        "mean_diff": -0.1317802971601486,
        "std_diff": 0.16833917756088565,
        "shapiro_stat": 0.8517029939299934,
        "shapiro_p": 9.36118676746136e-15,
        "test": "wilcoxon",
        "p_value": 1.0,
        "pass_at_p_lt_01": false
      },
      "k_16_steady": {
        "n": 250,
        "mean_diff": -0.019981623172760008,
        "std_diff": 0.18258645568265902,
        "shapiro_stat": 0.737045352041998,
        "shapiro_p": 1.2170568905452457e-19,
        "test": "wilcoxon",
        "p_value": 0.004112323383575432,
        "pass_at_p_lt_01": true
      }
    },
    "gated_horizon_k": 8,
    "diagnostic_horizons": [
      1,
      16
    ],
    "verdict_at_gated_horizon": "FAIL"
  },
  "G1_5": {
    "sharpness_per_checkpoint": [
      {
        "step": 10000,
        "sharpness": 0.008351974049484179
      },
      {
        "step": 20000,
        "sharpness": 0.02247969972501962
      },
      {
        "step": 30000,
        "sharpness": 0.025238886257685222
      },
      {
        "step": 40000,
        "sharpness": 0.0668688308622799
      },
      {
        "step": 50000,
        "sharpness": 0.08569845513432772
      },
      {
        "step": 60000,
        "sharpness": 0.18412379057773243
      },
      {
        "step": 70000,
        "sharpness": 0.23346217653822166
      },
      {
        "step": 80000,
        "sharpness": 0.3586973128716473
      },
      {
        "step": 90000,
        "sharpness": 0.29663914066905905
      },
      {
        "step": 95721,
        "sharpness": 0.32494999759241117
      }
    ],
    "sharpness_first": 0.008351974049484179,
    "sharpness_final": 0.32494999759241117,
    "sharpness_grew": true,
    "trajectory_monotonic_check": {
      "n_transitions_considered": 9,
      "n_non_decreasing": 8,
      "n_dips_allowed": 2,
      "criterion_pass": true
    },
    "scaffolding_floor": 0.1,
    "floor_pass": true,
    "verdict_against_scaffolding_threshold": "PASS",
    "note": "SCAFFOLDING floor (>0.10). Trajectory criterion: monotonically non-decreasing on >=7 of last 9 transitions. Pause for experiment-chat review per session-2 protocol."
  },
  "shuffle_sanity_check": {
    "S1": {
      "n": 4736,
      "mean": -7.477288246154785,
      "std": 0.027456320822238922,
      "min": -7.549976348876953,
      "max": -7.428705215454102,
      "median": -7.474512577056885
    },
    "S2": {
      "n_probes": 296,
      "mean_aggregate": 0.6561146378517151,
      "std_aggregate": 0.08240935951471329,
      "mean_per_k": [
        0.6297328472137451,
        0.6062681078910828,
        0.6581529378890991,
        0.6710293889045715,
        0.6691673994064331,
        0.6748511791229248,
        0.6699825525283813,
        0.6704643964767456,
        0.6682892441749573,
        0.6608419418334961,
        0.6635680198669434,
        0.6649748086929321,
        0.6545571684837341,
        0.6611542701721191,
        0.645261824131012,
        0.6295359134674072
      ],
      "std_per_k": [
        0.09796901792287827,
        0.13454079627990723,
        0.08475242555141449,
        0.05753254517912865,
        0.07119756937026978,
        0.07971290498971939,
        0.0824831873178482,
        0.07569320499897003,
        0.08687999844551086,
        0.08219749480485916,
        0.06492731720209122,
        0.05678712576627731,
        0.06230699643492699,
        0.07122138887643814,
        0.07312346994876862,
        0.07058645784854889
      ]
    },
    "S3": {
      "within_cluster_cosine_mean": 1.000000101943389,
      "cross_cluster_cosine_mean": 0.9890198725471855,
      "cluster_sharpness": 0.010980229396203578,
      "within_per_cluster": {
        "steady:item_1": 1.0000001192092896,
        "steady:item_2": 1.0000001192092896,
        "steady:item_3": 1.0000001192092896,
        "steady:item_4": 0.9999998807907104,
        "steady:item_5": 1.0000001192092896,
        "cue:item_1": 1.0000001192092896,
        "cue:item_2": 1.0,
        "cue:item_3": 0.9999997615814209,
        "cue:item_4": 0.9999997615814209,
        "cue:item_5": 0.9999998807907104
      },
      "steady_state_mean_log_var": -7.477318477630615,
      "n_clusters": 10
    },
    "S4": {
      "n_probes": 296,
      "mean_pred_norm": 0.7458546161651611,
      "mean_pred_log_var": -7.477288246154785,
      "threshold_norm_max": 0.15,
      "threshold_log_var_min": 0.4,
      "quantitative_verdict": "non_collapse",
      "qualitative_samples": [
        {
          "probe_type": "cue",
          "from_item": 1,
          "pred_norm_per_k": [
            0.7610337734222412,
            0.769663393497467,
            0.7458344101905823,
            0.7288154363632202,
            0.7381604909896851,
            0.7414224147796631,
            0.7467631101608276,
            0.7441361546516418,
            0.7502866387367249,
            0.777543306350708,
            0.7680962085723877,
            0.7378077507019043,
            0.7408836483955383,
            0.7479910850524902,
            0.7283136248588562,
            0.764933705329895
          ],
          "pred_log_var_per_k": [
            -7.549976348876953,
            -7.511911392211914,
            -7.502885341644287,
            -7.488588333129883,
            -7.509594440460205,
            -7.484245300292969,
            -7.514596939086914,
            -7.4889421463012695,
            -7.4800848960876465,
            -7.499974250793457,
            -7.50270414352417,
            -7.476400375366211,
            -7.479321002960205,
            -7.471684455871582,
            -7.478481292724609,
            -7.477403163909912
          ]
        },
        {
          "probe_type": "steady",
          "from_item": 5,